timestamp,cell_id,prb,interference
2026-08-31T08:00:00.000Z,SYNTH_CELL_A,0,-114
2026-08-31T08:00:00.000Z,SYNTH_CELL_A,1,-107.56
2026-08-31T08:00:00.000Z,SYNTH_CELL_A,2,-112.67
2026-08-31T08:00:00.000Z,SYNTH_CELL_A,3,-109.51
2026-08-31T08:00:00.000Z,SYNTH_CELL_A,4,-109.79
2026-08-31T08:00:00.000Z,SYNTH_CELL_A,5,-113.43
2026-08-31T08:00:00.000Z,SYNTH_CELL_A,6,-111.97
2026-08-31T08:00:00.000Z,SYNTH_CELL_A,7,-111.7
2026-08-31T08:00:00.000Z,SYNTH_CELL_A,8,-107.09
2026-08-31T08:00:00.000Z,SYNTH_CELL_A,9,-107.89
2026-08-31T08:00:00.000Z,SYNTH_CELL_A,10,-107.41
2026-08-31T08:00:00.000Z,SYNTH_CELL_A,11,-108.62
2026-08-31T08:00:00.000Z,SYNTH_CELL_A,12,-108.73
2026-08-31T08:00:00.000Z,SYNTH_CELL_A,13,-108.44
2026-08-31T08:00:00.000Z,SYNTH_CELL_A,14,-112.38
2026-08-31T08:00:00.000Z,SYNTH_CELL_A,15,-109.85
2026-08-31T08:00:00.000Z,SYNTH_CELL_A,16,-112.3
2026-08-31T08:00:00.000Z,SYNTH_CELL_A,17,-108.24
2026-08-31T08:00:00.000Z,SYNTH_CELL_A,18,-110
2026-08-31T08:00:00.000Z,SYNTH_CELL_A,19,-111.95
2026-08-31T08:00:00.000Z,SYNTH_CELL_A,20,-108.52
2026-08-31T08:00:00.000Z,SYNTH_CELL_A,21,-113.36
2026-08-31T08:00:00.000Z,SYNTH_CELL_A,22,-113.27
2026-08-31T08:00:00.000Z,SYNTH_CELL_A,23,-109.06
2026-08-31T08:00:00.000Z,SYNTH_CELL_A,24,-111.87
2026-08-31T08:00:00.000Z,SYNTH_CELL_A,25,-113.02
2026-08-31T08:00:00.000Z,SYNTH_CELL_A,26,-109.91
2026-08-31T08:00:00.000Z,SYNTH_CELL_A,27,-113.95
2026-08-31T08:00:00.000Z,SYNTH_CELL_A,28,-110.57
2026-08-31T08:00:00.000Z,SYNTH_CELL_A,29,-109.61
2026-08-31T08:00:00.000Z,SYNTH_CELL_A,30,-91.25
2026-08-31T08:00:00.000Z,SYNTH_CELL_A,31,-96.31
2026-08-31T08:00:00.000Z,SYNTH_CELL_A,32,-93.07
2026-08-31T08:00:00.000Z,SYNTH_CELL_A,33,-94.4
2026-08-31T08:00:00.000Z,SYNTH_CELL_A,34,-91.32
2026-08-31T08:00:00.000Z,SYNTH_CELL_A,35,-94.89
2026-08-31T08:00:00.000Z,SYNTH_CELL_A,36,-91.73
2026-08-31T08:00:00.000Z,SYNTH_CELL_A,37,-109.21
2026-08-31T08:00:00.000Z,SYNTH_CELL_A,38,-109.78
2026-08-31T08:00:00.000Z,SYNTH_CELL_A,39,-111.95
2026-08-31T08:00:00.000Z,SYNTH_CELL_A,40,-109.83
2026-08-31T08:00:00.000Z,SYNTH_CELL_A,41,-107.79
2026-08-31T08:00:00.000Z,SYNTH_CELL_A,42,-107.16
2026-08-31T08:00:00.000Z,SYNTH_CELL_A,43,-112.49
2026-08-31T08:00:00.000Z,SYNTH_CELL_A,44,-113.95
2026-08-31T08:00:00.000Z,SYNTH_CELL_A,45,-113.96
2026-08-31T08:00:00.000Z,SYNTH_CELL_A,46,-107.18
2026-08-31T08:00:00.000Z,SYNTH_CELL_A,47,-107.41
2026-08-31T08:00:00.000Z,SYNTH_CELL_A,48,-112.34
2026-08-31T08:00:00.000Z,SYNTH_CELL_A,49,-109.7
2026-08-31T08:00:00.000Z,SYNTH_CELL_A,50,-112.17
2026-08-31T08:00:00.000Z,SYNTH_CELL_A,51,-110.59
2026-08-31T08:00:00.000Z,SYNTH_CELL_A,52,-109.25
2026-08-31T08:00:00.000Z,SYNTH_CELL_A,53,-108.3
2026-08-31T08:00:00.000Z,SYNTH_CELL_A,54,-111.49
2026-08-31T08:00:00.000Z,SYNTH_CELL_A,55,-109.93
2026-08-31T08:00:00.000Z,SYNTH_CELL_A,56,-110.58
2026-08-31T08:00:00.000Z,SYNTH_CELL_A,57,-111.16
2026-08-31T08:00:00.000Z,SYNTH_CELL_A,58,-109.31
2026-08-31T08:00:00.000Z,SYNTH_CELL_A,59,-110.9
2026-08-31T08:00:00.000Z,SYNTH_CELL_A,60,-113.88
2026-08-31T08:00:00.000Z,SYNTH_CELL_A,61,-112.06
2026-08-31T08:00:00.000Z,SYNTH_CELL_A,62,-112.07
2026-08-31T08:00:00.000Z,SYNTH_CELL_A,63,-108.38
2026-08-31T08:00:00.000Z,SYNTH_CELL_A,64,-107.39
2026-08-31T08:00:00.000Z,SYNTH_CELL_A,65,-113.33
2026-08-31T08:00:00.000Z,SYNTH_CELL_A,66,-111.17
2026-08-31T08:00:00.000Z,SYNTH_CELL_A,67,-112.03
2026-08-31T08:00:00.000Z,SYNTH_CELL_A,68,-113.56
2026-08-31T08:00:00.000Z,SYNTH_CELL_A,69,-111.28
2026-08-31T08:00:00.000Z,SYNTH_CELL_A,70,-110.55
2026-08-31T08:00:00.000Z,SYNTH_CELL_A,71,-112.6
2026-08-31T08:00:00.000Z,SYNTH_CELL_A,72,-109.87
2026-08-31T08:00:00.000Z,SYNTH_CELL_A,73,-113.27
2026-08-31T08:00:00.000Z,SYNTH_CELL_A,74,-108.92
2026-08-31T08:00:00.000Z,SYNTH_CELL_A,75,-107.49
2026-08-31T08:00:00.000Z,SYNTH_CELL_A,76,-107.66
2026-08-31T08:00:00.000Z,SYNTH_CELL_A,77,-108.44
2026-08-31T08:00:00.000Z,SYNTH_CELL_A,78,-107.45
2026-08-31T08:00:00.000Z,SYNTH_CELL_A,79,-107.47
2026-08-31T08:00:00.000Z,SYNTH_CELL_A,80,-109.96
2026-08-31T08:00:00.000Z,SYNTH_CELL_A,81,-110.22
2026-08-31T08:00:00.000Z,SYNTH_CELL_A,82,-108.95
2026-08-31T08:00:00.000Z,SYNTH_CELL_A,83,-109.77
2026-08-31T08:00:00.000Z,SYNTH_CELL_A,84,-110.21
2026-08-31T08:00:00.000Z,SYNTH_CELL_A,85,-108.78
2026-08-31T08:00:00.000Z,SYNTH_CELL_A,86,-109.37
2026-08-31T08:00:00.000Z,SYNTH_CELL_A,87,-113.58
2026-08-31T08:00:00.000Z,SYNTH_CELL_A,88,-111.84
2026-08-31T08:00:00.000Z,SYNTH_CELL_A,89,-107.29
2026-08-31T08:00:00.000Z,SYNTH_CELL_A,90,-110.72
2026-08-31T08:00:00.000Z,SYNTH_CELL_A,91,-113.86
2026-08-31T08:00:00.000Z,SYNTH_CELL_A,92,-113.76
2026-08-31T08:00:00.000Z,SYNTH_CELL_A,93,-108.1
2026-08-31T08:00:00.000Z,SYNTH_CELL_A,94,-107.36
2026-08-31T08:00:00.000Z,SYNTH_CELL_A,95,-107.63
2026-08-31T08:00:00.000Z,SYNTH_CELL_A,96,-111.61
2026-08-31T08:00:00.000Z,SYNTH_CELL_A,97,-110.84
2026-08-31T08:00:00.000Z,SYNTH_CELL_A,98,-109.45
2026-08-31T08:00:00.000Z,SYNTH_CELL_A,99,-111.71
2026-08-31T08:00:00.000Z,SYNTH_CELL_A,100,-108.79
2026-08-31T08:00:00.000Z,SYNTH_CELL_A,101,-107.63
2026-08-31T08:00:00.000Z,SYNTH_CELL_A,102,-113.75
2026-08-31T08:00:00.000Z,SYNTH_CELL_A,103,-107.11
2026-08-31T08:00:00.000Z,SYNTH_CELL_A,104,-110
2026-08-31T08:00:00.000Z,SYNTH_CELL_A,105,-109.46
2026-08-31T08:00:00.000Z,SYNTH_CELL_A,106,-113.14
2026-08-31T08:00:00.000Z,SYNTH_CELL_A,107,-112.33
2026-08-31T08:00:00.000Z,SYNTH_CELL_A,108,-112.16
2026-08-31T08:00:00.000Z,SYNTH_CELL_A,109,-112.2
2026-08-31T08:00:00.000Z,SYNTH_CELL_A,110,-110.98
2026-08-31T08:00:00.000Z,SYNTH_CELL_A,111,-111.79
2026-08-31T08:00:00.000Z,SYNTH_CELL_A,112,-107.14
2026-08-31T08:00:00.000Z,SYNTH_CELL_A,113,-113.4
2026-08-31T08:00:00.000Z,SYNTH_CELL_A,114,-112.5
2026-08-31T08:00:00.000Z,SYNTH_CELL_A,115,-112.08
2026-08-31T08:00:00.000Z,SYNTH_CELL_A,116,-111.05
2026-08-31T08:00:00.000Z,SYNTH_CELL_A,117,-109.79
2026-08-31T08:00:00.000Z,SYNTH_CELL_A,118,-107.86
2026-08-31T08:00:00.000Z,SYNTH_CELL_A,119,-108.41
2026-08-31T08:00:00.000Z,SYNTH_CELL_A,120,-108.1
2026-08-31T08:00:00.000Z,SYNTH_CELL_A,121,-109.72
2026-08-31T08:00:00.000Z,SYNTH_CELL_A,122,-110.12
2026-08-31T08:00:00.000Z,SYNTH_CELL_A,123,-108.2
2026-08-31T08:00:00.000Z,SYNTH_CELL_A,124,-112.64
2026-08-31T08:00:00.000Z,SYNTH_CELL_A,125,-111.83
2026-08-31T08:00:00.000Z,SYNTH_CELL_A,126,-108.09
2026-08-31T08:00:00.000Z,SYNTH_CELL_A,127,-113.69
2026-08-31T08:00:00.000Z,SYNTH_CELL_A,128,-110.95
2026-08-31T08:00:00.000Z,SYNTH_CELL_A,129,-112.62
2026-08-31T08:00:00.000Z,SYNTH_CELL_A,130,-109.23
2026-08-31T08:00:00.000Z,SYNTH_CELL_A,131,-112.62
2026-08-31T08:00:00.000Z,SYNTH_CELL_A,132,-107.03
2026-08-31T08:00:00.000Z,SYNTH_CELL_A,133,-108.32
2026-08-31T08:00:00.000Z,SYNTH_CELL_A,134,-111.17
2026-08-31T08:00:00.000Z,SYNTH_CELL_A,135,-112.29
2026-08-31T08:00:00.000Z,SYNTH_CELL_A,136,-110.89
2026-08-31T08:00:00.000Z,SYNTH_CELL_A,137,-112.28
2026-08-31T08:00:00.000Z,SYNTH_CELL_A,138,-113.65
2026-08-31T08:00:00.000Z,SYNTH_CELL_A,139,-112.41
2026-08-31T08:00:00.000Z,SYNTH_CELL_A,140,-110.96
2026-08-31T08:00:00.000Z,SYNTH_CELL_A,141,-111.31
2026-08-31T08:00:00.000Z,SYNTH_CELL_A,142,-107.29
2026-08-31T08:00:00.000Z,SYNTH_CELL_A,143,-108.17
2026-08-31T08:00:00.000Z,SYNTH_CELL_A,144,-107.03
2026-08-31T08:00:00.000Z,SYNTH_CELL_A,145,-108.75
2026-08-31T08:00:00.000Z,SYNTH_CELL_A,146,-108.53
2026-08-31T08:00:00.000Z,SYNTH_CELL_A,147,-110.37
2026-08-31T08:00:00.000Z,SYNTH_CELL_A,148,-112.08
2026-08-31T08:00:00.000Z,SYNTH_CELL_A,149,-107.82
2026-08-31T08:00:00.000Z,SYNTH_CELL_A,150,-107.08
2026-08-31T08:00:00.000Z,SYNTH_CELL_A,151,-113.26
2026-08-31T08:00:00.000Z,SYNTH_CELL_A,152,-108.07
2026-08-31T08:00:00.000Z,SYNTH_CELL_A,153,-113.12
2026-08-31T08:00:00.000Z,SYNTH_CELL_A,154,-113.93
2026-08-31T08:00:00.000Z,SYNTH_CELL_A,155,-108.97
2026-08-31T08:00:00.000Z,SYNTH_CELL_A,156,-108.97
2026-08-31T08:00:00.000Z,SYNTH_CELL_A,157,-109.34
2026-08-31T08:00:00.000Z,SYNTH_CELL_A,158,-113.1
2026-08-31T08:00:00.000Z,SYNTH_CELL_A,159,-107.58
2026-08-31T08:00:00.000Z,SYNTH_CELL_A,160,-112.94
2026-08-31T08:00:00.000Z,SYNTH_CELL_A,161,-108.79
2026-08-31T08:00:00.000Z,SYNTH_CELL_A,162,-112.01
2026-08-31T08:00:00.000Z,SYNTH_CELL_A,163,-107.59
2026-08-31T08:00:00.000Z,SYNTH_CELL_A,164,-110.78
2026-08-31T08:00:00.000Z,SYNTH_CELL_A,165,-108.14
2026-08-31T08:00:00.000Z,SYNTH_CELL_A,166,-107.76
2026-08-31T08:00:00.000Z,SYNTH_CELL_A,167,-108.99
2026-08-31T08:00:00.000Z,SYNTH_CELL_A,168,-107.59
2026-08-31T08:00:00.000Z,SYNTH_CELL_A,169,-109.06
2026-08-31T08:00:00.000Z,SYNTH_CELL_A,170,-108.01
2026-08-31T08:00:00.000Z,SYNTH_CELL_A,171,-113.71
2026-08-31T08:00:00.000Z,SYNTH_CELL_A,172,-107.82
2026-08-31T08:00:00.000Z,SYNTH_CELL_A,173,-112.75
2026-08-31T08:00:00.000Z,SYNTH_CELL_A,174,-107.82
2026-08-31T08:00:00.000Z,SYNTH_CELL_A,175,-107.58
2026-08-31T08:00:00.000Z,SYNTH_CELL_A,176,-111.6
2026-08-31T08:00:00.000Z,SYNTH_CELL_A,177,-110.4
2026-08-31T08:00:00.000Z,SYNTH_CELL_A,178,-112.37
2026-08-31T08:00:00.000Z,SYNTH_CELL_A,179,-108.43
2026-08-31T08:00:00.000Z,SYNTH_CELL_A,180,-107.63
2026-08-31T08:00:00.000Z,SYNTH_CELL_A,181,-112.28
2026-08-31T08:00:00.000Z,SYNTH_CELL_A,182,-113.82
2026-08-31T08:00:00.000Z,SYNTH_CELL_A,183,-113.31
2026-08-31T08:00:00.000Z,SYNTH_CELL_A,184,-110.89
2026-08-31T08:00:00.000Z,SYNTH_CELL_A,185,-111.19
2026-08-31T08:00:00.000Z,SYNTH_CELL_A,186,-112.69
2026-08-31T08:00:00.000Z,SYNTH_CELL_A,187,-113.4
2026-08-31T08:00:00.000Z,SYNTH_CELL_A,188,-111.45
2026-08-31T08:00:00.000Z,SYNTH_CELL_A,189,-113.97
2026-08-31T08:00:00.000Z,SYNTH_CELL_A,190,-112.99
2026-08-31T08:00:00.000Z,SYNTH_CELL_A,191,-107.16
2026-08-31T08:00:00.000Z,SYNTH_CELL_A,192,-108.96
2026-08-31T08:00:00.000Z,SYNTH_CELL_A,193,-108.39
2026-08-31T08:00:00.000Z,SYNTH_CELL_A,194,-111.92
2026-08-31T08:00:00.000Z,SYNTH_CELL_A,195,-112.11
2026-08-31T08:00:00.000Z,SYNTH_CELL_A,196,-113.37
2026-08-31T08:00:00.000Z,SYNTH_CELL_A,197,-112.91
2026-08-31T08:00:00.000Z,SYNTH_CELL_A,198,-111.63
2026-08-31T08:00:00.000Z,SYNTH_CELL_A,199,-112.58
2026-08-31T08:00:00.000Z,SYNTH_CELL_A,200,-111.72
2026-08-31T08:00:00.000Z,SYNTH_CELL_A,201,-113.38
2026-08-31T08:00:00.000Z,SYNTH_CELL_A,202,-111.03
2026-08-31T08:00:00.000Z,SYNTH_CELL_A,203,-111.34
2026-08-31T08:00:00.000Z,SYNTH_CELL_A,204,-113.01
2026-08-31T08:00:00.000Z,SYNTH_CELL_A,205,-110.66
2026-08-31T08:00:00.000Z,SYNTH_CELL_A,206,-112.67
2026-08-31T08:00:00.000Z,SYNTH_CELL_A,207,-110.23
2026-08-31T08:00:00.000Z,SYNTH_CELL_A,208,-110.11
2026-08-31T08:00:00.000Z,SYNTH_CELL_A,209,-111.15
2026-08-31T08:00:00.000Z,SYNTH_CELL_A,210,-109.84
2026-08-31T08:00:00.000Z,SYNTH_CELL_A,211,-110.44
2026-08-31T08:00:00.000Z,SYNTH_CELL_A,212,-113.13
2026-08-31T08:00:00.000Z,SYNTH_CELL_A,213,-108.73
2026-08-31T08:00:00.000Z,SYNTH_CELL_A,214,-110.26
2026-08-31T08:00:00.000Z,SYNTH_CELL_A,215,-111.08
2026-08-31T08:00:00.000Z,SYNTH_CELL_A,216,-107.62
2026-08-31T08:00:00.000Z,SYNTH_CELL_A,217,-113.82
2026-08-31T08:00:00.000Z,SYNTH_CELL_A,218,-112.9
2026-08-31T08:00:00.000Z,SYNTH_CELL_A,219,-112.51
2026-08-31T08:00:00.000Z,SYNTH_CELL_A,220,-113.08
2026-08-31T08:00:00.000Z,SYNTH_CELL_A,221,-109.87
2026-08-31T08:00:00.000Z,SYNTH_CELL_A,222,-108.46
2026-08-31T08:00:00.000Z,SYNTH_CELL_A,223,-109.84
2026-08-31T08:00:00.000Z,SYNTH_CELL_A,224,-111.61
2026-08-31T08:00:00.000Z,SYNTH_CELL_A,225,-111.6
2026-08-31T08:00:00.000Z,SYNTH_CELL_A,226,-111.32
2026-08-31T08:00:00.000Z,SYNTH_CELL_A,227,-110.69
2026-08-31T08:00:00.000Z,SYNTH_CELL_A,228,-113.43
2026-08-31T08:00:00.000Z,SYNTH_CELL_A,229,-107.14
2026-08-31T08:00:00.000Z,SYNTH_CELL_A,230,-111.79
2026-08-31T08:00:00.000Z,SYNTH_CELL_A,231,-113.54
2026-08-31T08:00:00.000Z,SYNTH_CELL_A,232,-108.05
2026-08-31T08:00:00.000Z,SYNTH_CELL_A,233,-107.27
2026-08-31T08:00:00.000Z,SYNTH_CELL_A,234,-110.55
2026-08-31T08:00:00.000Z,SYNTH_CELL_A,235,-108.55
2026-08-31T08:00:00.000Z,SYNTH_CELL_A,236,-112.18
2026-08-31T08:00:00.000Z,SYNTH_CELL_A,237,-111.67
2026-08-31T08:00:00.000Z,SYNTH_CELL_A,238,-110.23
2026-08-31T08:00:00.000Z,SYNTH_CELL_A,239,-107.05
2026-08-31T08:00:00.000Z,SYNTH_CELL_A,240,-112.28
2026-08-31T08:00:00.000Z,SYNTH_CELL_A,241,-110.35
2026-08-31T08:00:00.000Z,SYNTH_CELL_A,242,-107.13
2026-08-31T08:00:00.000Z,SYNTH_CELL_A,243,-107.6
2026-08-31T08:00:00.000Z,SYNTH_CELL_A,244,-112.71
2026-08-31T08:00:00.000Z,SYNTH_CELL_A,245,-112.16
2026-08-31T08:00:00.000Z,SYNTH_CELL_A,246,-112.09
2026-08-31T08:00:00.000Z,SYNTH_CELL_A,247,-109.77
2026-08-31T08:00:00.000Z,SYNTH_CELL_A,248,-108.49
2026-08-31T08:00:00.000Z,SYNTH_CELL_A,249,-108.47
2026-08-31T08:00:00.000Z,SYNTH_CELL_A,250,-110.38
2026-08-31T08:00:00.000Z,SYNTH_CELL_A,251,-111.53
2026-08-31T08:00:00.000Z,SYNTH_CELL_A,252,-109.59
2026-08-31T08:00:00.000Z,SYNTH_CELL_A,253,-111.19
2026-08-31T08:00:00.000Z,SYNTH_CELL_A,254,-108.53
2026-08-31T08:00:00.000Z,SYNTH_CELL_A,255,-110.55
2026-08-31T08:00:00.000Z,SYNTH_CELL_A,256,-112.51
2026-08-31T08:00:00.000Z,SYNTH_CELL_A,257,-110.12
2026-08-31T08:00:00.000Z,SYNTH_CELL_A,258,-108
2026-08-31T08:00:00.000Z,SYNTH_CELL_A,259,-108.53
2026-08-31T08:00:00.000Z,SYNTH_CELL_A,260,-111.13
2026-08-31T08:00:00.000Z,SYNTH_CELL_A,261,-110.03
2026-08-31T08:00:00.000Z,SYNTH_CELL_A,262,-111.18
2026-08-31T08:00:00.000Z,SYNTH_CELL_A,263,-110.91
2026-08-31T08:00:00.000Z,SYNTH_CELL_A,264,-112.2
2026-08-31T08:00:00.000Z,SYNTH_CELL_A,265,-113.87
2026-08-31T08:00:00.000Z,SYNTH_CELL_A,266,-111.65
2026-08-31T08:00:00.000Z,SYNTH_CELL_A,267,-107.32
2026-08-31T08:00:00.000Z,SYNTH_CELL_A,268,-107.25
2026-08-31T08:00:00.000Z,SYNTH_CELL_A,269,-107.48
2026-08-31T08:00:00.000Z,SYNTH_CELL_A,270,-110.78
2026-08-31T08:00:00.000Z,SYNTH_CELL_A,271,-109.53
2026-08-31T08:00:00.000Z,SYNTH_CELL_A,272,-113.12
2026-08-31T08:05:00.000Z,SYNTH_CELL_A,0,-110.18
2026-08-31T08:05:00.000Z,SYNTH_CELL_A,1,-110.28
2026-08-31T08:05:00.000Z,SYNTH_CELL_A,2,-109.6
2026-08-31T08:05:00.000Z,SYNTH_CELL_A,3,-107.34
2026-08-31T08:05:00.000Z,SYNTH_CELL_A,4,-108.83
2026-08-31T08:05:00.000Z,SYNTH_CELL_A,5,-111.85
2026-08-31T08:05:00.000Z,SYNTH_CELL_A,6,-107.83
2026-08-31T08:05:00.000Z,SYNTH_CELL_A,7,-108.73
2026-08-31T08:05:00.000Z,SYNTH_CELL_A,8,-109.08
2026-08-31T08:05:00.000Z,SYNTH_CELL_A,9,-107.85
2026-08-31T08:05:00.000Z,SYNTH_CELL_A,10,-111.65
2026-08-31T08:05:00.000Z,SYNTH_CELL_A,11,-107.9
2026-08-31T08:05:00.000Z,SYNTH_CELL_A,12,-112.36
2026-08-31T08:05:00.000Z,SYNTH_CELL_A,13,-109.32
2026-08-31T08:05:00.000Z,SYNTH_CELL_A,14,-113.77
2026-08-31T08:05:00.000Z,SYNTH_CELL_A,15,-113.26
2026-08-31T08:05:00.000Z,SYNTH_CELL_A,16,-111.24
2026-08-31T08:05:00.000Z,SYNTH_CELL_A,17,-113.59
2026-08-31T08:05:00.000Z,SYNTH_CELL_A,18,-107.93
2026-08-31T08:05:00.000Z,SYNTH_CELL_A,19,-109.94
2026-08-31T08:05:00.000Z,SYNTH_CELL_A,20,-108.66
2026-08-31T08:05:00.000Z,SYNTH_CELL_A,21,-113.8
2026-08-31T08:05:00.000Z,SYNTH_CELL_A,22,-113.81
2026-08-31T08:05:00.000Z,SYNTH_CELL_A,23,-112.71
2026-08-31T08:05:00.000Z,SYNTH_CELL_A,24,-113.14
2026-08-31T08:05:00.000Z,SYNTH_CELL_A,25,-111.45
2026-08-31T08:05:00.000Z,SYNTH_CELL_A,26,-107.47
2026-08-31T08:05:00.000Z,SYNTH_CELL_A,27,-110.41
2026-08-31T08:05:00.000Z,SYNTH_CELL_A,28,-109.39
2026-08-31T08:05:00.000Z,SYNTH_CELL_A,29,-111.9
2026-08-31T08:05:00.000Z,SYNTH_CELL_A,30,-91.78
2026-08-31T08:05:00.000Z,SYNTH_CELL_A,31,-95.69
2026-08-31T08:05:00.000Z,SYNTH_CELL_A,32,-91.37
2026-08-31T08:05:00.000Z,SYNTH_CELL_A,33,-93.5
2026-08-31T08:05:00.000Z,SYNTH_CELL_A,34,-93.07
2026-08-31T08:05:00.000Z,SYNTH_CELL_A,35,-93.67
2026-08-31T08:05:00.000Z,SYNTH_CELL_A,36,-91.36
2026-08-31T08:05:00.000Z,SYNTH_CELL_A,37,-111.87
2026-08-31T08:05:00.000Z,SYNTH_CELL_A,38,-111.46
2026-08-31T08:05:00.000Z,SYNTH_CELL_A,39,-112.94
2026-08-31T08:05:00.000Z,SYNTH_CELL_A,40,-113.49
2026-08-31T08:05:00.000Z,SYNTH_CELL_A,41,-112.79
2026-08-31T08:05:00.000Z,SYNTH_CELL_A,42,-108.52
2026-08-31T08:05:00.000Z,SYNTH_CELL_A,43,-110.39
2026-08-31T08:05:00.000Z,SYNTH_CELL_A,44,-111.49
2026-08-31T08:05:00.000Z,SYNTH_CELL_A,45,-111.93
2026-08-31T08:05:00.000Z,SYNTH_CELL_A,46,-109.07
2026-08-31T08:05:00.000Z,SYNTH_CELL_A,47,-109.94
2026-08-31T08:05:00.000Z,SYNTH_CELL_A,48,-108.43
2026-08-31T08:05:00.000Z,SYNTH_CELL_A,49,-111.62
2026-08-31T08:05:00.000Z,SYNTH_CELL_A,50,-108.9
2026-08-31T08:05:00.000Z,SYNTH_CELL_A,51,-111.22
2026-08-31T08:05:00.000Z,SYNTH_CELL_A,52,-108.56
2026-08-31T08:05:00.000Z,SYNTH_CELL_A,53,-111.48
2026-08-31T08:05:00.000Z,SYNTH_CELL_A,54,-110.7
2026-08-31T08:05:00.000Z,SYNTH_CELL_A,55,-110.19
2026-08-31T08:05:00.000Z,SYNTH_CELL_A,56,-109.27
2026-08-31T08:05:00.000Z,SYNTH_CELL_A,57,-107.84
2026-08-31T08:05:00.000Z,SYNTH_CELL_A,58,-109.21
2026-08-31T08:05:00.000Z,SYNTH_CELL_A,59,-108.26
2026-08-31T08:05:00.000Z,SYNTH_CELL_A,60,-111.68
2026-08-31T08:05:00.000Z,SYNTH_CELL_A,61,-112.48
2026-08-31T08:05:00.000Z,SYNTH_CELL_A,62,-113.27
2026-08-31T08:05:00.000Z,SYNTH_CELL_A,63,-112.52
2026-08-31T08:05:00.000Z,SYNTH_CELL_A,64,-112.13
2026-08-31T08:05:00.000Z,SYNTH_CELL_A,65,-113.31
2026-08-31T08:05:00.000Z,SYNTH_CELL_A,66,-107.02
2026-08-31T08:05:00.000Z,SYNTH_CELL_A,67,-112.63
2026-08-31T08:05:00.000Z,SYNTH_CELL_A,68,-110.33
2026-08-31T08:05:00.000Z,SYNTH_CELL_A,69,-109.16
2026-08-31T08:05:00.000Z,SYNTH_CELL_A,70,-112.09
2026-08-31T08:05:00.000Z,SYNTH_CELL_A,71,-110.47
2026-08-31T08:05:00.000Z,SYNTH_CELL_A,72,-113.84
2026-08-31T08:05:00.000Z,SYNTH_CELL_A,73,-113.14
2026-08-31T08:05:00.000Z,SYNTH_CELL_A,74,-113.58
2026-08-31T08:05:00.000Z,SYNTH_CELL_A,75,-110.88
2026-08-31T08:05:00.000Z,SYNTH_CELL_A,76,-111.65
2026-08-31T08:05:00.000Z,SYNTH_CELL_A,77,-109.62
2026-08-31T08:05:00.000Z,SYNTH_CELL_A,78,-109.55
2026-08-31T08:05:00.000Z,SYNTH_CELL_A,79,-107.66
2026-08-31T08:05:00.000Z,SYNTH_CELL_A,80,-108.86
2026-08-31T08:05:00.000Z,SYNTH_CELL_A,81,-110.86
2026-08-31T08:05:00.000Z,SYNTH_CELL_A,82,-110.04
2026-08-31T08:05:00.000Z,SYNTH_CELL_A,83,-112.71
2026-08-31T08:05:00.000Z,SYNTH_CELL_A,84,-111.35
2026-08-31T08:05:00.000Z,SYNTH_CELL_A,85,-109.52
2026-08-31T08:05:00.000Z,SYNTH_CELL_A,86,-107.66
2026-08-31T08:05:00.000Z,SYNTH_CELL_A,87,-108.47
2026-08-31T08:05:00.000Z,SYNTH_CELL_A,88,-110.41
2026-08-31T08:05:00.000Z,SYNTH_CELL_A,89,-107.78
2026-08-31T08:05:00.000Z,SYNTH_CELL_A,90,-111.51
2026-08-31T08:05:00.000Z,SYNTH_CELL_A,91,-111.66
2026-08-31T08:05:00.000Z,SYNTH_CELL_A,92,-110.32
2026-08-31T08:05:00.000Z,SYNTH_CELL_A,93,-110.42
2026-08-31T08:05:00.000Z,SYNTH_CELL_A,94,-112.68
2026-08-31T08:05:00.000Z,SYNTH_CELL_A,95,-109.35
2026-08-31T08:05:00.000Z,SYNTH_CELL_A,96,-108.93
2026-08-31T08:05:00.000Z,SYNTH_CELL_A,97,-108.67
2026-08-31T08:05:00.000Z,SYNTH_CELL_A,98,-108.05
2026-08-31T08:05:00.000Z,SYNTH_CELL_A,99,-111.38
2026-08-31T08:05:00.000Z,SYNTH_CELL_A,100,-108.88
2026-08-31T08:05:00.000Z,SYNTH_CELL_A,101,-110.03
2026-08-31T08:05:00.000Z,SYNTH_CELL_A,102,-113.31
2026-08-31T08:05:00.000Z,SYNTH_CELL_A,103,-108.43
2026-08-31T08:05:00.000Z,SYNTH_CELL_A,104,-111.66
2026-08-31T08:05:00.000Z,SYNTH_CELL_A,105,-108.29
2026-08-31T08:05:00.000Z,SYNTH_CELL_A,106,-110.05
2026-08-31T08:05:00.000Z,SYNTH_CELL_A,107,-109.79
2026-08-31T08:05:00.000Z,SYNTH_CELL_A,108,-108.9
2026-08-31T08:05:00.000Z,SYNTH_CELL_A,109,-112.01
2026-08-31T08:05:00.000Z,SYNTH_CELL_A,110,-109.51
2026-08-31T08:05:00.000Z,SYNTH_CELL_A,111,-113.36
2026-08-31T08:05:00.000Z,SYNTH_CELL_A,112,-113.7
2026-08-31T08:05:00.000Z,SYNTH_CELL_A,113,-111.85
2026-08-31T08:05:00.000Z,SYNTH_CELL_A,114,-109.58
2026-08-31T08:05:00.000Z,SYNTH_CELL_A,115,-112.3
2026-08-31T08:05:00.000Z,SYNTH_CELL_A,116,-113.38
2026-08-31T08:05:00.000Z,SYNTH_CELL_A,117,-112.43
2026-08-31T08:05:00.000Z,SYNTH_CELL_A,118,-113.4
2026-08-31T08:05:00.000Z,SYNTH_CELL_A,119,-109.9
2026-08-31T08:05:00.000Z,SYNTH_CELL_A,120,-112.04
2026-08-31T08:05:00.000Z,SYNTH_CELL_A,121,-109.24
2026-08-31T08:05:00.000Z,SYNTH_CELL_A,122,-111.92
2026-08-31T08:05:00.000Z,SYNTH_CELL_A,123,-107.63
2026-08-31T08:05:00.000Z,SYNTH_CELL_A,124,-109.1
2026-08-31T08:05:00.000Z,SYNTH_CELL_A,125,-108.69
2026-08-31T08:05:00.000Z,SYNTH_CELL_A,126,-107.39
2026-08-31T08:05:00.000Z,SYNTH_CELL_A,127,-108.08
2026-08-31T08:05:00.000Z,SYNTH_CELL_A,128,-111.74
2026-08-31T08:05:00.000Z,SYNTH_CELL_A,129,-107.09
2026-08-31T08:05:00.000Z,SYNTH_CELL_A,130,-107.76
2026-08-31T08:05:00.000Z,SYNTH_CELL_A,131,-112.11
2026-08-31T08:05:00.000Z,SYNTH_CELL_A,132,-111.24
2026-08-31T08:05:00.000Z,SYNTH_CELL_A,133,-112.98
2026-08-31T08:05:00.000Z,SYNTH_CELL_A,134,-112.84
2026-08-31T08:05:00.000Z,SYNTH_CELL_A,135,-110.36
2026-08-31T08:05:00.000Z,SYNTH_CELL_A,136,-113.78
2026-08-31T08:05:00.000Z,SYNTH_CELL_A,137,-107.94
2026-08-31T08:05:00.000Z,SYNTH_CELL_A,138,-112.69
2026-08-31T08:05:00.000Z,SYNTH_CELL_A,139,-111.61
2026-08-31T08:05:00.000Z,SYNTH_CELL_A,140,-113.38
2026-08-31T08:05:00.000Z,SYNTH_CELL_A,141,-107.57
2026-08-31T08:05:00.000Z,SYNTH_CELL_A,142,-111.86
2026-08-31T08:05:00.000Z,SYNTH_CELL_A,143,-110.41
2026-08-31T08:05:00.000Z,SYNTH_CELL_A,144,-111.21
2026-08-31T08:05:00.000Z,SYNTH_CELL_A,145,-113.06
2026-08-31T08:05:00.000Z,SYNTH_CELL_A,146,-108.7
2026-08-31T08:05:00.000Z,SYNTH_CELL_A,147,-113.83
2026-08-31T08:05:00.000Z,SYNTH_CELL_A,148,-110.77
2026-08-31T08:05:00.000Z,SYNTH_CELL_A,149,-108.27
2026-08-31T08:05:00.000Z,SYNTH_CELL_A,150,-113.14
2026-08-31T08:05:00.000Z,SYNTH_CELL_A,151,-109.08
2026-08-31T08:05:00.000Z,SYNTH_CELL_A,152,-108.94
2026-08-31T08:05:00.000Z,SYNTH_CELL_A,153,-110.01
2026-08-31T08:05:00.000Z,SYNTH_CELL_A,154,-110.85
2026-08-31T08:05:00.000Z,SYNTH_CELL_A,155,-112.7
2026-08-31T08:05:00.000Z,SYNTH_CELL_A,156,-110.19
2026-08-31T08:05:00.000Z,SYNTH_CELL_A,157,-111.55
2026-08-31T08:05:00.000Z,SYNTH_CELL_A,158,-113.14
2026-08-31T08:05:00.000Z,SYNTH_CELL_A,159,-113.55
2026-08-31T08:05:00.000Z,SYNTH_CELL_A,160,-113.8
2026-08-31T08:05:00.000Z,SYNTH_CELL_A,161,-109.19
2026-08-31T08:05:00.000Z,SYNTH_CELL_A,162,-109.38
2026-08-31T08:05:00.000Z,SYNTH_CELL_A,163,-113.3
2026-08-31T08:05:00.000Z,SYNTH_CELL_A,164,-108.28
2026-08-31T08:05:00.000Z,SYNTH_CELL_A,165,-107.99
2026-08-31T08:05:00.000Z,SYNTH_CELL_A,166,-110.15
2026-08-31T08:05:00.000Z,SYNTH_CELL_A,167,-111.59
2026-08-31T08:05:00.000Z,SYNTH_CELL_A,168,-113.95
2026-08-31T08:05:00.000Z,SYNTH_CELL_A,169,-107.58
2026-08-31T08:05:00.000Z,SYNTH_CELL_A,170,-111.96
2026-08-31T08:05:00.000Z,SYNTH_CELL_A,171,-113.7
2026-08-31T08:05:00.000Z,SYNTH_CELL_A,172,-111.71
2026-08-31T08:05:00.000Z,SYNTH_CELL_A,173,-110.94
2026-08-31T08:05:00.000Z,SYNTH_CELL_A,174,-108.85
2026-08-31T08:05:00.000Z,SYNTH_CELL_A,175,-112.75
2026-08-31T08:05:00.000Z,SYNTH_CELL_A,176,-109.06
2026-08-31T08:05:00.000Z,SYNTH_CELL_A,177,-108.2
2026-08-31T08:05:00.000Z,SYNTH_CELL_A,178,-107.72
2026-08-31T08:05:00.000Z,SYNTH_CELL_A,179,-110.23
2026-08-31T08:05:00.000Z,SYNTH_CELL_A,180,-111.67
2026-08-31T08:05:00.000Z,SYNTH_CELL_A,181,-113.08
2026-08-31T08:05:00.000Z,SYNTH_CELL_A,182,-111.8
2026-08-31T08:05:00.000Z,SYNTH_CELL_A,183,-112.61
2026-08-31T08:05:00.000Z,SYNTH_CELL_A,184,-111.58
2026-08-31T08:05:00.000Z,SYNTH_CELL_A,185,-112.9
2026-08-31T08:05:00.000Z,SYNTH_CELL_A,186,-113.51
2026-08-31T08:05:00.000Z,SYNTH_CELL_A,187,-111.78
2026-08-31T08:05:00.000Z,SYNTH_CELL_A,188,-112.5
2026-08-31T08:05:00.000Z,SYNTH_CELL_A,189,-107.53
2026-08-31T08:05:00.000Z,SYNTH_CELL_A,190,-110.11
2026-08-31T08:05:00.000Z,SYNTH_CELL_A,191,-112.7
2026-08-31T08:05:00.000Z,SYNTH_CELL_A,192,-107.75
2026-08-31T08:05:00.000Z,SYNTH_CELL_A,193,-111.92
2026-08-31T08:05:00.000Z,SYNTH_CELL_A,194,-113.76
2026-08-31T08:05:00.000Z,SYNTH_CELL_A,195,-110.87
2026-08-31T08:05:00.000Z,SYNTH_CELL_A,196,-108.39
2026-08-31T08:05:00.000Z,SYNTH_CELL_A,197,-108.38
2026-08-31T08:05:00.000Z,SYNTH_CELL_A,198,-113.73
2026-08-31T08:05:00.000Z,SYNTH_CELL_A,199,-110.53
2026-08-31T08:05:00.000Z,SYNTH_CELL_A,200,-109.46
2026-08-31T08:05:00.000Z,SYNTH_CELL_A,201,-109.91
2026-08-31T08:05:00.000Z,SYNTH_CELL_A,202,-109.61
2026-08-31T08:05:00.000Z,SYNTH_CELL_A,203,-113.97
2026-08-31T08:05:00.000Z,SYNTH_CELL_A,204,-113.16
2026-08-31T08:05:00.000Z,SYNTH_CELL_A,205,-110.42
2026-08-31T08:05:00.000Z,SYNTH_CELL_A,206,-110.59
2026-08-31T08:05:00.000Z,SYNTH_CELL_A,207,-109.75
2026-08-31T08:05:00.000Z,SYNTH_CELL_A,208,-111.3
2026-08-31T08:05:00.000Z,SYNTH_CELL_A,209,-110.81
2026-08-31T08:05:00.000Z,SYNTH_CELL_A,210,-108.02
2026-08-31T08:05:00.000Z,SYNTH_CELL_A,211,-108.47
2026-08-31T08:05:00.000Z,SYNTH_CELL_A,212,-111.07
2026-08-31T08:05:00.000Z,SYNTH_CELL_A,213,-108.41
2026-08-31T08:05:00.000Z,SYNTH_CELL_A,214,-112.6
2026-08-31T08:05:00.000Z,SYNTH_CELL_A,215,-113.87
2026-08-31T08:05:00.000Z,SYNTH_CELL_A,216,-113.73
2026-08-31T08:05:00.000Z,SYNTH_CELL_A,217,-112.57
2026-08-31T08:05:00.000Z,SYNTH_CELL_A,218,-109.69
2026-08-31T08:05:00.000Z,SYNTH_CELL_A,219,-112.62
2026-08-31T08:05:00.000Z,SYNTH_CELL_A,220,-109.78
2026-08-31T08:05:00.000Z,SYNTH_CELL_A,221,-108.5
2026-08-31T08:05:00.000Z,SYNTH_CELL_A,222,-108.45
2026-08-31T08:05:00.000Z,SYNTH_CELL_A,223,-110.13
2026-08-31T08:05:00.000Z,SYNTH_CELL_A,224,-112.2
2026-08-31T08:05:00.000Z,SYNTH_CELL_A,225,-108.88
2026-08-31T08:05:00.000Z,SYNTH_CELL_A,226,-110.49
2026-08-31T08:05:00.000Z,SYNTH_CELL_A,227,-113.7
2026-08-31T08:05:00.000Z,SYNTH_CELL_A,228,-109.67
2026-08-31T08:05:00.000Z,SYNTH_CELL_A,229,-110.23
2026-08-31T08:05:00.000Z,SYNTH_CELL_A,230,-110.83
2026-08-31T08:05:00.000Z,SYNTH_CELL_A,231,-110.93
2026-08-31T08:05:00.000Z,SYNTH_CELL_A,232,-108.66
2026-08-31T08:05:00.000Z,SYNTH_CELL_A,233,-107.26
2026-08-31T08:05:00.000Z,SYNTH_CELL_A,234,-111.3
2026-08-31T08:05:00.000Z,SYNTH_CELL_A,235,-112.77
2026-08-31T08:05:00.000Z,SYNTH_CELL_A,236,-111.21
2026-08-31T08:05:00.000Z,SYNTH_CELL_A,237,-108.27
2026-08-31T08:05:00.000Z,SYNTH_CELL_A,238,-112.02
2026-08-31T08:05:00.000Z,SYNTH_CELL_A,239,-112.94
2026-08-31T08:05:00.000Z,SYNTH_CELL_A,240,-113.47
2026-08-31T08:05:00.000Z,SYNTH_CELL_A,241,-108.44
2026-08-31T08:05:00.000Z,SYNTH_CELL_A,242,-110.25
2026-08-31T08:05:00.000Z,SYNTH_CELL_A,243,-109.95
2026-08-31T08:05:00.000Z,SYNTH_CELL_A,244,-112.02
2026-08-31T08:05:00.000Z,SYNTH_CELL_A,245,-111.25
2026-08-31T08:05:00.000Z,SYNTH_CELL_A,246,-107.35
2026-08-31T08:05:00.000Z,SYNTH_CELL_A,247,-113.63
2026-08-31T08:05:00.000Z,SYNTH_CELL_A,248,-111.8
2026-08-31T08:05:00.000Z,SYNTH_CELL_A,249,-112.93
2026-08-31T08:05:00.000Z,SYNTH_CELL_A,250,-110.98
2026-08-31T08:05:00.000Z,SYNTH_CELL_A,251,-107.3
2026-08-31T08:05:00.000Z,SYNTH_CELL_A,252,-108.72
2026-08-31T08:05:00.000Z,SYNTH_CELL_A,253,-112.13
2026-08-31T08:05:00.000Z,SYNTH_CELL_A,254,-112.27
2026-08-31T08:05:00.000Z,SYNTH_CELL_A,255,-111.69
2026-08-31T08:05:00.000Z,SYNTH_CELL_A,256,-110.62
2026-08-31T08:05:00.000Z,SYNTH_CELL_A,257,-108.9
2026-08-31T08:05:00.000Z,SYNTH_CELL_A,258,-108.85
2026-08-31T08:05:00.000Z,SYNTH_CELL_A,259,-111.84
2026-08-31T08:05:00.000Z,SYNTH_CELL_A,260,-113.55
2026-08-31T08:05:00.000Z,SYNTH_CELL_A,261,-113.31
2026-08-31T08:05:00.000Z,SYNTH_CELL_A,262,-111.41
2026-08-31T08:05:00.000Z,SYNTH_CELL_A,263,-112.27
2026-08-31T08:05:00.000Z,SYNTH_CELL_A,264,-110.78
2026-08-31T08:05:00.000Z,SYNTH_CELL_A,265,-107.13
2026-08-31T08:05:00.000Z,SYNTH_CELL_A,266,-113.42
2026-08-31T08:05:00.000Z,SYNTH_CELL_A,267,-110.01
2026-08-31T08:05:00.000Z,SYNTH_CELL_A,268,-107.26
2026-08-31T08:05:00.000Z,SYNTH_CELL_A,269,-111.94
2026-08-31T08:05:00.000Z,SYNTH_CELL_A,270,-108.33
2026-08-31T08:05:00.000Z,SYNTH_CELL_A,271,-110.85
2026-08-31T08:05:00.000Z,SYNTH_CELL_A,272,-111.73
2026-08-31T08:10:00.000Z,SYNTH_CELL_A,0,-112.02
2026-08-31T08:10:00.000Z,SYNTH_CELL_A,1,-110.71
2026-08-31T08:10:00.000Z,SYNTH_CELL_A,2,-112.47
2026-08-31T08:10:00.000Z,SYNTH_CELL_A,3,-109.56
2026-08-31T08:10:00.000Z,SYNTH_CELL_A,4,-107.15
2026-08-31T08:10:00.000Z,SYNTH_CELL_A,5,-107.28
2026-08-31T08:10:00.000Z,SYNTH_CELL_A,6,-110.42
2026-08-31T08:10:00.000Z,SYNTH_CELL_A,7,-109.27
2026-08-31T08:10:00.000Z,SYNTH_CELL_A,8,-111.38
2026-08-31T08:10:00.000Z,SYNTH_CELL_A,9,-110.64
2026-08-31T08:10:00.000Z,SYNTH_CELL_A,10,-109.97
2026-08-31T08:10:00.000Z,SYNTH_CELL_A,11,-109.14
2026-08-31T08:10:00.000Z,SYNTH_CELL_A,12,-111.06
2026-08-31T08:10:00.000Z,SYNTH_CELL_A,13,-111.02
2026-08-31T08:10:00.000Z,SYNTH_CELL_A,14,-111.49
2026-08-31T08:10:00.000Z,SYNTH_CELL_A,15,-109.08
2026-08-31T08:10:00.000Z,SYNTH_CELL_A,16,-108.11
2026-08-31T08:10:00.000Z,SYNTH_CELL_A,17,-109.61
2026-08-31T08:10:00.000Z,SYNTH_CELL_A,18,-112.7
2026-08-31T08:10:00.000Z,SYNTH_CELL_A,19,-110.49
2026-08-31T08:10:00.000Z,SYNTH_CELL_A,20,-110.93
2026-08-31T08:10:00.000Z,SYNTH_CELL_A,21,-107.3
2026-08-31T08:10:00.000Z,SYNTH_CELL_A,22,-112.2
2026-08-31T08:10:00.000Z,SYNTH_CELL_A,23,-113.49
2026-08-31T08:10:00.000Z,SYNTH_CELL_A,24,-108.39
2026-08-31T08:10:00.000Z,SYNTH_CELL_A,25,-110.64
2026-08-31T08:10:00.000Z,SYNTH_CELL_A,26,-109.64
2026-08-31T08:10:00.000Z,SYNTH_CELL_A,27,-110.77
2026-08-31T08:10:00.000Z,SYNTH_CELL_A,28,-109.92
2026-08-31T08:10:00.000Z,SYNTH_CELL_A,29,-113.74
2026-08-31T08:10:00.000Z,SYNTH_CELL_A,30,-91.64
2026-08-31T08:10:00.000Z,SYNTH_CELL_A,31,-96.75
2026-08-31T08:10:00.000Z,SYNTH_CELL_A,32,-94.12
2026-08-31T08:10:00.000Z,SYNTH_CELL_A,33,-95.88
2026-08-31T08:10:00.000Z,SYNTH_CELL_A,34,-90.96
2026-08-31T08:10:00.000Z,SYNTH_CELL_A,35,-96.78
2026-08-31T08:10:00.000Z,SYNTH_CELL_A,36,-93.34
2026-08-31T08:10:00.000Z,SYNTH_CELL_A,37,-112.38
2026-08-31T08:10:00.000Z,SYNTH_CELL_A,38,-108.25
2026-08-31T08:10:00.000Z,SYNTH_CELL_A,39,-111.73
2026-08-31T08:10:00.000Z,SYNTH_CELL_A,40,-112.59
2026-08-31T08:10:00.000Z,SYNTH_CELL_A,41,-107.98
2026-08-31T08:10:00.000Z,SYNTH_CELL_A,42,-113.2
2026-08-31T08:10:00.000Z,SYNTH_CELL_A,43,-111.35
2026-08-31T08:10:00.000Z,SYNTH_CELL_A,44,-113.75
2026-08-31T08:10:00.000Z,SYNTH_CELL_A,45,-111.28
2026-08-31T08:10:00.000Z,SYNTH_CELL_A,46,-110.63
2026-08-31T08:10:00.000Z,SYNTH_CELL_A,47,-111.63
2026-08-31T08:10:00.000Z,SYNTH_CELL_A,48,-113.66
2026-08-31T08:10:00.000Z,SYNTH_CELL_A,49,-109.98
2026-08-31T08:10:00.000Z,SYNTH_CELL_A,50,-110.75
2026-08-31T08:10:00.000Z,SYNTH_CELL_A,51,-112.06
2026-08-31T08:10:00.000Z,SYNTH_CELL_A,52,-109.43
2026-08-31T08:10:00.000Z,SYNTH_CELL_A,53,-111.19
2026-08-31T08:10:00.000Z,SYNTH_CELL_A,54,-108.39
2026-08-31T08:10:00.000Z,SYNTH_CELL_A,55,-109.84
2026-08-31T08:10:00.000Z,SYNTH_CELL_A,56,-110.81
2026-08-31T08:10:00.000Z,SYNTH_CELL_A,57,-113.33
2026-08-31T08:10:00.000Z,SYNTH_CELL_A,58,-109.72
2026-08-31T08:10:00.000Z,SYNTH_CELL_A,59,-109.48
2026-08-31T08:10:00.000Z,SYNTH_CELL_A,60,-108.23
2026-08-31T08:10:00.000Z,SYNTH_CELL_A,61,-111.46
2026-08-31T08:10:00.000Z,SYNTH_CELL_A,62,-111.7
2026-08-31T08:10:00.000Z,SYNTH_CELL_A,63,-109.59
2026-08-31T08:10:00.000Z,SYNTH_CELL_A,64,-112.87
2026-08-31T08:10:00.000Z,SYNTH_CELL_A,65,-107.3
2026-08-31T08:10:00.000Z,SYNTH_CELL_A,66,-111.91
2026-08-31T08:10:00.000Z,SYNTH_CELL_A,67,-108.1
2026-08-31T08:10:00.000Z,SYNTH_CELL_A,68,-108.41
2026-08-31T08:10:00.000Z,SYNTH_CELL_A,69,-109.53
2026-08-31T08:10:00.000Z,SYNTH_CELL_A,70,-107.38
2026-08-31T08:10:00.000Z,SYNTH_CELL_A,71,-111.31
2026-08-31T08:10:00.000Z,SYNTH_CELL_A,72,-111.14
2026-08-31T08:10:00.000Z,SYNTH_CELL_A,73,-109.35
2026-08-31T08:10:00.000Z,SYNTH_CELL_A,74,-111.25
2026-08-31T08:10:00.000Z,SYNTH_CELL_A,75,-110.92
2026-08-31T08:10:00.000Z,SYNTH_CELL_A,76,-108.36
2026-08-31T08:10:00.000Z,SYNTH_CELL_A,77,-107.72
2026-08-31T08:10:00.000Z,SYNTH_CELL_A,78,-111.08
2026-08-31T08:10:00.000Z,SYNTH_CELL_A,79,-112.08
2026-08-31T08:10:00.000Z,SYNTH_CELL_A,80,-113.87
2026-08-31T08:10:00.000Z,SYNTH_CELL_A,81,-109.09
2026-08-31T08:10:00.000Z,SYNTH_CELL_A,82,-109.84
2026-08-31T08:10:00.000Z,SYNTH_CELL_A,83,-113.71
2026-08-31T08:10:00.000Z,SYNTH_CELL_A,84,-110.65
2026-08-31T08:10:00.000Z,SYNTH_CELL_A,85,-108.93
2026-08-31T08:10:00.000Z,SYNTH_CELL_A,86,-110.39
2026-08-31T08:10:00.000Z,SYNTH_CELL_A,87,-109.87
2026-08-31T08:10:00.000Z,SYNTH_CELL_A,88,-112.47
2026-08-31T08:10:00.000Z,SYNTH_CELL_A,89,-108.83
2026-08-31T08:10:00.000Z,SYNTH_CELL_A,90,-107.59
2026-08-31T08:10:00.000Z,SYNTH_CELL_A,91,-111.38
2026-08-31T08:10:00.000Z,SYNTH_CELL_A,92,-107.69
2026-08-31T08:10:00.000Z,SYNTH_CELL_A,93,-109.31
2026-08-31T08:10:00.000Z,SYNTH_CELL_A,94,-109.97
2026-08-31T08:10:00.000Z,SYNTH_CELL_A,95,-109.65
2026-08-31T08:10:00.000Z,SYNTH_CELL_A,96,-110
2026-08-31T08:10:00.000Z,SYNTH_CELL_A,97,-107.49
2026-08-31T08:10:00.000Z,SYNTH_CELL_A,98,-107.8
2026-08-31T08:10:00.000Z,SYNTH_CELL_A,99,-107.86
2026-08-31T08:10:00.000Z,SYNTH_CELL_A,100,-107.08
2026-08-31T08:10:00.000Z,SYNTH_CELL_A,101,-112.51
2026-08-31T08:10:00.000Z,SYNTH_CELL_A,102,-107.49
2026-08-31T08:10:00.000Z,SYNTH_CELL_A,103,-113.56
2026-08-31T08:10:00.000Z,SYNTH_CELL_A,104,-110.95
2026-08-31T08:10:00.000Z,SYNTH_CELL_A,105,-108.17
2026-08-31T08:10:00.000Z,SYNTH_CELL_A,106,-107.1
2026-08-31T08:10:00.000Z,SYNTH_CELL_A,107,-113.04
2026-08-31T08:10:00.000Z,SYNTH_CELL_A,108,-107.79
2026-08-31T08:10:00.000Z,SYNTH_CELL_A,109,-108.88
2026-08-31T08:10:00.000Z,SYNTH_CELL_A,110,-111.64
2026-08-31T08:10:00.000Z,SYNTH_CELL_A,111,-110.8
2026-08-31T08:10:00.000Z,SYNTH_CELL_A,112,-110.77
2026-08-31T08:10:00.000Z,SYNTH_CELL_A,113,-112.53
2026-08-31T08:10:00.000Z,SYNTH_CELL_A,114,-111.54
2026-08-31T08:10:00.000Z,SYNTH_CELL_A,115,-107.65
2026-08-31T08:10:00.000Z,SYNTH_CELL_A,116,-113.4
2026-08-31T08:10:00.000Z,SYNTH_CELL_A,117,-110.67
2026-08-31T08:10:00.000Z,SYNTH_CELL_A,118,-108.9
2026-08-31T08:10:00.000Z,SYNTH_CELL_A,119,-108.01
2026-08-31T08:10:00.000Z,SYNTH_CELL_A,120,-111.65
2026-08-31T08:10:00.000Z,SYNTH_CELL_A,121,-113.93
2026-08-31T08:10:00.000Z,SYNTH_CELL_A,122,-107.58
2026-08-31T08:10:00.000Z,SYNTH_CELL_A,123,-107.32
2026-08-31T08:10:00.000Z,SYNTH_CELL_A,124,-111.06
2026-08-31T08:10:00.000Z,SYNTH_CELL_A,125,-108.41
2026-08-31T08:10:00.000Z,SYNTH_CELL_A,126,-109.33
2026-08-31T08:10:00.000Z,SYNTH_CELL_A,127,-108.43
2026-08-31T08:10:00.000Z,SYNTH_CELL_A,128,-111.83
2026-08-31T08:10:00.000Z,SYNTH_CELL_A,129,-111.11
2026-08-31T08:10:00.000Z,SYNTH_CELL_A,130,-108.78
2026-08-31T08:10:00.000Z,SYNTH_CELL_A,131,-111.17
2026-08-31T08:10:00.000Z,SYNTH_CELL_A,132,-113.68
2026-08-31T08:10:00.000Z,SYNTH_CELL_A,133,-107.68
2026-08-31T08:10:00.000Z,SYNTH_CELL_A,134,-108.07
2026-08-31T08:10:00.000Z,SYNTH_CELL_A,135,-110.34
2026-08-31T08:10:00.000Z,SYNTH_CELL_A,136,-112.2
2026-08-31T08:10:00.000Z,SYNTH_CELL_A,137,-110.74
2026-08-31T08:10:00.000Z,SYNTH_CELL_A,138,-108.85
2026-08-31T08:10:00.000Z,SYNTH_CELL_A,139,-109.5
2026-08-31T08:10:00.000Z,SYNTH_CELL_A,140,-107.22
2026-08-31T08:10:00.000Z,SYNTH_CELL_A,141,-108.38
2026-08-31T08:10:00.000Z,SYNTH_CELL_A,142,-108.86
2026-08-31T08:10:00.000Z,SYNTH_CELL_A,143,-109.28
2026-08-31T08:10:00.000Z,SYNTH_CELL_A,144,-108.62
2026-08-31T08:10:00.000Z,SYNTH_CELL_A,145,-113.33
2026-08-31T08:10:00.000Z,SYNTH_CELL_A,146,-109.7
2026-08-31T08:10:00.000Z,SYNTH_CELL_A,147,-112.73
2026-08-31T08:10:00.000Z,SYNTH_CELL_A,148,-110.72
2026-08-31T08:10:00.000Z,SYNTH_CELL_A,149,-110.77
2026-08-31T08:10:00.000Z,SYNTH_CELL_A,150,-113.81
2026-08-31T08:10:00.000Z,SYNTH_CELL_A,151,-113.63
2026-08-31T08:10:00.000Z,SYNTH_CELL_A,152,-111.72
2026-08-31T08:10:00.000Z,SYNTH_CELL_A,153,-108.35
2026-08-31T08:10:00.000Z,SYNTH_CELL_A,154,-109.94
2026-08-31T08:10:00.000Z,SYNTH_CELL_A,155,-110.6
2026-08-31T08:10:00.000Z,SYNTH_CELL_A,156,-113.9
2026-08-31T08:10:00.000Z,SYNTH_CELL_A,157,-107.59
2026-08-31T08:10:00.000Z,SYNTH_CELL_A,158,-109.05
2026-08-31T08:10:00.000Z,SYNTH_CELL_A,159,-112.9
2026-08-31T08:10:00.000Z,SYNTH_CELL_A,160,-111.04
2026-08-31T08:10:00.000Z,SYNTH_CELL_A,161,-109.39
2026-08-31T08:10:00.000Z,SYNTH_CELL_A,162,-110.81
2026-08-31T08:10:00.000Z,SYNTH_CELL_A,163,-111.03
2026-08-31T08:10:00.000Z,SYNTH_CELL_A,164,-110.73
2026-08-31T08:10:00.000Z,SYNTH_CELL_A,165,-112.87
2026-08-31T08:10:00.000Z,SYNTH_CELL_A,166,-111.61
2026-08-31T08:10:00.000Z,SYNTH_CELL_A,167,-110.94
2026-08-31T08:10:00.000Z,SYNTH_CELL_A,168,-113.81
2026-08-31T08:10:00.000Z,SYNTH_CELL_A,169,-108.28
2026-08-31T08:10:00.000Z,SYNTH_CELL_A,170,-111.16
2026-08-31T08:10:00.000Z,SYNTH_CELL_A,171,-113.93
2026-08-31T08:10:00.000Z,SYNTH_CELL_A,172,-112.94
2026-08-31T08:10:00.000Z,SYNTH_CELL_A,173,-107.08
2026-08-31T08:10:00.000Z,SYNTH_CELL_A,174,-109.75
2026-08-31T08:10:00.000Z,SYNTH_CELL_A,175,-113.15
2026-08-31T08:10:00.000Z,SYNTH_CELL_A,176,-109.31
2026-08-31T08:10:00.000Z,SYNTH_CELL_A,177,-112.06
2026-08-31T08:10:00.000Z,SYNTH_CELL_A,178,-109.25
2026-08-31T08:10:00.000Z,SYNTH_CELL_A,179,-107.48
2026-08-31T08:10:00.000Z,SYNTH_CELL_A,180,-111.76
2026-08-31T08:10:00.000Z,SYNTH_CELL_A,181,-112.21
2026-08-31T08:10:00.000Z,SYNTH_CELL_A,182,-110.19
2026-08-31T08:10:00.000Z,SYNTH_CELL_A,183,-112.63
2026-08-31T08:10:00.000Z,SYNTH_CELL_A,184,-110.56
2026-08-31T08:10:00.000Z,SYNTH_CELL_A,185,-110.18
2026-08-31T08:10:00.000Z,SYNTH_CELL_A,186,-111.04
2026-08-31T08:10:00.000Z,SYNTH_CELL_A,187,-107.04
2026-08-31T08:10:00.000Z,SYNTH_CELL_A,188,-109.21
2026-08-31T08:10:00.000Z,SYNTH_CELL_A,189,-112.77
2026-08-31T08:10:00.000Z,SYNTH_CELL_A,190,-109.38
2026-08-31T08:10:00.000Z,SYNTH_CELL_A,191,-109.14
2026-08-31T08:10:00.000Z,SYNTH_CELL_A,192,-108.75
2026-08-31T08:10:00.000Z,SYNTH_CELL_A,193,-113.01
2026-08-31T08:10:00.000Z,SYNTH_CELL_A,194,-111.41
2026-08-31T08:10:00.000Z,SYNTH_CELL_A,195,-113.31
2026-08-31T08:10:00.000Z,SYNTH_CELL_A,196,-107.38
2026-08-31T08:10:00.000Z,SYNTH_CELL_A,197,-113.1
2026-08-31T08:10:00.000Z,SYNTH_CELL_A,198,-107.48
2026-08-31T08:10:00.000Z,SYNTH_CELL_A,199,-108.77
2026-08-31T08:10:00.000Z,SYNTH_CELL_A,200,-108.07
2026-08-31T08:10:00.000Z,SYNTH_CELL_A,201,-111.26
2026-08-31T08:10:00.000Z,SYNTH_CELL_A,202,-111.79
2026-08-31T08:10:00.000Z,SYNTH_CELL_A,203,-111.44
2026-08-31T08:10:00.000Z,SYNTH_CELL_A,204,-113.16
2026-08-31T08:10:00.000Z,SYNTH_CELL_A,205,-108.55
2026-08-31T08:10:00.000Z,SYNTH_CELL_A,206,-112.05
2026-08-31T08:10:00.000Z,SYNTH_CELL_A,207,-110.71
2026-08-31T08:10:00.000Z,SYNTH_CELL_A,208,-113.19
2026-08-31T08:10:00.000Z,SYNTH_CELL_A,209,-107.53
2026-08-31T08:10:00.000Z,SYNTH_CELL_A,210,-111.47
2026-08-31T08:10:00.000Z,SYNTH_CELL_A,211,-112.8
2026-08-31T08:10:00.000Z,SYNTH_CELL_A,212,-112.23
2026-08-31T08:10:00.000Z,SYNTH_CELL_A,213,-109.25
2026-08-31T08:10:00.000Z,SYNTH_CELL_A,214,-109.48
2026-08-31T08:10:00.000Z,SYNTH_CELL_A,215,-112.34
2026-08-31T08:10:00.000Z,SYNTH_CELL_A,216,-113.03
2026-08-31T08:10:00.000Z,SYNTH_CELL_A,217,-108.21
2026-08-31T08:10:00.000Z,SYNTH_CELL_A,218,-112.58
2026-08-31T08:10:00.000Z,SYNTH_CELL_A,219,-110.57
2026-08-31T08:10:00.000Z,SYNTH_CELL_A,220,-111.75
2026-08-31T08:10:00.000Z,SYNTH_CELL_A,221,-112.72
2026-08-31T08:10:00.000Z,SYNTH_CELL_A,222,-113.07
2026-08-31T08:10:00.000Z,SYNTH_CELL_A,223,-109.57
2026-08-31T08:10:00.000Z,SYNTH_CELL_A,224,-109.91
2026-08-31T08:10:00.000Z,SYNTH_CELL_A,225,-112.73
2026-08-31T08:10:00.000Z,SYNTH_CELL_A,226,-113.42
2026-08-31T08:10:00.000Z,SYNTH_CELL_A,227,-109.59
2026-08-31T08:10:00.000Z,SYNTH_CELL_A,228,-109.38
2026-08-31T08:10:00.000Z,SYNTH_CELL_A,229,-113.48
2026-08-31T08:10:00.000Z,SYNTH_CELL_A,230,-113.07
2026-08-31T08:10:00.000Z,SYNTH_CELL_A,231,-108.77
2026-08-31T08:10:00.000Z,SYNTH_CELL_A,232,-112.17
2026-08-31T08:10:00.000Z,SYNTH_CELL_A,233,-108.03
2026-08-31T08:10:00.000Z,SYNTH_CELL_A,234,-107.59
2026-08-31T08:10:00.000Z,SYNTH_CELL_A,235,-111.17
2026-08-31T08:10:00.000Z,SYNTH_CELL_A,236,-112.3
2026-08-31T08:10:00.000Z,SYNTH_CELL_A,237,-113.6
2026-08-31T08:10:00.000Z,SYNTH_CELL_A,238,-108.25
2026-08-31T08:10:00.000Z,SYNTH_CELL_A,239,-107.3
2026-08-31T08:10:00.000Z,SYNTH_CELL_A,240,-108.26
2026-08-31T08:10:00.000Z,SYNTH_CELL_A,241,-109.92
2026-08-31T08:10:00.000Z,SYNTH_CELL_A,242,-112.91
2026-08-31T08:10:00.000Z,SYNTH_CELL_A,243,-109.91
2026-08-31T08:10:00.000Z,SYNTH_CELL_A,244,-109.51
2026-08-31T08:10:00.000Z,SYNTH_CELL_A,245,-109.44
2026-08-31T08:10:00.000Z,SYNTH_CELL_A,246,-113.13
2026-08-31T08:10:00.000Z,SYNTH_CELL_A,247,-111.44
2026-08-31T08:10:00.000Z,SYNTH_CELL_A,248,-109.61
2026-08-31T08:10:00.000Z,SYNTH_CELL_A,249,-113.53
2026-08-31T08:10:00.000Z,SYNTH_CELL_A,250,-110.68
2026-08-31T08:10:00.000Z,SYNTH_CELL_A,251,-108.85
2026-08-31T08:10:00.000Z,SYNTH_CELL_A,252,-111.12
2026-08-31T08:10:00.000Z,SYNTH_CELL_A,253,-107.88
2026-08-31T08:10:00.000Z,SYNTH_CELL_A,254,-109
2026-08-31T08:10:00.000Z,SYNTH_CELL_A,255,-111.16
2026-08-31T08:10:00.000Z,SYNTH_CELL_A,256,-111.98
2026-08-31T08:10:00.000Z,SYNTH_CELL_A,257,-109.99
2026-08-31T08:10:00.000Z,SYNTH_CELL_A,258,-108.7
2026-08-31T08:10:00.000Z,SYNTH_CELL_A,259,-107.95
2026-08-31T08:10:00.000Z,SYNTH_CELL_A,260,-110.22
2026-08-31T08:10:00.000Z,SYNTH_CELL_A,261,-107.43
2026-08-31T08:10:00.000Z,SYNTH_CELL_A,262,-107.6
2026-08-31T08:10:00.000Z,SYNTH_CELL_A,263,-110.02
2026-08-31T08:10:00.000Z,SYNTH_CELL_A,264,-113.51
2026-08-31T08:10:00.000Z,SYNTH_CELL_A,265,-109.86
2026-08-31T08:10:00.000Z,SYNTH_CELL_A,266,-112.96
2026-08-31T08:10:00.000Z,SYNTH_CELL_A,267,-107.83
2026-08-31T08:10:00.000Z,SYNTH_CELL_A,268,-112.13
2026-08-31T08:10:00.000Z,SYNTH_CELL_A,269,-111.71
2026-08-31T08:10:00.000Z,SYNTH_CELL_A,270,-110.27
2026-08-31T08:10:00.000Z,SYNTH_CELL_A,271,-108.22
2026-08-31T08:10:00.000Z,SYNTH_CELL_A,272,-113.7
2026-08-31T08:15:00.000Z,SYNTH_CELL_A,0,-111.19
2026-08-31T08:15:00.000Z,SYNTH_CELL_A,1,-110.17
2026-08-31T08:15:00.000Z,SYNTH_CELL_A,2,-112.97
2026-08-31T08:15:00.000Z,SYNTH_CELL_A,3,-110.5
2026-08-31T08:15:00.000Z,SYNTH_CELL_A,4,-110.44
2026-08-31T08:15:00.000Z,SYNTH_CELL_A,5,-108.03
2026-08-31T08:15:00.000Z,SYNTH_CELL_A,6,-111.44
2026-08-31T08:15:00.000Z,SYNTH_CELL_A,7,-107.59
2026-08-31T08:15:00.000Z,SYNTH_CELL_A,8,-112.73
2026-08-31T08:15:00.000Z,SYNTH_CELL_A,9,-110.51
2026-08-31T08:15:00.000Z,SYNTH_CELL_A,10,-108.15
2026-08-31T08:15:00.000Z,SYNTH_CELL_A,11,-113.52
2026-08-31T08:15:00.000Z,SYNTH_CELL_A,12,-110.67
2026-08-31T08:15:00.000Z,SYNTH_CELL_A,13,-107.68
2026-08-31T08:15:00.000Z,SYNTH_CELL_A,14,-111.46
2026-08-31T08:15:00.000Z,SYNTH_CELL_A,15,-112.38
2026-08-31T08:15:00.000Z,SYNTH_CELL_A,16,-108.85
2026-08-31T08:15:00.000Z,SYNTH_CELL_A,17,-111.29
2026-08-31T08:15:00.000Z,SYNTH_CELL_A,18,-109.34
2026-08-31T08:15:00.000Z,SYNTH_CELL_A,19,-107.53
2026-08-31T08:15:00.000Z,SYNTH_CELL_A,20,-107.46
2026-08-31T08:15:00.000Z,SYNTH_CELL_A,21,-108.71
2026-08-31T08:15:00.000Z,SYNTH_CELL_A,22,-107.63
2026-08-31T08:15:00.000Z,SYNTH_CELL_A,23,-112.17
2026-08-31T08:15:00.000Z,SYNTH_CELL_A,24,-110.94
2026-08-31T08:15:00.000Z,SYNTH_CELL_A,25,-111.25
2026-08-31T08:15:00.000Z,SYNTH_CELL_A,26,-108.8
2026-08-31T08:15:00.000Z,SYNTH_CELL_A,27,-108.6
2026-08-31T08:15:00.000Z,SYNTH_CELL_A,28,-111.65
2026-08-31T08:15:00.000Z,SYNTH_CELL_A,29,-108.59
2026-08-31T08:15:00.000Z,SYNTH_CELL_A,30,-90.41
2026-08-31T08:15:00.000Z,SYNTH_CELL_A,31,-92.84
2026-08-31T08:15:00.000Z,SYNTH_CELL_A,32,-94.02
2026-08-31T08:15:00.000Z,SYNTH_CELL_A,33,-94.79
2026-08-31T08:15:00.000Z,SYNTH_CELL_A,34,-91.77
2026-08-31T08:15:00.000Z,SYNTH_CELL_A,35,-90.37
2026-08-31T08:15:00.000Z,SYNTH_CELL_A,36,-90.57
2026-08-31T08:15:00.000Z,SYNTH_CELL_A,37,-110.75
2026-08-31T08:15:00.000Z,SYNTH_CELL_A,38,-107.18
2026-08-31T08:15:00.000Z,SYNTH_CELL_A,39,-108.24
2026-08-31T08:15:00.000Z,SYNTH_CELL_A,40,-107.25
2026-08-31T08:15:00.000Z,SYNTH_CELL_A,41,-107.2
2026-08-31T08:15:00.000Z,SYNTH_CELL_A,42,-107.41
2026-08-31T08:15:00.000Z,SYNTH_CELL_A,43,-108.08
2026-08-31T08:15:00.000Z,SYNTH_CELL_A,44,-107.06
2026-08-31T08:15:00.000Z,SYNTH_CELL_A,45,-111.61
2026-08-31T08:15:00.000Z,SYNTH_CELL_A,46,-112.3
2026-08-31T08:15:00.000Z,SYNTH_CELL_A,47,-111.98
2026-08-31T08:15:00.000Z,SYNTH_CELL_A,48,-107.58
2026-08-31T08:15:00.000Z,SYNTH_CELL_A,49,-111.18
2026-08-31T08:15:00.000Z,SYNTH_CELL_A,50,-111.35
2026-08-31T08:15:00.000Z,SYNTH_CELL_A,51,-112.43
2026-08-31T08:15:00.000Z,SYNTH_CELL_A,52,-112.62
2026-08-31T08:15:00.000Z,SYNTH_CELL_A,53,-113.63
2026-08-31T08:15:00.000Z,SYNTH_CELL_A,54,-112.41
2026-08-31T08:15:00.000Z,SYNTH_CELL_A,55,-108
2026-08-31T08:15:00.000Z,SYNTH_CELL_A,56,-109.11
2026-08-31T08:15:00.000Z,SYNTH_CELL_A,57,-112.69
2026-08-31T08:15:00.000Z,SYNTH_CELL_A,58,-111.83
2026-08-31T08:15:00.000Z,SYNTH_CELL_A,59,-113.54
2026-08-31T08:15:00.000Z,SYNTH_CELL_A,60,-111.58
2026-08-31T08:15:00.000Z,SYNTH_CELL_A,61,-107.89
2026-08-31T08:15:00.000Z,SYNTH_CELL_A,62,-108.47
2026-08-31T08:15:00.000Z,SYNTH_CELL_A,63,-112.42
2026-08-31T08:15:00.000Z,SYNTH_CELL_A,64,-110.79
2026-08-31T08:15:00.000Z,SYNTH_CELL_A,65,-108.1
2026-08-31T08:15:00.000Z,SYNTH_CELL_A,66,-113.07
2026-08-31T08:15:00.000Z,SYNTH_CELL_A,67,-111.16
2026-08-31T08:15:00.000Z,SYNTH_CELL_A,68,-109.06
2026-08-31T08:15:00.000Z,SYNTH_CELL_A,69,-111.11
2026-08-31T08:15:00.000Z,SYNTH_CELL_A,70,-111.71
2026-08-31T08:15:00.000Z,SYNTH_CELL_A,71,-113.82
2026-08-31T08:15:00.000Z,SYNTH_CELL_A,72,-110.09
2026-08-31T08:15:00.000Z,SYNTH_CELL_A,73,-107.59
2026-08-31T08:15:00.000Z,SYNTH_CELL_A,74,-110.24
2026-08-31T08:15:00.000Z,SYNTH_CELL_A,75,-113.26
2026-08-31T08:15:00.000Z,SYNTH_CELL_A,76,-113.12
2026-08-31T08:15:00.000Z,SYNTH_CELL_A,77,-108.4
2026-08-31T08:15:00.000Z,SYNTH_CELL_A,78,-113.39
2026-08-31T08:15:00.000Z,SYNTH_CELL_A,79,-112.38
2026-08-31T08:15:00.000Z,SYNTH_CELL_A,80,-112.32
2026-08-31T08:15:00.000Z,SYNTH_CELL_A,81,-110.58
2026-08-31T08:15:00.000Z,SYNTH_CELL_A,82,-109.64
2026-08-31T08:15:00.000Z,SYNTH_CELL_A,83,-111.47
2026-08-31T08:15:00.000Z,SYNTH_CELL_A,84,-109.38
2026-08-31T08:15:00.000Z,SYNTH_CELL_A,85,-112.78
2026-08-31T08:15:00.000Z,SYNTH_CELL_A,86,-111.78
2026-08-31T08:15:00.000Z,SYNTH_CELL_A,87,-109.56
2026-08-31T08:15:00.000Z,SYNTH_CELL_A,88,-112.21
2026-08-31T08:15:00.000Z,SYNTH_CELL_A,89,-109.3
2026-08-31T08:15:00.000Z,SYNTH_CELL_A,90,-107.09
2026-08-31T08:15:00.000Z,SYNTH_CELL_A,91,-111.91
2026-08-31T08:15:00.000Z,SYNTH_CELL_A,92,-113.91
2026-08-31T08:15:00.000Z,SYNTH_CELL_A,93,-110.76
2026-08-31T08:15:00.000Z,SYNTH_CELL_A,94,-107.22
2026-08-31T08:15:00.000Z,SYNTH_CELL_A,95,-107.59
2026-08-31T08:15:00.000Z,SYNTH_CELL_A,96,-108.75
2026-08-31T08:15:00.000Z,SYNTH_CELL_A,97,-113.43
2026-08-31T08:15:00.000Z,SYNTH_CELL_A,98,-109.53
2026-08-31T08:15:00.000Z,SYNTH_CELL_A,99,-107.37
2026-08-31T08:15:00.000Z,SYNTH_CELL_A,100,-111.14
2026-08-31T08:15:00.000Z,SYNTH_CELL_A,101,-107.37
2026-08-31T08:15:00.000Z,SYNTH_CELL_A,102,-110.92
2026-08-31T08:15:00.000Z,SYNTH_CELL_A,103,-107.91
2026-08-31T08:15:00.000Z,SYNTH_CELL_A,104,-108.41
2026-08-31T08:15:00.000Z,SYNTH_CELL_A,105,-108.6
2026-08-31T08:15:00.000Z,SYNTH_CELL_A,106,-111.74
2026-08-31T08:15:00.000Z,SYNTH_CELL_A,107,-107.69
2026-08-31T08:15:00.000Z,SYNTH_CELL_A,108,-109.15
2026-08-31T08:15:00.000Z,SYNTH_CELL_A,109,-109.54
2026-08-31T08:15:00.000Z,SYNTH_CELL_A,110,-110.6
2026-08-31T08:15:00.000Z,SYNTH_CELL_A,111,-110.94
2026-08-31T08:15:00.000Z,SYNTH_CELL_A,112,-112.48
2026-08-31T08:15:00.000Z,SYNTH_CELL_A,113,-108.38
2026-08-31T08:15:00.000Z,SYNTH_CELL_A,114,-111.39
2026-08-31T08:15:00.000Z,SYNTH_CELL_A,115,-112.19
2026-08-31T08:15:00.000Z,SYNTH_CELL_A,116,-111.03
2026-08-31T08:15:00.000Z,SYNTH_CELL_A,117,-111.67
2026-08-31T08:15:00.000Z,SYNTH_CELL_A,118,-108.14
2026-08-31T08:15:00.000Z,SYNTH_CELL_A,119,-110
2026-08-31T08:15:00.000Z,SYNTH_CELL_A,120,-113.62
2026-08-31T08:15:00.000Z,SYNTH_CELL_A,121,-110.16
2026-08-31T08:15:00.000Z,SYNTH_CELL_A,122,-110.66
2026-08-31T08:15:00.000Z,SYNTH_CELL_A,123,-107.73
2026-08-31T08:15:00.000Z,SYNTH_CELL_A,124,-111.01
2026-08-31T08:15:00.000Z,SYNTH_CELL_A,125,-111.56
2026-08-31T08:15:00.000Z,SYNTH_CELL_A,126,-113.3
2026-08-31T08:15:00.000Z,SYNTH_CELL_A,127,-108.41
2026-08-31T08:15:00.000Z,SYNTH_CELL_A,128,-110.52
2026-08-31T08:15:00.000Z,SYNTH_CELL_A,129,-111.44
2026-08-31T08:15:00.000Z,SYNTH_CELL_A,130,-111.48
2026-08-31T08:15:00.000Z,SYNTH_CELL_A,131,-110.68
2026-08-31T08:15:00.000Z,SYNTH_CELL_A,132,-113.47
2026-08-31T08:15:00.000Z,SYNTH_CELL_A,133,-107.36
2026-08-31T08:15:00.000Z,SYNTH_CELL_A,134,-109.91
2026-08-31T08:15:00.000Z,SYNTH_CELL_A,135,-113.24
2026-08-31T08:15:00.000Z,SYNTH_CELL_A,136,-112.09
2026-08-31T08:15:00.000Z,SYNTH_CELL_A,137,-107.76
2026-08-31T08:15:00.000Z,SYNTH_CELL_A,138,-108.03
2026-08-31T08:15:00.000Z,SYNTH_CELL_A,139,-107.23
2026-08-31T08:15:00.000Z,SYNTH_CELL_A,140,-112.32
2026-08-31T08:15:00.000Z,SYNTH_CELL_A,141,-107.91
2026-08-31T08:15:00.000Z,SYNTH_CELL_A,142,-111.09
2026-08-31T08:15:00.000Z,SYNTH_CELL_A,143,-113.05
2026-08-31T08:15:00.000Z,SYNTH_CELL_A,144,-111.99
2026-08-31T08:15:00.000Z,SYNTH_CELL_A,145,-110.83
2026-08-31T08:15:00.000Z,SYNTH_CELL_A,146,-110.23
2026-08-31T08:15:00.000Z,SYNTH_CELL_A,147,-108.38
2026-08-31T08:15:00.000Z,SYNTH_CELL_A,148,-110.64
2026-08-31T08:15:00.000Z,SYNTH_CELL_A,149,-109.63
2026-08-31T08:15:00.000Z,SYNTH_CELL_A,150,-107.78
2026-08-31T08:15:00.000Z,SYNTH_CELL_A,151,-107.26
2026-08-31T08:15:00.000Z,SYNTH_CELL_A,152,-108.06
2026-08-31T08:15:00.000Z,SYNTH_CELL_A,153,-109.49
2026-08-31T08:15:00.000Z,SYNTH_CELL_A,154,-109.88
2026-08-31T08:15:00.000Z,SYNTH_CELL_A,155,-111
2026-08-31T08:15:00.000Z,SYNTH_CELL_A,156,-111.78
2026-08-31T08:15:00.000Z,SYNTH_CELL_A,157,-112.77
2026-08-31T08:15:00.000Z,SYNTH_CELL_A,158,-113.54
2026-08-31T08:15:00.000Z,SYNTH_CELL_A,159,-113.93
2026-08-31T08:15:00.000Z,SYNTH_CELL_A,160,-110.39
2026-08-31T08:15:00.000Z,SYNTH_CELL_A,161,-110.65
2026-08-31T08:15:00.000Z,SYNTH_CELL_A,162,-108.06
2026-08-31T08:15:00.000Z,SYNTH_CELL_A,163,-109.01
2026-08-31T08:15:00.000Z,SYNTH_CELL_A,164,-109.92
2026-08-31T08:15:00.000Z,SYNTH_CELL_A,165,-109.94
2026-08-31T08:15:00.000Z,SYNTH_CELL_A,166,-111.01
2026-08-31T08:15:00.000Z,SYNTH_CELL_A,167,-108.16
2026-08-31T08:15:00.000Z,SYNTH_CELL_A,168,-113.09
2026-08-31T08:15:00.000Z,SYNTH_CELL_A,169,-112.18
2026-08-31T08:15:00.000Z,SYNTH_CELL_A,170,-111.6
2026-08-31T08:15:00.000Z,SYNTH_CELL_A,171,-108.38
2026-08-31T08:15:00.000Z,SYNTH_CELL_A,172,-110.61
2026-08-31T08:15:00.000Z,SYNTH_CELL_A,173,-109.04
2026-08-31T08:15:00.000Z,SYNTH_CELL_A,174,-109.67
2026-08-31T08:15:00.000Z,SYNTH_CELL_A,175,-109.57
2026-08-31T08:15:00.000Z,SYNTH_CELL_A,176,-111.61
2026-08-31T08:15:00.000Z,SYNTH_CELL_A,177,-108.7
2026-08-31T08:15:00.000Z,SYNTH_CELL_A,178,-109.31
2026-08-31T08:15:00.000Z,SYNTH_CELL_A,179,-107.79
2026-08-31T08:15:00.000Z,SYNTH_CELL_A,180,-107.34
2026-08-31T08:15:00.000Z,SYNTH_CELL_A,181,-110.2
2026-08-31T08:15:00.000Z,SYNTH_CELL_A,182,-108.52
2026-08-31T08:15:00.000Z,SYNTH_CELL_A,183,-113.77
2026-08-31T08:15:00.000Z,SYNTH_CELL_A,184,-107.48
2026-08-31T08:15:00.000Z,SYNTH_CELL_A,185,-110.34
2026-08-31T08:15:00.000Z,SYNTH_CELL_A,186,-112.01
2026-08-31T08:15:00.000Z,SYNTH_CELL_A,187,-113.38
2026-08-31T08:15:00.000Z,SYNTH_CELL_A,188,-108.42
2026-08-31T08:15:00.000Z,SYNTH_CELL_A,189,-108.75
2026-08-31T08:15:00.000Z,SYNTH_CELL_A,190,-110.78
2026-08-31T08:15:00.000Z,SYNTH_CELL_A,191,-110.44
2026-08-31T08:15:00.000Z,SYNTH_CELL_A,192,-112.03
2026-08-31T08:15:00.000Z,SYNTH_CELL_A,193,-111.53
2026-08-31T08:15:00.000Z,SYNTH_CELL_A,194,-112.06
2026-08-31T08:15:00.000Z,SYNTH_CELL_A,195,-112.19
2026-08-31T08:15:00.000Z,SYNTH_CELL_A,196,-110.64
2026-08-31T08:15:00.000Z,SYNTH_CELL_A,197,-112.73
2026-08-31T08:15:00.000Z,SYNTH_CELL_A,198,-107.29
2026-08-31T08:15:00.000Z,SYNTH_CELL_A,199,-113.86
2026-08-31T08:15:00.000Z,SYNTH_CELL_A,200,-108.07
2026-08-31T08:15:00.000Z,SYNTH_CELL_A,201,-109.87
2026-08-31T08:15:00.000Z,SYNTH_CELL_A,202,-111.2
2026-08-31T08:15:00.000Z,SYNTH_CELL_A,203,-110.09
2026-08-31T08:15:00.000Z,SYNTH_CELL_A,204,-113.69
2026-08-31T08:15:00.000Z,SYNTH_CELL_A,205,-111.3
2026-08-31T08:15:00.000Z,SYNTH_CELL_A,206,-110.85
2026-08-31T08:15:00.000Z,SYNTH_CELL_A,207,-112.27
2026-08-31T08:15:00.000Z,SYNTH_CELL_A,208,-109.65
2026-08-31T08:15:00.000Z,SYNTH_CELL_A,209,-107.41
2026-08-31T08:15:00.000Z,SYNTH_CELL_A,210,-107.15
2026-08-31T08:15:00.000Z,SYNTH_CELL_A,211,-108.44
2026-08-31T08:15:00.000Z,SYNTH_CELL_A,212,-110.65
2026-08-31T08:15:00.000Z,SYNTH_CELL_A,213,-110.18
2026-08-31T08:15:00.000Z,SYNTH_CELL_A,214,-109
2026-08-31T08:15:00.000Z,SYNTH_CELL_A,215,-112.36
2026-08-31T08:15:00.000Z,SYNTH_CELL_A,216,-113.66
2026-08-31T08:15:00.000Z,SYNTH_CELL_A,217,-113.57
2026-08-31T08:15:00.000Z,SYNTH_CELL_A,218,-108.77
2026-08-31T08:15:00.000Z,SYNTH_CELL_A,219,-112.15
2026-08-31T08:15:00.000Z,SYNTH_CELL_A,220,-113.22
2026-08-31T08:15:00.000Z,SYNTH_CELL_A,221,-107.25
2026-08-31T08:15:00.000Z,SYNTH_CELL_A,222,-109.59
2026-08-31T08:15:00.000Z,SYNTH_CELL_A,223,-113.85
2026-08-31T08:15:00.000Z,SYNTH_CELL_A,224,-113.08
2026-08-31T08:15:00.000Z,SYNTH_CELL_A,225,-107.81
2026-08-31T08:15:00.000Z,SYNTH_CELL_A,226,-107.46
2026-08-31T08:15:00.000Z,SYNTH_CELL_A,227,-111.03
2026-08-31T08:15:00.000Z,SYNTH_CELL_A,228,-113.89
2026-08-31T08:15:00.000Z,SYNTH_CELL_A,229,-108.56
2026-08-31T08:15:00.000Z,SYNTH_CELL_A,230,-112.84
2026-08-31T08:15:00.000Z,SYNTH_CELL_A,231,-112.71
2026-08-31T08:15:00.000Z,SYNTH_CELL_A,232,-112.92
2026-08-31T08:15:00.000Z,SYNTH_CELL_A,233,-108.24
2026-08-31T08:15:00.000Z,SYNTH_CELL_A,234,-107.72
2026-08-31T08:15:00.000Z,SYNTH_CELL_A,235,-109.46
2026-08-31T08:15:00.000Z,SYNTH_CELL_A,236,-109.73
2026-08-31T08:15:00.000Z,SYNTH_CELL_A,237,-112.4
2026-08-31T08:15:00.000Z,SYNTH_CELL_A,238,-107.16
2026-08-31T08:15:00.000Z,SYNTH_CELL_A,239,-109.88
2026-08-31T08:15:00.000Z,SYNTH_CELL_A,240,-111.86
2026-08-31T08:15:00.000Z,SYNTH_CELL_A,241,-113.63
2026-08-31T08:15:00.000Z,SYNTH_CELL_A,242,-109.25
2026-08-31T08:15:00.000Z,SYNTH_CELL_A,243,-113.35
2026-08-31T08:15:00.000Z,SYNTH_CELL_A,244,-113.28
2026-08-31T08:15:00.000Z,SYNTH_CELL_A,245,-112.68
2026-08-31T08:15:00.000Z,SYNTH_CELL_A,246,-109.45
2026-08-31T08:15:00.000Z,SYNTH_CELL_A,247,-109.21
2026-08-31T08:15:00.000Z,SYNTH_CELL_A,248,-109.86
2026-08-31T08:15:00.000Z,SYNTH_CELL_A,249,-109.39
2026-08-31T08:15:00.000Z,SYNTH_CELL_A,250,-110.33
2026-08-31T08:15:00.000Z,SYNTH_CELL_A,251,-108.35
2026-08-31T08:15:00.000Z,SYNTH_CELL_A,252,-110.55
2026-08-31T08:15:00.000Z,SYNTH_CELL_A,253,-111.71
2026-08-31T08:15:00.000Z,SYNTH_CELL_A,254,-113.39
2026-08-31T08:15:00.000Z,SYNTH_CELL_A,255,-108.33
2026-08-31T08:15:00.000Z,SYNTH_CELL_A,256,-110.16
2026-08-31T08:15:00.000Z,SYNTH_CELL_A,257,-112.87
2026-08-31T08:15:00.000Z,SYNTH_CELL_A,258,-108.04
2026-08-31T08:15:00.000Z,SYNTH_CELL_A,259,-110.45
2026-08-31T08:15:00.000Z,SYNTH_CELL_A,260,-108.52
2026-08-31T08:15:00.000Z,SYNTH_CELL_A,261,-113.04
2026-08-31T08:15:00.000Z,SYNTH_CELL_A,262,-107.03
2026-08-31T08:15:00.000Z,SYNTH_CELL_A,263,-110.92
2026-08-31T08:15:00.000Z,SYNTH_CELL_A,264,-113.55
2026-08-31T08:15:00.000Z,SYNTH_CELL_A,265,-107.95
2026-08-31T08:15:00.000Z,SYNTH_CELL_A,266,-110.33
2026-08-31T08:15:00.000Z,SYNTH_CELL_A,267,-107.75
2026-08-31T08:15:00.000Z,SYNTH_CELL_A,268,-107.8
2026-08-31T08:15:00.000Z,SYNTH_CELL_A,269,-113.89
2026-08-31T08:15:00.000Z,SYNTH_CELL_A,270,-109.42
2026-08-31T08:15:00.000Z,SYNTH_CELL_A,271,-108.86
2026-08-31T08:15:00.000Z,SYNTH_CELL_A,272,-111.77
2026-08-31T08:20:00.000Z,SYNTH_CELL_A,0,-113.33
2026-08-31T08:20:00.000Z,SYNTH_CELL_A,1,-110
2026-08-31T08:20:00.000Z,SYNTH_CELL_A,2,-109.74
2026-08-31T08:20:00.000Z,SYNTH_CELL_A,3,-111.48
2026-08-31T08:20:00.000Z,SYNTH_CELL_A,4,-110.4
2026-08-31T08:20:00.000Z,SYNTH_CELL_A,5,-108.39
2026-08-31T08:20:00.000Z,SYNTH_CELL_A,6,-109.61
2026-08-31T08:20:00.000Z,SYNTH_CELL_A,7,-111.95
2026-08-31T08:20:00.000Z,SYNTH_CELL_A,8,-111.88
2026-08-31T08:20:00.000Z,SYNTH_CELL_A,9,-108.66
2026-08-31T08:20:00.000Z,SYNTH_CELL_A,10,-111.99
2026-08-31T08:20:00.000Z,SYNTH_CELL_A,11,-108.22
2026-08-31T08:20:00.000Z,SYNTH_CELL_A,12,-110.05
2026-08-31T08:20:00.000Z,SYNTH_CELL_A,13,-107.44
2026-08-31T08:20:00.000Z,SYNTH_CELL_A,14,-112.57
2026-08-31T08:20:00.000Z,SYNTH_CELL_A,15,-110.22
2026-08-31T08:20:00.000Z,SYNTH_CELL_A,16,-112.44
2026-08-31T08:20:00.000Z,SYNTH_CELL_A,17,-112.64
2026-08-31T08:20:00.000Z,SYNTH_CELL_A,18,-110.9
2026-08-31T08:20:00.000Z,SYNTH_CELL_A,19,-108.97
2026-08-31T08:20:00.000Z,SYNTH_CELL_A,20,-111.37
2026-08-31T08:20:00.000Z,SYNTH_CELL_A,21,-111.85
2026-08-31T08:20:00.000Z,SYNTH_CELL_A,22,-113.33
2026-08-31T08:20:00.000Z,SYNTH_CELL_A,23,-109.48
2026-08-31T08:20:00.000Z,SYNTH_CELL_A,24,-113.07
2026-08-31T08:20:00.000Z,SYNTH_CELL_A,25,-113.93
2026-08-31T08:20:00.000Z,SYNTH_CELL_A,26,-111.36
2026-08-31T08:20:00.000Z,SYNTH_CELL_A,27,-111.44
2026-08-31T08:20:00.000Z,SYNTH_CELL_A,28,-107.07
2026-08-31T08:20:00.000Z,SYNTH_CELL_A,29,-110.89
2026-08-31T08:20:00.000Z,SYNTH_CELL_A,30,-94.7
2026-08-31T08:20:00.000Z,SYNTH_CELL_A,31,-91.31
2026-08-31T08:20:00.000Z,SYNTH_CELL_A,32,-90.79
2026-08-31T08:20:00.000Z,SYNTH_CELL_A,33,-90.46
2026-08-31T08:20:00.000Z,SYNTH_CELL_A,34,-95.34
2026-08-31T08:20:00.000Z,SYNTH_CELL_A,35,-95.56
2026-08-31T08:20:00.000Z,SYNTH_CELL_A,36,-96.99
2026-08-31T08:20:00.000Z,SYNTH_CELL_A,37,-107.02
2026-08-31T08:20:00.000Z,SYNTH_CELL_A,38,-108.27
2026-08-31T08:20:00.000Z,SYNTH_CELL_A,39,-109.38
2026-08-31T08:20:00.000Z,SYNTH_CELL_A,40,-111.63
2026-08-31T08:20:00.000Z,SYNTH_CELL_A,41,-110.22
2026-08-31T08:20:00.000Z,SYNTH_CELL_A,42,-112.42
2026-08-31T08:20:00.000Z,SYNTH_CELL_A,43,-107.26
2026-08-31T08:20:00.000Z,SYNTH_CELL_A,44,-112.81
2026-08-31T08:20:00.000Z,SYNTH_CELL_A,45,-112.5
2026-08-31T08:20:00.000Z,SYNTH_CELL_A,46,-107.56
2026-08-31T08:20:00.000Z,SYNTH_CELL_A,47,-110.47
2026-08-31T08:20:00.000Z,SYNTH_CELL_A,48,-111.76
2026-08-31T08:20:00.000Z,SYNTH_CELL_A,49,-107.6
2026-08-31T08:20:00.000Z,SYNTH_CELL_A,50,-111.39
2026-08-31T08:20:00.000Z,SYNTH_CELL_A,51,-111.6
2026-08-31T08:20:00.000Z,SYNTH_CELL_A,52,-111.89
2026-08-31T08:20:00.000Z,SYNTH_CELL_A,53,-111
2026-08-31T08:20:00.000Z,SYNTH_CELL_A,54,-109.6
2026-08-31T08:20:00.000Z,SYNTH_CELL_A,55,-110.76
2026-08-31T08:20:00.000Z,SYNTH_CELL_A,56,-112.11
2026-08-31T08:20:00.000Z,SYNTH_CELL_A,57,-111.93
2026-08-31T08:20:00.000Z,SYNTH_CELL_A,58,-109.56
2026-08-31T08:20:00.000Z,SYNTH_CELL_A,59,-112.39
2026-08-31T08:20:00.000Z,SYNTH_CELL_A,60,-108.83
2026-08-31T08:20:00.000Z,SYNTH_CELL_A,61,-107.67
2026-08-31T08:20:00.000Z,SYNTH_CELL_A,62,-111.74
2026-08-31T08:20:00.000Z,SYNTH_CELL_A,63,-112.85
2026-08-31T08:20:00.000Z,SYNTH_CELL_A,64,-107.09
2026-08-31T08:20:00.000Z,SYNTH_CELL_A,65,-107.48
2026-08-31T08:20:00.000Z,SYNTH_CELL_A,66,-111.74
2026-08-31T08:20:00.000Z,SYNTH_CELL_A,67,-113.57
2026-08-31T08:20:00.000Z,SYNTH_CELL_A,68,-113.56
2026-08-31T08:20:00.000Z,SYNTH_CELL_A,69,-112.62
2026-08-31T08:20:00.000Z,SYNTH_CELL_A,70,-112.4
2026-08-31T08:20:00.000Z,SYNTH_CELL_A,71,-109.68
2026-08-31T08:20:00.000Z,SYNTH_CELL_A,72,-112.01
2026-08-31T08:20:00.000Z,SYNTH_CELL_A,73,-113.5
2026-08-31T08:20:00.000Z,SYNTH_CELL_A,74,-111.91
2026-08-31T08:20:00.000Z,SYNTH_CELL_A,75,-109.57
2026-08-31T08:20:00.000Z,SYNTH_CELL_A,76,-113.28
2026-08-31T08:20:00.000Z,SYNTH_CELL_A,77,-110.33
2026-08-31T08:20:00.000Z,SYNTH_CELL_A,78,-110.8
2026-08-31T08:20:00.000Z,SYNTH_CELL_A,79,-107.25
2026-08-31T08:20:00.000Z,SYNTH_CELL_A,80,-112.52
2026-08-31T08:20:00.000Z,SYNTH_CELL_A,81,-107.04
2026-08-31T08:20:00.000Z,SYNTH_CELL_A,82,-110.73
2026-08-31T08:20:00.000Z,SYNTH_CELL_A,83,-111.73
2026-08-31T08:20:00.000Z,SYNTH_CELL_A,84,-108.78
2026-08-31T08:20:00.000Z,SYNTH_CELL_A,85,-112.82
2026-08-31T08:20:00.000Z,SYNTH_CELL_A,86,-113.05
2026-08-31T08:20:00.000Z,SYNTH_CELL_A,87,-113.37
2026-08-31T08:20:00.000Z,SYNTH_CELL_A,88,-110.79
2026-08-31T08:20:00.000Z,SYNTH_CELL_A,89,-108.05
2026-08-31T08:20:00.000Z,SYNTH_CELL_A,90,-111.12
2026-08-31T08:20:00.000Z,SYNTH_CELL_A,91,-112.19
2026-08-31T08:20:00.000Z,SYNTH_CELL_A,92,-109.04
2026-08-31T08:20:00.000Z,SYNTH_CELL_A,93,-113.74
2026-08-31T08:20:00.000Z,SYNTH_CELL_A,94,-112.39
2026-08-31T08:20:00.000Z,SYNTH_CELL_A,95,-109.24
2026-08-31T08:20:00.000Z,SYNTH_CELL_A,96,-113.06
2026-08-31T08:20:00.000Z,SYNTH_CELL_A,97,-111.64
2026-08-31T08:20:00.000Z,SYNTH_CELL_A,98,-107.05
2026-08-31T08:20:00.000Z,SYNTH_CELL_A,99,-109.15
2026-08-31T08:20:00.000Z,SYNTH_CELL_A,100,-107.76
2026-08-31T08:20:00.000Z,SYNTH_CELL_A,101,-107.96
2026-08-31T08:20:00.000Z,SYNTH_CELL_A,102,-110.23
2026-08-31T08:20:00.000Z,SYNTH_CELL_A,103,-111.92
2026-08-31T08:20:00.000Z,SYNTH_CELL_A,104,-111.58
2026-08-31T08:20:00.000Z,SYNTH_CELL_A,105,-109.11
2026-08-31T08:20:00.000Z,SYNTH_CELL_A,106,-110.39
2026-08-31T08:20:00.000Z,SYNTH_CELL_A,107,-107.38
2026-08-31T08:20:00.000Z,SYNTH_CELL_A,108,-113.3
2026-08-31T08:20:00.000Z,SYNTH_CELL_A,109,-113.72
2026-08-31T08:20:00.000Z,SYNTH_CELL_A,110,-113.58
2026-08-31T08:20:00.000Z,SYNTH_CELL_A,111,-113.64
2026-08-31T08:20:00.000Z,SYNTH_CELL_A,112,-111.91
2026-08-31T08:20:00.000Z,SYNTH_CELL_A,113,-113.35
2026-08-31T08:20:00.000Z,SYNTH_CELL_A,114,-109.12
2026-08-31T08:20:00.000Z,SYNTH_CELL_A,115,-112
2026-08-31T08:20:00.000Z,SYNTH_CELL_A,116,-113.11
2026-08-31T08:20:00.000Z,SYNTH_CELL_A,117,-108.61
2026-08-31T08:20:00.000Z,SYNTH_CELL_A,118,-110.89
2026-08-31T08:20:00.000Z,SYNTH_CELL_A,119,-109.15
2026-08-31T08:20:00.000Z,SYNTH_CELL_A,120,-110.6
2026-08-31T08:20:00.000Z,SYNTH_CELL_A,121,-112.33
2026-08-31T08:20:00.000Z,SYNTH_CELL_A,122,-113.73
2026-08-31T08:20:00.000Z,SYNTH_CELL_A,123,-109.37
2026-08-31T08:20:00.000Z,SYNTH_CELL_A,124,-108.39
2026-08-31T08:20:00.000Z,SYNTH_CELL_A,125,-111.75
2026-08-31T08:20:00.000Z,SYNTH_CELL_A,126,-111.65
2026-08-31T08:20:00.000Z,SYNTH_CELL_A,127,-108.72
2026-08-31T08:20:00.000Z,SYNTH_CELL_A,128,-107.04
2026-08-31T08:20:00.000Z,SYNTH_CELL_A,129,-108.86
2026-08-31T08:20:00.000Z,SYNTH_CELL_A,130,-108.03
2026-08-31T08:20:00.000Z,SYNTH_CELL_A,131,-111.49
2026-08-31T08:20:00.000Z,SYNTH_CELL_A,132,-109.69
2026-08-31T08:20:00.000Z,SYNTH_CELL_A,133,-112.98
2026-08-31T08:20:00.000Z,SYNTH_CELL_A,134,-110.35
2026-08-31T08:20:00.000Z,SYNTH_CELL_A,135,-113.08
2026-08-31T08:20:00.000Z,SYNTH_CELL_A,136,-112.4
2026-08-31T08:20:00.000Z,SYNTH_CELL_A,137,-107.08
2026-08-31T08:20:00.000Z,SYNTH_CELL_A,138,-109.09
2026-08-31T08:20:00.000Z,SYNTH_CELL_A,139,-112.95
2026-08-31T08:20:00.000Z,SYNTH_CELL_A,140,-113.47
2026-08-31T08:20:00.000Z,SYNTH_CELL_A,141,-107.4
2026-08-31T08:20:00.000Z,SYNTH_CELL_A,142,-110.3
2026-08-31T08:20:00.000Z,SYNTH_CELL_A,143,-108.94
2026-08-31T08:20:00.000Z,SYNTH_CELL_A,144,-113.05
2026-08-31T08:20:00.000Z,SYNTH_CELL_A,145,-113.84
2026-08-31T08:20:00.000Z,SYNTH_CELL_A,146,-108.98
2026-08-31T08:20:00.000Z,SYNTH_CELL_A,147,-109.08
2026-08-31T08:20:00.000Z,SYNTH_CELL_A,148,-109.18
2026-08-31T08:20:00.000Z,SYNTH_CELL_A,149,-113.2
2026-08-31T08:20:00.000Z,SYNTH_CELL_A,150,-107.69
2026-08-31T08:20:00.000Z,SYNTH_CELL_A,151,-112.29
2026-08-31T08:20:00.000Z,SYNTH_CELL_A,152,-110.63
2026-08-31T08:20:00.000Z,SYNTH_CELL_A,153,-107.76
2026-08-31T08:20:00.000Z,SYNTH_CELL_A,154,-109.34
2026-08-31T08:20:00.000Z,SYNTH_CELL_A,155,-108.23
2026-08-31T08:20:00.000Z,SYNTH_CELL_A,156,-109.5
2026-08-31T08:20:00.000Z,SYNTH_CELL_A,157,-107.41
2026-08-31T08:20:00.000Z,SYNTH_CELL_A,158,-111.3
2026-08-31T08:20:00.000Z,SYNTH_CELL_A,159,-110.93
2026-08-31T08:20:00.000Z,SYNTH_CELL_A,160,-110.58
2026-08-31T08:20:00.000Z,SYNTH_CELL_A,161,-107.22
2026-08-31T08:20:00.000Z,SYNTH_CELL_A,162,-113.91
2026-08-31T08:20:00.000Z,SYNTH_CELL_A,163,-108.44
2026-08-31T08:20:00.000Z,SYNTH_CELL_A,164,-111.69
2026-08-31T08:20:00.000Z,SYNTH_CELL_A,165,-107.35
2026-08-31T08:20:00.000Z,SYNTH_CELL_A,166,-107.23
2026-08-31T08:20:00.000Z,SYNTH_CELL_A,167,-111.32
2026-08-31T08:20:00.000Z,SYNTH_CELL_A,168,-110.74
2026-08-31T08:20:00.000Z,SYNTH_CELL_A,169,-113.33
2026-08-31T08:20:00.000Z,SYNTH_CELL_A,170,-112.3
2026-08-31T08:20:00.000Z,SYNTH_CELL_A,171,-111.99
2026-08-31T08:20:00.000Z,SYNTH_CELL_A,172,-110.8
2026-08-31T08:20:00.000Z,SYNTH_CELL_A,173,-110.7
2026-08-31T08:20:00.000Z,SYNTH_CELL_A,174,-107.78
2026-08-31T08:20:00.000Z,SYNTH_CELL_A,175,-109.8
2026-08-31T08:20:00.000Z,SYNTH_CELL_A,176,-108.21
2026-08-31T08:20:00.000Z,SYNTH_CELL_A,177,-112.81
2026-08-31T08:20:00.000Z,SYNTH_CELL_A,178,-107.25
2026-08-31T08:20:00.000Z,SYNTH_CELL_A,179,-111.75
2026-08-31T08:20:00.000Z,SYNTH_CELL_A,180,-111.85
2026-08-31T08:20:00.000Z,SYNTH_CELL_A,181,-107.52
2026-08-31T08:20:00.000Z,SYNTH_CELL_A,182,-113.37
2026-08-31T08:20:00.000Z,SYNTH_CELL_A,183,-109.42
2026-08-31T08:20:00.000Z,SYNTH_CELL_A,184,-109
2026-08-31T08:20:00.000Z,SYNTH_CELL_A,185,-113.65
2026-08-31T08:20:00.000Z,SYNTH_CELL_A,186,-109.21
2026-08-31T08:20:00.000Z,SYNTH_CELL_A,187,-110
2026-08-31T08:20:00.000Z,SYNTH_CELL_A,188,-110.03
2026-08-31T08:20:00.000Z,SYNTH_CELL_A,189,-109.55
2026-08-31T08:20:00.000Z,SYNTH_CELL_A,190,-107.29
2026-08-31T08:20:00.000Z,SYNTH_CELL_A,191,-109.56
2026-08-31T08:20:00.000Z,SYNTH_CELL_A,192,-110.69
2026-08-31T08:20:00.000Z,SYNTH_CELL_A,193,-107.32
2026-08-31T08:20:00.000Z,SYNTH_CELL_A,194,-108.91
2026-08-31T08:20:00.000Z,SYNTH_CELL_A,195,-107.24
2026-08-31T08:20:00.000Z,SYNTH_CELL_A,196,-111.46
2026-08-31T08:20:00.000Z,SYNTH_CELL_A,197,-113.9
2026-08-31T08:20:00.000Z,SYNTH_CELL_A,198,-113.58
2026-08-31T08:20:00.000Z,SYNTH_CELL_A,199,-111.32
2026-08-31T08:20:00.000Z,SYNTH_CELL_A,200,-109.97
2026-08-31T08:20:00.000Z,SYNTH_CELL_A,201,-112.17
2026-08-31T08:20:00.000Z,SYNTH_CELL_A,202,-108.44
2026-08-31T08:20:00.000Z,SYNTH_CELL_A,203,-109.25
2026-08-31T08:20:00.000Z,SYNTH_CELL_A,204,-108.49
2026-08-31T08:20:00.000Z,SYNTH_CELL_A,205,-110.9
2026-08-31T08:20:00.000Z,SYNTH_CELL_A,206,-107.79
2026-08-31T08:20:00.000Z,SYNTH_CELL_A,207,-113.58
2026-08-31T08:20:00.000Z,SYNTH_CELL_A,208,-108.58
2026-08-31T08:20:00.000Z,SYNTH_CELL_A,209,-109.51
2026-08-31T08:20:00.000Z,SYNTH_CELL_A,210,-110.01
2026-08-31T08:20:00.000Z,SYNTH_CELL_A,211,-108.38
2026-08-31T08:20:00.000Z,SYNTH_CELL_A,212,-107.37
2026-08-31T08:20:00.000Z,SYNTH_CELL_A,213,-110.12
2026-08-31T08:20:00.000Z,SYNTH_CELL_A,214,-112.28
2026-08-31T08:20:00.000Z,SYNTH_CELL_A,215,-112.79
2026-08-31T08:20:00.000Z,SYNTH_CELL_A,216,-109.79
2026-08-31T08:20:00.000Z,SYNTH_CELL_A,217,-113.44
2026-08-31T08:20:00.000Z,SYNTH_CELL_A,218,-113.48
2026-08-31T08:20:00.000Z,SYNTH_CELL_A,219,-109.11
2026-08-31T08:20:00.000Z,SYNTH_CELL_A,220,-108.46
2026-08-31T08:20:00.000Z,SYNTH_CELL_A,221,-111.82
2026-08-31T08:20:00.000Z,SYNTH_CELL_A,222,-113.3
2026-08-31T08:20:00.000Z,SYNTH_CELL_A,223,-107.65
2026-08-31T08:20:00.000Z,SYNTH_CELL_A,224,-109.02
2026-08-31T08:20:00.000Z,SYNTH_CELL_A,225,-113.79
2026-08-31T08:20:00.000Z,SYNTH_CELL_A,226,-107.93
2026-08-31T08:20:00.000Z,SYNTH_CELL_A,227,-109.68
2026-08-31T08:20:00.000Z,SYNTH_CELL_A,228,-110.56
2026-08-31T08:20:00.000Z,SYNTH_CELL_A,229,-108.13
2026-08-31T08:20:00.000Z,SYNTH_CELL_A,230,-111.48
2026-08-31T08:20:00.000Z,SYNTH_CELL_A,231,-107.44
2026-08-31T08:20:00.000Z,SYNTH_CELL_A,232,-112.21
2026-08-31T08:20:00.000Z,SYNTH_CELL_A,233,-113.59
2026-08-31T08:20:00.000Z,SYNTH_CELL_A,234,-113.01
2026-08-31T08:20:00.000Z,SYNTH_CELL_A,235,-113.35
2026-08-31T08:20:00.000Z,SYNTH_CELL_A,236,-111.79
2026-08-31T08:20:00.000Z,SYNTH_CELL_A,237,-110.4
2026-08-31T08:20:00.000Z,SYNTH_CELL_A,238,-109.99
2026-08-31T08:20:00.000Z,SYNTH_CELL_A,239,-112.47
2026-08-31T08:20:00.000Z,SYNTH_CELL_A,240,-111.46
2026-08-31T08:20:00.000Z,SYNTH_CELL_A,241,-111.39
2026-08-31T08:20:00.000Z,SYNTH_CELL_A,242,-107.41
2026-08-31T08:20:00.000Z,SYNTH_CELL_A,243,-112.16
2026-08-31T08:20:00.000Z,SYNTH_CELL_A,244,-110.4
2026-08-31T08:20:00.000Z,SYNTH_CELL_A,245,-112.92
2026-08-31T08:20:00.000Z,SYNTH_CELL_A,246,-111.32
2026-08-31T08:20:00.000Z,SYNTH_CELL_A,247,-112.97
2026-08-31T08:20:00.000Z,SYNTH_CELL_A,248,-113.49
2026-08-31T08:20:00.000Z,SYNTH_CELL_A,249,-113.61
2026-08-31T08:20:00.000Z,SYNTH_CELL_A,250,-110.78
2026-08-31T08:20:00.000Z,SYNTH_CELL_A,251,-111.99
2026-08-31T08:20:00.000Z,SYNTH_CELL_A,252,-107.79
2026-08-31T08:20:00.000Z,SYNTH_CELL_A,253,-108.92
2026-08-31T08:20:00.000Z,SYNTH_CELL_A,254,-112.13
2026-08-31T08:20:00.000Z,SYNTH_CELL_A,255,-109.56
2026-08-31T08:20:00.000Z,SYNTH_CELL_A,256,-112.75
2026-08-31T08:20:00.000Z,SYNTH_CELL_A,257,-110.01
2026-08-31T08:20:00.000Z,SYNTH_CELL_A,258,-107.33
2026-08-31T08:20:00.000Z,SYNTH_CELL_A,259,-111.9
2026-08-31T08:20:00.000Z,SYNTH_CELL_A,260,-108.81
2026-08-31T08:20:00.000Z,SYNTH_CELL_A,261,-108.84
2026-08-31T08:20:00.000Z,SYNTH_CELL_A,262,-109.96
2026-08-31T08:20:00.000Z,SYNTH_CELL_A,263,-107.78
2026-08-31T08:20:00.000Z,SYNTH_CELL_A,264,-111.05
2026-08-31T08:20:00.000Z,SYNTH_CELL_A,265,-108.3
2026-08-31T08:20:00.000Z,SYNTH_CELL_A,266,-112.58
2026-08-31T08:20:00.000Z,SYNTH_CELL_A,267,-109.8
2026-08-31T08:20:00.000Z,SYNTH_CELL_A,268,-108.2
2026-08-31T08:20:00.000Z,SYNTH_CELL_A,269,-111.62
2026-08-31T08:20:00.000Z,SYNTH_CELL_A,270,-112.62
2026-08-31T08:20:00.000Z,SYNTH_CELL_A,271,-113.02
2026-08-31T08:20:00.000Z,SYNTH_CELL_A,272,-112.64
2026-08-31T08:25:00.000Z,SYNTH_CELL_A,0,-110.13
2026-08-31T08:25:00.000Z,SYNTH_CELL_A,1,-111.54
2026-08-31T08:25:00.000Z,SYNTH_CELL_A,2,-108.48
2026-08-31T08:25:00.000Z,SYNTH_CELL_A,3,-113.81
2026-08-31T08:25:00.000Z,SYNTH_CELL_A,4,-112.7
2026-08-31T08:25:00.000Z,SYNTH_CELL_A,5,-109.65
2026-08-31T08:25:00.000Z,SYNTH_CELL_A,6,-110.66
2026-08-31T08:25:00.000Z,SYNTH_CELL_A,7,-109.61
2026-08-31T08:25:00.000Z,SYNTH_CELL_A,8,-107.6
2026-08-31T08:25:00.000Z,SYNTH_CELL_A,9,-113.34
2026-08-31T08:25:00.000Z,SYNTH_CELL_A,10,-113.29
2026-08-31T08:25:00.000Z,SYNTH_CELL_A,11,-108.42
2026-08-31T08:25:00.000Z,SYNTH_CELL_A,12,-108.04
2026-08-31T08:25:00.000Z,SYNTH_CELL_A,13,-111.38
2026-08-31T08:25:00.000Z,SYNTH_CELL_A,14,-113.74
2026-08-31T08:25:00.000Z,SYNTH_CELL_A,15,-110.66
2026-08-31T08:25:00.000Z,SYNTH_CELL_A,16,-110.88
2026-08-31T08:25:00.000Z,SYNTH_CELL_A,17,-107.62
2026-08-31T08:25:00.000Z,SYNTH_CELL_A,18,-109.44
2026-08-31T08:25:00.000Z,SYNTH_CELL_A,19,-108.7
2026-08-31T08:25:00.000Z,SYNTH_CELL_A,20,-107.8
2026-08-31T08:25:00.000Z,SYNTH_CELL_A,21,-110.53
2026-08-31T08:25:00.000Z,SYNTH_CELL_A,22,-107.52
2026-08-31T08:25:00.000Z,SYNTH_CELL_A,23,-113.14
2026-08-31T08:25:00.000Z,SYNTH_CELL_A,24,-107.12
2026-08-31T08:25:00.000Z,SYNTH_CELL_A,25,-112.3
2026-08-31T08:25:00.000Z,SYNTH_CELL_A,26,-109.74
2026-08-31T08:25:00.000Z,SYNTH_CELL_A,27,-112.82
2026-08-31T08:25:00.000Z,SYNTH_CELL_A,28,-109.73
2026-08-31T08:25:00.000Z,SYNTH_CELL_A,29,-107.07
2026-08-31T08:25:00.000Z,SYNTH_CELL_A,30,-90.13
2026-08-31T08:25:00.000Z,SYNTH_CELL_A,31,-92.47
2026-08-31T08:25:00.000Z,SYNTH_CELL_A,32,-91.16
2026-08-31T08:25:00.000Z,SYNTH_CELL_A,33,-90.1
2026-08-31T08:25:00.000Z,SYNTH_CELL_A,34,-94.49
2026-08-31T08:25:00.000Z,SYNTH_CELL_A,35,-91.45
2026-08-31T08:25:00.000Z,SYNTH_CELL_A,36,-91.55
2026-08-31T08:25:00.000Z,SYNTH_CELL_A,37,-108.17
2026-08-31T08:25:00.000Z,SYNTH_CELL_A,38,-111.61
2026-08-31T08:25:00.000Z,SYNTH_CELL_A,39,-108.03
2026-08-31T08:25:00.000Z,SYNTH_CELL_A,40,-111.88
2026-08-31T08:25:00.000Z,SYNTH_CELL_A,41,-109.83
2026-08-31T08:25:00.000Z,SYNTH_CELL_A,42,-107.51
2026-08-31T08:25:00.000Z,SYNTH_CELL_A,43,-108.56
2026-08-31T08:25:00.000Z,SYNTH_CELL_A,44,-110.36
2026-08-31T08:25:00.000Z,SYNTH_CELL_A,45,-113.5
2026-08-31T08:25:00.000Z,SYNTH_CELL_A,46,-110.9
2026-08-31T08:25:00.000Z,SYNTH_CELL_A,47,-113.56
2026-08-31T08:25:00.000Z,SYNTH_CELL_A,48,-112.79
2026-08-31T08:25:00.000Z,SYNTH_CELL_A,49,-112.59
2026-08-31T08:25:00.000Z,SYNTH_CELL_A,50,-111.54
2026-08-31T08:25:00.000Z,SYNTH_CELL_A,51,-108.83
2026-08-31T08:25:00.000Z,SYNTH_CELL_A,52,-108.01
2026-08-31T08:25:00.000Z,SYNTH_CELL_A,53,-109.47
2026-08-31T08:25:00.000Z,SYNTH_CELL_A,54,-107.84
2026-08-31T08:25:00.000Z,SYNTH_CELL_A,55,-110.24
2026-08-31T08:25:00.000Z,SYNTH_CELL_A,56,-113.76
2026-08-31T08:25:00.000Z,SYNTH_CELL_A,57,-110.09
2026-08-31T08:25:00.000Z,SYNTH_CELL_A,58,-110.92
2026-08-31T08:25:00.000Z,SYNTH_CELL_A,59,-111.97
2026-08-31T08:25:00.000Z,SYNTH_CELL_A,60,-108.05
2026-08-31T08:25:00.000Z,SYNTH_CELL_A,61,-109.68
2026-08-31T08:25:00.000Z,SYNTH_CELL_A,62,-108.64
2026-08-31T08:25:00.000Z,SYNTH_CELL_A,63,-109.71
2026-08-31T08:25:00.000Z,SYNTH_CELL_A,64,-109.97
2026-08-31T08:25:00.000Z,SYNTH_CELL_A,65,-111.22
2026-08-31T08:25:00.000Z,SYNTH_CELL_A,66,-109.17
2026-08-31T08:25:00.000Z,SYNTH_CELL_A,67,-107.05
2026-08-31T08:25:00.000Z,SYNTH_CELL_A,68,-109.19
2026-08-31T08:25:00.000Z,SYNTH_CELL_A,69,-112.74
2026-08-31T08:25:00.000Z,SYNTH_CELL_A,70,-110.75
2026-08-31T08:25:00.000Z,SYNTH_CELL_A,71,-111.58
2026-08-31T08:25:00.000Z,SYNTH_CELL_A,72,-111.23
2026-08-31T08:25:00.000Z,SYNTH_CELL_A,73,-111.77
2026-08-31T08:25:00.000Z,SYNTH_CELL_A,74,-110.58
2026-08-31T08:25:00.000Z,SYNTH_CELL_A,75,-112.52
2026-08-31T08:25:00.000Z,SYNTH_CELL_A,76,-110.16
2026-08-31T08:25:00.000Z,SYNTH_CELL_A,77,-112.17
2026-08-31T08:25:00.000Z,SYNTH_CELL_A,78,-111.64
2026-08-31T08:25:00.000Z,SYNTH_CELL_A,79,-109.36
2026-08-31T08:25:00.000Z,SYNTH_CELL_A,80,-108.78
2026-08-31T08:25:00.000Z,SYNTH_CELL_A,81,-111.16
2026-08-31T08:25:00.000Z,SYNTH_CELL_A,82,-107.39
2026-08-31T08:25:00.000Z,SYNTH_CELL_A,83,-113.21
2026-08-31T08:25:00.000Z,SYNTH_CELL_A,84,-110.12
2026-08-31T08:25:00.000Z,SYNTH_CELL_A,85,-107.82
2026-08-31T08:25:00.000Z,SYNTH_CELL_A,86,-108.41
2026-08-31T08:25:00.000Z,SYNTH_CELL_A,87,-113.1
2026-08-31T08:25:00.000Z,SYNTH_CELL_A,88,-109.36
2026-08-31T08:25:00.000Z,SYNTH_CELL_A,89,-110.95
2026-08-31T08:25:00.000Z,SYNTH_CELL_A,90,-113.78
2026-08-31T08:25:00.000Z,SYNTH_CELL_A,91,-111.14
2026-08-31T08:25:00.000Z,SYNTH_CELL_A,92,-108.09
2026-08-31T08:25:00.000Z,SYNTH_CELL_A,93,-110.28
2026-08-31T08:25:00.000Z,SYNTH_CELL_A,94,-112.44
2026-08-31T08:25:00.000Z,SYNTH_CELL_A,95,-113.68
2026-08-31T08:25:00.000Z,SYNTH_CELL_A,96,-109.81
2026-08-31T08:25:00.000Z,SYNTH_CELL_A,97,-108.29
2026-08-31T08:25:00.000Z,SYNTH_CELL_A,98,-108.15
2026-08-31T08:25:00.000Z,SYNTH_CELL_A,99,-112.45
2026-08-31T08:25:00.000Z,SYNTH_CELL_A,100,-111.64
2026-08-31T08:25:00.000Z,SYNTH_CELL_A,101,-113.61
2026-08-31T08:25:00.000Z,SYNTH_CELL_A,102,-113.02
2026-08-31T08:25:00.000Z,SYNTH_CELL_A,103,-111.02
2026-08-31T08:25:00.000Z,SYNTH_CELL_A,104,-113.93
2026-08-31T08:25:00.000Z,SYNTH_CELL_A,105,-109.26
2026-08-31T08:25:00.000Z,SYNTH_CELL_A,106,-110.43
2026-08-31T08:25:00.000Z,SYNTH_CELL_A,107,-111.76
2026-08-31T08:25:00.000Z,SYNTH_CELL_A,108,-113.52
2026-08-31T08:25:00.000Z,SYNTH_CELL_A,109,-107.19
2026-08-31T08:25:00.000Z,SYNTH_CELL_A,110,-113.78
2026-08-31T08:25:00.000Z,SYNTH_CELL_A,111,-111.75
2026-08-31T08:25:00.000Z,SYNTH_CELL_A,112,-109.15
2026-08-31T08:25:00.000Z,SYNTH_CELL_A,113,-113.44
2026-08-31T08:25:00.000Z,SYNTH_CELL_A,114,-111.68
2026-08-31T08:25:00.000Z,SYNTH_CELL_A,115,-107.15
2026-08-31T08:25:00.000Z,SYNTH_CELL_A,116,-112.52
2026-08-31T08:25:00.000Z,SYNTH_CELL_A,117,-108.7
2026-08-31T08:25:00.000Z,SYNTH_CELL_A,118,-109.91
2026-08-31T08:25:00.000Z,SYNTH_CELL_A,119,-112.79
2026-08-31T08:25:00.000Z,SYNTH_CELL_A,120,-109.23
2026-08-31T08:25:00.000Z,SYNTH_CELL_A,121,-113.84
2026-08-31T08:25:00.000Z,SYNTH_CELL_A,122,-109.32
2026-08-31T08:25:00.000Z,SYNTH_CELL_A,123,-112.76
2026-08-31T08:25:00.000Z,SYNTH_CELL_A,124,-109.63
2026-08-31T08:25:00.000Z,SYNTH_CELL_A,125,-109.59
2026-08-31T08:25:00.000Z,SYNTH_CELL_A,126,-110.72
2026-08-31T08:25:00.000Z,SYNTH_CELL_A,127,-110.08
2026-08-31T08:25:00.000Z,SYNTH_CELL_A,128,-107.65
2026-08-31T08:25:00.000Z,SYNTH_CELL_A,129,-111.19
2026-08-31T08:25:00.000Z,SYNTH_CELL_A,130,-111.59
2026-08-31T08:25:00.000Z,SYNTH_CELL_A,131,-107.49
2026-08-31T08:25:00.000Z,SYNTH_CELL_A,132,-108.41
2026-08-31T08:25:00.000Z,SYNTH_CELL_A,133,-111.5
2026-08-31T08:25:00.000Z,SYNTH_CELL_A,134,-108.39
2026-08-31T08:25:00.000Z,SYNTH_CELL_A,135,-110.91
2026-08-31T08:25:00.000Z,SYNTH_CELL_A,136,-112.04
2026-08-31T08:25:00.000Z,SYNTH_CELL_A,137,-109.82
2026-08-31T08:25:00.000Z,SYNTH_CELL_A,138,-110.91
2026-08-31T08:25:00.000Z,SYNTH_CELL_A,139,-113.81
2026-08-31T08:25:00.000Z,SYNTH_CELL_A,140,-109.51
2026-08-31T08:25:00.000Z,SYNTH_CELL_A,141,-108.03
2026-08-31T08:25:00.000Z,SYNTH_CELL_A,142,-112.27
2026-08-31T08:25:00.000Z,SYNTH_CELL_A,143,-112.22
2026-08-31T08:25:00.000Z,SYNTH_CELL_A,144,-110.54
2026-08-31T08:25:00.000Z,SYNTH_CELL_A,145,-109.67
2026-08-31T08:25:00.000Z,SYNTH_CELL_A,146,-111.66
2026-08-31T08:25:00.000Z,SYNTH_CELL_A,147,-109.14
2026-08-31T08:25:00.000Z,SYNTH_CELL_A,148,-112.03
2026-08-31T08:25:00.000Z,SYNTH_CELL_A,149,-108.8
2026-08-31T08:25:00.000Z,SYNTH_CELL_A,150,-112.22
2026-08-31T08:25:00.000Z,SYNTH_CELL_A,151,-109.07
2026-08-31T08:25:00.000Z,SYNTH_CELL_A,152,-111.1
2026-08-31T08:25:00.000Z,SYNTH_CELL_A,153,-111.5
2026-08-31T08:25:00.000Z,SYNTH_CELL_A,154,-113.97
2026-08-31T08:25:00.000Z,SYNTH_CELL_A,155,-110.62
2026-08-31T08:25:00.000Z,SYNTH_CELL_A,156,-112.75
2026-08-31T08:25:00.000Z,SYNTH_CELL_A,157,-113.81
2026-08-31T08:25:00.000Z,SYNTH_CELL_A,158,-108.05
2026-08-31T08:25:00.000Z,SYNTH_CELL_A,159,-112.16
2026-08-31T08:25:00.000Z,SYNTH_CELL_A,160,-110.36
2026-08-31T08:25:00.000Z,SYNTH_CELL_A,161,-107.34
2026-08-31T08:25:00.000Z,SYNTH_CELL_A,162,-113.13
2026-08-31T08:25:00.000Z,SYNTH_CELL_A,163,-110.5
2026-08-31T08:25:00.000Z,SYNTH_CELL_A,164,-107.87
2026-08-31T08:25:00.000Z,SYNTH_CELL_A,165,-113.24
2026-08-31T08:25:00.000Z,SYNTH_CELL_A,166,-113.16
2026-08-31T08:25:00.000Z,SYNTH_CELL_A,167,-107.51
2026-08-31T08:25:00.000Z,SYNTH_CELL_A,168,-112.7
2026-08-31T08:25:00.000Z,SYNTH_CELL_A,169,-112.72
2026-08-31T08:25:00.000Z,SYNTH_CELL_A,170,-112.28
2026-08-31T08:25:00.000Z,SYNTH_CELL_A,171,-111.7
2026-08-31T08:25:00.000Z,SYNTH_CELL_A,172,-112.61
2026-08-31T08:25:00.000Z,SYNTH_CELL_A,173,-112.91
2026-08-31T08:25:00.000Z,SYNTH_CELL_A,174,-110.27
2026-08-31T08:25:00.000Z,SYNTH_CELL_A,175,-107.61
2026-08-31T08:25:00.000Z,SYNTH_CELL_A,176,-112.39
2026-08-31T08:25:00.000Z,SYNTH_CELL_A,177,-111.06
2026-08-31T08:25:00.000Z,SYNTH_CELL_A,178,-109.43
2026-08-31T08:25:00.000Z,SYNTH_CELL_A,179,-112.94
2026-08-31T08:25:00.000Z,SYNTH_CELL_A,180,-110.78
2026-08-31T08:25:00.000Z,SYNTH_CELL_A,181,-111.67
2026-08-31T08:25:00.000Z,SYNTH_CELL_A,182,-110.29
2026-08-31T08:25:00.000Z,SYNTH_CELL_A,183,-113.96
2026-08-31T08:25:00.000Z,SYNTH_CELL_A,184,-107.79
2026-08-31T08:25:00.000Z,SYNTH_CELL_A,185,-113.39
2026-08-31T08:25:00.000Z,SYNTH_CELL_A,186,-109.41
2026-08-31T08:25:00.000Z,SYNTH_CELL_A,187,-111.03
2026-08-31T08:25:00.000Z,SYNTH_CELL_A,188,-113.93
2026-08-31T08:25:00.000Z,SYNTH_CELL_A,189,-108.22
2026-08-31T08:25:00.000Z,SYNTH_CELL_A,190,-112.91
2026-08-31T08:25:00.000Z,SYNTH_CELL_A,191,-113.43
2026-08-31T08:25:00.000Z,SYNTH_CELL_A,192,-111.86
2026-08-31T08:25:00.000Z,SYNTH_CELL_A,193,-107.21
2026-08-31T08:25:00.000Z,SYNTH_CELL_A,194,-109.2
2026-08-31T08:25:00.000Z,SYNTH_CELL_A,195,-112.18
2026-08-31T08:25:00.000Z,SYNTH_CELL_A,196,-110.2
2026-08-31T08:25:00.000Z,SYNTH_CELL_A,197,-109.22
2026-08-31T08:25:00.000Z,SYNTH_CELL_A,198,-112.8
2026-08-31T08:25:00.000Z,SYNTH_CELL_A,199,-107.65
2026-08-31T08:25:00.000Z,SYNTH_CELL_A,200,-107.33
2026-08-31T08:25:00.000Z,SYNTH_CELL_A,201,-110.57
2026-08-31T08:25:00.000Z,SYNTH_CELL_A,202,-111.16
2026-08-31T08:25:00.000Z,SYNTH_CELL_A,203,-108.23
2026-08-31T08:25:00.000Z,SYNTH_CELL_A,204,-112.28
2026-08-31T08:25:00.000Z,SYNTH_CELL_A,205,-113.57
2026-08-31T08:25:00.000Z,SYNTH_CELL_A,206,-110.7
2026-08-31T08:25:00.000Z,SYNTH_CELL_A,207,-113.76
2026-08-31T08:25:00.000Z,SYNTH_CELL_A,208,-110.88
2026-08-31T08:25:00.000Z,SYNTH_CELL_A,209,-112.88
2026-08-31T08:25:00.000Z,SYNTH_CELL_A,210,-107.07
2026-08-31T08:25:00.000Z,SYNTH_CELL_A,211,-111.59
2026-08-31T08:25:00.000Z,SYNTH_CELL_A,212,-110.45
2026-08-31T08:25:00.000Z,SYNTH_CELL_A,213,-107.99
2026-08-31T08:25:00.000Z,SYNTH_CELL_A,214,-113.42
2026-08-31T08:25:00.000Z,SYNTH_CELL_A,215,-112.48
2026-08-31T08:25:00.000Z,SYNTH_CELL_A,216,-109.6
2026-08-31T08:25:00.000Z,SYNTH_CELL_A,217,-113.63
2026-08-31T08:25:00.000Z,SYNTH_CELL_A,218,-113.95
2026-08-31T08:25:00.000Z,SYNTH_CELL_A,219,-107.2
2026-08-31T08:25:00.000Z,SYNTH_CELL_A,220,-112.73
2026-08-31T08:25:00.000Z,SYNTH_CELL_A,221,-111.15
2026-08-31T08:25:00.000Z,SYNTH_CELL_A,222,-111.51
2026-08-31T08:25:00.000Z,SYNTH_CELL_A,223,-110.68
2026-08-31T08:25:00.000Z,SYNTH_CELL_A,224,-113.04
2026-08-31T08:25:00.000Z,SYNTH_CELL_A,225,-108.37
2026-08-31T08:25:00.000Z,SYNTH_CELL_A,226,-109.16
2026-08-31T08:25:00.000Z,SYNTH_CELL_A,227,-111.21
2026-08-31T08:25:00.000Z,SYNTH_CELL_A,228,-107.71
2026-08-31T08:25:00.000Z,SYNTH_CELL_A,229,-110.84
2026-08-31T08:25:00.000Z,SYNTH_CELL_A,230,-110.33
2026-08-31T08:25:00.000Z,SYNTH_CELL_A,231,-112.61
2026-08-31T08:25:00.000Z,SYNTH_CELL_A,232,-111.38
2026-08-31T08:25:00.000Z,SYNTH_CELL_A,233,-108.76
2026-08-31T08:25:00.000Z,SYNTH_CELL_A,234,-110.74
2026-08-31T08:25:00.000Z,SYNTH_CELL_A,235,-107.54
2026-08-31T08:25:00.000Z,SYNTH_CELL_A,236,-112.74
2026-08-31T08:25:00.000Z,SYNTH_CELL_A,237,-113.36
2026-08-31T08:25:00.000Z,SYNTH_CELL_A,238,-110.96
2026-08-31T08:25:00.000Z,SYNTH_CELL_A,239,-113.87
2026-08-31T08:25:00.000Z,SYNTH_CELL_A,240,-108.23
2026-08-31T08:25:00.000Z,SYNTH_CELL_A,241,-109.05
2026-08-31T08:25:00.000Z,SYNTH_CELL_A,242,-108.52
2026-08-31T08:25:00.000Z,SYNTH_CELL_A,243,-112.25
2026-08-31T08:25:00.000Z,SYNTH_CELL_A,244,-108.93
2026-08-31T08:25:00.000Z,SYNTH_CELL_A,245,-109.15
2026-08-31T08:25:00.000Z,SYNTH_CELL_A,246,-112.73
2026-08-31T08:25:00.000Z,SYNTH_CELL_A,247,-107.77
2026-08-31T08:25:00.000Z,SYNTH_CELL_A,248,-107.41
2026-08-31T08:25:00.000Z,SYNTH_CELL_A,249,-111.31
2026-08-31T08:25:00.000Z,SYNTH_CELL_A,250,-112.86
2026-08-31T08:25:00.000Z,SYNTH_CELL_A,251,-111.98
2026-08-31T08:25:00.000Z,SYNTH_CELL_A,252,-110.57
2026-08-31T08:25:00.000Z,SYNTH_CELL_A,253,-112.81
2026-08-31T08:25:00.000Z,SYNTH_CELL_A,254,-112.86
2026-08-31T08:25:00.000Z,SYNTH_CELL_A,255,-107.26
2026-08-31T08:25:00.000Z,SYNTH_CELL_A,256,-113.28
2026-08-31T08:25:00.000Z,SYNTH_CELL_A,257,-107.9
2026-08-31T08:25:00.000Z,SYNTH_CELL_A,258,-107.02
2026-08-31T08:25:00.000Z,SYNTH_CELL_A,259,-111.92
2026-08-31T08:25:00.000Z,SYNTH_CELL_A,260,-111.44
2026-08-31T08:25:00.000Z,SYNTH_CELL_A,261,-108.54
2026-08-31T08:25:00.000Z,SYNTH_CELL_A,262,-109.63
2026-08-31T08:25:00.000Z,SYNTH_CELL_A,263,-107.41
2026-08-31T08:25:00.000Z,SYNTH_CELL_A,264,-113.13
2026-08-31T08:25:00.000Z,SYNTH_CELL_A,265,-110.84
2026-08-31T08:25:00.000Z,SYNTH_CELL_A,266,-112.71
2026-08-31T08:25:00.000Z,SYNTH_CELL_A,267,-107.02
2026-08-31T08:25:00.000Z,SYNTH_CELL_A,268,-113.25
2026-08-31T08:25:00.000Z,SYNTH_CELL_A,269,-112.05
2026-08-31T08:25:00.000Z,SYNTH_CELL_A,270,-112.66
2026-08-31T08:25:00.000Z,SYNTH_CELL_A,271,-113.94
2026-08-31T08:25:00.000Z,SYNTH_CELL_A,272,-109.01
2026-08-31T08:30:00.000Z,SYNTH_CELL_A,0,-107.24
2026-08-31T08:30:00.000Z,SYNTH_CELL_A,1,-109.11
2026-08-31T08:30:00.000Z,SYNTH_CELL_A,2,-107.86
2026-08-31T08:30:00.000Z,SYNTH_CELL_A,3,-111.82
2026-08-31T08:30:00.000Z,SYNTH_CELL_A,4,-109.07
2026-08-31T08:30:00.000Z,SYNTH_CELL_A,5,-113.1
2026-08-31T08:30:00.000Z,SYNTH_CELL_A,6,-113.31
2026-08-31T08:30:00.000Z,SYNTH_CELL_A,7,-108.83
2026-08-31T08:30:00.000Z,SYNTH_CELL_A,8,-112.65
2026-08-31T08:30:00.000Z,SYNTH_CELL_A,9,-111.73
2026-08-31T08:30:00.000Z,SYNTH_CELL_A,10,-110.87
2026-08-31T08:30:00.000Z,SYNTH_CELL_A,11,-108.27
2026-08-31T08:30:00.000Z,SYNTH_CELL_A,12,-110.52
2026-08-31T08:30:00.000Z,SYNTH_CELL_A,13,-113.63
2026-08-31T08:30:00.000Z,SYNTH_CELL_A,14,-113.92
2026-08-31T08:30:00.000Z,SYNTH_CELL_A,15,-107.71
2026-08-31T08:30:00.000Z,SYNTH_CELL_A,16,-110.16
2026-08-31T08:30:00.000Z,SYNTH_CELL_A,17,-111.2
2026-08-31T08:30:00.000Z,SYNTH_CELL_A,18,-111.05
2026-08-31T08:30:00.000Z,SYNTH_CELL_A,19,-107.62
2026-08-31T08:30:00.000Z,SYNTH_CELL_A,20,-109.92
2026-08-31T08:30:00.000Z,SYNTH_CELL_A,21,-112.56
2026-08-31T08:30:00.000Z,SYNTH_CELL_A,22,-110.45
2026-08-31T08:30:00.000Z,SYNTH_CELL_A,23,-109.86
2026-08-31T08:30:00.000Z,SYNTH_CELL_A,24,-113.44
2026-08-31T08:30:00.000Z,SYNTH_CELL_A,25,-113.97
2026-08-31T08:30:00.000Z,SYNTH_CELL_A,26,-110.39
2026-08-31T08:30:00.000Z,SYNTH_CELL_A,27,-113.25
2026-08-31T08:30:00.000Z,SYNTH_CELL_A,28,-112.15
2026-08-31T08:30:00.000Z,SYNTH_CELL_A,29,-111.54
2026-08-31T08:30:00.000Z,SYNTH_CELL_A,30,-90.36
2026-08-31T08:30:00.000Z,SYNTH_CELL_A,31,-96.63
2026-08-31T08:30:00.000Z,SYNTH_CELL_A,32,-94.88
2026-08-31T08:30:00.000Z,SYNTH_CELL_A,33,-93.9
2026-08-31T08:30:00.000Z,SYNTH_CELL_A,34,-96.11
2026-08-31T08:30:00.000Z,SYNTH_CELL_A,35,-92.12
2026-08-31T08:30:00.000Z,SYNTH_CELL_A,36,-95.22
2026-08-31T08:30:00.000Z,SYNTH_CELL_A,37,-107.17
2026-08-31T08:30:00.000Z,SYNTH_CELL_A,38,-110.26
2026-08-31T08:30:00.000Z,SYNTH_CELL_A,39,-111.04
2026-08-31T08:30:00.000Z,SYNTH_CELL_A,40,-108.22
2026-08-31T08:30:00.000Z,SYNTH_CELL_A,41,-112.78
2026-08-31T08:30:00.000Z,SYNTH_CELL_A,42,-113.98
2026-08-31T08:30:00.000Z,SYNTH_CELL_A,43,-111.62
2026-08-31T08:30:00.000Z,SYNTH_CELL_A,44,-107.15
2026-08-31T08:30:00.000Z,SYNTH_CELL_A,45,-107.17
2026-08-31T08:30:00.000Z,SYNTH_CELL_A,46,-108.82
2026-08-31T08:30:00.000Z,SYNTH_CELL_A,47,-113.69
2026-08-31T08:30:00.000Z,SYNTH_CELL_A,48,-111.28
2026-08-31T08:30:00.000Z,SYNTH_CELL_A,49,-111.5
2026-08-31T08:30:00.000Z,SYNTH_CELL_A,50,-112.52
2026-08-31T08:30:00.000Z,SYNTH_CELL_A,51,-110.39
2026-08-31T08:30:00.000Z,SYNTH_CELL_A,52,-108.8
2026-08-31T08:30:00.000Z,SYNTH_CELL_A,53,-108.21
2026-08-31T08:30:00.000Z,SYNTH_CELL_A,54,-108
2026-08-31T08:30:00.000Z,SYNTH_CELL_A,55,-112.49
2026-08-31T08:30:00.000Z,SYNTH_CELL_A,56,-108.01
2026-08-31T08:30:00.000Z,SYNTH_CELL_A,57,-113.14
2026-08-31T08:30:00.000Z,SYNTH_CELL_A,58,-109.95
2026-08-31T08:30:00.000Z,SYNTH_CELL_A,59,-111.22
2026-08-31T08:30:00.000Z,SYNTH_CELL_A,60,-110.36
2026-08-31T08:30:00.000Z,SYNTH_CELL_A,61,-112.78
2026-08-31T08:30:00.000Z,SYNTH_CELL_A,62,-107.35
2026-08-31T08:30:00.000Z,SYNTH_CELL_A,63,-108.8
2026-08-31T08:30:00.000Z,SYNTH_CELL_A,64,-113.64
2026-08-31T08:30:00.000Z,SYNTH_CELL_A,65,-111.09
2026-08-31T08:30:00.000Z,SYNTH_CELL_A,66,-113.61
2026-08-31T08:30:00.000Z,SYNTH_CELL_A,67,-111.35
2026-08-31T08:30:00.000Z,SYNTH_CELL_A,68,-111.24
2026-08-31T08:30:00.000Z,SYNTH_CELL_A,69,-110.17
2026-08-31T08:30:00.000Z,SYNTH_CELL_A,70,-108.07
2026-08-31T08:30:00.000Z,SYNTH_CELL_A,71,-111.17
2026-08-31T08:30:00.000Z,SYNTH_CELL_A,72,-109.08
2026-08-31T08:30:00.000Z,SYNTH_CELL_A,73,-108.05
2026-08-31T08:30:00.000Z,SYNTH_CELL_A,74,-107.59
2026-08-31T08:30:00.000Z,SYNTH_CELL_A,75,-113.75
2026-08-31T08:30:00.000Z,SYNTH_CELL_A,76,-112.12
2026-08-31T08:30:00.000Z,SYNTH_CELL_A,77,-112.59
2026-08-31T08:30:00.000Z,SYNTH_CELL_A,78,-110.24
2026-08-31T08:30:00.000Z,SYNTH_CELL_A,79,-110.39
2026-08-31T08:30:00.000Z,SYNTH_CELL_A,80,-109.42
2026-08-31T08:30:00.000Z,SYNTH_CELL_A,81,-107.65
2026-08-31T08:30:00.000Z,SYNTH_CELL_A,82,-107.91
2026-08-31T08:30:00.000Z,SYNTH_CELL_A,83,-107.65
2026-08-31T08:30:00.000Z,SYNTH_CELL_A,84,-107.64
2026-08-31T08:30:00.000Z,SYNTH_CELL_A,85,-110.57
2026-08-31T08:30:00.000Z,SYNTH_CELL_A,86,-113.05
2026-08-31T08:30:00.000Z,SYNTH_CELL_A,87,-107.58
2026-08-31T08:30:00.000Z,SYNTH_CELL_A,88,-109.08
2026-08-31T08:30:00.000Z,SYNTH_CELL_A,89,-109.88
2026-08-31T08:30:00.000Z,SYNTH_CELL_A,90,-109.14
2026-08-31T08:30:00.000Z,SYNTH_CELL_A,91,-107.73
2026-08-31T08:30:00.000Z,SYNTH_CELL_A,92,-112.09
2026-08-31T08:30:00.000Z,SYNTH_CELL_A,93,-113.38
2026-08-31T08:30:00.000Z,SYNTH_CELL_A,94,-108.31
2026-08-31T08:30:00.000Z,SYNTH_CELL_A,95,-113.01
2026-08-31T08:30:00.000Z,SYNTH_CELL_A,96,-113.85
2026-08-31T08:30:00.000Z,SYNTH_CELL_A,97,-109.57
2026-08-31T08:30:00.000Z,SYNTH_CELL_A,98,-113.58
2026-08-31T08:30:00.000Z,SYNTH_CELL_A,99,-109.55
2026-08-31T08:30:00.000Z,SYNTH_CELL_A,100,-109.47
2026-08-31T08:30:00.000Z,SYNTH_CELL_A,101,-109.7
2026-08-31T08:30:00.000Z,SYNTH_CELL_A,102,-112.87
2026-08-31T08:30:00.000Z,SYNTH_CELL_A,103,-111.69
2026-08-31T08:30:00.000Z,SYNTH_CELL_A,104,-108.97
2026-08-31T08:30:00.000Z,SYNTH_CELL_A,105,-108.62
2026-08-31T08:30:00.000Z,SYNTH_CELL_A,106,-112.26
2026-08-31T08:30:00.000Z,SYNTH_CELL_A,107,-113.52
2026-08-31T08:30:00.000Z,SYNTH_CELL_A,108,-110.09
2026-08-31T08:30:00.000Z,SYNTH_CELL_A,109,-110.73
2026-08-31T08:30:00.000Z,SYNTH_CELL_A,110,-111.36
2026-08-31T08:30:00.000Z,SYNTH_CELL_A,111,-112.19
2026-08-31T08:30:00.000Z,SYNTH_CELL_A,112,-111.23
2026-08-31T08:30:00.000Z,SYNTH_CELL_A,113,-108.65
2026-08-31T08:30:00.000Z,SYNTH_CELL_A,114,-112.02
2026-08-31T08:30:00.000Z,SYNTH_CELL_A,115,-111.77
2026-08-31T08:30:00.000Z,SYNTH_CELL_A,116,-109.09
2026-08-31T08:30:00.000Z,SYNTH_CELL_A,117,-112.15
2026-08-31T08:30:00.000Z,SYNTH_CELL_A,118,-111.9
2026-08-31T08:30:00.000Z,SYNTH_CELL_A,119,-107.23
2026-08-31T08:30:00.000Z,SYNTH_CELL_A,120,-109.14
2026-08-31T08:30:00.000Z,SYNTH_CELL_A,121,-108.15
2026-08-31T08:30:00.000Z,SYNTH_CELL_A,122,-110.93
2026-08-31T08:30:00.000Z,SYNTH_CELL_A,123,-111.44
2026-08-31T08:30:00.000Z,SYNTH_CELL_A,124,-107.14
2026-08-31T08:30:00.000Z,SYNTH_CELL_A,125,-112.72
2026-08-31T08:30:00.000Z,SYNTH_CELL_A,126,-109.81
2026-08-31T08:30:00.000Z,SYNTH_CELL_A,127,-113.21
2026-08-31T08:30:00.000Z,SYNTH_CELL_A,128,-111.57
2026-08-31T08:30:00.000Z,SYNTH_CELL_A,129,-112.23
2026-08-31T08:30:00.000Z,SYNTH_CELL_A,130,-107.3
2026-08-31T08:30:00.000Z,SYNTH_CELL_A,131,-113.6
2026-08-31T08:30:00.000Z,SYNTH_CELL_A,132,-108.68
2026-08-31T08:30:00.000Z,SYNTH_CELL_A,133,-110.9
2026-08-31T08:30:00.000Z,SYNTH_CELL_A,134,-110.02
2026-08-31T08:30:00.000Z,SYNTH_CELL_A,135,-107.78
2026-08-31T08:30:00.000Z,SYNTH_CELL_A,136,-109.94
2026-08-31T08:30:00.000Z,SYNTH_CELL_A,137,-110.09
2026-08-31T08:30:00.000Z,SYNTH_CELL_A,138,-112.34
2026-08-31T08:30:00.000Z,SYNTH_CELL_A,139,-111
2026-08-31T08:30:00.000Z,SYNTH_CELL_A,140,-113.23
2026-08-31T08:30:00.000Z,SYNTH_CELL_A,141,-111.05
2026-08-31T08:30:00.000Z,SYNTH_CELL_A,142,-108.75
2026-08-31T08:30:00.000Z,SYNTH_CELL_A,143,-110.16
2026-08-31T08:30:00.000Z,SYNTH_CELL_A,144,-110.17
2026-08-31T08:30:00.000Z,SYNTH_CELL_A,145,-113.6
2026-08-31T08:30:00.000Z,SYNTH_CELL_A,146,-109.96
2026-08-31T08:30:00.000Z,SYNTH_CELL_A,147,-109.9
2026-08-31T08:30:00.000Z,SYNTH_CELL_A,148,-110.87
2026-08-31T08:30:00.000Z,SYNTH_CELL_A,149,-111.77
2026-08-31T08:30:00.000Z,SYNTH_CELL_A,150,-113.03
2026-08-31T08:30:00.000Z,SYNTH_CELL_A,151,-112.94
2026-08-31T08:30:00.000Z,SYNTH_CELL_A,152,-108.11
2026-08-31T08:30:00.000Z,SYNTH_CELL_A,153,-108.04
2026-08-31T08:30:00.000Z,SYNTH_CELL_A,154,-108.45
2026-08-31T08:30:00.000Z,SYNTH_CELL_A,155,-112.48
2026-08-31T08:30:00.000Z,SYNTH_CELL_A,156,-113.21
2026-08-31T08:30:00.000Z,SYNTH_CELL_A,157,-112.27
2026-08-31T08:30:00.000Z,SYNTH_CELL_A,158,-109.49
2026-08-31T08:30:00.000Z,SYNTH_CELL_A,159,-111.9
2026-08-31T08:30:00.000Z,SYNTH_CELL_A,160,-108.47
2026-08-31T08:30:00.000Z,SYNTH_CELL_A,161,-112.23
2026-08-31T08:30:00.000Z,SYNTH_CELL_A,162,-111.53
2026-08-31T08:30:00.000Z,SYNTH_CELL_A,163,-109.39
2026-08-31T08:30:00.000Z,SYNTH_CELL_A,164,-111.29
2026-08-31T08:30:00.000Z,SYNTH_CELL_A,165,-107.74
2026-08-31T08:30:00.000Z,SYNTH_CELL_A,166,-113.69
2026-08-31T08:30:00.000Z,SYNTH_CELL_A,167,-111.8
2026-08-31T08:30:00.000Z,SYNTH_CELL_A,168,-110.95
2026-08-31T08:30:00.000Z,SYNTH_CELL_A,169,-111.35
2026-08-31T08:30:00.000Z,SYNTH_CELL_A,170,-110.57
2026-08-31T08:30:00.000Z,SYNTH_CELL_A,171,-108.42
2026-08-31T08:30:00.000Z,SYNTH_CELL_A,172,-108.17
2026-08-31T08:30:00.000Z,SYNTH_CELL_A,173,-109.51
2026-08-31T08:30:00.000Z,SYNTH_CELL_A,174,-109.35
2026-08-31T08:30:00.000Z,SYNTH_CELL_A,175,-110.73
2026-08-31T08:30:00.000Z,SYNTH_CELL_A,176,-109.46
2026-08-31T08:30:00.000Z,SYNTH_CELL_A,177,-111.11
2026-08-31T08:30:00.000Z,SYNTH_CELL_A,178,-108.27
2026-08-31T08:30:00.000Z,SYNTH_CELL_A,179,-111.91
2026-08-31T08:30:00.000Z,SYNTH_CELL_A,180,-110.61
2026-08-31T08:30:00.000Z,SYNTH_CELL_A,181,-109.08
2026-08-31T08:30:00.000Z,SYNTH_CELL_A,182,-112.9
2026-08-31T08:30:00.000Z,SYNTH_CELL_A,183,-113.74
2026-08-31T08:30:00.000Z,SYNTH_CELL_A,184,-110.56
2026-08-31T08:30:00.000Z,SYNTH_CELL_A,185,-109.8
2026-08-31T08:30:00.000Z,SYNTH_CELL_A,186,-112.44
2026-08-31T08:30:00.000Z,SYNTH_CELL_A,187,-109.61
2026-08-31T08:30:00.000Z,SYNTH_CELL_A,188,-113.04
2026-08-31T08:30:00.000Z,SYNTH_CELL_A,189,-111.77
2026-08-31T08:30:00.000Z,SYNTH_CELL_A,190,-113.69
2026-08-31T08:30:00.000Z,SYNTH_CELL_A,191,-107.98
2026-08-31T08:30:00.000Z,SYNTH_CELL_A,192,-108.68
2026-08-31T08:30:00.000Z,SYNTH_CELL_A,193,-111
2026-08-31T08:30:00.000Z,SYNTH_CELL_A,194,-113.18
2026-08-31T08:30:00.000Z,SYNTH_CELL_A,195,-112.72
2026-08-31T08:30:00.000Z,SYNTH_CELL_A,196,-107.21
2026-08-31T08:30:00.000Z,SYNTH_CELL_A,197,-112.28
2026-08-31T08:30:00.000Z,SYNTH_CELL_A,198,-112.39
2026-08-31T08:30:00.000Z,SYNTH_CELL_A,199,-109.36
2026-08-31T08:30:00.000Z,SYNTH_CELL_A,200,-107.69
2026-08-31T08:30:00.000Z,SYNTH_CELL_A,201,-111.44
2026-08-31T08:30:00.000Z,SYNTH_CELL_A,202,-113.03
2026-08-31T08:30:00.000Z,SYNTH_CELL_A,203,-113.31
2026-08-31T08:30:00.000Z,SYNTH_CELL_A,204,-111.82
2026-08-31T08:30:00.000Z,SYNTH_CELL_A,205,-111.51
2026-08-31T08:30:00.000Z,SYNTH_CELL_A,206,-113.42
2026-08-31T08:30:00.000Z,SYNTH_CELL_A,207,-111.95
2026-08-31T08:30:00.000Z,SYNTH_CELL_A,208,-110.49
2026-08-31T08:30:00.000Z,SYNTH_CELL_A,209,-109.55
2026-08-31T08:30:00.000Z,SYNTH_CELL_A,210,-113.3
2026-08-31T08:30:00.000Z,SYNTH_CELL_A,211,-110.03
2026-08-31T08:30:00.000Z,SYNTH_CELL_A,212,-113.96
2026-08-31T08:30:00.000Z,SYNTH_CELL_A,213,-109.68
2026-08-31T08:30:00.000Z,SYNTH_CELL_A,214,-113.57
2026-08-31T08:30:00.000Z,SYNTH_CELL_A,215,-110.27
2026-08-31T08:30:00.000Z,SYNTH_CELL_A,216,-107.28
2026-08-31T08:30:00.000Z,SYNTH_CELL_A,217,-112.92
2026-08-31T08:30:00.000Z,SYNTH_CELL_A,218,-111.39
2026-08-31T08:30:00.000Z,SYNTH_CELL_A,219,-112.17
2026-08-31T08:30:00.000Z,SYNTH_CELL_A,220,-113.32
2026-08-31T08:30:00.000Z,SYNTH_CELL_A,221,-110.94
2026-08-31T08:30:00.000Z,SYNTH_CELL_A,222,-112.52
2026-08-31T08:30:00.000Z,SYNTH_CELL_A,223,-107.62
2026-08-31T08:30:00.000Z,SYNTH_CELL_A,224,-112.47
2026-08-31T08:30:00.000Z,SYNTH_CELL_A,225,-111.19
2026-08-31T08:30:00.000Z,SYNTH_CELL_A,226,-112.5
2026-08-31T08:30:00.000Z,SYNTH_CELL_A,227,-107.28
2026-08-31T08:30:00.000Z,SYNTH_CELL_A,228,-113.69
2026-08-31T08:30:00.000Z,SYNTH_CELL_A,229,-108.38
2026-08-31T08:30:00.000Z,SYNTH_CELL_A,230,-110.72
2026-08-31T08:30:00.000Z,SYNTH_CELL_A,231,-112.91
2026-08-31T08:30:00.000Z,SYNTH_CELL_A,232,-111.74
2026-08-31T08:30:00.000Z,SYNTH_CELL_A,233,-113.44
2026-08-31T08:30:00.000Z,SYNTH_CELL_A,234,-109.23
2026-08-31T08:30:00.000Z,SYNTH_CELL_A,235,-111.76
2026-08-31T08:30:00.000Z,SYNTH_CELL_A,236,-113.83
2026-08-31T08:30:00.000Z,SYNTH_CELL_A,237,-113.03
2026-08-31T08:30:00.000Z,SYNTH_CELL_A,238,-111.29
2026-08-31T08:30:00.000Z,SYNTH_CELL_A,239,-112.88
2026-08-31T08:30:00.000Z,SYNTH_CELL_A,240,-110.36
2026-08-31T08:30:00.000Z,SYNTH_CELL_A,241,-112.47
2026-08-31T08:30:00.000Z,SYNTH_CELL_A,242,-113.69
2026-08-31T08:30:00.000Z,SYNTH_CELL_A,243,-112.54
2026-08-31T08:30:00.000Z,SYNTH_CELL_A,244,-109.93
2026-08-31T08:30:00.000Z,SYNTH_CELL_A,245,-107.35
2026-08-31T08:30:00.000Z,SYNTH_CELL_A,246,-107.65
2026-08-31T08:30:00.000Z,SYNTH_CELL_A,247,-113.67
2026-08-31T08:30:00.000Z,SYNTH_CELL_A,248,-113.51
2026-08-31T08:30:00.000Z,SYNTH_CELL_A,249,-108.64
2026-08-31T08:30:00.000Z,SYNTH_CELL_A,250,-110.39
2026-08-31T08:30:00.000Z,SYNTH_CELL_A,251,-107.56
2026-08-31T08:30:00.000Z,SYNTH_CELL_A,252,-112.61
2026-08-31T08:30:00.000Z,SYNTH_CELL_A,253,-108.69
2026-08-31T08:30:00.000Z,SYNTH_CELL_A,254,-109.2
2026-08-31T08:30:00.000Z,SYNTH_CELL_A,255,-107.85
2026-08-31T08:30:00.000Z,SYNTH_CELL_A,256,-112.29
2026-08-31T08:30:00.000Z,SYNTH_CELL_A,257,-113.08
2026-08-31T08:30:00.000Z,SYNTH_CELL_A,258,-107.55
2026-08-31T08:30:00.000Z,SYNTH_CELL_A,259,-110.13
2026-08-31T08:30:00.000Z,SYNTH_CELL_A,260,-109.73
2026-08-31T08:30:00.000Z,SYNTH_CELL_A,261,-111.87
2026-08-31T08:30:00.000Z,SYNTH_CELL_A,262,-113.24
2026-08-31T08:30:00.000Z,SYNTH_CELL_A,263,-109.65
2026-08-31T08:30:00.000Z,SYNTH_CELL_A,264,-112.9
2026-08-31T08:30:00.000Z,SYNTH_CELL_A,265,-108.53
2026-08-31T08:30:00.000Z,SYNTH_CELL_A,266,-110.73
2026-08-31T08:30:00.000Z,SYNTH_CELL_A,267,-113.47
2026-08-31T08:30:00.000Z,SYNTH_CELL_A,268,-108.81
2026-08-31T08:30:00.000Z,SYNTH_CELL_A,269,-108.33
2026-08-31T08:30:00.000Z,SYNTH_CELL_A,270,-109.31
2026-08-31T08:30:00.000Z,SYNTH_CELL_A,271,-111.9
2026-08-31T08:30:00.000Z,SYNTH_CELL_A,272,-107.54
2026-08-31T08:35:00.000Z,SYNTH_CELL_A,0,-110.33
2026-08-31T08:35:00.000Z,SYNTH_CELL_A,1,-111.03
2026-08-31T08:35:00.000Z,SYNTH_CELL_A,2,-113.56
2026-08-31T08:35:00.000Z,SYNTH_CELL_A,3,-113.8
2026-08-31T08:35:00.000Z,SYNTH_CELL_A,4,-112.18
2026-08-31T08:35:00.000Z,SYNTH_CELL_A,5,-113.03
2026-08-31T08:35:00.000Z,SYNTH_CELL_A,6,-109.3
2026-08-31T08:35:00.000Z,SYNTH_CELL_A,7,-110.86
2026-08-31T08:35:00.000Z,SYNTH_CELL_A,8,-111.81
2026-08-31T08:35:00.000Z,SYNTH_CELL_A,9,-112.06
2026-08-31T08:35:00.000Z,SYNTH_CELL_A,10,-110.56
2026-08-31T08:35:00.000Z,SYNTH_CELL_A,11,-108.92
2026-08-31T08:35:00.000Z,SYNTH_CELL_A,12,-109.37
2026-08-31T08:35:00.000Z,SYNTH_CELL_A,13,-108.25
2026-08-31T08:35:00.000Z,SYNTH_CELL_A,14,-112.03
2026-08-31T08:35:00.000Z,SYNTH_CELL_A,15,-109.41
2026-08-31T08:35:00.000Z,SYNTH_CELL_A,16,-109.31
2026-08-31T08:35:00.000Z,SYNTH_CELL_A,17,-110.31
2026-08-31T08:35:00.000Z,SYNTH_CELL_A,18,-107.82
2026-08-31T08:35:00.000Z,SYNTH_CELL_A,19,-113.57
2026-08-31T08:35:00.000Z,SYNTH_CELL_A,20,-109.9
2026-08-31T08:35:00.000Z,SYNTH_CELL_A,21,-111.7
2026-08-31T08:35:00.000Z,SYNTH_CELL_A,22,-107.4
2026-08-31T08:35:00.000Z,SYNTH_CELL_A,23,-107.32
2026-08-31T08:35:00.000Z,SYNTH_CELL_A,24,-110.38
2026-08-31T08:35:00.000Z,SYNTH_CELL_A,25,-112.52
2026-08-31T08:35:00.000Z,SYNTH_CELL_A,26,-112.76
2026-08-31T08:35:00.000Z,SYNTH_CELL_A,27,-113.22
2026-08-31T08:35:00.000Z,SYNTH_CELL_A,28,-113.9
2026-08-31T08:35:00.000Z,SYNTH_CELL_A,29,-110.68
2026-08-31T08:35:00.000Z,SYNTH_CELL_A,30,-95.05
2026-08-31T08:35:00.000Z,SYNTH_CELL_A,31,-90.05
2026-08-31T08:35:00.000Z,SYNTH_CELL_A,32,-94.73
2026-08-31T08:35:00.000Z,SYNTH_CELL_A,33,-95.03
2026-08-31T08:35:00.000Z,SYNTH_CELL_A,34,-93.08
2026-08-31T08:35:00.000Z,SYNTH_CELL_A,35,-90.63
2026-08-31T08:35:00.000Z,SYNTH_CELL_A,36,-94.01
2026-08-31T08:35:00.000Z,SYNTH_CELL_A,37,-110.97
2026-08-31T08:35:00.000Z,SYNTH_CELL_A,38,-111.34
2026-08-31T08:35:00.000Z,SYNTH_CELL_A,39,-111.26
2026-08-31T08:35:00.000Z,SYNTH_CELL_A,40,-107.85
2026-08-31T08:35:00.000Z,SYNTH_CELL_A,41,-111.79
2026-08-31T08:35:00.000Z,SYNTH_CELL_A,42,-111.16
2026-08-31T08:35:00.000Z,SYNTH_CELL_A,43,-109.07
2026-08-31T08:35:00.000Z,SYNTH_CELL_A,44,-110.58
2026-08-31T08:35:00.000Z,SYNTH_CELL_A,45,-107.01
2026-08-31T08:35:00.000Z,SYNTH_CELL_A,46,-108.87
2026-08-31T08:35:00.000Z,SYNTH_CELL_A,47,-110.27
2026-08-31T08:35:00.000Z,SYNTH_CELL_A,48,-107.86
2026-08-31T08:35:00.000Z,SYNTH_CELL_A,49,-110.64
2026-08-31T08:35:00.000Z,SYNTH_CELL_A,50,-108.05
2026-08-31T08:35:00.000Z,SYNTH_CELL_A,51,-108.48
2026-08-31T08:35:00.000Z,SYNTH_CELL_A,52,-108.05
2026-08-31T08:35:00.000Z,SYNTH_CELL_A,53,-113.35
2026-08-31T08:35:00.000Z,SYNTH_CELL_A,54,-110.99
2026-08-31T08:35:00.000Z,SYNTH_CELL_A,55,-109.59
2026-08-31T08:35:00.000Z,SYNTH_CELL_A,56,-109.86
2026-08-31T08:35:00.000Z,SYNTH_CELL_A,57,-113.09
2026-08-31T08:35:00.000Z,SYNTH_CELL_A,58,-107.71
2026-08-31T08:35:00.000Z,SYNTH_CELL_A,59,-109.05
2026-08-31T08:35:00.000Z,SYNTH_CELL_A,60,-109.86
2026-08-31T08:35:00.000Z,SYNTH_CELL_A,61,-108.84
2026-08-31T08:35:00.000Z,SYNTH_CELL_A,62,-109.02
2026-08-31T08:35:00.000Z,SYNTH_CELL_A,63,-108.93
2026-08-31T08:35:00.000Z,SYNTH_CELL_A,64,-112.32
2026-08-31T08:35:00.000Z,SYNTH_CELL_A,65,-112.84
2026-08-31T08:35:00.000Z,SYNTH_CELL_A,66,-112.32
2026-08-31T08:35:00.000Z,SYNTH_CELL_A,67,-111.16
2026-08-31T08:35:00.000Z,SYNTH_CELL_A,68,-107.01
2026-08-31T08:35:00.000Z,SYNTH_CELL_A,69,-110.62
2026-08-31T08:35:00.000Z,SYNTH_CELL_A,70,-112.69
2026-08-31T08:35:00.000Z,SYNTH_CELL_A,71,-107.15
2026-08-31T08:35:00.000Z,SYNTH_CELL_A,72,-113.9
2026-08-31T08:35:00.000Z,SYNTH_CELL_A,73,-108.02
2026-08-31T08:35:00.000Z,SYNTH_CELL_A,74,-111.29
2026-08-31T08:35:00.000Z,SYNTH_CELL_A,75,-111.94
2026-08-31T08:35:00.000Z,SYNTH_CELL_A,76,-113.48
2026-08-31T08:35:00.000Z,SYNTH_CELL_A,77,-110.26
2026-08-31T08:35:00.000Z,SYNTH_CELL_A,78,-107.92
2026-08-31T08:35:00.000Z,SYNTH_CELL_A,79,-109.03
2026-08-31T08:35:00.000Z,SYNTH_CELL_A,80,-108.72
2026-08-31T08:35:00.000Z,SYNTH_CELL_A,81,-109.22
2026-08-31T08:35:00.000Z,SYNTH_CELL_A,82,-113.56
2026-08-31T08:35:00.000Z,SYNTH_CELL_A,83,-107.79
2026-08-31T08:35:00.000Z,SYNTH_CELL_A,84,-109.56
2026-08-31T08:35:00.000Z,SYNTH_CELL_A,85,-112.84
2026-08-31T08:35:00.000Z,SYNTH_CELL_A,86,-107.16
2026-08-31T08:35:00.000Z,SYNTH_CELL_A,87,-109.66
2026-08-31T08:35:00.000Z,SYNTH_CELL_A,88,-111.07
2026-08-31T08:35:00.000Z,SYNTH_CELL_A,89,-110.76
2026-08-31T08:35:00.000Z,SYNTH_CELL_A,90,-112.28
2026-08-31T08:35:00.000Z,SYNTH_CELL_A,91,-107.91
2026-08-31T08:35:00.000Z,SYNTH_CELL_A,92,-108.03
2026-08-31T08:35:00.000Z,SYNTH_CELL_A,93,-108.09
2026-08-31T08:35:00.000Z,SYNTH_CELL_A,94,-107.92
2026-08-31T08:35:00.000Z,SYNTH_CELL_A,95,-113.35
2026-08-31T08:35:00.000Z,SYNTH_CELL_A,96,-112.03
2026-08-31T08:35:00.000Z,SYNTH_CELL_A,97,-107.67
2026-08-31T08:35:00.000Z,SYNTH_CELL_A,98,-110.12
2026-08-31T08:35:00.000Z,SYNTH_CELL_A,99,-113.73
2026-08-31T08:35:00.000Z,SYNTH_CELL_A,100,-108.89
2026-08-31T08:35:00.000Z,SYNTH_CELL_A,101,-109.62
2026-08-31T08:35:00.000Z,SYNTH_CELL_A,102,-110.33
2026-08-31T08:35:00.000Z,SYNTH_CELL_A,103,-113.42
2026-08-31T08:35:00.000Z,SYNTH_CELL_A,104,-111.14
2026-08-31T08:35:00.000Z,SYNTH_CELL_A,105,-113.78
2026-08-31T08:35:00.000Z,SYNTH_CELL_A,106,-109.21
2026-08-31T08:35:00.000Z,SYNTH_CELL_A,107,-112.35
2026-08-31T08:35:00.000Z,SYNTH_CELL_A,108,-110.25
2026-08-31T08:35:00.000Z,SYNTH_CELL_A,109,-110.15
2026-08-31T08:35:00.000Z,SYNTH_CELL_A,110,-113.44
2026-08-31T08:35:00.000Z,SYNTH_CELL_A,111,-107.86
2026-08-31T08:35:00.000Z,SYNTH_CELL_A,112,-111.2
2026-08-31T08:35:00.000Z,SYNTH_CELL_A,113,-113
2026-08-31T08:35:00.000Z,SYNTH_CELL_A,114,-110.06
2026-08-31T08:35:00.000Z,SYNTH_CELL_A,115,-111.99
2026-08-31T08:35:00.000Z,SYNTH_CELL_A,116,-109.62
2026-08-31T08:35:00.000Z,SYNTH_CELL_A,117,-112.21
2026-08-31T08:35:00.000Z,SYNTH_CELL_A,118,-109.57
2026-08-31T08:35:00.000Z,SYNTH_CELL_A,119,-113.84
2026-08-31T08:35:00.000Z,SYNTH_CELL_A,120,-109.9
2026-08-31T08:35:00.000Z,SYNTH_CELL_A,121,-109.69
2026-08-31T08:35:00.000Z,SYNTH_CELL_A,122,-111.06
2026-08-31T08:35:00.000Z,SYNTH_CELL_A,123,-112.96
2026-08-31T08:35:00.000Z,SYNTH_CELL_A,124,-107.33
2026-08-31T08:35:00.000Z,SYNTH_CELL_A,125,-107.79
2026-08-31T08:35:00.000Z,SYNTH_CELL_A,126,-108.23
2026-08-31T08:35:00.000Z,SYNTH_CELL_A,127,-111.86
2026-08-31T08:35:00.000Z,SYNTH_CELL_A,128,-111.01
2026-08-31T08:35:00.000Z,SYNTH_CELL_A,129,-112.83
2026-08-31T08:35:00.000Z,SYNTH_CELL_A,130,-108.26
2026-08-31T08:35:00.000Z,SYNTH_CELL_A,131,-109.72
2026-08-31T08:35:00.000Z,SYNTH_CELL_A,132,-109.56
2026-08-31T08:35:00.000Z,SYNTH_CELL_A,133,-112.18
2026-08-31T08:35:00.000Z,SYNTH_CELL_A,134,-107.19
2026-08-31T08:35:00.000Z,SYNTH_CELL_A,135,-111.76
2026-08-31T08:35:00.000Z,SYNTH_CELL_A,136,-111.99
2026-08-31T08:35:00.000Z,SYNTH_CELL_A,137,-109.03
2026-08-31T08:35:00.000Z,SYNTH_CELL_A,138,-112.21
2026-08-31T08:35:00.000Z,SYNTH_CELL_A,139,-112.7
2026-08-31T08:35:00.000Z,SYNTH_CELL_A,140,-109.41
2026-08-31T08:35:00.000Z,SYNTH_CELL_A,141,-110.67
2026-08-31T08:35:00.000Z,SYNTH_CELL_A,142,-112.48
2026-08-31T08:35:00.000Z,SYNTH_CELL_A,143,-111.02
2026-08-31T08:35:00.000Z,SYNTH_CELL_A,144,-110.65
2026-08-31T08:35:00.000Z,SYNTH_CELL_A,145,-112.94
2026-08-31T08:35:00.000Z,SYNTH_CELL_A,146,-109.57
2026-08-31T08:35:00.000Z,SYNTH_CELL_A,147,-112.68
2026-08-31T08:35:00.000Z,SYNTH_CELL_A,148,-111.35
2026-08-31T08:35:00.000Z,SYNTH_CELL_A,149,-109.44
2026-08-31T08:35:00.000Z,SYNTH_CELL_A,150,-108.77
2026-08-31T08:35:00.000Z,SYNTH_CELL_A,151,-111.23
2026-08-31T08:35:00.000Z,SYNTH_CELL_A,152,-107.34
2026-08-31T08:35:00.000Z,SYNTH_CELL_A,153,-112.72
2026-08-31T08:35:00.000Z,SYNTH_CELL_A,154,-112.46
2026-08-31T08:35:00.000Z,SYNTH_CELL_A,155,-108.14
2026-08-31T08:35:00.000Z,SYNTH_CELL_A,156,-109.58
2026-08-31T08:35:00.000Z,SYNTH_CELL_A,157,-111.09
2026-08-31T08:35:00.000Z,SYNTH_CELL_A,158,-107.34
2026-08-31T08:35:00.000Z,SYNTH_CELL_A,159,-111.41
2026-08-31T08:35:00.000Z,SYNTH_CELL_A,160,-110.67
2026-08-31T08:35:00.000Z,SYNTH_CELL_A,161,-109.12
2026-08-31T08:35:00.000Z,SYNTH_CELL_A,162,-107.89
2026-08-31T08:35:00.000Z,SYNTH_CELL_A,163,-113.28
2026-08-31T08:35:00.000Z,SYNTH_CELL_A,164,-113.81
2026-08-31T08:35:00.000Z,SYNTH_CELL_A,165,-112.97
2026-08-31T08:35:00.000Z,SYNTH_CELL_A,166,-107.74
2026-08-31T08:35:00.000Z,SYNTH_CELL_A,167,-111.24
2026-08-31T08:35:00.000Z,SYNTH_CELL_A,168,-111.47
2026-08-31T08:35:00.000Z,SYNTH_CELL_A,169,-110.2
2026-08-31T08:35:00.000Z,SYNTH_CELL_A,170,-113.25
2026-08-31T08:35:00.000Z,SYNTH_CELL_A,171,-110.06
2026-08-31T08:35:00.000Z,SYNTH_CELL_A,172,-110.62
2026-08-31T08:35:00.000Z,SYNTH_CELL_A,173,-108.31
2026-08-31T08:35:00.000Z,SYNTH_CELL_A,174,-111.25
2026-08-31T08:35:00.000Z,SYNTH_CELL_A,175,-112.91
2026-08-31T08:35:00.000Z,SYNTH_CELL_A,176,-112.73
2026-08-31T08:35:00.000Z,SYNTH_CELL_A,177,-113.59
2026-08-31T08:35:00.000Z,SYNTH_CELL_A,178,-110.17
2026-08-31T08:35:00.000Z,SYNTH_CELL_A,179,-109.21
2026-08-31T08:35:00.000Z,SYNTH_CELL_A,180,-110.87
2026-08-31T08:35:00.000Z,SYNTH_CELL_A,181,-107.2
2026-08-31T08:35:00.000Z,SYNTH_CELL_A,182,-113.8
2026-08-31T08:35:00.000Z,SYNTH_CELL_A,183,-109.08
2026-08-31T08:35:00.000Z,SYNTH_CELL_A,184,-110.04
2026-08-31T08:35:00.000Z,SYNTH_CELL_A,185,-110.09
2026-08-31T08:35:00.000Z,SYNTH_CELL_A,186,-111.13
2026-08-31T08:35:00.000Z,SYNTH_CELL_A,187,-112.85
2026-08-31T08:35:00.000Z,SYNTH_CELL_A,188,-107.31
2026-08-31T08:35:00.000Z,SYNTH_CELL_A,189,-113.21
2026-08-31T08:35:00.000Z,SYNTH_CELL_A,190,-109.68
2026-08-31T08:35:00.000Z,SYNTH_CELL_A,191,-107.09
2026-08-31T08:35:00.000Z,SYNTH_CELL_A,192,-108.3
2026-08-31T08:35:00.000Z,SYNTH_CELL_A,193,-111.48
2026-08-31T08:35:00.000Z,SYNTH_CELL_A,194,-107.12
2026-08-31T08:35:00.000Z,SYNTH_CELL_A,195,-108.52
2026-08-31T08:35:00.000Z,SYNTH_CELL_A,196,-109.86
2026-08-31T08:35:00.000Z,SYNTH_CELL_A,197,-108.65
2026-08-31T08:35:00.000Z,SYNTH_CELL_A,198,-112.85
2026-08-31T08:35:00.000Z,SYNTH_CELL_A,199,-108.89
2026-08-31T08:35:00.000Z,SYNTH_CELL_A,200,-111.66
2026-08-31T08:35:00.000Z,SYNTH_CELL_A,201,-107.17
2026-08-31T08:35:00.000Z,SYNTH_CELL_A,202,-107.73
2026-08-31T08:35:00.000Z,SYNTH_CELL_A,203,-109.79
2026-08-31T08:35:00.000Z,SYNTH_CELL_A,204,-107.89
2026-08-31T08:35:00.000Z,SYNTH_CELL_A,205,-110.91
2026-08-31T08:35:00.000Z,SYNTH_CELL_A,206,-109.82
2026-08-31T08:35:00.000Z,SYNTH_CELL_A,207,-107.22
2026-08-31T08:35:00.000Z,SYNTH_CELL_A,208,-108.33
2026-08-31T08:35:00.000Z,SYNTH_CELL_A,209,-112.55
2026-08-31T08:35:00.000Z,SYNTH_CELL_A,210,-108.74
2026-08-31T08:35:00.000Z,SYNTH_CELL_A,211,-109.66
2026-08-31T08:35:00.000Z,SYNTH_CELL_A,212,-111.99
2026-08-31T08:35:00.000Z,SYNTH_CELL_A,213,-107.08
2026-08-31T08:35:00.000Z,SYNTH_CELL_A,214,-113.86
2026-08-31T08:35:00.000Z,SYNTH_CELL_A,215,-111.98
2026-08-31T08:35:00.000Z,SYNTH_CELL_A,216,-111.03
2026-08-31T08:35:00.000Z,SYNTH_CELL_A,217,-110.09
2026-08-31T08:35:00.000Z,SYNTH_CELL_A,218,-107.07
2026-08-31T08:35:00.000Z,SYNTH_CELL_A,219,-108.76
2026-08-31T08:35:00.000Z,SYNTH_CELL_A,220,-111.48
2026-08-31T08:35:00.000Z,SYNTH_CELL_A,221,-109.9
2026-08-31T08:35:00.000Z,SYNTH_CELL_A,222,-110.64
2026-08-31T08:35:00.000Z,SYNTH_CELL_A,223,-111.15
2026-08-31T08:35:00.000Z,SYNTH_CELL_A,224,-108.64
2026-08-31T08:35:00.000Z,SYNTH_CELL_A,225,-113.93
2026-08-31T08:35:00.000Z,SYNTH_CELL_A,226,-112.28
2026-08-31T08:35:00.000Z,SYNTH_CELL_A,227,-110.54
2026-08-31T08:35:00.000Z,SYNTH_CELL_A,228,-108.83
2026-08-31T08:35:00.000Z,SYNTH_CELL_A,229,-113.38
2026-08-31T08:35:00.000Z,SYNTH_CELL_A,230,-113.97
2026-08-31T08:35:00.000Z,SYNTH_CELL_A,231,-107.02
2026-08-31T08:35:00.000Z,SYNTH_CELL_A,232,-107.61
2026-08-31T08:35:00.000Z,SYNTH_CELL_A,233,-112.34
2026-08-31T08:35:00.000Z,SYNTH_CELL_A,234,-109.74
2026-08-31T08:35:00.000Z,SYNTH_CELL_A,235,-110.75
2026-08-31T08:35:00.000Z,SYNTH_CELL_A,236,-109.33
2026-08-31T08:35:00.000Z,SYNTH_CELL_A,237,-108.19
2026-08-31T08:35:00.000Z,SYNTH_CELL_A,238,-112.21
2026-08-31T08:35:00.000Z,SYNTH_CELL_A,239,-108.32
2026-08-31T08:35:00.000Z,SYNTH_CELL_A,240,-111.99
2026-08-31T08:35:00.000Z,SYNTH_CELL_A,241,-113.52
2026-08-31T08:35:00.000Z,SYNTH_CELL_A,242,-110.03
2026-08-31T08:35:00.000Z,SYNTH_CELL_A,243,-111.95
2026-08-31T08:35:00.000Z,SYNTH_CELL_A,244,-107.42
2026-08-31T08:35:00.000Z,SYNTH_CELL_A,245,-113.51
2026-08-31T08:35:00.000Z,SYNTH_CELL_A,246,-111.04
2026-08-31T08:35:00.000Z,SYNTH_CELL_A,247,-108.74
2026-08-31T08:35:00.000Z,SYNTH_CELL_A,248,-111.68
2026-08-31T08:35:00.000Z,SYNTH_CELL_A,249,-111.76
2026-08-31T08:35:00.000Z,SYNTH_CELL_A,250,-111.17
2026-08-31T08:35:00.000Z,SYNTH_CELL_A,251,-111.98
2026-08-31T08:35:00.000Z,SYNTH_CELL_A,252,-107.62
2026-08-31T08:35:00.000Z,SYNTH_CELL_A,253,-109.91
2026-08-31T08:35:00.000Z,SYNTH_CELL_A,254,-108.76
2026-08-31T08:35:00.000Z,SYNTH_CELL_A,255,-110.77
2026-08-31T08:35:00.000Z,SYNTH_CELL_A,256,-110.28
2026-08-31T08:35:00.000Z,SYNTH_CELL_A,257,-111.09
2026-08-31T08:35:00.000Z,SYNTH_CELL_A,258,-109.31
2026-08-31T08:35:00.000Z,SYNTH_CELL_A,259,-113.18
2026-08-31T08:35:00.000Z,SYNTH_CELL_A,260,-110.97
2026-08-31T08:35:00.000Z,SYNTH_CELL_A,261,-111.58
2026-08-31T08:35:00.000Z,SYNTH_CELL_A,262,-113.99
2026-08-31T08:35:00.000Z,SYNTH_CELL_A,263,-107.36
2026-08-31T08:35:00.000Z,SYNTH_CELL_A,264,-110.45
2026-08-31T08:35:00.000Z,SYNTH_CELL_A,265,-108.34
2026-08-31T08:35:00.000Z,SYNTH_CELL_A,266,-113.61
2026-08-31T08:35:00.000Z,SYNTH_CELL_A,267,-108.23
2026-08-31T08:35:00.000Z,SYNTH_CELL_A,268,-108.77
2026-08-31T08:35:00.000Z,SYNTH_CELL_A,269,-107.67
2026-08-31T08:35:00.000Z,SYNTH_CELL_A,270,-109.33
2026-08-31T08:35:00.000Z,SYNTH_CELL_A,271,-107.21
2026-08-31T08:35:00.000Z,SYNTH_CELL_A,272,-107.87
2026-08-31T08:40:00.000Z,SYNTH_CELL_A,0,-111.06
2026-08-31T08:40:00.000Z,SYNTH_CELL_A,1,-111.65
2026-08-31T08:40:00.000Z,SYNTH_CELL_A,2,-110.26
2026-08-31T08:40:00.000Z,SYNTH_CELL_A,3,-107.06
2026-08-31T08:40:00.000Z,SYNTH_CELL_A,4,-113.77
2026-08-31T08:40:00.000Z,SYNTH_CELL_A,5,-110.7
2026-08-31T08:40:00.000Z,SYNTH_CELL_A,6,-111.37
2026-08-31T08:40:00.000Z,SYNTH_CELL_A,7,-109.93
2026-08-31T08:40:00.000Z,SYNTH_CELL_A,8,-110.86
2026-08-31T08:40:00.000Z,SYNTH_CELL_A,9,-108.5
2026-08-31T08:40:00.000Z,SYNTH_CELL_A,10,-111.19
2026-08-31T08:40:00.000Z,SYNTH_CELL_A,11,-111.5
2026-08-31T08:40:00.000Z,SYNTH_CELL_A,12,-110.49
2026-08-31T08:40:00.000Z,SYNTH_CELL_A,13,-110.34
2026-08-31T08:40:00.000Z,SYNTH_CELL_A,14,-107.06
2026-08-31T08:40:00.000Z,SYNTH_CELL_A,15,-109.76
2026-08-31T08:40:00.000Z,SYNTH_CELL_A,16,-107.35
2026-08-31T08:40:00.000Z,SYNTH_CELL_A,17,-112.89
2026-08-31T08:40:00.000Z,SYNTH_CELL_A,18,-112.86
2026-08-31T08:40:00.000Z,SYNTH_CELL_A,19,-113.41
2026-08-31T08:40:00.000Z,SYNTH_CELL_A,20,-113.95
2026-08-31T08:40:00.000Z,SYNTH_CELL_A,21,-108.71
2026-08-31T08:40:00.000Z,SYNTH_CELL_A,22,-111.65
2026-08-31T08:40:00.000Z,SYNTH_CELL_A,23,-113.19
2026-08-31T08:40:00.000Z,SYNTH_CELL_A,24,-111.32
2026-08-31T08:40:00.000Z,SYNTH_CELL_A,25,-108.53
2026-08-31T08:40:00.000Z,SYNTH_CELL_A,26,-109.34
2026-08-31T08:40:00.000Z,SYNTH_CELL_A,27,-113.19
2026-08-31T08:40:00.000Z,SYNTH_CELL_A,28,-107.58
2026-08-31T08:40:00.000Z,SYNTH_CELL_A,29,-111.84
2026-08-31T08:40:00.000Z,SYNTH_CELL_A,30,-96.9
2026-08-31T08:40:00.000Z,SYNTH_CELL_A,31,-93.99
2026-08-31T08:40:00.000Z,SYNTH_CELL_A,32,-90.52
2026-08-31T08:40:00.000Z,SYNTH_CELL_A,33,-93.63
2026-08-31T08:40:00.000Z,SYNTH_CELL_A,34,-92.3
2026-08-31T08:40:00.000Z,SYNTH_CELL_A,35,-94.01
2026-08-31T08:40:00.000Z,SYNTH_CELL_A,36,-94.92
2026-08-31T08:40:00.000Z,SYNTH_CELL_A,37,-112.5
2026-08-31T08:40:00.000Z,SYNTH_CELL_A,38,-107.99
2026-08-31T08:40:00.000Z,SYNTH_CELL_A,39,-108.51
2026-08-31T08:40:00.000Z,SYNTH_CELL_A,40,-111.02
2026-08-31T08:40:00.000Z,SYNTH_CELL_A,41,-113.58
2026-08-31T08:40:00.000Z,SYNTH_CELL_A,42,-113.4
2026-08-31T08:40:00.000Z,SYNTH_CELL_A,43,-107.5
2026-08-31T08:40:00.000Z,SYNTH_CELL_A,44,-107.12
2026-08-31T08:40:00.000Z,SYNTH_CELL_A,45,-112.52
2026-08-31T08:40:00.000Z,SYNTH_CELL_A,46,-111.59
2026-08-31T08:40:00.000Z,SYNTH_CELL_A,47,-109.71
2026-08-31T08:40:00.000Z,SYNTH_CELL_A,48,-110.2
2026-08-31T08:40:00.000Z,SYNTH_CELL_A,49,-109.32
2026-08-31T08:40:00.000Z,SYNTH_CELL_A,50,-112.88
2026-08-31T08:40:00.000Z,SYNTH_CELL_A,51,-109.34
2026-08-31T08:40:00.000Z,SYNTH_CELL_A,52,-113.61
2026-08-31T08:40:00.000Z,SYNTH_CELL_A,53,-110.02
2026-08-31T08:40:00.000Z,SYNTH_CELL_A,54,-110.73
2026-08-31T08:40:00.000Z,SYNTH_CELL_A,55,-107.58
2026-08-31T08:40:00.000Z,SYNTH_CELL_A,56,-113.28
2026-08-31T08:40:00.000Z,SYNTH_CELL_A,57,-108.9
2026-08-31T08:40:00.000Z,SYNTH_CELL_A,58,-112.25
2026-08-31T08:40:00.000Z,SYNTH_CELL_A,59,-111.36
2026-08-31T08:40:00.000Z,SYNTH_CELL_A,60,-107.69
2026-08-31T08:40:00.000Z,SYNTH_CELL_A,61,-110.69
2026-08-31T08:40:00.000Z,SYNTH_CELL_A,62,-107.85
2026-08-31T08:40:00.000Z,SYNTH_CELL_A,63,-108.89
2026-08-31T08:40:00.000Z,SYNTH_CELL_A,64,-107.24
2026-08-31T08:40:00.000Z,SYNTH_CELL_A,65,-108.22
2026-08-31T08:40:00.000Z,SYNTH_CELL_A,66,-113.58
2026-08-31T08:40:00.000Z,SYNTH_CELL_A,67,-112.22
2026-08-31T08:40:00.000Z,SYNTH_CELL_A,68,-111.79
2026-08-31T08:40:00.000Z,SYNTH_CELL_A,69,-112.77
2026-08-31T08:40:00.000Z,SYNTH_CELL_A,70,-111.92
2026-08-31T08:40:00.000Z,SYNTH_CELL_A,71,-112.18
2026-08-31T08:40:00.000Z,SYNTH_CELL_A,72,-113.02
2026-08-31T08:40:00.000Z,SYNTH_CELL_A,73,-110.32
2026-08-31T08:40:00.000Z,SYNTH_CELL_A,74,-109.01
2026-08-31T08:40:00.000Z,SYNTH_CELL_A,75,-112.75
2026-08-31T08:40:00.000Z,SYNTH_CELL_A,76,-108.58
2026-08-31T08:40:00.000Z,SYNTH_CELL_A,77,-110.85
2026-08-31T08:40:00.000Z,SYNTH_CELL_A,78,-113
2026-08-31T08:40:00.000Z,SYNTH_CELL_A,79,-110.97
2026-08-31T08:40:00.000Z,SYNTH_CELL_A,80,-107.99
2026-08-31T08:40:00.000Z,SYNTH_CELL_A,81,-107.59
2026-08-31T08:40:00.000Z,SYNTH_CELL_A,82,-111.61
2026-08-31T08:40:00.000Z,SYNTH_CELL_A,83,-112.4
2026-08-31T08:40:00.000Z,SYNTH_CELL_A,84,-110.12
2026-08-31T08:40:00.000Z,SYNTH_CELL_A,85,-113.45
2026-08-31T08:40:00.000Z,SYNTH_CELL_A,86,-112.92
2026-08-31T08:40:00.000Z,SYNTH_CELL_A,87,-111.18
2026-08-31T08:40:00.000Z,SYNTH_CELL_A,88,-109.46
2026-08-31T08:40:00.000Z,SYNTH_CELL_A,89,-112.47
2026-08-31T08:40:00.000Z,SYNTH_CELL_A,90,-110.25
2026-08-31T08:40:00.000Z,SYNTH_CELL_A,91,-110.67
2026-08-31T08:40:00.000Z,SYNTH_CELL_A,92,-110.9
2026-08-31T08:40:00.000Z,SYNTH_CELL_A,93,-107.46
2026-08-31T08:40:00.000Z,SYNTH_CELL_A,94,-112.18
2026-08-31T08:40:00.000Z,SYNTH_CELL_A,95,-113.83
2026-08-31T08:40:00.000Z,SYNTH_CELL_A,96,-112.17
2026-08-31T08:40:00.000Z,SYNTH_CELL_A,97,-108.82
2026-08-31T08:40:00.000Z,SYNTH_CELL_A,98,-112.49
2026-08-31T08:40:00.000Z,SYNTH_CELL_A,99,-110.33
2026-08-31T08:40:00.000Z,SYNTH_CELL_A,100,-110.56
2026-08-31T08:40:00.000Z,SYNTH_CELL_A,101,-112.78
2026-08-31T08:40:00.000Z,SYNTH_CELL_A,102,-112.96
2026-08-31T08:40:00.000Z,SYNTH_CELL_A,103,-108.72
2026-08-31T08:40:00.000Z,SYNTH_CELL_A,104,-113.88
2026-08-31T08:40:00.000Z,SYNTH_CELL_A,105,-110.35
2026-08-31T08:40:00.000Z,SYNTH_CELL_A,106,-108.63
2026-08-31T08:40:00.000Z,SYNTH_CELL_A,107,-107.96
2026-08-31T08:40:00.000Z,SYNTH_CELL_A,108,-107.24
2026-08-31T08:40:00.000Z,SYNTH_CELL_A,109,-112.27
2026-08-31T08:40:00.000Z,SYNTH_CELL_A,110,-113.16
2026-08-31T08:40:00.000Z,SYNTH_CELL_A,111,-112.7
2026-08-31T08:40:00.000Z,SYNTH_CELL_A,112,-109.06
2026-08-31T08:40:00.000Z,SYNTH_CELL_A,113,-112.53
2026-08-31T08:40:00.000Z,SYNTH_CELL_A,114,-112.7
2026-08-31T08:40:00.000Z,SYNTH_CELL_A,115,-107.97
2026-08-31T08:40:00.000Z,SYNTH_CELL_A,116,-113.89
2026-08-31T08:40:00.000Z,SYNTH_CELL_A,117,-109.15
2026-08-31T08:40:00.000Z,SYNTH_CELL_A,118,-109.61
2026-08-31T08:40:00.000Z,SYNTH_CELL_A,119,-111.97
2026-08-31T08:40:00.000Z,SYNTH_CELL_A,120,-111.11
2026-08-31T08:40:00.000Z,SYNTH_CELL_A,121,-111.96
2026-08-31T08:40:00.000Z,SYNTH_CELL_A,122,-109.19
2026-08-31T08:40:00.000Z,SYNTH_CELL_A,123,-110.9
2026-08-31T08:40:00.000Z,SYNTH_CELL_A,124,-109.55
2026-08-31T08:40:00.000Z,SYNTH_CELL_A,125,-109.47
2026-08-31T08:40:00.000Z,SYNTH_CELL_A,126,-112.25
2026-08-31T08:40:00.000Z,SYNTH_CELL_A,127,-113.8
2026-08-31T08:40:00.000Z,SYNTH_CELL_A,128,-112.15
2026-08-31T08:40:00.000Z,SYNTH_CELL_A,129,-113.85
2026-08-31T08:40:00.000Z,SYNTH_CELL_A,130,-113.59
2026-08-31T08:40:00.000Z,SYNTH_CELL_A,131,-110.81
2026-08-31T08:40:00.000Z,SYNTH_CELL_A,132,-110.05
2026-08-31T08:40:00.000Z,SYNTH_CELL_A,133,-109.36
2026-08-31T08:40:00.000Z,SYNTH_CELL_A,134,-112.86
2026-08-31T08:40:00.000Z,SYNTH_CELL_A,135,-109.93
2026-08-31T08:40:00.000Z,SYNTH_CELL_A,136,-110.09
2026-08-31T08:40:00.000Z,SYNTH_CELL_A,137,-107.77
2026-08-31T08:40:00.000Z,SYNTH_CELL_A,138,-109.36
2026-08-31T08:40:00.000Z,SYNTH_CELL_A,139,-113.11
2026-08-31T08:40:00.000Z,SYNTH_CELL_A,140,-110.84
2026-08-31T08:40:00.000Z,SYNTH_CELL_A,141,-108.16
2026-08-31T08:40:00.000Z,SYNTH_CELL_A,142,-108.21
2026-08-31T08:40:00.000Z,SYNTH_CELL_A,143,-109.08
2026-08-31T08:40:00.000Z,SYNTH_CELL_A,144,-110.7
2026-08-31T08:40:00.000Z,SYNTH_CELL_A,145,-108.98
2026-08-31T08:40:00.000Z,SYNTH_CELL_A,146,-109.15
2026-08-31T08:40:00.000Z,SYNTH_CELL_A,147,-111.79
2026-08-31T08:40:00.000Z,SYNTH_CELL_A,148,-112.16
2026-08-31T08:40:00.000Z,SYNTH_CELL_A,149,-110.14
2026-08-31T08:40:00.000Z,SYNTH_CELL_A,150,-112.12
2026-08-31T08:40:00.000Z,SYNTH_CELL_A,151,-112.28
2026-08-31T08:40:00.000Z,SYNTH_CELL_A,152,-107.45
2026-08-31T08:40:00.000Z,SYNTH_CELL_A,153,-112.88
2026-08-31T08:40:00.000Z,SYNTH_CELL_A,154,-110.66
2026-08-31T08:40:00.000Z,SYNTH_CELL_A,155,-112.92
2026-08-31T08:40:00.000Z,SYNTH_CELL_A,156,-107.56
2026-08-31T08:40:00.000Z,SYNTH_CELL_A,157,-111.55
2026-08-31T08:40:00.000Z,SYNTH_CELL_A,158,-107.34
2026-08-31T08:40:00.000Z,SYNTH_CELL_A,159,-111.95
2026-08-31T08:40:00.000Z,SYNTH_CELL_A,160,-108.71
2026-08-31T08:40:00.000Z,SYNTH_CELL_A,161,-113.23
2026-08-31T08:40:00.000Z,SYNTH_CELL_A,162,-108.03
2026-08-31T08:40:00.000Z,SYNTH_CELL_A,163,-109.33
2026-08-31T08:40:00.000Z,SYNTH_CELL_A,164,-107.3
2026-08-31T08:40:00.000Z,SYNTH_CELL_A,165,-109.02
2026-08-31T08:40:00.000Z,SYNTH_CELL_A,166,-108.24
2026-08-31T08:40:00.000Z,SYNTH_CELL_A,167,-113.86
2026-08-31T08:40:00.000Z,SYNTH_CELL_A,168,-113.26
2026-08-31T08:40:00.000Z,SYNTH_CELL_A,169,-110.24
2026-08-31T08:40:00.000Z,SYNTH_CELL_A,170,-112.38
2026-08-31T08:40:00.000Z,SYNTH_CELL_A,171,-110.51
2026-08-31T08:40:00.000Z,SYNTH_CELL_A,172,-112.1
2026-08-31T08:40:00.000Z,SYNTH_CELL_A,173,-110.11
2026-08-31T08:40:00.000Z,SYNTH_CELL_A,174,-108.21
2026-08-31T08:40:00.000Z,SYNTH_CELL_A,175,-107.84
2026-08-31T08:40:00.000Z,SYNTH_CELL_A,176,-107.53
2026-08-31T08:40:00.000Z,SYNTH_CELL_A,177,-112.11
2026-08-31T08:40:00.000Z,SYNTH_CELL_A,178,-107.57
2026-08-31T08:40:00.000Z,SYNTH_CELL_A,179,-112.34
2026-08-31T08:40:00.000Z,SYNTH_CELL_A,180,-111.09
2026-08-31T08:40:00.000Z,SYNTH_CELL_A,181,-113.43
2026-08-31T08:40:00.000Z,SYNTH_CELL_A,182,-112.65
2026-08-31T08:40:00.000Z,SYNTH_CELL_A,183,-107.29
2026-08-31T08:40:00.000Z,SYNTH_CELL_A,184,-112.98
2026-08-31T08:40:00.000Z,SYNTH_CELL_A,185,-107.46
2026-08-31T08:40:00.000Z,SYNTH_CELL_A,186,-112.33
2026-08-31T08:40:00.000Z,SYNTH_CELL_A,187,-113.84
2026-08-31T08:40:00.000Z,SYNTH_CELL_A,188,-110.7
2026-08-31T08:40:00.000Z,SYNTH_CELL_A,189,-112.51
2026-08-31T08:40:00.000Z,SYNTH_CELL_A,190,-107.95
2026-08-31T08:40:00.000Z,SYNTH_CELL_A,191,-110.62
2026-08-31T08:40:00.000Z,SYNTH_CELL_A,192,-110.92
2026-08-31T08:40:00.000Z,SYNTH_CELL_A,193,-108.4
2026-08-31T08:40:00.000Z,SYNTH_CELL_A,194,-112.31
2026-08-31T08:40:00.000Z,SYNTH_CELL_A,195,-113.23
2026-08-31T08:40:00.000Z,SYNTH_CELL_A,196,-111.57
2026-08-31T08:40:00.000Z,SYNTH_CELL_A,197,-111.87
2026-08-31T08:40:00.000Z,SYNTH_CELL_A,198,-107.69
2026-08-31T08:40:00.000Z,SYNTH_CELL_A,199,-112.7
2026-08-31T08:40:00.000Z,SYNTH_CELL_A,200,-112.83
2026-08-31T08:40:00.000Z,SYNTH_CELL_A,201,-111.09
2026-08-31T08:40:00.000Z,SYNTH_CELL_A,202,-109.95
2026-08-31T08:40:00.000Z,SYNTH_CELL_A,203,-110.89
2026-08-31T08:40:00.000Z,SYNTH_CELL_A,204,-108.28
2026-08-31T08:40:00.000Z,SYNTH_CELL_A,205,-110.93
2026-08-31T08:40:00.000Z,SYNTH_CELL_A,206,-107.76
2026-08-31T08:40:00.000Z,SYNTH_CELL_A,207,-112.67
2026-08-31T08:40:00.000Z,SYNTH_CELL_A,208,-112.38
2026-08-31T08:40:00.000Z,SYNTH_CELL_A,209,-113.87
2026-08-31T08:40:00.000Z,SYNTH_CELL_A,210,-108.4
2026-08-31T08:40:00.000Z,SYNTH_CELL_A,211,-109.41
2026-08-31T08:40:00.000Z,SYNTH_CELL_A,212,-112.63
2026-08-31T08:40:00.000Z,SYNTH_CELL_A,213,-113.05
2026-08-31T08:40:00.000Z,SYNTH_CELL_A,214,-108.47
2026-08-31T08:40:00.000Z,SYNTH_CELL_A,215,-109.43
2026-08-31T08:40:00.000Z,SYNTH_CELL_A,216,-108.05
2026-08-31T08:40:00.000Z,SYNTH_CELL_A,217,-110.92
2026-08-31T08:40:00.000Z,SYNTH_CELL_A,218,-109.22
2026-08-31T08:40:00.000Z,SYNTH_CELL_A,219,-109.69
2026-08-31T08:40:00.000Z,SYNTH_CELL_A,220,-108.53
2026-08-31T08:40:00.000Z,SYNTH_CELL_A,221,-113.73
2026-08-31T08:40:00.000Z,SYNTH_CELL_A,222,-107.17
2026-08-31T08:40:00.000Z,SYNTH_CELL_A,223,-112.95
2026-08-31T08:40:00.000Z,SYNTH_CELL_A,224,-109.88
2026-08-31T08:40:00.000Z,SYNTH_CELL_A,225,-108.25
2026-08-31T08:40:00.000Z,SYNTH_CELL_A,226,-109.83
2026-08-31T08:40:00.000Z,SYNTH_CELL_A,227,-112.67
2026-08-31T08:40:00.000Z,SYNTH_CELL_A,228,-108.48
2026-08-31T08:40:00.000Z,SYNTH_CELL_A,229,-110.54
2026-08-31T08:40:00.000Z,SYNTH_CELL_A,230,-107.42
2026-08-31T08:40:00.000Z,SYNTH_CELL_A,231,-107.6
2026-08-31T08:40:00.000Z,SYNTH_CELL_A,232,-107.29
2026-08-31T08:40:00.000Z,SYNTH_CELL_A,233,-111.16
2026-08-31T08:40:00.000Z,SYNTH_CELL_A,234,-113.57
2026-08-31T08:40:00.000Z,SYNTH_CELL_A,235,-110.23
2026-08-31T08:40:00.000Z,SYNTH_CELL_A,236,-107.48
2026-08-31T08:40:00.000Z,SYNTH_CELL_A,237,-111.61
2026-08-31T08:40:00.000Z,SYNTH_CELL_A,238,-107.9
2026-08-31T08:40:00.000Z,SYNTH_CELL_A,239,-113.01
2026-08-31T08:40:00.000Z,SYNTH_CELL_A,240,-107.28
2026-08-31T08:40:00.000Z,SYNTH_CELL_A,241,-111.08
2026-08-31T08:40:00.000Z,SYNTH_CELL_A,242,-112.61
2026-08-31T08:40:00.000Z,SYNTH_CELL_A,243,-109.45
2026-08-31T08:40:00.000Z,SYNTH_CELL_A,244,-109.42
2026-08-31T08:40:00.000Z,SYNTH_CELL_A,245,-112.65
2026-08-31T08:40:00.000Z,SYNTH_CELL_A,246,-109.86
2026-08-31T08:40:00.000Z,SYNTH_CELL_A,247,-113.09
2026-08-31T08:40:00.000Z,SYNTH_CELL_A,248,-109.79
2026-08-31T08:40:00.000Z,SYNTH_CELL_A,249,-112.85
2026-08-31T08:40:00.000Z,SYNTH_CELL_A,250,-108.96
2026-08-31T08:40:00.000Z,SYNTH_CELL_A,251,-110.51
2026-08-31T08:40:00.000Z,SYNTH_CELL_A,252,-110.29
2026-08-31T08:40:00.000Z,SYNTH_CELL_A,253,-108.84
2026-08-31T08:40:00.000Z,SYNTH_CELL_A,254,-112.14
2026-08-31T08:40:00.000Z,SYNTH_CELL_A,255,-108.49
2026-08-31T08:40:00.000Z,SYNTH_CELL_A,256,-107.75
2026-08-31T08:40:00.000Z,SYNTH_CELL_A,257,-108.48
2026-08-31T08:40:00.000Z,SYNTH_CELL_A,258,-112.69
2026-08-31T08:40:00.000Z,SYNTH_CELL_A,259,-113.73
2026-08-31T08:40:00.000Z,SYNTH_CELL_A,260,-108.44
2026-08-31T08:40:00.000Z,SYNTH_CELL_A,261,-107.46
2026-08-31T08:40:00.000Z,SYNTH_CELL_A,262,-112.04
2026-08-31T08:40:00.000Z,SYNTH_CELL_A,263,-107.44
2026-08-31T08:40:00.000Z,SYNTH_CELL_A,264,-112.83
2026-08-31T08:40:00.000Z,SYNTH_CELL_A,265,-110.26
2026-08-31T08:40:00.000Z,SYNTH_CELL_A,266,-107.29
2026-08-31T08:40:00.000Z,SYNTH_CELL_A,267,-112.4
2026-08-31T08:40:00.000Z,SYNTH_CELL_A,268,-112.95
2026-08-31T08:40:00.000Z,SYNTH_CELL_A,269,-110.28
2026-08-31T08:40:00.000Z,SYNTH_CELL_A,270,-112.45
2026-08-31T08:40:00.000Z,SYNTH_CELL_A,271,-107.18
2026-08-31T08:40:00.000Z,SYNTH_CELL_A,272,-109.64
2026-08-31T08:45:00.000Z,SYNTH_CELL_A,0,-108.12
2026-08-31T08:45:00.000Z,SYNTH_CELL_A,1,-112.27
2026-08-31T08:45:00.000Z,SYNTH_CELL_A,2,-110.65
2026-08-31T08:45:00.000Z,SYNTH_CELL_A,3,-113.9
2026-08-31T08:45:00.000Z,SYNTH_CELL_A,4,-112.54
2026-08-31T08:45:00.000Z,SYNTH_CELL_A,5,-107.38
2026-08-31T08:45:00.000Z,SYNTH_CELL_A,6,-111.27
2026-08-31T08:45:00.000Z,SYNTH_CELL_A,7,-107.26
2026-08-31T08:45:00.000Z,SYNTH_CELL_A,8,-108.6
2026-08-31T08:45:00.000Z,SYNTH_CELL_A,9,-109.23
2026-08-31T08:45:00.000Z,SYNTH_CELL_A,10,-111.6
2026-08-31T08:45:00.000Z,SYNTH_CELL_A,11,-110.14
2026-08-31T08:45:00.000Z,SYNTH_CELL_A,12,-112.77
2026-08-31T08:45:00.000Z,SYNTH_CELL_A,13,-113.94
2026-08-31T08:45:00.000Z,SYNTH_CELL_A,14,-111.96
2026-08-31T08:45:00.000Z,SYNTH_CELL_A,15,-109.74
2026-08-31T08:45:00.000Z,SYNTH_CELL_A,16,-110.34
2026-08-31T08:45:00.000Z,SYNTH_CELL_A,17,-112.85
2026-08-31T08:45:00.000Z,SYNTH_CELL_A,18,-111.3
2026-08-31T08:45:00.000Z,SYNTH_CELL_A,19,-107.96
2026-08-31T08:45:00.000Z,SYNTH_CELL_A,20,-107.28
2026-08-31T08:45:00.000Z,SYNTH_CELL_A,21,-111.34
2026-08-31T08:45:00.000Z,SYNTH_CELL_A,22,-108.5
2026-08-31T08:45:00.000Z,SYNTH_CELL_A,23,-107.1
2026-08-31T08:45:00.000Z,SYNTH_CELL_A,24,-108.68
2026-08-31T08:45:00.000Z,SYNTH_CELL_A,25,-109.54
2026-08-31T08:45:00.000Z,SYNTH_CELL_A,26,-113.63
2026-08-31T08:45:00.000Z,SYNTH_CELL_A,27,-113.6
2026-08-31T08:45:00.000Z,SYNTH_CELL_A,28,-113.78
2026-08-31T08:45:00.000Z,SYNTH_CELL_A,29,-108.37
2026-08-31T08:45:00.000Z,SYNTH_CELL_A,30,-95.62
2026-08-31T08:45:00.000Z,SYNTH_CELL_A,31,-94.69
2026-08-31T08:45:00.000Z,SYNTH_CELL_A,32,-96.07
2026-08-31T08:45:00.000Z,SYNTH_CELL_A,33,-96.84
2026-08-31T08:45:00.000Z,SYNTH_CELL_A,34,-93.72
2026-08-31T08:45:00.000Z,SYNTH_CELL_A,35,-95.29
2026-08-31T08:45:00.000Z,SYNTH_CELL_A,36,-91.01
2026-08-31T08:45:00.000Z,SYNTH_CELL_A,37,-111.65
2026-08-31T08:45:00.000Z,SYNTH_CELL_A,38,-107.34
2026-08-31T08:45:00.000Z,SYNTH_CELL_A,39,-109.57
2026-08-31T08:45:00.000Z,SYNTH_CELL_A,40,-110.98
2026-08-31T08:45:00.000Z,SYNTH_CELL_A,41,-110.83
2026-08-31T08:45:00.000Z,SYNTH_CELL_A,42,-107.05
2026-08-31T08:45:00.000Z,SYNTH_CELL_A,43,-113.5
2026-08-31T08:45:00.000Z,SYNTH_CELL_A,44,-111.24
2026-08-31T08:45:00.000Z,SYNTH_CELL_A,45,-109.19
2026-08-31T08:45:00.000Z,SYNTH_CELL_A,46,-110.56
2026-08-31T08:45:00.000Z,SYNTH_CELL_A,47,-111.37
2026-08-31T08:45:00.000Z,SYNTH_CELL_A,48,-111.94
2026-08-31T08:45:00.000Z,SYNTH_CELL_A,49,-113.82
2026-08-31T08:45:00.000Z,SYNTH_CELL_A,50,-113.77
2026-08-31T08:45:00.000Z,SYNTH_CELL_A,51,-112.14
2026-08-31T08:45:00.000Z,SYNTH_CELL_A,52,-112.32
2026-08-31T08:45:00.000Z,SYNTH_CELL_A,53,-111.32
2026-08-31T08:45:00.000Z,SYNTH_CELL_A,54,-108.14
2026-08-31T08:45:00.000Z,SYNTH_CELL_A,55,-112.47
2026-08-31T08:45:00.000Z,SYNTH_CELL_A,56,-112.3
2026-08-31T08:45:00.000Z,SYNTH_CELL_A,57,-113.52
2026-08-31T08:45:00.000Z,SYNTH_CELL_A,58,-110.65
2026-08-31T08:45:00.000Z,SYNTH_CELL_A,59,-110.05
2026-08-31T08:45:00.000Z,SYNTH_CELL_A,60,-111.98
2026-08-31T08:45:00.000Z,SYNTH_CELL_A,61,-110.17
2026-08-31T08:45:00.000Z,SYNTH_CELL_A,62,-112.03
2026-08-31T08:45:00.000Z,SYNTH_CELL_A,63,-107.47
2026-08-31T08:45:00.000Z,SYNTH_CELL_A,64,-113.64
2026-08-31T08:45:00.000Z,SYNTH_CELL_A,65,-109.98
2026-08-31T08:45:00.000Z,SYNTH_CELL_A,66,-111.65
2026-08-31T08:45:00.000Z,SYNTH_CELL_A,67,-113.23
2026-08-31T08:45:00.000Z,SYNTH_CELL_A,68,-112.89
2026-08-31T08:45:00.000Z,SYNTH_CELL_A,69,-108.3
2026-08-31T08:45:00.000Z,SYNTH_CELL_A,70,-107.09
2026-08-31T08:45:00.000Z,SYNTH_CELL_A,71,-110.92
2026-08-31T08:45:00.000Z,SYNTH_CELL_A,72,-107.77
2026-08-31T08:45:00.000Z,SYNTH_CELL_A,73,-113.63
2026-08-31T08:45:00.000Z,SYNTH_CELL_A,74,-109.1
2026-08-31T08:45:00.000Z,SYNTH_CELL_A,75,-107.84
2026-08-31T08:45:00.000Z,SYNTH_CELL_A,76,-112.75
2026-08-31T08:45:00.000Z,SYNTH_CELL_A,77,-113.03
2026-08-31T08:45:00.000Z,SYNTH_CELL_A,78,-112.8
2026-08-31T08:45:00.000Z,SYNTH_CELL_A,79,-107.91
2026-08-31T08:45:00.000Z,SYNTH_CELL_A,80,-108.52
2026-08-31T08:45:00.000Z,SYNTH_CELL_A,81,-108.48
2026-08-31T08:45:00.000Z,SYNTH_CELL_A,82,-110.3
2026-08-31T08:45:00.000Z,SYNTH_CELL_A,83,-113.23
2026-08-31T08:45:00.000Z,SYNTH_CELL_A,84,-110.53
2026-08-31T08:45:00.000Z,SYNTH_CELL_A,85,-111.19
2026-08-31T08:45:00.000Z,SYNTH_CELL_A,86,-110.49
2026-08-31T08:45:00.000Z,SYNTH_CELL_A,87,-111
2026-08-31T08:45:00.000Z,SYNTH_CELL_A,88,-112.34
2026-08-31T08:45:00.000Z,SYNTH_CELL_A,89,-113.96
2026-08-31T08:45:00.000Z,SYNTH_CELL_A,90,-111.1
2026-08-31T08:45:00.000Z,SYNTH_CELL_A,91,-107.99
2026-08-31T08:45:00.000Z,SYNTH_CELL_A,92,-107.68
2026-08-31T08:45:00.000Z,SYNTH_CELL_A,93,-110.57
2026-08-31T08:45:00.000Z,SYNTH_CELL_A,94,-107.98
2026-08-31T08:45:00.000Z,SYNTH_CELL_A,95,-113.6
2026-08-31T08:45:00.000Z,SYNTH_CELL_A,96,-108.08
2026-08-31T08:45:00.000Z,SYNTH_CELL_A,97,-112.25
2026-08-31T08:45:00.000Z,SYNTH_CELL_A,98,-107.41
2026-08-31T08:45:00.000Z,SYNTH_CELL_A,99,-112.65
2026-08-31T08:45:00.000Z,SYNTH_CELL_A,100,-108.09
2026-08-31T08:45:00.000Z,SYNTH_CELL_A,101,-111.6
2026-08-31T08:45:00.000Z,SYNTH_CELL_A,102,-107.27
2026-08-31T08:45:00.000Z,SYNTH_CELL_A,103,-111.11
2026-08-31T08:45:00.000Z,SYNTH_CELL_A,104,-110.62
2026-08-31T08:45:00.000Z,SYNTH_CELL_A,105,-111.97
2026-08-31T08:45:00.000Z,SYNTH_CELL_A,106,-110.83
2026-08-31T08:45:00.000Z,SYNTH_CELL_A,107,-107.1
2026-08-31T08:45:00.000Z,SYNTH_CELL_A,108,-108.25
2026-08-31T08:45:00.000Z,SYNTH_CELL_A,109,-109.95
2026-08-31T08:45:00.000Z,SYNTH_CELL_A,110,-110.6
2026-08-31T08:45:00.000Z,SYNTH_CELL_A,111,-112.67
2026-08-31T08:45:00.000Z,SYNTH_CELL_A,112,-111.79
2026-08-31T08:45:00.000Z,SYNTH_CELL_A,113,-107.32
2026-08-31T08:45:00.000Z,SYNTH_CELL_A,114,-112.8
2026-08-31T08:45:00.000Z,SYNTH_CELL_A,115,-113.89
2026-08-31T08:45:00.000Z,SYNTH_CELL_A,116,-107.69
2026-08-31T08:45:00.000Z,SYNTH_CELL_A,117,-110.24
2026-08-31T08:45:00.000Z,SYNTH_CELL_A,118,-111.67
2026-08-31T08:45:00.000Z,SYNTH_CELL_A,119,-109.04
2026-08-31T08:45:00.000Z,SYNTH_CELL_A,120,-112.31
2026-08-31T08:45:00.000Z,SYNTH_CELL_A,121,-108.44
2026-08-31T08:45:00.000Z,SYNTH_CELL_A,122,-111.76
2026-08-31T08:45:00.000Z,SYNTH_CELL_A,123,-112.85
2026-08-31T08:45:00.000Z,SYNTH_CELL_A,124,-113.17
2026-08-31T08:45:00.000Z,SYNTH_CELL_A,125,-111.47
2026-08-31T08:45:00.000Z,SYNTH_CELL_A,126,-107.13
2026-08-31T08:45:00.000Z,SYNTH_CELL_A,127,-112.82
2026-08-31T08:45:00.000Z,SYNTH_CELL_A,128,-107.16
2026-08-31T08:45:00.000Z,SYNTH_CELL_A,129,-109.15
2026-08-31T08:45:00.000Z,SYNTH_CELL_A,130,-108.37
2026-08-31T08:45:00.000Z,SYNTH_CELL_A,131,-110.8
2026-08-31T08:45:00.000Z,SYNTH_CELL_A,132,-109.17
2026-08-31T08:45:00.000Z,SYNTH_CELL_A,133,-110.46
2026-08-31T08:45:00.000Z,SYNTH_CELL_A,134,-111.98
2026-08-31T08:45:00.000Z,SYNTH_CELL_A,135,-110.38
2026-08-31T08:45:00.000Z,SYNTH_CELL_A,136,-110.1
2026-08-31T08:45:00.000Z,SYNTH_CELL_A,137,-107.47
2026-08-31T08:45:00.000Z,SYNTH_CELL_A,138,-109.6
2026-08-31T08:45:00.000Z,SYNTH_CELL_A,139,-113.43
2026-08-31T08:45:00.000Z,SYNTH_CELL_A,140,-109.29
2026-08-31T08:45:00.000Z,SYNTH_CELL_A,141,-111.74
2026-08-31T08:45:00.000Z,SYNTH_CELL_A,142,-108.66
2026-08-31T08:45:00.000Z,SYNTH_CELL_A,143,-112.63
2026-08-31T08:45:00.000Z,SYNTH_CELL_A,144,-109
2026-08-31T08:45:00.000Z,SYNTH_CELL_A,145,-110.06
2026-08-31T08:45:00.000Z,SYNTH_CELL_A,146,-107.41
2026-08-31T08:45:00.000Z,SYNTH_CELL_A,147,-108.57
2026-08-31T08:45:00.000Z,SYNTH_CELL_A,148,-111.94
2026-08-31T08:45:00.000Z,SYNTH_CELL_A,149,-108.22
2026-08-31T08:45:00.000Z,SYNTH_CELL_A,150,-107.73
2026-08-31T08:45:00.000Z,SYNTH_CELL_A,151,-110.43
2026-08-31T08:45:00.000Z,SYNTH_CELL_A,152,-107.1
2026-08-31T08:45:00.000Z,SYNTH_CELL_A,153,-109.83
2026-08-31T08:45:00.000Z,SYNTH_CELL_A,154,-108.74
2026-08-31T08:45:00.000Z,SYNTH_CELL_A,155,-107.12
2026-08-31T08:45:00.000Z,SYNTH_CELL_A,156,-112.84
2026-08-31T08:45:00.000Z,SYNTH_CELL_A,157,-107.94
2026-08-31T08:45:00.000Z,SYNTH_CELL_A,158,-108.21
2026-08-31T08:45:00.000Z,SYNTH_CELL_A,159,-107.77
2026-08-31T08:45:00.000Z,SYNTH_CELL_A,160,-108.39
2026-08-31T08:45:00.000Z,SYNTH_CELL_A,161,-111.75
2026-08-31T08:45:00.000Z,SYNTH_CELL_A,162,-110.77
2026-08-31T08:45:00.000Z,SYNTH_CELL_A,163,-112.7
2026-08-31T08:45:00.000Z,SYNTH_CELL_A,164,-111.63
2026-08-31T08:45:00.000Z,SYNTH_CELL_A,165,-111.01
2026-08-31T08:45:00.000Z,SYNTH_CELL_A,166,-107.13
2026-08-31T08:45:00.000Z,SYNTH_CELL_A,167,-113.7
2026-08-31T08:45:00.000Z,SYNTH_CELL_A,168,-108.32
2026-08-31T08:45:00.000Z,SYNTH_CELL_A,169,-112.42
2026-08-31T08:45:00.000Z,SYNTH_CELL_A,170,-107.05
2026-08-31T08:45:00.000Z,SYNTH_CELL_A,171,-110.63
2026-08-31T08:45:00.000Z,SYNTH_CELL_A,172,-111.8
2026-08-31T08:45:00.000Z,SYNTH_CELL_A,173,-108.71
2026-08-31T08:45:00.000Z,SYNTH_CELL_A,174,-113.49
2026-08-31T08:45:00.000Z,SYNTH_CELL_A,175,-110.23
2026-08-31T08:45:00.000Z,SYNTH_CELL_A,176,-107.23
2026-08-31T08:45:00.000Z,SYNTH_CELL_A,177,-107.27
2026-08-31T08:45:00.000Z,SYNTH_CELL_A,178,-113.91
2026-08-31T08:45:00.000Z,SYNTH_CELL_A,179,-107.8
2026-08-31T08:45:00.000Z,SYNTH_CELL_A,180,-110.82
2026-08-31T08:45:00.000Z,SYNTH_CELL_A,181,-107.17
2026-08-31T08:45:00.000Z,SYNTH_CELL_A,182,-109.1
2026-08-31T08:45:00.000Z,SYNTH_CELL_A,183,-108.65
2026-08-31T08:45:00.000Z,SYNTH_CELL_A,184,-112.15
2026-08-31T08:45:00.000Z,SYNTH_CELL_A,185,-109.09
2026-08-31T08:45:00.000Z,SYNTH_CELL_A,186,-108.93
2026-08-31T08:45:00.000Z,SYNTH_CELL_A,187,-112.65
2026-08-31T08:45:00.000Z,SYNTH_CELL_A,188,-109.2
2026-08-31T08:45:00.000Z,SYNTH_CELL_A,189,-109.64
2026-08-31T08:45:00.000Z,SYNTH_CELL_A,190,-108.6
2026-08-31T08:45:00.000Z,SYNTH_CELL_A,191,-111.44
2026-08-31T08:45:00.000Z,SYNTH_CELL_A,192,-109.74
2026-08-31T08:45:00.000Z,SYNTH_CELL_A,193,-108.5
2026-08-31T08:45:00.000Z,SYNTH_CELL_A,194,-108.06
2026-08-31T08:45:00.000Z,SYNTH_CELL_A,195,-112.5
2026-08-31T08:45:00.000Z,SYNTH_CELL_A,196,-112.74
2026-08-31T08:45:00.000Z,SYNTH_CELL_A,197,-107.48
2026-08-31T08:45:00.000Z,SYNTH_CELL_A,198,-111.41
2026-08-31T08:45:00.000Z,SYNTH_CELL_A,199,-113.21
2026-08-31T08:45:00.000Z,SYNTH_CELL_A,200,-111.82
2026-08-31T08:45:00.000Z,SYNTH_CELL_A,201,-108.54
2026-08-31T08:45:00.000Z,SYNTH_CELL_A,202,-113.41
2026-08-31T08:45:00.000Z,SYNTH_CELL_A,203,-108.87
2026-08-31T08:45:00.000Z,SYNTH_CELL_A,204,-113.79
2026-08-31T08:45:00.000Z,SYNTH_CELL_A,205,-110.72
2026-08-31T08:45:00.000Z,SYNTH_CELL_A,206,-108.15
2026-08-31T08:45:00.000Z,SYNTH_CELL_A,207,-113.36
2026-08-31T08:45:00.000Z,SYNTH_CELL_A,208,-109.59
2026-08-31T08:45:00.000Z,SYNTH_CELL_A,209,-112.52
2026-08-31T08:45:00.000Z,SYNTH_CELL_A,210,-113.35
2026-08-31T08:45:00.000Z,SYNTH_CELL_A,211,-108.2
2026-08-31T08:45:00.000Z,SYNTH_CELL_A,212,-109.99
2026-08-31T08:45:00.000Z,SYNTH_CELL_A,213,-112.47
2026-08-31T08:45:00.000Z,SYNTH_CELL_A,214,-112.55
2026-08-31T08:45:00.000Z,SYNTH_CELL_A,215,-108.43
2026-08-31T08:45:00.000Z,SYNTH_CELL_A,216,-113.56
2026-08-31T08:45:00.000Z,SYNTH_CELL_A,217,-107.15
2026-08-31T08:45:00.000Z,SYNTH_CELL_A,218,-112.11
2026-08-31T08:45:00.000Z,SYNTH_CELL_A,219,-113.69
2026-08-31T08:45:00.000Z,SYNTH_CELL_A,220,-112.73
2026-08-31T08:45:00.000Z,SYNTH_CELL_A,221,-107.13
2026-08-31T08:45:00.000Z,SYNTH_CELL_A,222,-110.44
2026-08-31T08:45:00.000Z,SYNTH_CELL_A,223,-111.69
2026-08-31T08:45:00.000Z,SYNTH_CELL_A,224,-110.52
2026-08-31T08:45:00.000Z,SYNTH_CELL_A,225,-113.81
2026-08-31T08:45:00.000Z,SYNTH_CELL_A,226,-113.5
2026-08-31T08:45:00.000Z,SYNTH_CELL_A,227,-112.31
2026-08-31T08:45:00.000Z,SYNTH_CELL_A,228,-113.96
2026-08-31T08:45:00.000Z,SYNTH_CELL_A,229,-112.5
2026-08-31T08:45:00.000Z,SYNTH_CELL_A,230,-113.4
2026-08-31T08:45:00.000Z,SYNTH_CELL_A,231,-113.35
2026-08-31T08:45:00.000Z,SYNTH_CELL_A,232,-112.1
2026-08-31T08:45:00.000Z,SYNTH_CELL_A,233,-108.61
2026-08-31T08:45:00.000Z,SYNTH_CELL_A,234,-107.98
2026-08-31T08:45:00.000Z,SYNTH_CELL_A,235,-108.95
2026-08-31T08:45:00.000Z,SYNTH_CELL_A,236,-109.51
2026-08-31T08:45:00.000Z,SYNTH_CELL_A,237,-108.07
2026-08-31T08:45:00.000Z,SYNTH_CELL_A,238,-113.55
2026-08-31T08:45:00.000Z,SYNTH_CELL_A,239,-111.78
2026-08-31T08:45:00.000Z,SYNTH_CELL_A,240,-111.36
2026-08-31T08:45:00.000Z,SYNTH_CELL_A,241,-111.04
2026-08-31T08:45:00.000Z,SYNTH_CELL_A,242,-108.52
2026-08-31T08:45:00.000Z,SYNTH_CELL_A,243,-110.97
2026-08-31T08:45:00.000Z,SYNTH_CELL_A,244,-109.95
2026-08-31T08:45:00.000Z,SYNTH_CELL_A,245,-110.81
2026-08-31T08:45:00.000Z,SYNTH_CELL_A,246,-112.03
2026-08-31T08:45:00.000Z,SYNTH_CELL_A,247,-111.82
2026-08-31T08:45:00.000Z,SYNTH_CELL_A,248,-108.68
2026-08-31T08:45:00.000Z,SYNTH_CELL_A,249,-111.1
2026-08-31T08:45:00.000Z,SYNTH_CELL_A,250,-111.54
2026-08-31T08:45:00.000Z,SYNTH_CELL_A,251,-109.42
2026-08-31T08:45:00.000Z,SYNTH_CELL_A,252,-107.28
2026-08-31T08:45:00.000Z,SYNTH_CELL_A,253,-111.86
2026-08-31T08:45:00.000Z,SYNTH_CELL_A,254,-112.91
2026-08-31T08:45:00.000Z,SYNTH_CELL_A,255,-107.47
2026-08-31T08:45:00.000Z,SYNTH_CELL_A,256,-112.16
2026-08-31T08:45:00.000Z,SYNTH_CELL_A,257,-111.83
2026-08-31T08:45:00.000Z,SYNTH_CELL_A,258,-111.06
2026-08-31T08:45:00.000Z,SYNTH_CELL_A,259,-111.48
2026-08-31T08:45:00.000Z,SYNTH_CELL_A,260,-109.41
2026-08-31T08:45:00.000Z,SYNTH_CELL_A,261,-113.29
2026-08-31T08:45:00.000Z,SYNTH_CELL_A,262,-107.56
2026-08-31T08:45:00.000Z,SYNTH_CELL_A,263,-109.78
2026-08-31T08:45:00.000Z,SYNTH_CELL_A,264,-113.09
2026-08-31T08:45:00.000Z,SYNTH_CELL_A,265,-107.3
2026-08-31T08:45:00.000Z,SYNTH_CELL_A,266,-112.7
2026-08-31T08:45:00.000Z,SYNTH_CELL_A,267,-112.11
2026-08-31T08:45:00.000Z,SYNTH_CELL_A,268,-107.18
2026-08-31T08:45:00.000Z,SYNTH_CELL_A,269,-109.39
2026-08-31T08:45:00.000Z,SYNTH_CELL_A,270,-111.38
2026-08-31T08:45:00.000Z,SYNTH_CELL_A,271,-112.17
2026-08-31T08:45:00.000Z,SYNTH_CELL_A,272,-112.44
2026-08-31T08:50:00.000Z,SYNTH_CELL_A,0,-107.17
2026-08-31T08:50:00.000Z,SYNTH_CELL_A,1,-107.21
2026-08-31T08:50:00.000Z,SYNTH_CELL_A,2,-113.42
2026-08-31T08:50:00.000Z,SYNTH_CELL_A,3,-107.61
2026-08-31T08:50:00.000Z,SYNTH_CELL_A,4,-107.21
2026-08-31T08:50:00.000Z,SYNTH_CELL_A,5,-111.35
2026-08-31T08:50:00.000Z,SYNTH_CELL_A,6,-107.77
2026-08-31T08:50:00.000Z,SYNTH_CELL_A,7,-111.08
2026-08-31T08:50:00.000Z,SYNTH_CELL_A,8,-110.83
2026-08-31T08:50:00.000Z,SYNTH_CELL_A,9,-108.43
2026-08-31T08:50:00.000Z,SYNTH_CELL_A,10,-110.67
2026-08-31T08:50:00.000Z,SYNTH_CELL_A,11,-112.95
2026-08-31T08:50:00.000Z,SYNTH_CELL_A,12,-108.15
2026-08-31T08:50:00.000Z,SYNTH_CELL_A,13,-113.11
2026-08-31T08:50:00.000Z,SYNTH_CELL_A,14,-111.73
2026-08-31T08:50:00.000Z,SYNTH_CELL_A,15,-110.33
2026-08-31T08:50:00.000Z,SYNTH_CELL_A,16,-110.33
2026-08-31T08:50:00.000Z,SYNTH_CELL_A,17,-111.08
2026-08-31T08:50:00.000Z,SYNTH_CELL_A,18,-109.29
2026-08-31T08:50:00.000Z,SYNTH_CELL_A,19,-112.04
2026-08-31T08:50:00.000Z,SYNTH_CELL_A,20,-110.12
2026-08-31T08:50:00.000Z,SYNTH_CELL_A,21,-113.31
2026-08-31T08:50:00.000Z,SYNTH_CELL_A,22,-111.29
2026-08-31T08:50:00.000Z,SYNTH_CELL_A,23,-110.69
2026-08-31T08:50:00.000Z,SYNTH_CELL_A,24,-108.88
2026-08-31T08:50:00.000Z,SYNTH_CELL_A,25,-109.08
2026-08-31T08:50:00.000Z,SYNTH_CELL_A,26,-111.16
2026-08-31T08:50:00.000Z,SYNTH_CELL_A,27,-107.88
2026-08-31T08:50:00.000Z,SYNTH_CELL_A,28,-111.14
2026-08-31T08:50:00.000Z,SYNTH_CELL_A,29,-107.59
2026-08-31T08:50:00.000Z,SYNTH_CELL_A,30,-90.95
2026-08-31T08:50:00.000Z,SYNTH_CELL_A,31,-92.36
2026-08-31T08:50:00.000Z,SYNTH_CELL_A,32,-90.21
2026-08-31T08:50:00.000Z,SYNTH_CELL_A,33,-90.73
2026-08-31T08:50:00.000Z,SYNTH_CELL_A,34,-90.27
2026-08-31T08:50:00.000Z,SYNTH_CELL_A,35,-94.45
2026-08-31T08:50:00.000Z,SYNTH_CELL_A,36,-96.33
2026-08-31T08:50:00.000Z,SYNTH_CELL_A,37,-108.31
2026-08-31T08:50:00.000Z,SYNTH_CELL_A,38,-109.57
2026-08-31T08:50:00.000Z,SYNTH_CELL_A,39,-107.22
2026-08-31T08:50:00.000Z,SYNTH_CELL_A,40,-108.01
2026-08-31T08:50:00.000Z,SYNTH_CELL_A,41,-110.21
2026-08-31T08:50:00.000Z,SYNTH_CELL_A,42,-113.5
2026-08-31T08:50:00.000Z,SYNTH_CELL_A,43,-112.64
2026-08-31T08:50:00.000Z,SYNTH_CELL_A,44,-109.42
2026-08-31T08:50:00.000Z,SYNTH_CELL_A,45,-110.47
2026-08-31T08:50:00.000Z,SYNTH_CELL_A,46,-113.36
2026-08-31T08:50:00.000Z,SYNTH_CELL_A,47,-107.63
2026-08-31T08:50:00.000Z,SYNTH_CELL_A,48,-113.79
2026-08-31T08:50:00.000Z,SYNTH_CELL_A,49,-109.41
2026-08-31T08:50:00.000Z,SYNTH_CELL_A,50,-111.49
2026-08-31T08:50:00.000Z,SYNTH_CELL_A,51,-109.06
2026-08-31T08:50:00.000Z,SYNTH_CELL_A,52,-112.06
2026-08-31T08:50:00.000Z,SYNTH_CELL_A,53,-109.35
2026-08-31T08:50:00.000Z,SYNTH_CELL_A,54,-111.17
2026-08-31T08:50:00.000Z,SYNTH_CELL_A,55,-109.3
2026-08-31T08:50:00.000Z,SYNTH_CELL_A,56,-107.92
2026-08-31T08:50:00.000Z,SYNTH_CELL_A,57,-111.91
2026-08-31T08:50:00.000Z,SYNTH_CELL_A,58,-111.01
2026-08-31T08:50:00.000Z,SYNTH_CELL_A,59,-111
2026-08-31T08:50:00.000Z,SYNTH_CELL_A,60,-109.87
2026-08-31T08:50:00.000Z,SYNTH_CELL_A,61,-113.11
2026-08-31T08:50:00.000Z,SYNTH_CELL_A,62,-108.76
2026-08-31T08:50:00.000Z,SYNTH_CELL_A,63,-110.44
2026-08-31T08:50:00.000Z,SYNTH_CELL_A,64,-111.77
2026-08-31T08:50:00.000Z,SYNTH_CELL_A,65,-109.84
2026-08-31T08:50:00.000Z,SYNTH_CELL_A,66,-107.82
2026-08-31T08:50:00.000Z,SYNTH_CELL_A,67,-112.88
2026-08-31T08:50:00.000Z,SYNTH_CELL_A,68,-111.62
2026-08-31T08:50:00.000Z,SYNTH_CELL_A,69,-109.89
2026-08-31T08:50:00.000Z,SYNTH_CELL_A,70,-113.54
2026-08-31T08:50:00.000Z,SYNTH_CELL_A,71,-109.05
2026-08-31T08:50:00.000Z,SYNTH_CELL_A,72,-113.5
2026-08-31T08:50:00.000Z,SYNTH_CELL_A,73,-109.6
2026-08-31T08:50:00.000Z,SYNTH_CELL_A,74,-112.88
2026-08-31T08:50:00.000Z,SYNTH_CELL_A,75,-109.87
2026-08-31T08:50:00.000Z,SYNTH_CELL_A,76,-113.32
2026-08-31T08:50:00.000Z,SYNTH_CELL_A,77,-108.49
2026-08-31T08:50:00.000Z,SYNTH_CELL_A,78,-108.63
2026-08-31T08:50:00.000Z,SYNTH_CELL_A,79,-112.54
2026-08-31T08:50:00.000Z,SYNTH_CELL_A,80,-111.59
2026-08-31T08:50:00.000Z,SYNTH_CELL_A,81,-110.62
2026-08-31T08:50:00.000Z,SYNTH_CELL_A,82,-110.9
2026-08-31T08:50:00.000Z,SYNTH_CELL_A,83,-109.05
2026-08-31T08:50:00.000Z,SYNTH_CELL_A,84,-111.99
2026-08-31T08:50:00.000Z,SYNTH_CELL_A,85,-111.88
2026-08-31T08:50:00.000Z,SYNTH_CELL_A,86,-108.03
2026-08-31T08:50:00.000Z,SYNTH_CELL_A,87,-108.01
2026-08-31T08:50:00.000Z,SYNTH_CELL_A,88,-113.82
2026-08-31T08:50:00.000Z,SYNTH_CELL_A,89,-107.16
2026-08-31T08:50:00.000Z,SYNTH_CELL_A,90,-108.85
2026-08-31T08:50:00.000Z,SYNTH_CELL_A,91,-112.89
2026-08-31T08:50:00.000Z,SYNTH_CELL_A,92,-113.31
2026-08-31T08:50:00.000Z,SYNTH_CELL_A,93,-109.48
2026-08-31T08:50:00.000Z,SYNTH_CELL_A,94,-110.2
2026-08-31T08:50:00.000Z,SYNTH_CELL_A,95,-111.83
2026-08-31T08:50:00.000Z,SYNTH_CELL_A,96,-107.54
2026-08-31T08:50:00.000Z,SYNTH_CELL_A,97,-110.23
2026-08-31T08:50:00.000Z,SYNTH_CELL_A,98,-109.58
2026-08-31T08:50:00.000Z,SYNTH_CELL_A,99,-113.07
2026-08-31T08:50:00.000Z,SYNTH_CELL_A,100,-109.08
2026-08-31T08:50:00.000Z,SYNTH_CELL_A,101,-112.53
2026-08-31T08:50:00.000Z,SYNTH_CELL_A,102,-107.77
2026-08-31T08:50:00.000Z,SYNTH_CELL_A,103,-113.15
2026-08-31T08:50:00.000Z,SYNTH_CELL_A,104,-108.76
2026-08-31T08:50:00.000Z,SYNTH_CELL_A,105,-111.29
2026-08-31T08:50:00.000Z,SYNTH_CELL_A,106,-109.1
2026-08-31T08:50:00.000Z,SYNTH_CELL_A,107,-109.54
2026-08-31T08:50:00.000Z,SYNTH_CELL_A,108,-113.47
2026-08-31T08:50:00.000Z,SYNTH_CELL_A,109,-110.05
2026-08-31T08:50:00.000Z,SYNTH_CELL_A,110,-112.84
2026-08-31T08:50:00.000Z,SYNTH_CELL_A,111,-107.76
2026-08-31T08:50:00.000Z,SYNTH_CELL_A,112,-112.36
2026-08-31T08:50:00.000Z,SYNTH_CELL_A,113,-111.46
2026-08-31T08:50:00.000Z,SYNTH_CELL_A,114,-110.23
2026-08-31T08:50:00.000Z,SYNTH_CELL_A,115,-108.94
2026-08-31T08:50:00.000Z,SYNTH_CELL_A,116,-111.75
2026-08-31T08:50:00.000Z,SYNTH_CELL_A,117,-108.81
2026-08-31T08:50:00.000Z,SYNTH_CELL_A,118,-108.4
2026-08-31T08:50:00.000Z,SYNTH_CELL_A,119,-112.44
2026-08-31T08:50:00.000Z,SYNTH_CELL_A,120,-113.03
2026-08-31T08:50:00.000Z,SYNTH_CELL_A,121,-113.66
2026-08-31T08:50:00.000Z,SYNTH_CELL_A,122,-111.21
2026-08-31T08:50:00.000Z,SYNTH_CELL_A,123,-112.45
2026-08-31T08:50:00.000Z,SYNTH_CELL_A,124,-110.52
2026-08-31T08:50:00.000Z,SYNTH_CELL_A,125,-107.5
2026-08-31T08:50:00.000Z,SYNTH_CELL_A,126,-113.12
2026-08-31T08:50:00.000Z,SYNTH_CELL_A,127,-109.72
2026-08-31T08:50:00.000Z,SYNTH_CELL_A,128,-109.19
2026-08-31T08:50:00.000Z,SYNTH_CELL_A,129,-113.63
2026-08-31T08:50:00.000Z,SYNTH_CELL_A,130,-112.68
2026-08-31T08:50:00.000Z,SYNTH_CELL_A,131,-110.67
2026-08-31T08:50:00.000Z,SYNTH_CELL_A,132,-112.92
2026-08-31T08:50:00.000Z,SYNTH_CELL_A,133,-109.52
2026-08-31T08:50:00.000Z,SYNTH_CELL_A,134,-110.46
2026-08-31T08:50:00.000Z,SYNTH_CELL_A,135,-107.21
2026-08-31T08:50:00.000Z,SYNTH_CELL_A,136,-110.89
2026-08-31T08:50:00.000Z,SYNTH_CELL_A,137,-109.29
2026-08-31T08:50:00.000Z,SYNTH_CELL_A,138,-111.76
2026-08-31T08:50:00.000Z,SYNTH_CELL_A,139,-107.88
2026-08-31T08:50:00.000Z,SYNTH_CELL_A,140,-110.52
2026-08-31T08:50:00.000Z,SYNTH_CELL_A,141,-108.68
2026-08-31T08:50:00.000Z,SYNTH_CELL_A,142,-112.57
2026-08-31T08:50:00.000Z,SYNTH_CELL_A,143,-108.96
2026-08-31T08:50:00.000Z,SYNTH_CELL_A,144,-111.26
2026-08-31T08:50:00.000Z,SYNTH_CELL_A,145,-110.47
2026-08-31T08:50:00.000Z,SYNTH_CELL_A,146,-110
2026-08-31T08:50:00.000Z,SYNTH_CELL_A,147,-111.35
2026-08-31T08:50:00.000Z,SYNTH_CELL_A,148,-109.37
2026-08-31T08:50:00.000Z,SYNTH_CELL_A,149,-112.02
2026-08-31T08:50:00.000Z,SYNTH_CELL_A,150,-108.26
2026-08-31T08:50:00.000Z,SYNTH_CELL_A,151,-107.02
2026-08-31T08:50:00.000Z,SYNTH_CELL_A,152,-111.96
2026-08-31T08:50:00.000Z,SYNTH_CELL_A,153,-111.9
2026-08-31T08:50:00.000Z,SYNTH_CELL_A,154,-112.38
2026-08-31T08:50:00.000Z,SYNTH_CELL_A,155,-113.04
2026-08-31T08:50:00.000Z,SYNTH_CELL_A,156,-110.14
2026-08-31T08:50:00.000Z,SYNTH_CELL_A,157,-108.55
2026-08-31T08:50:00.000Z,SYNTH_CELL_A,158,-108.69
2026-08-31T08:50:00.000Z,SYNTH_CELL_A,159,-107.1
2026-08-31T08:50:00.000Z,SYNTH_CELL_A,160,-108.47
2026-08-31T08:50:00.000Z,SYNTH_CELL_A,161,-112.88
2026-08-31T08:50:00.000Z,SYNTH_CELL_A,162,-107.95
2026-08-31T08:50:00.000Z,SYNTH_CELL_A,163,-110.51
2026-08-31T08:50:00.000Z,SYNTH_CELL_A,164,-111.69
2026-08-31T08:50:00.000Z,SYNTH_CELL_A,165,-113
2026-08-31T08:50:00.000Z,SYNTH_CELL_A,166,-110.36
2026-08-31T08:50:00.000Z,SYNTH_CELL_A,167,-111.75
2026-08-31T08:50:00.000Z,SYNTH_CELL_A,168,-109.69
2026-08-31T08:50:00.000Z,SYNTH_CELL_A,169,-110.68
2026-08-31T08:50:00.000Z,SYNTH_CELL_A,170,-110.37
2026-08-31T08:50:00.000Z,SYNTH_CELL_A,171,-111.28
2026-08-31T08:50:00.000Z,SYNTH_CELL_A,172,-108.9
2026-08-31T08:50:00.000Z,SYNTH_CELL_A,173,-111.86
2026-08-31T08:50:00.000Z,SYNTH_CELL_A,174,-112.38
2026-08-31T08:50:00.000Z,SYNTH_CELL_A,175,-113.74
2026-08-31T08:50:00.000Z,SYNTH_CELL_A,176,-111.2
2026-08-31T08:50:00.000Z,SYNTH_CELL_A,177,-113.64
2026-08-31T08:50:00.000Z,SYNTH_CELL_A,178,-107.69
2026-08-31T08:50:00.000Z,SYNTH_CELL_A,179,-110.07
2026-08-31T08:50:00.000Z,SYNTH_CELL_A,180,-109.65
2026-08-31T08:50:00.000Z,SYNTH_CELL_A,181,-109.79
2026-08-31T08:50:00.000Z,SYNTH_CELL_A,182,-109.84
2026-08-31T08:50:00.000Z,SYNTH_CELL_A,183,-113.43
2026-08-31T08:50:00.000Z,SYNTH_CELL_A,184,-107.33
2026-08-31T08:50:00.000Z,SYNTH_CELL_A,185,-108.13
2026-08-31T08:50:00.000Z,SYNTH_CELL_A,186,-107.82
2026-08-31T08:50:00.000Z,SYNTH_CELL_A,187,-109.32
2026-08-31T08:50:00.000Z,SYNTH_CELL_A,188,-109.82
2026-08-31T08:50:00.000Z,SYNTH_CELL_A,189,-111.53
2026-08-31T08:50:00.000Z,SYNTH_CELL_A,190,-111.76
2026-08-31T08:50:00.000Z,SYNTH_CELL_A,191,-109.35
2026-08-31T08:50:00.000Z,SYNTH_CELL_A,192,-111.99
2026-08-31T08:50:00.000Z,SYNTH_CELL_A,193,-111.51
2026-08-31T08:50:00.000Z,SYNTH_CELL_A,194,-108.72
2026-08-31T08:50:00.000Z,SYNTH_CELL_A,195,-112.92
2026-08-31T08:50:00.000Z,SYNTH_CELL_A,196,-113.83
2026-08-31T08:50:00.000Z,SYNTH_CELL_A,197,-108.98
2026-08-31T08:50:00.000Z,SYNTH_CELL_A,198,-110.57
2026-08-31T08:50:00.000Z,SYNTH_CELL_A,199,-109.84
2026-08-31T08:50:00.000Z,SYNTH_CELL_A,200,-109.28
2026-08-31T08:50:00.000Z,SYNTH_CELL_A,201,-112.83
2026-08-31T08:50:00.000Z,SYNTH_CELL_A,202,-111.85
2026-08-31T08:50:00.000Z,SYNTH_CELL_A,203,-109.95
2026-08-31T08:50:00.000Z,SYNTH_CELL_A,204,-111.25
2026-08-31T08:50:00.000Z,SYNTH_CELL_A,205,-109.41
2026-08-31T08:50:00.000Z,SYNTH_CELL_A,206,-111.9
2026-08-31T08:50:00.000Z,SYNTH_CELL_A,207,-108.34
2026-08-31T08:50:00.000Z,SYNTH_CELL_A,208,-107.97
2026-08-31T08:50:00.000Z,SYNTH_CELL_A,209,-107.47
2026-08-31T08:50:00.000Z,SYNTH_CELL_A,210,-110.62
2026-08-31T08:50:00.000Z,SYNTH_CELL_A,211,-111.94
2026-08-31T08:50:00.000Z,SYNTH_CELL_A,212,-112.19
2026-08-31T08:50:00.000Z,SYNTH_CELL_A,213,-111.16
2026-08-31T08:50:00.000Z,SYNTH_CELL_A,214,-113.28
2026-08-31T08:50:00.000Z,SYNTH_CELL_A,215,-107.77
2026-08-31T08:50:00.000Z,SYNTH_CELL_A,216,-107.8
2026-08-31T08:50:00.000Z,SYNTH_CELL_A,217,-111.55
2026-08-31T08:50:00.000Z,SYNTH_CELL_A,218,-110
2026-08-31T08:50:00.000Z,SYNTH_CELL_A,219,-112.47
2026-08-31T08:50:00.000Z,SYNTH_CELL_A,220,-111.41
2026-08-31T08:50:00.000Z,SYNTH_CELL_A,221,-109.78
2026-08-31T08:50:00.000Z,SYNTH_CELL_A,222,-107.76
2026-08-31T08:50:00.000Z,SYNTH_CELL_A,223,-113.04
2026-08-31T08:50:00.000Z,SYNTH_CELL_A,224,-111.89
2026-08-31T08:50:00.000Z,SYNTH_CELL_A,225,-108.29
2026-08-31T08:50:00.000Z,SYNTH_CELL_A,226,-110.63
2026-08-31T08:50:00.000Z,SYNTH_CELL_A,227,-108.14
2026-08-31T08:50:00.000Z,SYNTH_CELL_A,228,-112.62
2026-08-31T08:50:00.000Z,SYNTH_CELL_A,229,-110.95
2026-08-31T08:50:00.000Z,SYNTH_CELL_A,230,-112.21
2026-08-31T08:50:00.000Z,SYNTH_CELL_A,231,-108.95
2026-08-31T08:50:00.000Z,SYNTH_CELL_A,232,-109.32
2026-08-31T08:50:00.000Z,SYNTH_CELL_A,233,-110.39
2026-08-31T08:50:00.000Z,SYNTH_CELL_A,234,-108.26
2026-08-31T08:50:00.000Z,SYNTH_CELL_A,235,-112.65
2026-08-31T08:50:00.000Z,SYNTH_CELL_A,236,-109.66
2026-08-31T08:50:00.000Z,SYNTH_CELL_A,237,-110.37
2026-08-31T08:50:00.000Z,SYNTH_CELL_A,238,-109.36
2026-08-31T08:50:00.000Z,SYNTH_CELL_A,239,-110.48
2026-08-31T08:50:00.000Z,SYNTH_CELL_A,240,-111.37
2026-08-31T08:50:00.000Z,SYNTH_CELL_A,241,-112.31
2026-08-31T08:50:00.000Z,SYNTH_CELL_A,242,-112.81
2026-08-31T08:50:00.000Z,SYNTH_CELL_A,243,-108.5
2026-08-31T08:50:00.000Z,SYNTH_CELL_A,244,-109.99
2026-08-31T08:50:00.000Z,SYNTH_CELL_A,245,-107.03
2026-08-31T08:50:00.000Z,SYNTH_CELL_A,246,-111.47
2026-08-31T08:50:00.000Z,SYNTH_CELL_A,247,-111.05
2026-08-31T08:50:00.000Z,SYNTH_CELL_A,248,-109.18
2026-08-31T08:50:00.000Z,SYNTH_CELL_A,249,-112.73
2026-08-31T08:50:00.000Z,SYNTH_CELL_A,250,-112.64
2026-08-31T08:50:00.000Z,SYNTH_CELL_A,251,-108.02
2026-08-31T08:50:00.000Z,SYNTH_CELL_A,252,-113.24
2026-08-31T08:50:00.000Z,SYNTH_CELL_A,253,-111.36
2026-08-31T08:50:00.000Z,SYNTH_CELL_A,254,-111.6
2026-08-31T08:50:00.000Z,SYNTH_CELL_A,255,-107.23
2026-08-31T08:50:00.000Z,SYNTH_CELL_A,256,-109.97
2026-08-31T08:50:00.000Z,SYNTH_CELL_A,257,-113.77
2026-08-31T08:50:00.000Z,SYNTH_CELL_A,258,-111.75
2026-08-31T08:50:00.000Z,SYNTH_CELL_A,259,-113.13
2026-08-31T08:50:00.000Z,SYNTH_CELL_A,260,-107.11
2026-08-31T08:50:00.000Z,SYNTH_CELL_A,261,-107.9
2026-08-31T08:50:00.000Z,SYNTH_CELL_A,262,-107.65
2026-08-31T08:50:00.000Z,SYNTH_CELL_A,263,-107.32
2026-08-31T08:50:00.000Z,SYNTH_CELL_A,264,-111.23
2026-08-31T08:50:00.000Z,SYNTH_CELL_A,265,-113.52
2026-08-31T08:50:00.000Z,SYNTH_CELL_A,266,-108.76
2026-08-31T08:50:00.000Z,SYNTH_CELL_A,267,-107.51
2026-08-31T08:50:00.000Z,SYNTH_CELL_A,268,-112.25
2026-08-31T08:50:00.000Z,SYNTH_CELL_A,269,-112.26
2026-08-31T08:50:00.000Z,SYNTH_CELL_A,270,-112.82
2026-08-31T08:50:00.000Z,SYNTH_CELL_A,271,-108.52
2026-08-31T08:50:00.000Z,SYNTH_CELL_A,272,-108.87
2026-08-31T08:55:00.000Z,SYNTH_CELL_A,0,-113.89
2026-08-31T08:55:00.000Z,SYNTH_CELL_A,1,-111.79
2026-08-31T08:55:00.000Z,SYNTH_CELL_A,2,-110.29
2026-08-31T08:55:00.000Z,SYNTH_CELL_A,3,-110.48
2026-08-31T08:55:00.000Z,SYNTH_CELL_A,4,-110.52
2026-08-31T08:55:00.000Z,SYNTH_CELL_A,5,-109.83
2026-08-31T08:55:00.000Z,SYNTH_CELL_A,6,-113.63
2026-08-31T08:55:00.000Z,SYNTH_CELL_A,7,-108.59
2026-08-31T08:55:00.000Z,SYNTH_CELL_A,8,-109.37
2026-08-31T08:55:00.000Z,SYNTH_CELL_A,9,-107.25
2026-08-31T08:55:00.000Z,SYNTH_CELL_A,10,-107.24
2026-08-31T08:55:00.000Z,SYNTH_CELL_A,11,-107.03
2026-08-31T08:55:00.000Z,SYNTH_CELL_A,12,-109.56
2026-08-31T08:55:00.000Z,SYNTH_CELL_A,13,-108.87
2026-08-31T08:55:00.000Z,SYNTH_CELL_A,14,-112.36
2026-08-31T08:55:00.000Z,SYNTH_CELL_A,15,-112.49
2026-08-31T08:55:00.000Z,SYNTH_CELL_A,16,-113.41
2026-08-31T08:55:00.000Z,SYNTH_CELL_A,17,-108.47
2026-08-31T08:55:00.000Z,SYNTH_CELL_A,18,-112.98
2026-08-31T08:55:00.000Z,SYNTH_CELL_A,19,-112.45
2026-08-31T08:55:00.000Z,SYNTH_CELL_A,20,-107.72
2026-08-31T08:55:00.000Z,SYNTH_CELL_A,21,-108.32
2026-08-31T08:55:00.000Z,SYNTH_CELL_A,22,-112.36
2026-08-31T08:55:00.000Z,SYNTH_CELL_A,23,-110.57
2026-08-31T08:55:00.000Z,SYNTH_CELL_A,24,-111.35
2026-08-31T08:55:00.000Z,SYNTH_CELL_A,25,-107.65
2026-08-31T08:55:00.000Z,SYNTH_CELL_A,26,-108.47
2026-08-31T08:55:00.000Z,SYNTH_CELL_A,27,-110.44
2026-08-31T08:55:00.000Z,SYNTH_CELL_A,28,-113.3
2026-08-31T08:55:00.000Z,SYNTH_CELL_A,29,-109.8
2026-08-31T08:55:00.000Z,SYNTH_CELL_A,30,-96.64
2026-08-31T08:55:00.000Z,SYNTH_CELL_A,31,-94.18
2026-08-31T08:55:00.000Z,SYNTH_CELL_A,32,-93.82
2026-08-31T08:55:00.000Z,SYNTH_CELL_A,33,-96.41
2026-08-31T08:55:00.000Z,SYNTH_CELL_A,34,-95.93
2026-08-31T08:55:00.000Z,SYNTH_CELL_A,35,-91.45
2026-08-31T08:55:00.000Z,SYNTH_CELL_A,36,-96.98
2026-08-31T08:55:00.000Z,SYNTH_CELL_A,37,-109.35
2026-08-31T08:55:00.000Z,SYNTH_CELL_A,38,-107.87
2026-08-31T08:55:00.000Z,SYNTH_CELL_A,39,-108.21
2026-08-31T08:55:00.000Z,SYNTH_CELL_A,40,-109.42
2026-08-31T08:55:00.000Z,SYNTH_CELL_A,41,-111.35
2026-08-31T08:55:00.000Z,SYNTH_CELL_A,42,-112.18
2026-08-31T08:55:00.000Z,SYNTH_CELL_A,43,-111.44
2026-08-31T08:55:00.000Z,SYNTH_CELL_A,44,-109.17
2026-08-31T08:55:00.000Z,SYNTH_CELL_A,45,-108.81
2026-08-31T08:55:00.000Z,SYNTH_CELL_A,46,-113.61
2026-08-31T08:55:00.000Z,SYNTH_CELL_A,47,-111.82
2026-08-31T08:55:00.000Z,SYNTH_CELL_A,48,-109.44
2026-08-31T08:55:00.000Z,SYNTH_CELL_A,49,-109.33
2026-08-31T08:55:00.000Z,SYNTH_CELL_A,50,-113.86
2026-08-31T08:55:00.000Z,SYNTH_CELL_A,51,-113.27
2026-08-31T08:55:00.000Z,SYNTH_CELL_A,52,-113.7
2026-08-31T08:55:00.000Z,SYNTH_CELL_A,53,-110.19
2026-08-31T08:55:00.000Z,SYNTH_CELL_A,54,-113.79
2026-08-31T08:55:00.000Z,SYNTH_CELL_A,55,-111.06
2026-08-31T08:55:00.000Z,SYNTH_CELL_A,56,-108.19
2026-08-31T08:55:00.000Z,SYNTH_CELL_A,57,-109.98
2026-08-31T08:55:00.000Z,SYNTH_CELL_A,58,-107.42
2026-08-31T08:55:00.000Z,SYNTH_CELL_A,59,-113.07
2026-08-31T08:55:00.000Z,SYNTH_CELL_A,60,-109.54
2026-08-31T08:55:00.000Z,SYNTH_CELL_A,61,-111.31
2026-08-31T08:55:00.000Z,SYNTH_CELL_A,62,-113.24
2026-08-31T08:55:00.000Z,SYNTH_CELL_A,63,-109.56
2026-08-31T08:55:00.000Z,SYNTH_CELL_A,64,-109.87
2026-08-31T08:55:00.000Z,SYNTH_CELL_A,65,-113.55
2026-08-31T08:55:00.000Z,SYNTH_CELL_A,66,-110.38
2026-08-31T08:55:00.000Z,SYNTH_CELL_A,67,-109.89
2026-08-31T08:55:00.000Z,SYNTH_CELL_A,68,-109.29
2026-08-31T08:55:00.000Z,SYNTH_CELL_A,69,-109.21
2026-08-31T08:55:00.000Z,SYNTH_CELL_A,70,-111.58
2026-08-31T08:55:00.000Z,SYNTH_CELL_A,71,-112.23
2026-08-31T08:55:00.000Z,SYNTH_CELL_A,72,-110.54
2026-08-31T08:55:00.000Z,SYNTH_CELL_A,73,-110.89
2026-08-31T08:55:00.000Z,SYNTH_CELL_A,74,-107.7
2026-08-31T08:55:00.000Z,SYNTH_CELL_A,75,-110.51
2026-08-31T08:55:00.000Z,SYNTH_CELL_A,76,-111.62
2026-08-31T08:55:00.000Z,SYNTH_CELL_A,77,-109.91
2026-08-31T08:55:00.000Z,SYNTH_CELL_A,78,-108.8
2026-08-31T08:55:00.000Z,SYNTH_CELL_A,79,-109.57
2026-08-31T08:55:00.000Z,SYNTH_CELL_A,80,-111.49
2026-08-31T08:55:00.000Z,SYNTH_CELL_A,81,-112.76
2026-08-31T08:55:00.000Z,SYNTH_CELL_A,82,-107.64
2026-08-31T08:55:00.000Z,SYNTH_CELL_A,83,-112.64
2026-08-31T08:55:00.000Z,SYNTH_CELL_A,84,-108.71
2026-08-31T08:55:00.000Z,SYNTH_CELL_A,85,-107.36
2026-08-31T08:55:00.000Z,SYNTH_CELL_A,86,-113.68
2026-08-31T08:55:00.000Z,SYNTH_CELL_A,87,-108.08
2026-08-31T08:55:00.000Z,SYNTH_CELL_A,88,-107.99
2026-08-31T08:55:00.000Z,SYNTH_CELL_A,89,-112.01
2026-08-31T08:55:00.000Z,SYNTH_CELL_A,90,-111.53
2026-08-31T08:55:00.000Z,SYNTH_CELL_A,91,-110.38
2026-08-31T08:55:00.000Z,SYNTH_CELL_A,92,-107.73
2026-08-31T08:55:00.000Z,SYNTH_CELL_A,93,-110.31
2026-08-31T08:55:00.000Z,SYNTH_CELL_A,94,-112.69
2026-08-31T08:55:00.000Z,SYNTH_CELL_A,95,-107.71
2026-08-31T08:55:00.000Z,SYNTH_CELL_A,96,-111.33
2026-08-31T08:55:00.000Z,SYNTH_CELL_A,97,-109.02
2026-08-31T08:55:00.000Z,SYNTH_CELL_A,98,-112.67
2026-08-31T08:55:00.000Z,SYNTH_CELL_A,99,-110.93
2026-08-31T08:55:00.000Z,SYNTH_CELL_A,100,-107.12
2026-08-31T08:55:00.000Z,SYNTH_CELL_A,101,-108.05
2026-08-31T08:55:00.000Z,SYNTH_CELL_A,102,-107.93
2026-08-31T08:55:00.000Z,SYNTH_CELL_A,103,-107.41
2026-08-31T08:55:00.000Z,SYNTH_CELL_A,104,-108.66
2026-08-31T08:55:00.000Z,SYNTH_CELL_A,105,-107.99
2026-08-31T08:55:00.000Z,SYNTH_CELL_A,106,-110.71
2026-08-31T08:55:00.000Z,SYNTH_CELL_A,107,-108.05
2026-08-31T08:55:00.000Z,SYNTH_CELL_A,108,-109.06
2026-08-31T08:55:00.000Z,SYNTH_CELL_A,109,-112.48
2026-08-31T08:55:00.000Z,SYNTH_CELL_A,110,-112.94
2026-08-31T08:55:00.000Z,SYNTH_CELL_A,111,-111.95
2026-08-31T08:55:00.000Z,SYNTH_CELL_A,112,-110.71
2026-08-31T08:55:00.000Z,SYNTH_CELL_A,113,-111.07
2026-08-31T08:55:00.000Z,SYNTH_CELL_A,114,-111.82
2026-08-31T08:55:00.000Z,SYNTH_CELL_A,115,-107.35
2026-08-31T08:55:00.000Z,SYNTH_CELL_A,116,-111.8
2026-08-31T08:55:00.000Z,SYNTH_CELL_A,117,-112.18
2026-08-31T08:55:00.000Z,SYNTH_CELL_A,118,-113.4
2026-08-31T08:55:00.000Z,SYNTH_CELL_A,119,-108.62
2026-08-31T08:55:00.000Z,SYNTH_CELL_A,120,-112.8
2026-08-31T08:55:00.000Z,SYNTH_CELL_A,121,-107.15
2026-08-31T08:55:00.000Z,SYNTH_CELL_A,122,-113.95
2026-08-31T08:55:00.000Z,SYNTH_CELL_A,123,-110.31
2026-08-31T08:55:00.000Z,SYNTH_CELL_A,124,-107.92
2026-08-31T08:55:00.000Z,SYNTH_CELL_A,125,-112.28
2026-08-31T08:55:00.000Z,SYNTH_CELL_A,126,-108.43
2026-08-31T08:55:00.000Z,SYNTH_CELL_A,127,-112.32
2026-08-31T08:55:00.000Z,SYNTH_CELL_A,128,-110.39
2026-08-31T08:55:00.000Z,SYNTH_CELL_A,129,-107.18
2026-08-31T08:55:00.000Z,SYNTH_CELL_A,130,-111.57
2026-08-31T08:55:00.000Z,SYNTH_CELL_A,131,-111.41
2026-08-31T08:55:00.000Z,SYNTH_CELL_A,132,-113.28
2026-08-31T08:55:00.000Z,SYNTH_CELL_A,133,-107.6
2026-08-31T08:55:00.000Z,SYNTH_CELL_A,134,-107.22
2026-08-31T08:55:00.000Z,SYNTH_CELL_A,135,-108.55
2026-08-31T08:55:00.000Z,SYNTH_CELL_A,136,-111.32
2026-08-31T08:55:00.000Z,SYNTH_CELL_A,137,-107.41
2026-08-31T08:55:00.000Z,SYNTH_CELL_A,138,-107.62
2026-08-31T08:55:00.000Z,SYNTH_CELL_A,139,-111.67
2026-08-31T08:55:00.000Z,SYNTH_CELL_A,140,-113.3
2026-08-31T08:55:00.000Z,SYNTH_CELL_A,141,-107.24
2026-08-31T08:55:00.000Z,SYNTH_CELL_A,142,-111.65
2026-08-31T08:55:00.000Z,SYNTH_CELL_A,143,-113.36
2026-08-31T08:55:00.000Z,SYNTH_CELL_A,144,-109.17
2026-08-31T08:55:00.000Z,SYNTH_CELL_A,145,-111.53
2026-08-31T08:55:00.000Z,SYNTH_CELL_A,146,-108.61
2026-08-31T08:55:00.000Z,SYNTH_CELL_A,147,-107.46
2026-08-31T08:55:00.000Z,SYNTH_CELL_A,148,-110.12
2026-08-31T08:55:00.000Z,SYNTH_CELL_A,149,-108.87
2026-08-31T08:55:00.000Z,SYNTH_CELL_A,150,-112.37
2026-08-31T08:55:00.000Z,SYNTH_CELL_A,151,-110.39
2026-08-31T08:55:00.000Z,SYNTH_CELL_A,152,-113.71
2026-08-31T08:55:00.000Z,SYNTH_CELL_A,153,-113.42
2026-08-31T08:55:00.000Z,SYNTH_CELL_A,154,-113.27
2026-08-31T08:55:00.000Z,SYNTH_CELL_A,155,-111
2026-08-31T08:55:00.000Z,SYNTH_CELL_A,156,-112.16
2026-08-31T08:55:00.000Z,SYNTH_CELL_A,157,-107.63
2026-08-31T08:55:00.000Z,SYNTH_CELL_A,158,-107.54
2026-08-31T08:55:00.000Z,SYNTH_CELL_A,159,-111.18
2026-08-31T08:55:00.000Z,SYNTH_CELL_A,160,-107.75
2026-08-31T08:55:00.000Z,SYNTH_CELL_A,161,-110.81
2026-08-31T08:55:00.000Z,SYNTH_CELL_A,162,-112.4
2026-08-31T08:55:00.000Z,SYNTH_CELL_A,163,-110.91
2026-08-31T08:55:00.000Z,SYNTH_CELL_A,164,-113.39
2026-08-31T08:55:00.000Z,SYNTH_CELL_A,165,-109.05
2026-08-31T08:55:00.000Z,SYNTH_CELL_A,166,-109.91
2026-08-31T08:55:00.000Z,SYNTH_CELL_A,167,-109.03
2026-08-31T08:55:00.000Z,SYNTH_CELL_A,168,-109.41
2026-08-31T08:55:00.000Z,SYNTH_CELL_A,169,-112.93
2026-08-31T08:55:00.000Z,SYNTH_CELL_A,170,-107.45
2026-08-31T08:55:00.000Z,SYNTH_CELL_A,171,-113.3
2026-08-31T08:55:00.000Z,SYNTH_CELL_A,172,-109.61
2026-08-31T08:55:00.000Z,SYNTH_CELL_A,173,-113.31
2026-08-31T08:55:00.000Z,SYNTH_CELL_A,174,-111.16
2026-08-31T08:55:00.000Z,SYNTH_CELL_A,175,-112.03
2026-08-31T08:55:00.000Z,SYNTH_CELL_A,176,-111.83
2026-08-31T08:55:00.000Z,SYNTH_CELL_A,177,-110.79
2026-08-31T08:55:00.000Z,SYNTH_CELL_A,178,-109.38
2026-08-31T08:55:00.000Z,SYNTH_CELL_A,179,-112.59
2026-08-31T08:55:00.000Z,SYNTH_CELL_A,180,-107.17
2026-08-31T08:55:00.000Z,SYNTH_CELL_A,181,-107.63
2026-08-31T08:55:00.000Z,SYNTH_CELL_A,182,-107.56
2026-08-31T08:55:00.000Z,SYNTH_CELL_A,183,-107.87
2026-08-31T08:55:00.000Z,SYNTH_CELL_A,184,-112.34
2026-08-31T08:55:00.000Z,SYNTH_CELL_A,185,-111.73
2026-08-31T08:55:00.000Z,SYNTH_CELL_A,186,-108.92
2026-08-31T08:55:00.000Z,SYNTH_CELL_A,187,-110.88
2026-08-31T08:55:00.000Z,SYNTH_CELL_A,188,-112.59
2026-08-31T08:55:00.000Z,SYNTH_CELL_A,189,-111.09
2026-08-31T08:55:00.000Z,SYNTH_CELL_A,190,-110.55
2026-08-31T08:55:00.000Z,SYNTH_CELL_A,191,-111.18
2026-08-31T08:55:00.000Z,SYNTH_CELL_A,192,-110.92
2026-08-31T08:55:00.000Z,SYNTH_CELL_A,193,-110.11
2026-08-31T08:55:00.000Z,SYNTH_CELL_A,194,-107.64
2026-08-31T08:55:00.000Z,SYNTH_CELL_A,195,-107.09
2026-08-31T08:55:00.000Z,SYNTH_CELL_A,196,-108.28
2026-08-31T08:55:00.000Z,SYNTH_CELL_A,197,-108.85
2026-08-31T08:55:00.000Z,SYNTH_CELL_A,198,-112.74
2026-08-31T08:55:00.000Z,SYNTH_CELL_A,199,-108.96
2026-08-31T08:55:00.000Z,SYNTH_CELL_A,200,-112.86
2026-08-31T08:55:00.000Z,SYNTH_CELL_A,201,-109.24
2026-08-31T08:55:00.000Z,SYNTH_CELL_A,202,-113.02
2026-08-31T08:55:00.000Z,SYNTH_CELL_A,203,-113.31
2026-08-31T08:55:00.000Z,SYNTH_CELL_A,204,-108.5
2026-08-31T08:55:00.000Z,SYNTH_CELL_A,205,-113.12
2026-08-31T08:55:00.000Z,SYNTH_CELL_A,206,-112.92
2026-08-31T08:55:00.000Z,SYNTH_CELL_A,207,-110.66
2026-08-31T08:55:00.000Z,SYNTH_CELL_A,208,-108.5
2026-08-31T08:55:00.000Z,SYNTH_CELL_A,209,-111.68
2026-08-31T08:55:00.000Z,SYNTH_CELL_A,210,-108.3
2026-08-31T08:55:00.000Z,SYNTH_CELL_A,211,-112.53
2026-08-31T08:55:00.000Z,SYNTH_CELL_A,212,-113.37
2026-08-31T08:55:00.000Z,SYNTH_CELL_A,213,-107.99
2026-08-31T08:55:00.000Z,SYNTH_CELL_A,214,-111.85
2026-08-31T08:55:00.000Z,SYNTH_CELL_A,215,-113.25
2026-08-31T08:55:00.000Z,SYNTH_CELL_A,216,-112.98
2026-08-31T08:55:00.000Z,SYNTH_CELL_A,217,-108.85
2026-08-31T08:55:00.000Z,SYNTH_CELL_A,218,-111.17
2026-08-31T08:55:00.000Z,SYNTH_CELL_A,219,-111.76
2026-08-31T08:55:00.000Z,SYNTH_CELL_A,220,-112.84
2026-08-31T08:55:00.000Z,SYNTH_CELL_A,221,-113.37
2026-08-31T08:55:00.000Z,SYNTH_CELL_A,222,-107.46
2026-08-31T08:55:00.000Z,SYNTH_CELL_A,223,-108.68
2026-08-31T08:55:00.000Z,SYNTH_CELL_A,224,-108.33
2026-08-31T08:55:00.000Z,SYNTH_CELL_A,225,-111.33
2026-08-31T08:55:00.000Z,SYNTH_CELL_A,226,-109.54
2026-08-31T08:55:00.000Z,SYNTH_CELL_A,227,-112.81
2026-08-31T08:55:00.000Z,SYNTH_CELL_A,228,-112.78
2026-08-31T08:55:00.000Z,SYNTH_CELL_A,229,-111.56
2026-08-31T08:55:00.000Z,SYNTH_CELL_A,230,-112.19
2026-08-31T08:55:00.000Z,SYNTH_CELL_A,231,-107.11
2026-08-31T08:55:00.000Z,SYNTH_CELL_A,232,-107.26
2026-08-31T08:55:00.000Z,SYNTH_CELL_A,233,-108.24
2026-08-31T08:55:00.000Z,SYNTH_CELL_A,234,-108.65
2026-08-31T08:55:00.000Z,SYNTH_CELL_A,235,-113.1
2026-08-31T08:55:00.000Z,SYNTH_CELL_A,236,-109.14
2026-08-31T08:55:00.000Z,SYNTH_CELL_A,237,-110.3
2026-08-31T08:55:00.000Z,SYNTH_CELL_A,238,-110.49
2026-08-31T08:55:00.000Z,SYNTH_CELL_A,239,-107.97
2026-08-31T08:55:00.000Z,SYNTH_CELL_A,240,-108.4
2026-08-31T08:55:00.000Z,SYNTH_CELL_A,241,-113.8
2026-08-31T08:55:00.000Z,SYNTH_CELL_A,242,-112.54
2026-08-31T08:55:00.000Z,SYNTH_CELL_A,243,-108.02
2026-08-31T08:55:00.000Z,SYNTH_CELL_A,244,-110.53
2026-08-31T08:55:00.000Z,SYNTH_CELL_A,245,-107.38
2026-08-31T08:55:00.000Z,SYNTH_CELL_A,246,-109.08
2026-08-31T08:55:00.000Z,SYNTH_CELL_A,247,-109.94
2026-08-31T08:55:00.000Z,SYNTH_CELL_A,248,-112.11
2026-08-31T08:55:00.000Z,SYNTH_CELL_A,249,-109.96
2026-08-31T08:55:00.000Z,SYNTH_CELL_A,250,-112.99
2026-08-31T08:55:00.000Z,SYNTH_CELL_A,251,-112.64
2026-08-31T08:55:00.000Z,SYNTH_CELL_A,252,-107.81
2026-08-31T08:55:00.000Z,SYNTH_CELL_A,253,-113.76
2026-08-31T08:55:00.000Z,SYNTH_CELL_A,254,-108.77
2026-08-31T08:55:00.000Z,SYNTH_CELL_A,255,-107.28
2026-08-31T08:55:00.000Z,SYNTH_CELL_A,256,-108.59
2026-08-31T08:55:00.000Z,SYNTH_CELL_A,257,-113.9
2026-08-31T08:55:00.000Z,SYNTH_CELL_A,258,-108.09
2026-08-31T08:55:00.000Z,SYNTH_CELL_A,259,-111.42
2026-08-31T08:55:00.000Z,SYNTH_CELL_A,260,-108.74
2026-08-31T08:55:00.000Z,SYNTH_CELL_A,261,-112.12
2026-08-31T08:55:00.000Z,SYNTH_CELL_A,262,-112.44
2026-08-31T08:55:00.000Z,SYNTH_CELL_A,263,-107.01
2026-08-31T08:55:00.000Z,SYNTH_CELL_A,264,-107.25
2026-08-31T08:55:00.000Z,SYNTH_CELL_A,265,-107.95
2026-08-31T08:55:00.000Z,SYNTH_CELL_A,266,-109.34
2026-08-31T08:55:00.000Z,SYNTH_CELL_A,267,-112.77
2026-08-31T08:55:00.000Z,SYNTH_CELL_A,268,-113.94
2026-08-31T08:55:00.000Z,SYNTH_CELL_A,269,-112.17
2026-08-31T08:55:00.000Z,SYNTH_CELL_A,270,-109.42
2026-08-31T08:55:00.000Z,SYNTH_CELL_A,271,-110.64
2026-08-31T08:55:00.000Z,SYNTH_CELL_A,272,-112.49
2026-08-31T09:00:00.000Z,SYNTH_CELL_A,0,-112.95
2026-08-31T09:00:00.000Z,SYNTH_CELL_A,1,-113.32
2026-08-31T09:00:00.000Z,SYNTH_CELL_A,2,-113.94
2026-08-31T09:00:00.000Z,SYNTH_CELL_A,3,-109.8
2026-08-31T09:00:00.000Z,SYNTH_CELL_A,4,-107.2
2026-08-31T09:00:00.000Z,SYNTH_CELL_A,5,-111.1
2026-08-31T09:00:00.000Z,SYNTH_CELL_A,6,-113.63
2026-08-31T09:00:00.000Z,SYNTH_CELL_A,7,-108
2026-08-31T09:00:00.000Z,SYNTH_CELL_A,8,-110.04
2026-08-31T09:00:00.000Z,SYNTH_CELL_A,9,-113.84
2026-08-31T09:00:00.000Z,SYNTH_CELL_A,10,-107.22
2026-08-31T09:00:00.000Z,SYNTH_CELL_A,11,-107.46
2026-08-31T09:00:00.000Z,SYNTH_CELL_A,12,-108.93
2026-08-31T09:00:00.000Z,SYNTH_CELL_A,13,-109.25
2026-08-31T09:00:00.000Z,SYNTH_CELL_A,14,-112.89
2026-08-31T09:00:00.000Z,SYNTH_CELL_A,15,-110.17
2026-08-31T09:00:00.000Z,SYNTH_CELL_A,16,-111.67
2026-08-31T09:00:00.000Z,SYNTH_CELL_A,17,-112.88
2026-08-31T09:00:00.000Z,SYNTH_CELL_A,18,-107.56
2026-08-31T09:00:00.000Z,SYNTH_CELL_A,19,-109.94
2026-08-31T09:00:00.000Z,SYNTH_CELL_A,20,-113.36
2026-08-31T09:00:00.000Z,SYNTH_CELL_A,21,-111.04
2026-08-31T09:00:00.000Z,SYNTH_CELL_A,22,-111.07
2026-08-31T09:00:00.000Z,SYNTH_CELL_A,23,-107.32
2026-08-31T09:00:00.000Z,SYNTH_CELL_A,24,-108.56
2026-08-31T09:00:00.000Z,SYNTH_CELL_A,25,-112.75
2026-08-31T09:00:00.000Z,SYNTH_CELL_A,26,-112.12
2026-08-31T09:00:00.000Z,SYNTH_CELL_A,27,-107.66
2026-08-31T09:00:00.000Z,SYNTH_CELL_A,28,-112.93
2026-08-31T09:00:00.000Z,SYNTH_CELL_A,29,-108.26
2026-08-31T09:00:00.000Z,SYNTH_CELL_A,30,-91.46
2026-08-31T09:00:00.000Z,SYNTH_CELL_A,31,-93.33
2026-08-31T09:00:00.000Z,SYNTH_CELL_A,32,-92.77
2026-08-31T09:00:00.000Z,SYNTH_CELL_A,33,-92.93
2026-08-31T09:00:00.000Z,SYNTH_CELL_A,34,-96.71
2026-08-31T09:00:00.000Z,SYNTH_CELL_A,35,-93.26
2026-08-31T09:00:00.000Z,SYNTH_CELL_A,36,-93.05
2026-08-31T09:00:00.000Z,SYNTH_CELL_A,37,-107.59
2026-08-31T09:00:00.000Z,SYNTH_CELL_A,38,-109.47
2026-08-31T09:00:00.000Z,SYNTH_CELL_A,39,-112.28
2026-08-31T09:00:00.000Z,SYNTH_CELL_A,40,-108.53
2026-08-31T09:00:00.000Z,SYNTH_CELL_A,41,-113.9
2026-08-31T09:00:00.000Z,SYNTH_CELL_A,42,-110.49
2026-08-31T09:00:00.000Z,SYNTH_CELL_A,43,-109.43
2026-08-31T09:00:00.000Z,SYNTH_CELL_A,44,-111.03
2026-08-31T09:00:00.000Z,SYNTH_CELL_A,45,-110.61
2026-08-31T09:00:00.000Z,SYNTH_CELL_A,46,-111.94
2026-08-31T09:00:00.000Z,SYNTH_CELL_A,47,-109.26
2026-08-31T09:00:00.000Z,SYNTH_CELL_A,48,-113.63
2026-08-31T09:00:00.000Z,SYNTH_CELL_A,49,-112.82
2026-08-31T09:00:00.000Z,SYNTH_CELL_A,50,-107.67
2026-08-31T09:00:00.000Z,SYNTH_CELL_A,51,-109.9
2026-08-31T09:00:00.000Z,SYNTH_CELL_A,52,-111.14
2026-08-31T09:00:00.000Z,SYNTH_CELL_A,53,-112.89
2026-08-31T09:00:00.000Z,SYNTH_CELL_A,54,-109.97
2026-08-31T09:00:00.000Z,SYNTH_CELL_A,55,-109.73
2026-08-31T09:00:00.000Z,SYNTH_CELL_A,56,-107.16
2026-08-31T09:00:00.000Z,SYNTH_CELL_A,57,-113.67
2026-08-31T09:00:00.000Z,SYNTH_CELL_A,58,-108
2026-08-31T09:00:00.000Z,SYNTH_CELL_A,59,-108.11
2026-08-31T09:00:00.000Z,SYNTH_CELL_A,60,-112.16
2026-08-31T09:00:00.000Z,SYNTH_CELL_A,61,-110.57
2026-08-31T09:00:00.000Z,SYNTH_CELL_A,62,-112.71
2026-08-31T09:00:00.000Z,SYNTH_CELL_A,63,-110.6
2026-08-31T09:00:00.000Z,SYNTH_CELL_A,64,-109.22
2026-08-31T09:00:00.000Z,SYNTH_CELL_A,65,-112.81
2026-08-31T09:00:00.000Z,SYNTH_CELL_A,66,-113.63
2026-08-31T09:00:00.000Z,SYNTH_CELL_A,67,-109.94
2026-08-31T09:00:00.000Z,SYNTH_CELL_A,68,-107.23
2026-08-31T09:00:00.000Z,SYNTH_CELL_A,69,-111.95
2026-08-31T09:00:00.000Z,SYNTH_CELL_A,70,-109.55
2026-08-31T09:00:00.000Z,SYNTH_CELL_A,71,-112.12
2026-08-31T09:00:00.000Z,SYNTH_CELL_A,72,-107.23
2026-08-31T09:00:00.000Z,SYNTH_CELL_A,73,-109.17
2026-08-31T09:00:00.000Z,SYNTH_CELL_A,74,-108.89
2026-08-31T09:00:00.000Z,SYNTH_CELL_A,75,-108.43
2026-08-31T09:00:00.000Z,SYNTH_CELL_A,76,-108.97
2026-08-31T09:00:00.000Z,SYNTH_CELL_A,77,-108.96
2026-08-31T09:00:00.000Z,SYNTH_CELL_A,78,-107.6
2026-08-31T09:00:00.000Z,SYNTH_CELL_A,79,-111.71
2026-08-31T09:00:00.000Z,SYNTH_CELL_A,80,-109.49
2026-08-31T09:00:00.000Z,SYNTH_CELL_A,81,-113.64
2026-08-31T09:00:00.000Z,SYNTH_CELL_A,82,-108.76
2026-08-31T09:00:00.000Z,SYNTH_CELL_A,83,-108.8
2026-08-31T09:00:00.000Z,SYNTH_CELL_A,84,-108.87
2026-08-31T09:00:00.000Z,SYNTH_CELL_A,85,-110.46
2026-08-31T09:00:00.000Z,SYNTH_CELL_A,86,-107.58
2026-08-31T09:00:00.000Z,SYNTH_CELL_A,87,-110.11
2026-08-31T09:00:00.000Z,SYNTH_CELL_A,88,-109.9
2026-08-31T09:00:00.000Z,SYNTH_CELL_A,89,-113.48
2026-08-31T09:00:00.000Z,SYNTH_CELL_A,90,-113.12
2026-08-31T09:00:00.000Z,SYNTH_CELL_A,91,-113.5
2026-08-31T09:00:00.000Z,SYNTH_CELL_A,92,-112.88
2026-08-31T09:00:00.000Z,SYNTH_CELL_A,93,-112.17
2026-08-31T09:00:00.000Z,SYNTH_CELL_A,94,-109.3
2026-08-31T09:00:00.000Z,SYNTH_CELL_A,95,-107.43
2026-08-31T09:00:00.000Z,SYNTH_CELL_A,96,-113.2
2026-08-31T09:00:00.000Z,SYNTH_CELL_A,97,-107.92
2026-08-31T09:00:00.000Z,SYNTH_CELL_A,98,-110.34
2026-08-31T09:00:00.000Z,SYNTH_CELL_A,99,-112.64
2026-08-31T09:00:00.000Z,SYNTH_CELL_A,100,-109.76
2026-08-31T09:00:00.000Z,SYNTH_CELL_A,101,-111.63
2026-08-31T09:00:00.000Z,SYNTH_CELL_A,102,-108.22
2026-08-31T09:00:00.000Z,SYNTH_CELL_A,103,-107.47
2026-08-31T09:00:00.000Z,SYNTH_CELL_A,104,-110.68
2026-08-31T09:00:00.000Z,SYNTH_CELL_A,105,-108.76
2026-08-31T09:00:00.000Z,SYNTH_CELL_A,106,-108.91
2026-08-31T09:00:00.000Z,SYNTH_CELL_A,107,-109.45
2026-08-31T09:00:00.000Z,SYNTH_CELL_A,108,-109.16
2026-08-31T09:00:00.000Z,SYNTH_CELL_A,109,-110.14
2026-08-31T09:00:00.000Z,SYNTH_CELL_A,110,-110.91
2026-08-31T09:00:00.000Z,SYNTH_CELL_A,111,-111.29
2026-08-31T09:00:00.000Z,SYNTH_CELL_A,112,-113.76
2026-08-31T09:00:00.000Z,SYNTH_CELL_A,113,-113.27
2026-08-31T09:00:00.000Z,SYNTH_CELL_A,114,-110.38
2026-08-31T09:00:00.000Z,SYNTH_CELL_A,115,-109.36
2026-08-31T09:00:00.000Z,SYNTH_CELL_A,116,-107.54
2026-08-31T09:00:00.000Z,SYNTH_CELL_A,117,-113.7
2026-08-31T09:00:00.000Z,SYNTH_CELL_A,118,-112.27
2026-08-31T09:00:00.000Z,SYNTH_CELL_A,119,-112.03
2026-08-31T09:00:00.000Z,SYNTH_CELL_A,120,-111.1
2026-08-31T09:00:00.000Z,SYNTH_CELL_A,121,-110.46
2026-08-31T09:00:00.000Z,SYNTH_CELL_A,122,-112.37
2026-08-31T09:00:00.000Z,SYNTH_CELL_A,123,-107.1
2026-08-31T09:00:00.000Z,SYNTH_CELL_A,124,-111.66
2026-08-31T09:00:00.000Z,SYNTH_CELL_A,125,-112.57
2026-08-31T09:00:00.000Z,SYNTH_CELL_A,126,-113.28
2026-08-31T09:00:00.000Z,SYNTH_CELL_A,127,-107.46
2026-08-31T09:00:00.000Z,SYNTH_CELL_A,128,-109.88
2026-08-31T09:00:00.000Z,SYNTH_CELL_A,129,-111.73
2026-08-31T09:00:00.000Z,SYNTH_CELL_A,130,-111.07
2026-08-31T09:00:00.000Z,SYNTH_CELL_A,131,-114
2026-08-31T09:00:00.000Z,SYNTH_CELL_A,132,-109.21
2026-08-31T09:00:00.000Z,SYNTH_CELL_A,133,-112.75
2026-08-31T09:00:00.000Z,SYNTH_CELL_A,134,-108.16
2026-08-31T09:00:00.000Z,SYNTH_CELL_A,135,-108.53
2026-08-31T09:00:00.000Z,SYNTH_CELL_A,136,-110.22
2026-08-31T09:00:00.000Z,SYNTH_CELL_A,137,-110.01
2026-08-31T09:00:00.000Z,SYNTH_CELL_A,138,-109.98
2026-08-31T09:00:00.000Z,SYNTH_CELL_A,139,-112.05
2026-08-31T09:00:00.000Z,SYNTH_CELL_A,140,-109.36
2026-08-31T09:00:00.000Z,SYNTH_CELL_A,141,-108.7
2026-08-31T09:00:00.000Z,SYNTH_CELL_A,142,-111.62
2026-08-31T09:00:00.000Z,SYNTH_CELL_A,143,-113.13
2026-08-31T09:00:00.000Z,SYNTH_CELL_A,144,-108.41
2026-08-31T09:00:00.000Z,SYNTH_CELL_A,145,-107.58
2026-08-31T09:00:00.000Z,SYNTH_CELL_A,146,-108.9
2026-08-31T09:00:00.000Z,SYNTH_CELL_A,147,-112.24
2026-08-31T09:00:00.000Z,SYNTH_CELL_A,148,-112.83
2026-08-31T09:00:00.000Z,SYNTH_CELL_A,149,-107.1
2026-08-31T09:00:00.000Z,SYNTH_CELL_A,150,-111.73
2026-08-31T09:00:00.000Z,SYNTH_CELL_A,151,-107.86
2026-08-31T09:00:00.000Z,SYNTH_CELL_A,152,-111.01
2026-08-31T09:00:00.000Z,SYNTH_CELL_A,153,-108.71
2026-08-31T09:00:00.000Z,SYNTH_CELL_A,154,-110.1
2026-08-31T09:00:00.000Z,SYNTH_CELL_A,155,-109.28
2026-08-31T09:00:00.000Z,SYNTH_CELL_A,156,-110.63
2026-08-31T09:00:00.000Z,SYNTH_CELL_A,157,-113.45
2026-08-31T09:00:00.000Z,SYNTH_CELL_A,158,-110.5
2026-08-31T09:00:00.000Z,SYNTH_CELL_A,159,-107.23
2026-08-31T09:00:00.000Z,SYNTH_CELL_A,160,-112.03
2026-08-31T09:00:00.000Z,SYNTH_CELL_A,161,-113.72
2026-08-31T09:00:00.000Z,SYNTH_CELL_A,162,-108.98
2026-08-31T09:00:00.000Z,SYNTH_CELL_A,163,-108.02
2026-08-31T09:00:00.000Z,SYNTH_CELL_A,164,-108.64
2026-08-31T09:00:00.000Z,SYNTH_CELL_A,165,-107.23
2026-08-31T09:00:00.000Z,SYNTH_CELL_A,166,-111.75
2026-08-31T09:00:00.000Z,SYNTH_CELL_A,167,-113.5
2026-08-31T09:00:00.000Z,SYNTH_CELL_A,168,-113.52
2026-08-31T09:00:00.000Z,SYNTH_CELL_A,169,-113.08
2026-08-31T09:00:00.000Z,SYNTH_CELL_A,170,-111.44
2026-08-31T09:00:00.000Z,SYNTH_CELL_A,171,-110.51
2026-08-31T09:00:00.000Z,SYNTH_CELL_A,172,-113.15
2026-08-31T09:00:00.000Z,SYNTH_CELL_A,173,-113.79
2026-08-31T09:00:00.000Z,SYNTH_CELL_A,174,-109.16
2026-08-31T09:00:00.000Z,SYNTH_CELL_A,175,-112.73
2026-08-31T09:00:00.000Z,SYNTH_CELL_A,176,-108.53
2026-08-31T09:00:00.000Z,SYNTH_CELL_A,177,-113.24
2026-08-31T09:00:00.000Z,SYNTH_CELL_A,178,-111.51
2026-08-31T09:00:00.000Z,SYNTH_CELL_A,179,-108.81
2026-08-31T09:00:00.000Z,SYNTH_CELL_A,180,-109.99
2026-08-31T09:00:00.000Z,SYNTH_CELL_A,181,-108.03
2026-08-31T09:00:00.000Z,SYNTH_CELL_A,182,-109
2026-08-31T09:00:00.000Z,SYNTH_CELL_A,183,-113.18
2026-08-31T09:00:00.000Z,SYNTH_CELL_A,184,-113.01
2026-08-31T09:00:00.000Z,SYNTH_CELL_A,185,-112.98
2026-08-31T09:00:00.000Z,SYNTH_CELL_A,186,-112.18
2026-08-31T09:00:00.000Z,SYNTH_CELL_A,187,-110.32
2026-08-31T09:00:00.000Z,SYNTH_CELL_A,188,-110.57
2026-08-31T09:00:00.000Z,SYNTH_CELL_A,189,-108.21
2026-08-31T09:00:00.000Z,SYNTH_CELL_A,190,-112.15
2026-08-31T09:00:00.000Z,SYNTH_CELL_A,191,-109.69
2026-08-31T09:00:00.000Z,SYNTH_CELL_A,192,-113.8
2026-08-31T09:00:00.000Z,SYNTH_CELL_A,193,-110.98
2026-08-31T09:00:00.000Z,SYNTH_CELL_A,194,-112.2
2026-08-31T09:00:00.000Z,SYNTH_CELL_A,195,-108.58
2026-08-31T09:00:00.000Z,SYNTH_CELL_A,196,-110.59
2026-08-31T09:00:00.000Z,SYNTH_CELL_A,197,-113.57
2026-08-31T09:00:00.000Z,SYNTH_CELL_A,198,-111.48
2026-08-31T09:00:00.000Z,SYNTH_CELL_A,199,-109.94
2026-08-31T09:00:00.000Z,SYNTH_CELL_A,200,-109.26
2026-08-31T09:00:00.000Z,SYNTH_CELL_A,201,-111.06
2026-08-31T09:00:00.000Z,SYNTH_CELL_A,202,-110.7
2026-08-31T09:00:00.000Z,SYNTH_CELL_A,203,-111.15
2026-08-31T09:00:00.000Z,SYNTH_CELL_A,204,-113.4
2026-08-31T09:00:00.000Z,SYNTH_CELL_A,205,-113.94
2026-08-31T09:00:00.000Z,SYNTH_CELL_A,206,-112.16
2026-08-31T09:00:00.000Z,SYNTH_CELL_A,207,-112.32
2026-08-31T09:00:00.000Z,SYNTH_CELL_A,208,-112.21
2026-08-31T09:00:00.000Z,SYNTH_CELL_A,209,-110.1
2026-08-31T09:00:00.000Z,SYNTH_CELL_A,210,-107.47
2026-08-31T09:00:00.000Z,SYNTH_CELL_A,211,-108.85
2026-08-31T09:00:00.000Z,SYNTH_CELL_A,212,-107.68
2026-08-31T09:00:00.000Z,SYNTH_CELL_A,213,-108.77
2026-08-31T09:00:00.000Z,SYNTH_CELL_A,214,-109.46
2026-08-31T09:00:00.000Z,SYNTH_CELL_A,215,-109.63
2026-08-31T09:00:00.000Z,SYNTH_CELL_A,216,-109.37
2026-08-31T09:00:00.000Z,SYNTH_CELL_A,217,-111.8
2026-08-31T09:00:00.000Z,SYNTH_CELL_A,218,-109.89
2026-08-31T09:00:00.000Z,SYNTH_CELL_A,219,-110.24
2026-08-31T09:00:00.000Z,SYNTH_CELL_A,220,-111.35
2026-08-31T09:00:00.000Z,SYNTH_CELL_A,221,-109.59
2026-08-31T09:00:00.000Z,SYNTH_CELL_A,222,-110.86
2026-08-31T09:00:00.000Z,SYNTH_CELL_A,223,-111.26
2026-08-31T09:00:00.000Z,SYNTH_CELL_A,224,-108.18
2026-08-31T09:00:00.000Z,SYNTH_CELL_A,225,-107.61
2026-08-31T09:00:00.000Z,SYNTH_CELL_A,226,-111.59
2026-08-31T09:00:00.000Z,SYNTH_CELL_A,227,-111
2026-08-31T09:00:00.000Z,SYNTH_CELL_A,228,-108.78
2026-08-31T09:00:00.000Z,SYNTH_CELL_A,229,-113
2026-08-31T09:00:00.000Z,SYNTH_CELL_A,230,-107.64
2026-08-31T09:00:00.000Z,SYNTH_CELL_A,231,-113.5
2026-08-31T09:00:00.000Z,SYNTH_CELL_A,232,-107.19
2026-08-31T09:00:00.000Z,SYNTH_CELL_A,233,-107.88
2026-08-31T09:00:00.000Z,SYNTH_CELL_A,234,-110.42
2026-08-31T09:00:00.000Z,SYNTH_CELL_A,235,-109.07
2026-08-31T09:00:00.000Z,SYNTH_CELL_A,236,-109.17
2026-08-31T09:00:00.000Z,SYNTH_CELL_A,237,-113.69
2026-08-31T09:00:00.000Z,SYNTH_CELL_A,238,-111.1
2026-08-31T09:00:00.000Z,SYNTH_CELL_A,239,-110.11
2026-08-31T09:00:00.000Z,SYNTH_CELL_A,240,-110.57
2026-08-31T09:00:00.000Z,SYNTH_CELL_A,241,-107.44
2026-08-31T09:00:00.000Z,SYNTH_CELL_A,242,-108.74
2026-08-31T09:00:00.000Z,SYNTH_CELL_A,243,-108.54
2026-08-31T09:00:00.000Z,SYNTH_CELL_A,244,-112.51
2026-08-31T09:00:00.000Z,SYNTH_CELL_A,245,-110.92
2026-08-31T09:00:00.000Z,SYNTH_CELL_A,246,-112.73
2026-08-31T09:00:00.000Z,SYNTH_CELL_A,247,-107.63
2026-08-31T09:00:00.000Z,SYNTH_CELL_A,248,-111.26
2026-08-31T09:00:00.000Z,SYNTH_CELL_A,249,-109.05
2026-08-31T09:00:00.000Z,SYNTH_CELL_A,250,-113.29
2026-08-31T09:00:00.000Z,SYNTH_CELL_A,251,-108.62
2026-08-31T09:00:00.000Z,SYNTH_CELL_A,252,-112.59
2026-08-31T09:00:00.000Z,SYNTH_CELL_A,253,-111.51
2026-08-31T09:00:00.000Z,SYNTH_CELL_A,254,-111.91
2026-08-31T09:00:00.000Z,SYNTH_CELL_A,255,-107.17
2026-08-31T09:00:00.000Z,SYNTH_CELL_A,256,-108.45
2026-08-31T09:00:00.000Z,SYNTH_CELL_A,257,-111.88
2026-08-31T09:00:00.000Z,SYNTH_CELL_A,258,-107.38
2026-08-31T09:00:00.000Z,SYNTH_CELL_A,259,-113.1
2026-08-31T09:00:00.000Z,SYNTH_CELL_A,260,-107.51
2026-08-31T09:00:00.000Z,SYNTH_CELL_A,261,-111.82
2026-08-31T09:00:00.000Z,SYNTH_CELL_A,262,-107.99
2026-08-31T09:00:00.000Z,SYNTH_CELL_A,263,-108.81
2026-08-31T09:00:00.000Z,SYNTH_CELL_A,264,-108.13
2026-08-31T09:00:00.000Z,SYNTH_CELL_A,265,-111.7
2026-08-31T09:00:00.000Z,SYNTH_CELL_A,266,-107.32
2026-08-31T09:00:00.000Z,SYNTH_CELL_A,267,-107.08
2026-08-31T09:00:00.000Z,SYNTH_CELL_A,268,-112.01
2026-08-31T09:00:00.000Z,SYNTH_CELL_A,269,-109.41
2026-08-31T09:00:00.000Z,SYNTH_CELL_A,270,-107.84
2026-08-31T09:00:00.000Z,SYNTH_CELL_A,271,-111.91
2026-08-31T09:00:00.000Z,SYNTH_CELL_A,272,-108.83
2026-08-31T09:05:00.000Z,SYNTH_CELL_A,0,-110.06
2026-08-31T09:05:00.000Z,SYNTH_CELL_A,1,-113.09
2026-08-31T09:05:00.000Z,SYNTH_CELL_A,2,-109.09
2026-08-31T09:05:00.000Z,SYNTH_CELL_A,3,-113.83
2026-08-31T09:05:00.000Z,SYNTH_CELL_A,4,-109.99
2026-08-31T09:05:00.000Z,SYNTH_CELL_A,5,-109.37
2026-08-31T09:05:00.000Z,SYNTH_CELL_A,6,-113.54
2026-08-31T09:05:00.000Z,SYNTH_CELL_A,7,-110.5
2026-08-31T09:05:00.000Z,SYNTH_CELL_A,8,-111.68
2026-08-31T09:05:00.000Z,SYNTH_CELL_A,9,-108.34
2026-08-31T09:05:00.000Z,SYNTH_CELL_A,10,-109.49
2026-08-31T09:05:00.000Z,SYNTH_CELL_A,11,-108.33
2026-08-31T09:05:00.000Z,SYNTH_CELL_A,12,-112.23
2026-08-31T09:05:00.000Z,SYNTH_CELL_A,13,-108.25
2026-08-31T09:05:00.000Z,SYNTH_CELL_A,14,-112.33
2026-08-31T09:05:00.000Z,SYNTH_CELL_A,15,-111.29
2026-08-31T09:05:00.000Z,SYNTH_CELL_A,16,-111.22
2026-08-31T09:05:00.000Z,SYNTH_CELL_A,17,-111.15
2026-08-31T09:05:00.000Z,SYNTH_CELL_A,18,-113.23
2026-08-31T09:05:00.000Z,SYNTH_CELL_A,19,-112.3
2026-08-31T09:05:00.000Z,SYNTH_CELL_A,20,-112.31
2026-08-31T09:05:00.000Z,SYNTH_CELL_A,21,-108.16
2026-08-31T09:05:00.000Z,SYNTH_CELL_A,22,-113.8
2026-08-31T09:05:00.000Z,SYNTH_CELL_A,23,-108.5
2026-08-31T09:05:00.000Z,SYNTH_CELL_A,24,-113.99
2026-08-31T09:05:00.000Z,SYNTH_CELL_A,25,-110.83
2026-08-31T09:05:00.000Z,SYNTH_CELL_A,26,-107.7
2026-08-31T09:05:00.000Z,SYNTH_CELL_A,27,-113.89
2026-08-31T09:05:00.000Z,SYNTH_CELL_A,28,-109.73
2026-08-31T09:05:00.000Z,SYNTH_CELL_A,29,-110.24
2026-08-31T09:05:00.000Z,SYNTH_CELL_A,30,-96.23
2026-08-31T09:05:00.000Z,SYNTH_CELL_A,31,-96.95
2026-08-31T09:05:00.000Z,SYNTH_CELL_A,32,-93.99
2026-08-31T09:05:00.000Z,SYNTH_CELL_A,33,-94.32
2026-08-31T09:05:00.000Z,SYNTH_CELL_A,34,-92.62
2026-08-31T09:05:00.000Z,SYNTH_CELL_A,35,-92.8
2026-08-31T09:05:00.000Z,SYNTH_CELL_A,36,-91.67
2026-08-31T09:05:00.000Z,SYNTH_CELL_A,37,-109.86
2026-08-31T09:05:00.000Z,SYNTH_CELL_A,38,-107.59
2026-08-31T09:05:00.000Z,SYNTH_CELL_A,39,-112.13
2026-08-31T09:05:00.000Z,SYNTH_CELL_A,40,-112.68
2026-08-31T09:05:00.000Z,SYNTH_CELL_A,41,-110.44
2026-08-31T09:05:00.000Z,SYNTH_CELL_A,42,-108.9
2026-08-31T09:05:00.000Z,SYNTH_CELL_A,43,-113.11
2026-08-31T09:05:00.000Z,SYNTH_CELL_A,44,-108.56
2026-08-31T09:05:00.000Z,SYNTH_CELL_A,45,-108.27
2026-08-31T09:05:00.000Z,SYNTH_CELL_A,46,-109
2026-08-31T09:05:00.000Z,SYNTH_CELL_A,47,-113.25
2026-08-31T09:05:00.000Z,SYNTH_CELL_A,48,-113.1
2026-08-31T09:05:00.000Z,SYNTH_CELL_A,49,-112.08
2026-08-31T09:05:00.000Z,SYNTH_CELL_A,50,-107.77
2026-08-31T09:05:00.000Z,SYNTH_CELL_A,51,-112.08
2026-08-31T09:05:00.000Z,SYNTH_CELL_A,52,-112.31
2026-08-31T09:05:00.000Z,SYNTH_CELL_A,53,-109.5
2026-08-31T09:05:00.000Z,SYNTH_CELL_A,54,-107.7
2026-08-31T09:05:00.000Z,SYNTH_CELL_A,55,-111.29
2026-08-31T09:05:00.000Z,SYNTH_CELL_A,56,-112.89
2026-08-31T09:05:00.000Z,SYNTH_CELL_A,57,-107.86
2026-08-31T09:05:00.000Z,SYNTH_CELL_A,58,-113.88
2026-08-31T09:05:00.000Z,SYNTH_CELL_A,59,-108.99
2026-08-31T09:05:00.000Z,SYNTH_CELL_A,60,-111.89
2026-08-31T09:05:00.000Z,SYNTH_CELL_A,61,-109.7
2026-08-31T09:05:00.000Z,SYNTH_CELL_A,62,-108.39
2026-08-31T09:05:00.000Z,SYNTH_CELL_A,63,-112.3
2026-08-31T09:05:00.000Z,SYNTH_CELL_A,64,-111.08
2026-08-31T09:05:00.000Z,SYNTH_CELL_A,65,-113.34
2026-08-31T09:05:00.000Z,SYNTH_CELL_A,66,-111.86
2026-08-31T09:05:00.000Z,SYNTH_CELL_A,67,-111.72
2026-08-31T09:05:00.000Z,SYNTH_CELL_A,68,-113.75
2026-08-31T09:05:00.000Z,SYNTH_CELL_A,69,-109.78
2026-08-31T09:05:00.000Z,SYNTH_CELL_A,70,-108.79
2026-08-31T09:05:00.000Z,SYNTH_CELL_A,71,-107.38
2026-08-31T09:05:00.000Z,SYNTH_CELL_A,72,-111.91
2026-08-31T09:05:00.000Z,SYNTH_CELL_A,73,-110.1
2026-08-31T09:05:00.000Z,SYNTH_CELL_A,74,-110.78
2026-08-31T09:05:00.000Z,SYNTH_CELL_A,75,-109.3
2026-08-31T09:05:00.000Z,SYNTH_CELL_A,76,-113.68
2026-08-31T09:05:00.000Z,SYNTH_CELL_A,77,-111.35
2026-08-31T09:05:00.000Z,SYNTH_CELL_A,78,-113.35
2026-08-31T09:05:00.000Z,SYNTH_CELL_A,79,-110.69
2026-08-31T09:05:00.000Z,SYNTH_CELL_A,80,-113.85
2026-08-31T09:05:00.000Z,SYNTH_CELL_A,81,-112
2026-08-31T09:05:00.000Z,SYNTH_CELL_A,82,-108.48
2026-08-31T09:05:00.000Z,SYNTH_CELL_A,83,-110.31
2026-08-31T09:05:00.000Z,SYNTH_CELL_A,84,-113.65
2026-08-31T09:05:00.000Z,SYNTH_CELL_A,85,-113.03
2026-08-31T09:05:00.000Z,SYNTH_CELL_A,86,-111.85
2026-08-31T09:05:00.000Z,SYNTH_CELL_A,87,-113.01
2026-08-31T09:05:00.000Z,SYNTH_CELL_A,88,-113.62
2026-08-31T09:05:00.000Z,SYNTH_CELL_A,89,-110.55
2026-08-31T09:05:00.000Z,SYNTH_CELL_A,90,-107.62
2026-08-31T09:05:00.000Z,SYNTH_CELL_A,91,-107.3
2026-08-31T09:05:00.000Z,SYNTH_CELL_A,92,-108.65
2026-08-31T09:05:00.000Z,SYNTH_CELL_A,93,-107.19
2026-08-31T09:05:00.000Z,SYNTH_CELL_A,94,-107.85
2026-08-31T09:05:00.000Z,SYNTH_CELL_A,95,-110.22
2026-08-31T09:05:00.000Z,SYNTH_CELL_A,96,-113.89
2026-08-31T09:05:00.000Z,SYNTH_CELL_A,97,-113.24
2026-08-31T09:05:00.000Z,SYNTH_CELL_A,98,-110.24
2026-08-31T09:05:00.000Z,SYNTH_CELL_A,99,-110.6
2026-08-31T09:05:00.000Z,SYNTH_CELL_A,100,-110.55
2026-08-31T09:05:00.000Z,SYNTH_CELL_A,101,-108.79
2026-08-31T09:05:00.000Z,SYNTH_CELL_A,102,-109.07
2026-08-31T09:05:00.000Z,SYNTH_CELL_A,103,-112.96
2026-08-31T09:05:00.000Z,SYNTH_CELL_A,104,-108.16
2026-08-31T09:05:00.000Z,SYNTH_CELL_A,105,-113.33
2026-08-31T09:05:00.000Z,SYNTH_CELL_A,106,-110.93
2026-08-31T09:05:00.000Z,SYNTH_CELL_A,107,-113.55
2026-08-31T09:05:00.000Z,SYNTH_CELL_A,108,-113.89
2026-08-31T09:05:00.000Z,SYNTH_CELL_A,109,-109.98
2026-08-31T09:05:00.000Z,SYNTH_CELL_A,110,-113.77
2026-08-31T09:05:00.000Z,SYNTH_CELL_A,111,-112.82
2026-08-31T09:05:00.000Z,SYNTH_CELL_A,112,-107.41
2026-08-31T09:05:00.000Z,SYNTH_CELL_A,113,-111.22
2026-08-31T09:05:00.000Z,SYNTH_CELL_A,114,-112.7
2026-08-31T09:05:00.000Z,SYNTH_CELL_A,115,-108.25
2026-08-31T09:05:00.000Z,SYNTH_CELL_A,116,-112.65
2026-08-31T09:05:00.000Z,SYNTH_CELL_A,117,-113.74
2026-08-31T09:05:00.000Z,SYNTH_CELL_A,118,-111.6
2026-08-31T09:05:00.000Z,SYNTH_CELL_A,119,-109.14
2026-08-31T09:05:00.000Z,SYNTH_CELL_A,120,-107.41
2026-08-31T09:05:00.000Z,SYNTH_CELL_A,121,-110.19
2026-08-31T09:05:00.000Z,SYNTH_CELL_A,122,-112.85
2026-08-31T09:05:00.000Z,SYNTH_CELL_A,123,-110.5
2026-08-31T09:05:00.000Z,SYNTH_CELL_A,124,-107.02
2026-08-31T09:05:00.000Z,SYNTH_CELL_A,125,-109.13
2026-08-31T09:05:00.000Z,SYNTH_CELL_A,126,-112.85
2026-08-31T09:05:00.000Z,SYNTH_CELL_A,127,-109.99
2026-08-31T09:05:00.000Z,SYNTH_CELL_A,128,-113.75
2026-08-31T09:05:00.000Z,SYNTH_CELL_A,129,-107.22
2026-08-31T09:05:00.000Z,SYNTH_CELL_A,130,-110.22
2026-08-31T09:05:00.000Z,SYNTH_CELL_A,131,-112.46
2026-08-31T09:05:00.000Z,SYNTH_CELL_A,132,-113.66
2026-08-31T09:05:00.000Z,SYNTH_CELL_A,133,-112.07
2026-08-31T09:05:00.000Z,SYNTH_CELL_A,134,-112.17
2026-08-31T09:05:00.000Z,SYNTH_CELL_A,135,-108.28
2026-08-31T09:05:00.000Z,SYNTH_CELL_A,136,-113.42
2026-08-31T09:05:00.000Z,SYNTH_CELL_A,137,-111.28
2026-08-31T09:05:00.000Z,SYNTH_CELL_A,138,-110.61
2026-08-31T09:05:00.000Z,SYNTH_CELL_A,139,-110.25
2026-08-31T09:05:00.000Z,SYNTH_CELL_A,140,-111.44
2026-08-31T09:05:00.000Z,SYNTH_CELL_A,141,-107.32
2026-08-31T09:05:00.000Z,SYNTH_CELL_A,142,-111.18
2026-08-31T09:05:00.000Z,SYNTH_CELL_A,143,-109.58
2026-08-31T09:05:00.000Z,SYNTH_CELL_A,144,-107.68
2026-08-31T09:05:00.000Z,SYNTH_CELL_A,145,-113.94
2026-08-31T09:05:00.000Z,SYNTH_CELL_A,146,-109.54
2026-08-31T09:05:00.000Z,SYNTH_CELL_A,147,-113.03
2026-08-31T09:05:00.000Z,SYNTH_CELL_A,148,-109.18
2026-08-31T09:05:00.000Z,SYNTH_CELL_A,149,-108.07
2026-08-31T09:05:00.000Z,SYNTH_CELL_A,150,-112
2026-08-31T09:05:00.000Z,SYNTH_CELL_A,151,-107.76
2026-08-31T09:05:00.000Z,SYNTH_CELL_A,152,-109.54
2026-08-31T09:05:00.000Z,SYNTH_CELL_A,153,-113.08
2026-08-31T09:05:00.000Z,SYNTH_CELL_A,154,-108.56
2026-08-31T09:05:00.000Z,SYNTH_CELL_A,155,-109.18
2026-08-31T09:05:00.000Z,SYNTH_CELL_A,156,-111.27
2026-08-31T09:05:00.000Z,SYNTH_CELL_A,157,-113.26
2026-08-31T09:05:00.000Z,SYNTH_CELL_A,158,-109.35
2026-08-31T09:05:00.000Z,SYNTH_CELL_A,159,-110.46
2026-08-31T09:05:00.000Z,SYNTH_CELL_A,160,-113.11
2026-08-31T09:05:00.000Z,SYNTH_CELL_A,161,-108.75
2026-08-31T09:05:00.000Z,SYNTH_CELL_A,162,-110.55
2026-08-31T09:05:00.000Z,SYNTH_CELL_A,163,-109.92
2026-08-31T09:05:00.000Z,SYNTH_CELL_A,164,-110.36
2026-08-31T09:05:00.000Z,SYNTH_CELL_A,165,-108.57
2026-08-31T09:05:00.000Z,SYNTH_CELL_A,166,-107.88
2026-08-31T09:05:00.000Z,SYNTH_CELL_A,167,-112.14
2026-08-31T09:05:00.000Z,SYNTH_CELL_A,168,-107.11
2026-08-31T09:05:00.000Z,SYNTH_CELL_A,169,-112.01
2026-08-31T09:05:00.000Z,SYNTH_CELL_A,170,-107.5
2026-08-31T09:05:00.000Z,SYNTH_CELL_A,171,-110.69
2026-08-31T09:05:00.000Z,SYNTH_CELL_A,172,-111.78
2026-08-31T09:05:00.000Z,SYNTH_CELL_A,173,-107.02
2026-08-31T09:05:00.000Z,SYNTH_CELL_A,174,-112.71
2026-08-31T09:05:00.000Z,SYNTH_CELL_A,175,-109.47
2026-08-31T09:05:00.000Z,SYNTH_CELL_A,176,-107.75
2026-08-31T09:05:00.000Z,SYNTH_CELL_A,177,-107.52
2026-08-31T09:05:00.000Z,SYNTH_CELL_A,178,-113.61
2026-08-31T09:05:00.000Z,SYNTH_CELL_A,179,-113.14
2026-08-31T09:05:00.000Z,SYNTH_CELL_A,180,-110.77
2026-08-31T09:05:00.000Z,SYNTH_CELL_A,181,-111.29
2026-08-31T09:05:00.000Z,SYNTH_CELL_A,182,-113.91
2026-08-31T09:05:00.000Z,SYNTH_CELL_A,183,-108.58
2026-08-31T09:05:00.000Z,SYNTH_CELL_A,184,-109.19
2026-08-31T09:05:00.000Z,SYNTH_CELL_A,185,-111.98
2026-08-31T09:05:00.000Z,SYNTH_CELL_A,186,-110.56
2026-08-31T09:05:00.000Z,SYNTH_CELL_A,187,-107.64
2026-08-31T09:05:00.000Z,SYNTH_CELL_A,188,-110.83
2026-08-31T09:05:00.000Z,SYNTH_CELL_A,189,-109.76
2026-08-31T09:05:00.000Z,SYNTH_CELL_A,190,-109.74
2026-08-31T09:05:00.000Z,SYNTH_CELL_A,191,-111.66
2026-08-31T09:05:00.000Z,SYNTH_CELL_A,192,-113.93
2026-08-31T09:05:00.000Z,SYNTH_CELL_A,193,-113.78
2026-08-31T09:05:00.000Z,SYNTH_CELL_A,194,-108.8
2026-08-31T09:05:00.000Z,SYNTH_CELL_A,195,-109.93
2026-08-31T09:05:00.000Z,SYNTH_CELL_A,196,-107.26
2026-08-31T09:05:00.000Z,SYNTH_CELL_A,197,-108.57
2026-08-31T09:05:00.000Z,SYNTH_CELL_A,198,-107.41
2026-08-31T09:05:00.000Z,SYNTH_CELL_A,199,-112.14
2026-08-31T09:05:00.000Z,SYNTH_CELL_A,200,-113.16
2026-08-31T09:05:00.000Z,SYNTH_CELL_A,201,-110.53
2026-08-31T09:05:00.000Z,SYNTH_CELL_A,202,-112.67
2026-08-31T09:05:00.000Z,SYNTH_CELL_A,203,-109.63
2026-08-31T09:05:00.000Z,SYNTH_CELL_A,204,-112.84
2026-08-31T09:05:00.000Z,SYNTH_CELL_A,205,-110.96
2026-08-31T09:05:00.000Z,SYNTH_CELL_A,206,-110.57
2026-08-31T09:05:00.000Z,SYNTH_CELL_A,207,-112.34
2026-08-31T09:05:00.000Z,SYNTH_CELL_A,208,-113.12
2026-08-31T09:05:00.000Z,SYNTH_CELL_A,209,-108.66
2026-08-31T09:05:00.000Z,SYNTH_CELL_A,210,-109.22
2026-08-31T09:05:00.000Z,SYNTH_CELL_A,211,-113.77
2026-08-31T09:05:00.000Z,SYNTH_CELL_A,212,-110.26
2026-08-31T09:05:00.000Z,SYNTH_CELL_A,213,-112.31
2026-08-31T09:05:00.000Z,SYNTH_CELL_A,214,-107.31
2026-08-31T09:05:00.000Z,SYNTH_CELL_A,215,-109.7
2026-08-31T09:05:00.000Z,SYNTH_CELL_A,216,-112.2
2026-08-31T09:05:00.000Z,SYNTH_CELL_A,217,-112.13
2026-08-31T09:05:00.000Z,SYNTH_CELL_A,218,-107.45
2026-08-31T09:05:00.000Z,SYNTH_CELL_A,219,-113.63
2026-08-31T09:05:00.000Z,SYNTH_CELL_A,220,-108.25
2026-08-31T09:05:00.000Z,SYNTH_CELL_A,221,-111.1
2026-08-31T09:05:00.000Z,SYNTH_CELL_A,222,-112.3
2026-08-31T09:05:00.000Z,SYNTH_CELL_A,223,-112.46
2026-08-31T09:05:00.000Z,SYNTH_CELL_A,224,-112.77
2026-08-31T09:05:00.000Z,SYNTH_CELL_A,225,-109.78
2026-08-31T09:05:00.000Z,SYNTH_CELL_A,226,-111.11
2026-08-31T09:05:00.000Z,SYNTH_CELL_A,227,-108.36
2026-08-31T09:05:00.000Z,SYNTH_CELL_A,228,-108.94
2026-08-31T09:05:00.000Z,SYNTH_CELL_A,229,-113.95
2026-08-31T09:05:00.000Z,SYNTH_CELL_A,230,-113.87
2026-08-31T09:05:00.000Z,SYNTH_CELL_A,231,-112.85
2026-08-31T09:05:00.000Z,SYNTH_CELL_A,232,-110.41
2026-08-31T09:05:00.000Z,SYNTH_CELL_A,233,-108.04
2026-08-31T09:05:00.000Z,SYNTH_CELL_A,234,-107.81
2026-08-31T09:05:00.000Z,SYNTH_CELL_A,235,-113.32
2026-08-31T09:05:00.000Z,SYNTH_CELL_A,236,-110.95
2026-08-31T09:05:00.000Z,SYNTH_CELL_A,237,-112.36
2026-08-31T09:05:00.000Z,SYNTH_CELL_A,238,-112.33
2026-08-31T09:05:00.000Z,SYNTH_CELL_A,239,-108.79
2026-08-31T09:05:00.000Z,SYNTH_CELL_A,240,-111.97
2026-08-31T09:05:00.000Z,SYNTH_CELL_A,241,-113.19
2026-08-31T09:05:00.000Z,SYNTH_CELL_A,242,-109.43
2026-08-31T09:05:00.000Z,SYNTH_CELL_A,243,-109.06
2026-08-31T09:05:00.000Z,SYNTH_CELL_A,244,-109.9
2026-08-31T09:05:00.000Z,SYNTH_CELL_A,245,-109.75
2026-08-31T09:05:00.000Z,SYNTH_CELL_A,246,-109.29
2026-08-31T09:05:00.000Z,SYNTH_CELL_A,247,-110.31
2026-08-31T09:05:00.000Z,SYNTH_CELL_A,248,-107.41
2026-08-31T09:05:00.000Z,SYNTH_CELL_A,249,-109.26
2026-08-31T09:05:00.000Z,SYNTH_CELL_A,250,-107.23
2026-08-31T09:05:00.000Z,SYNTH_CELL_A,251,-109.32
2026-08-31T09:05:00.000Z,SYNTH_CELL_A,252,-107.16
2026-08-31T09:05:00.000Z,SYNTH_CELL_A,253,-111.06
2026-08-31T09:05:00.000Z,SYNTH_CELL_A,254,-107.51
2026-08-31T09:05:00.000Z,SYNTH_CELL_A,255,-113.46
2026-08-31T09:05:00.000Z,SYNTH_CELL_A,256,-109.91
2026-08-31T09:05:00.000Z,SYNTH_CELL_A,257,-107.37
2026-08-31T09:05:00.000Z,SYNTH_CELL_A,258,-109.9
2026-08-31T09:05:00.000Z,SYNTH_CELL_A,259,-110.94
2026-08-31T09:05:00.000Z,SYNTH_CELL_A,260,-110.59
2026-08-31T09:05:00.000Z,SYNTH_CELL_A,261,-113.89
2026-08-31T09:05:00.000Z,SYNTH_CELL_A,262,-108.38
2026-08-31T09:05:00.000Z,SYNTH_CELL_A,263,-112.72
2026-08-31T09:05:00.000Z,SYNTH_CELL_A,264,-113.82
2026-08-31T09:05:00.000Z,SYNTH_CELL_A,265,-110.85
2026-08-31T09:05:00.000Z,SYNTH_CELL_A,266,-109.52
2026-08-31T09:05:00.000Z,SYNTH_CELL_A,267,-111.65
2026-08-31T09:05:00.000Z,SYNTH_CELL_A,268,-113.18
2026-08-31T09:05:00.000Z,SYNTH_CELL_A,269,-111.31
2026-08-31T09:05:00.000Z,SYNTH_CELL_A,270,-107.7
2026-08-31T09:05:00.000Z,SYNTH_CELL_A,271,-112.77
2026-08-31T09:05:00.000Z,SYNTH_CELL_A,272,-111.42
2026-08-31T09:10:00.000Z,SYNTH_CELL_A,0,-110.89
2026-08-31T09:10:00.000Z,SYNTH_CELL_A,1,-112.42
2026-08-31T09:10:00.000Z,SYNTH_CELL_A,2,-108.45
2026-08-31T09:10:00.000Z,SYNTH_CELL_A,3,-109.84
2026-08-31T09:10:00.000Z,SYNTH_CELL_A,4,-110.64
2026-08-31T09:10:00.000Z,SYNTH_CELL_A,5,-112.87
2026-08-31T09:10:00.000Z,SYNTH_CELL_A,6,-112.18
2026-08-31T09:10:00.000Z,SYNTH_CELL_A,7,-110.26
2026-08-31T09:10:00.000Z,SYNTH_CELL_A,8,-113.14
2026-08-31T09:10:00.000Z,SYNTH_CELL_A,9,-112.87
2026-08-31T09:10:00.000Z,SYNTH_CELL_A,10,-112.95
2026-08-31T09:10:00.000Z,SYNTH_CELL_A,11,-110.69
2026-08-31T09:10:00.000Z,SYNTH_CELL_A,12,-111.44
2026-08-31T09:10:00.000Z,SYNTH_CELL_A,13,-113.87
2026-08-31T09:10:00.000Z,SYNTH_CELL_A,14,-109.74
2026-08-31T09:10:00.000Z,SYNTH_CELL_A,15,-109.77
2026-08-31T09:10:00.000Z,SYNTH_CELL_A,16,-111.2
2026-08-31T09:10:00.000Z,SYNTH_CELL_A,17,-111.12
2026-08-31T09:10:00.000Z,SYNTH_CELL_A,18,-108.19
2026-08-31T09:10:00.000Z,SYNTH_CELL_A,19,-113.25
2026-08-31T09:10:00.000Z,SYNTH_CELL_A,20,-110.89
2026-08-31T09:10:00.000Z,SYNTH_CELL_A,21,-107.31
2026-08-31T09:10:00.000Z,SYNTH_CELL_A,22,-112.96
2026-08-31T09:10:00.000Z,SYNTH_CELL_A,23,-107.68
2026-08-31T09:10:00.000Z,SYNTH_CELL_A,24,-113.15
2026-08-31T09:10:00.000Z,SYNTH_CELL_A,25,-109.36
2026-08-31T09:10:00.000Z,SYNTH_CELL_A,26,-108.82
2026-08-31T09:10:00.000Z,SYNTH_CELL_A,27,-108.49
2026-08-31T09:10:00.000Z,SYNTH_CELL_A,28,-110.4
2026-08-31T09:10:00.000Z,SYNTH_CELL_A,29,-108.98
2026-08-31T09:10:00.000Z,SYNTH_CELL_A,30,-96.75
2026-08-31T09:10:00.000Z,SYNTH_CELL_A,31,-91.16
2026-08-31T09:10:00.000Z,SYNTH_CELL_A,32,-90.39
2026-08-31T09:10:00.000Z,SYNTH_CELL_A,33,-93.6
2026-08-31T09:10:00.000Z,SYNTH_CELL_A,34,-90.7
2026-08-31T09:10:00.000Z,SYNTH_CELL_A,35,-96.96
2026-08-31T09:10:00.000Z,SYNTH_CELL_A,36,-93
2026-08-31T09:10:00.000Z,SYNTH_CELL_A,37,-108.96
2026-08-31T09:10:00.000Z,SYNTH_CELL_A,38,-109.5
2026-08-31T09:10:00.000Z,SYNTH_CELL_A,39,-107.45
2026-08-31T09:10:00.000Z,SYNTH_CELL_A,40,-108.24
2026-08-31T09:10:00.000Z,SYNTH_CELL_A,41,-107.56
2026-08-31T09:10:00.000Z,SYNTH_CELL_A,42,-107.87
2026-08-31T09:10:00.000Z,SYNTH_CELL_A,43,-107.96
2026-08-31T09:10:00.000Z,SYNTH_CELL_A,44,-109.31
2026-08-31T09:10:00.000Z,SYNTH_CELL_A,45,-108.19
2026-08-31T09:10:00.000Z,SYNTH_CELL_A,46,-112.45
2026-08-31T09:10:00.000Z,SYNTH_CELL_A,47,-109.09
2026-08-31T09:10:00.000Z,SYNTH_CELL_A,48,-108.61
2026-08-31T09:10:00.000Z,SYNTH_CELL_A,49,-113.31
2026-08-31T09:10:00.000Z,SYNTH_CELL_A,50,-108.01
2026-08-31T09:10:00.000Z,SYNTH_CELL_A,51,-111.91
2026-08-31T09:10:00.000Z,SYNTH_CELL_A,52,-111.13
2026-08-31T09:10:00.000Z,SYNTH_CELL_A,53,-113.05
2026-08-31T09:10:00.000Z,SYNTH_CELL_A,54,-108.01
2026-08-31T09:10:00.000Z,SYNTH_CELL_A,55,-107.69
2026-08-31T09:10:00.000Z,SYNTH_CELL_A,56,-112.45
2026-08-31T09:10:00.000Z,SYNTH_CELL_A,57,-112.46
2026-08-31T09:10:00.000Z,SYNTH_CELL_A,58,-112.19
2026-08-31T09:10:00.000Z,SYNTH_CELL_A,59,-107.52
2026-08-31T09:10:00.000Z,SYNTH_CELL_A,60,-109.95
2026-08-31T09:10:00.000Z,SYNTH_CELL_A,61,-107.48
2026-08-31T09:10:00.000Z,SYNTH_CELL_A,62,-108.52
2026-08-31T09:10:00.000Z,SYNTH_CELL_A,63,-113.4
2026-08-31T09:10:00.000Z,SYNTH_CELL_A,64,-109.72
2026-08-31T09:10:00.000Z,SYNTH_CELL_A,65,-113.85
2026-08-31T09:10:00.000Z,SYNTH_CELL_A,66,-113.37
2026-08-31T09:10:00.000Z,SYNTH_CELL_A,67,-113.91
2026-08-31T09:10:00.000Z,SYNTH_CELL_A,68,-109.17
2026-08-31T09:10:00.000Z,SYNTH_CELL_A,69,-108.35
2026-08-31T09:10:00.000Z,SYNTH_CELL_A,70,-110.63
2026-08-31T09:10:00.000Z,SYNTH_CELL_A,71,-110.68
2026-08-31T09:10:00.000Z,SYNTH_CELL_A,72,-111.92
2026-08-31T09:10:00.000Z,SYNTH_CELL_A,73,-112.34
2026-08-31T09:10:00.000Z,SYNTH_CELL_A,74,-107.72
2026-08-31T09:10:00.000Z,SYNTH_CELL_A,75,-111.81
2026-08-31T09:10:00.000Z,SYNTH_CELL_A,76,-113.08
2026-08-31T09:10:00.000Z,SYNTH_CELL_A,77,-108.76
2026-08-31T09:10:00.000Z,SYNTH_CELL_A,78,-113.32
2026-08-31T09:10:00.000Z,SYNTH_CELL_A,79,-112.21
2026-08-31T09:10:00.000Z,SYNTH_CELL_A,80,-111.84
2026-08-31T09:10:00.000Z,SYNTH_CELL_A,81,-113.62
2026-08-31T09:10:00.000Z,SYNTH_CELL_A,82,-108.03
2026-08-31T09:10:00.000Z,SYNTH_CELL_A,83,-108.98
2026-08-31T09:10:00.000Z,SYNTH_CELL_A,84,-110.21
2026-08-31T09:10:00.000Z,SYNTH_CELL_A,85,-113.93
2026-08-31T09:10:00.000Z,SYNTH_CELL_A,86,-113.59
2026-08-31T09:10:00.000Z,SYNTH_CELL_A,87,-108.71
2026-08-31T09:10:00.000Z,SYNTH_CELL_A,88,-113.2
2026-08-31T09:10:00.000Z,SYNTH_CELL_A,89,-109.21
2026-08-31T09:10:00.000Z,SYNTH_CELL_A,90,-110
2026-08-31T09:10:00.000Z,SYNTH_CELL_A,91,-111.86
2026-08-31T09:10:00.000Z,SYNTH_CELL_A,92,-109.94
2026-08-31T09:10:00.000Z,SYNTH_CELL_A,93,-108.53
2026-08-31T09:10:00.000Z,SYNTH_CELL_A,94,-109.15
2026-08-31T09:10:00.000Z,SYNTH_CELL_A,95,-108.31
2026-08-31T09:10:00.000Z,SYNTH_CELL_A,96,-107.11
2026-08-31T09:10:00.000Z,SYNTH_CELL_A,97,-110.31
2026-08-31T09:10:00.000Z,SYNTH_CELL_A,98,-112.99
2026-08-31T09:10:00.000Z,SYNTH_CELL_A,99,-111.23
2026-08-31T09:10:00.000Z,SYNTH_CELL_A,100,-110.02
2026-08-31T09:10:00.000Z,SYNTH_CELL_A,101,-113.06
2026-08-31T09:10:00.000Z,SYNTH_CELL_A,102,-110.91
2026-08-31T09:10:00.000Z,SYNTH_CELL_A,103,-109.51
2026-08-31T09:10:00.000Z,SYNTH_CELL_A,104,-108.42
2026-08-31T09:10:00.000Z,SYNTH_CELL_A,105,-107.44
2026-08-31T09:10:00.000Z,SYNTH_CELL_A,106,-109.96
2026-08-31T09:10:00.000Z,SYNTH_CELL_A,107,-113.21
2026-08-31T09:10:00.000Z,SYNTH_CELL_A,108,-109.34
2026-08-31T09:10:00.000Z,SYNTH_CELL_A,109,-111.94
2026-08-31T09:10:00.000Z,SYNTH_CELL_A,110,-107.51
2026-08-31T09:10:00.000Z,SYNTH_CELL_A,111,-109.6
2026-08-31T09:10:00.000Z,SYNTH_CELL_A,112,-112.54
2026-08-31T09:10:00.000Z,SYNTH_CELL_A,113,-112.11
2026-08-31T09:10:00.000Z,SYNTH_CELL_A,114,-111.54
2026-08-31T09:10:00.000Z,SYNTH_CELL_A,115,-111.29
2026-08-31T09:10:00.000Z,SYNTH_CELL_A,116,-112.79
2026-08-31T09:10:00.000Z,SYNTH_CELL_A,117,-112.7
2026-08-31T09:10:00.000Z,SYNTH_CELL_A,118,-110.93
2026-08-31T09:10:00.000Z,SYNTH_CELL_A,119,-107.46
2026-08-31T09:10:00.000Z,SYNTH_CELL_A,120,-108.17
2026-08-31T09:10:00.000Z,SYNTH_CELL_A,121,-113.91
2026-08-31T09:10:00.000Z,SYNTH_CELL_A,122,-107.74
2026-08-31T09:10:00.000Z,SYNTH_CELL_A,123,-107.19
2026-08-31T09:10:00.000Z,SYNTH_CELL_A,124,-107.25
2026-08-31T09:10:00.000Z,SYNTH_CELL_A,125,-109.74
2026-08-31T09:10:00.000Z,SYNTH_CELL_A,126,-113.32
2026-08-31T09:10:00.000Z,SYNTH_CELL_A,127,-113.78
2026-08-31T09:10:00.000Z,SYNTH_CELL_A,128,-107.09
2026-08-31T09:10:00.000Z,SYNTH_CELL_A,129,-108.59
2026-08-31T09:10:00.000Z,SYNTH_CELL_A,130,-108.03
2026-08-31T09:10:00.000Z,SYNTH_CELL_A,131,-107.81
2026-08-31T09:10:00.000Z,SYNTH_CELL_A,132,-111.59
2026-08-31T09:10:00.000Z,SYNTH_CELL_A,133,-113.64
2026-08-31T09:10:00.000Z,SYNTH_CELL_A,134,-111.13
2026-08-31T09:10:00.000Z,SYNTH_CELL_A,135,-108.97
2026-08-31T09:10:00.000Z,SYNTH_CELL_A,136,-112.76
2026-08-31T09:10:00.000Z,SYNTH_CELL_A,137,-112.44
2026-08-31T09:10:00.000Z,SYNTH_CELL_A,138,-108.3
2026-08-31T09:10:00.000Z,SYNTH_CELL_A,139,-107.52
2026-08-31T09:10:00.000Z,SYNTH_CELL_A,140,-111.29
2026-08-31T09:10:00.000Z,SYNTH_CELL_A,141,-111.4
2026-08-31T09:10:00.000Z,SYNTH_CELL_A,142,-109.03
2026-08-31T09:10:00.000Z,SYNTH_CELL_A,143,-111.03
2026-08-31T09:10:00.000Z,SYNTH_CELL_A,144,-112.64
2026-08-31T09:10:00.000Z,SYNTH_CELL_A,145,-110.93
2026-08-31T09:10:00.000Z,SYNTH_CELL_A,146,-109.19
2026-08-31T09:10:00.000Z,SYNTH_CELL_A,147,-111.15
2026-08-31T09:10:00.000Z,SYNTH_CELL_A,148,-111.82
2026-08-31T09:10:00.000Z,SYNTH_CELL_A,149,-113.11
2026-08-31T09:10:00.000Z,SYNTH_CELL_A,150,-111.85
2026-08-31T09:10:00.000Z,SYNTH_CELL_A,151,-111.43
2026-08-31T09:10:00.000Z,SYNTH_CELL_A,152,-107.98
2026-08-31T09:10:00.000Z,SYNTH_CELL_A,153,-113.84
2026-08-31T09:10:00.000Z,SYNTH_CELL_A,154,-107.36
2026-08-31T09:10:00.000Z,SYNTH_CELL_A,155,-111.98
2026-08-31T09:10:00.000Z,SYNTH_CELL_A,156,-112.81
2026-08-31T09:10:00.000Z,SYNTH_CELL_A,157,-108.33
2026-08-31T09:10:00.000Z,SYNTH_CELL_A,158,-109.85
2026-08-31T09:10:00.000Z,SYNTH_CELL_A,159,-108.08
2026-08-31T09:10:00.000Z,SYNTH_CELL_A,160,-109.83
2026-08-31T09:10:00.000Z,SYNTH_CELL_A,161,-111.07
2026-08-31T09:10:00.000Z,SYNTH_CELL_A,162,-109
2026-08-31T09:10:00.000Z,SYNTH_CELL_A,163,-110.73
2026-08-31T09:10:00.000Z,SYNTH_CELL_A,164,-110.49
2026-08-31T09:10:00.000Z,SYNTH_CELL_A,165,-107.1
2026-08-31T09:10:00.000Z,SYNTH_CELL_A,166,-111.32
2026-08-31T09:10:00.000Z,SYNTH_CELL_A,167,-112.89
2026-08-31T09:10:00.000Z,SYNTH_CELL_A,168,-110.27
2026-08-31T09:10:00.000Z,SYNTH_CELL_A,169,-110.6
2026-08-31T09:10:00.000Z,SYNTH_CELL_A,170,-108.78
2026-08-31T09:10:00.000Z,SYNTH_CELL_A,171,-107.65
2026-08-31T09:10:00.000Z,SYNTH_CELL_A,172,-111.74
2026-08-31T09:10:00.000Z,SYNTH_CELL_A,173,-107.69
2026-08-31T09:10:00.000Z,SYNTH_CELL_A,174,-107.17
2026-08-31T09:10:00.000Z,SYNTH_CELL_A,175,-109.83
2026-08-31T09:10:00.000Z,SYNTH_CELL_A,176,-108.93
2026-08-31T09:10:00.000Z,SYNTH_CELL_A,177,-108.12
2026-08-31T09:10:00.000Z,SYNTH_CELL_A,178,-108.23
2026-08-31T09:10:00.000Z,SYNTH_CELL_A,179,-111.96
2026-08-31T09:10:00.000Z,SYNTH_CELL_A,180,-109.16
2026-08-31T09:10:00.000Z,SYNTH_CELL_A,181,-110.69
2026-08-31T09:10:00.000Z,SYNTH_CELL_A,182,-108.04
2026-08-31T09:10:00.000Z,SYNTH_CELL_A,183,-108.23
2026-08-31T09:10:00.000Z,SYNTH_CELL_A,184,-107.78
2026-08-31T09:10:00.000Z,SYNTH_CELL_A,185,-108.8
2026-08-31T09:10:00.000Z,SYNTH_CELL_A,186,-111.06
2026-08-31T09:10:00.000Z,SYNTH_CELL_A,187,-109.77
2026-08-31T09:10:00.000Z,SYNTH_CELL_A,188,-113.46
2026-08-31T09:10:00.000Z,SYNTH_CELL_A,189,-108.6
2026-08-31T09:10:00.000Z,SYNTH_CELL_A,190,-110.52
2026-08-31T09:10:00.000Z,SYNTH_CELL_A,191,-109.81
2026-08-31T09:10:00.000Z,SYNTH_CELL_A,192,-111.61
2026-08-31T09:10:00.000Z,SYNTH_CELL_A,193,-111.13
2026-08-31T09:10:00.000Z,SYNTH_CELL_A,194,-111.85
2026-08-31T09:10:00.000Z,SYNTH_CELL_A,195,-110.69
2026-08-31T09:10:00.000Z,SYNTH_CELL_A,196,-112.81
2026-08-31T09:10:00.000Z,SYNTH_CELL_A,197,-107.3
2026-08-31T09:10:00.000Z,SYNTH_CELL_A,198,-108.16
2026-08-31T09:10:00.000Z,SYNTH_CELL_A,199,-107.88
2026-08-31T09:10:00.000Z,SYNTH_CELL_A,200,-111.29
2026-08-31T09:10:00.000Z,SYNTH_CELL_A,201,-113.89
2026-08-31T09:10:00.000Z,SYNTH_CELL_A,202,-112.75
2026-08-31T09:10:00.000Z,SYNTH_CELL_A,203,-107.91
2026-08-31T09:10:00.000Z,SYNTH_CELL_A,204,-107.69
2026-08-31T09:10:00.000Z,SYNTH_CELL_A,205,-110.25
2026-08-31T09:10:00.000Z,SYNTH_CELL_A,206,-109.14
2026-08-31T09:10:00.000Z,SYNTH_CELL_A,207,-109.7
2026-08-31T09:10:00.000Z,SYNTH_CELL_A,208,-112.29
2026-08-31T09:10:00.000Z,SYNTH_CELL_A,209,-113.3
2026-08-31T09:10:00.000Z,SYNTH_CELL_A,210,-107.67
2026-08-31T09:10:00.000Z,SYNTH_CELL_A,211,-112.17
2026-08-31T09:10:00.000Z,SYNTH_CELL_A,212,-108.28
2026-08-31T09:10:00.000Z,SYNTH_CELL_A,213,-110.43
2026-08-31T09:10:00.000Z,SYNTH_CELL_A,214,-113.63
2026-08-31T09:10:00.000Z,SYNTH_CELL_A,215,-112.21
2026-08-31T09:10:00.000Z,SYNTH_CELL_A,216,-108.74
2026-08-31T09:10:00.000Z,SYNTH_CELL_A,217,-108.56
2026-08-31T09:10:00.000Z,SYNTH_CELL_A,218,-112.15
2026-08-31T09:10:00.000Z,SYNTH_CELL_A,219,-113.61
2026-08-31T09:10:00.000Z,SYNTH_CELL_A,220,-111.85
2026-08-31T09:10:00.000Z,SYNTH_CELL_A,221,-109.59
2026-08-31T09:10:00.000Z,SYNTH_CELL_A,222,-113.11
2026-08-31T09:10:00.000Z,SYNTH_CELL_A,223,-110.94
2026-08-31T09:10:00.000Z,SYNTH_CELL_A,224,-109.45
2026-08-31T09:10:00.000Z,SYNTH_CELL_A,225,-109.5
2026-08-31T09:10:00.000Z,SYNTH_CELL_A,226,-109.44
2026-08-31T09:10:00.000Z,SYNTH_CELL_A,227,-110.56
2026-08-31T09:10:00.000Z,SYNTH_CELL_A,228,-107.59
2026-08-31T09:10:00.000Z,SYNTH_CELL_A,229,-113.1
2026-08-31T09:10:00.000Z,SYNTH_CELL_A,230,-111.2
2026-08-31T09:10:00.000Z,SYNTH_CELL_A,231,-110.85
2026-08-31T09:10:00.000Z,SYNTH_CELL_A,232,-111.19
2026-08-31T09:10:00.000Z,SYNTH_CELL_A,233,-107.48
2026-08-31T09:10:00.000Z,SYNTH_CELL_A,234,-109.05
2026-08-31T09:10:00.000Z,SYNTH_CELL_A,235,-110.65
2026-08-31T09:10:00.000Z,SYNTH_CELL_A,236,-108.67
2026-08-31T09:10:00.000Z,SYNTH_CELL_A,237,-112.14
2026-08-31T09:10:00.000Z,SYNTH_CELL_A,238,-108.34
2026-08-31T09:10:00.000Z,SYNTH_CELL_A,239,-109.9
2026-08-31T09:10:00.000Z,SYNTH_CELL_A,240,-113.66
2026-08-31T09:10:00.000Z,SYNTH_CELL_A,241,-108.99
2026-08-31T09:10:00.000Z,SYNTH_CELL_A,242,-108.62
2026-08-31T09:10:00.000Z,SYNTH_CELL_A,243,-108.62
2026-08-31T09:10:00.000Z,SYNTH_CELL_A,244,-110.61
2026-08-31T09:10:00.000Z,SYNTH_CELL_A,245,-109.99
2026-08-31T09:10:00.000Z,SYNTH_CELL_A,246,-113.62
2026-08-31T09:10:00.000Z,SYNTH_CELL_A,247,-110.18
2026-08-31T09:10:00.000Z,SYNTH_CELL_A,248,-108.33
2026-08-31T09:10:00.000Z,SYNTH_CELL_A,249,-109.87
2026-08-31T09:10:00.000Z,SYNTH_CELL_A,250,-109.47
2026-08-31T09:10:00.000Z,SYNTH_CELL_A,251,-107.11
2026-08-31T09:10:00.000Z,SYNTH_CELL_A,252,-113.11
2026-08-31T09:10:00.000Z,SYNTH_CELL_A,253,-111.89
2026-08-31T09:10:00.000Z,SYNTH_CELL_A,254,-110.04
2026-08-31T09:10:00.000Z,SYNTH_CELL_A,255,-111.72
2026-08-31T09:10:00.000Z,SYNTH_CELL_A,256,-113.35
2026-08-31T09:10:00.000Z,SYNTH_CELL_A,257,-107.06
2026-08-31T09:10:00.000Z,SYNTH_CELL_A,258,-108.9
2026-08-31T09:10:00.000Z,SYNTH_CELL_A,259,-111.75
2026-08-31T09:10:00.000Z,SYNTH_CELL_A,260,-111.12
2026-08-31T09:10:00.000Z,SYNTH_CELL_A,261,-111.22
2026-08-31T09:10:00.000Z,SYNTH_CELL_A,262,-113.64
2026-08-31T09:10:00.000Z,SYNTH_CELL_A,263,-111.76
2026-08-31T09:10:00.000Z,SYNTH_CELL_A,264,-110.25
2026-08-31T09:10:00.000Z,SYNTH_CELL_A,265,-112.55
2026-08-31T09:10:00.000Z,SYNTH_CELL_A,266,-108.78
2026-08-31T09:10:00.000Z,SYNTH_CELL_A,267,-112.72
2026-08-31T09:10:00.000Z,SYNTH_CELL_A,268,-110.17
2026-08-31T09:10:00.000Z,SYNTH_CELL_A,269,-111.22
2026-08-31T09:10:00.000Z,SYNTH_CELL_A,270,-108.61
2026-08-31T09:10:00.000Z,SYNTH_CELL_A,271,-113.67
2026-08-31T09:10:00.000Z,SYNTH_CELL_A,272,-112.76
2026-08-31T09:15:00.000Z,SYNTH_CELL_A,0,-107.13
2026-08-31T09:15:00.000Z,SYNTH_CELL_A,1,-112.58
2026-08-31T09:15:00.000Z,SYNTH_CELL_A,2,-110.75
2026-08-31T09:15:00.000Z,SYNTH_CELL_A,3,-113.1
2026-08-31T09:15:00.000Z,SYNTH_CELL_A,4,-107.92
2026-08-31T09:15:00.000Z,SYNTH_CELL_A,5,-108.84
2026-08-31T09:15:00.000Z,SYNTH_CELL_A,6,-108.34
2026-08-31T09:15:00.000Z,SYNTH_CELL_A,7,-108.46
2026-08-31T09:15:00.000Z,SYNTH_CELL_A,8,-113.27
2026-08-31T09:15:00.000Z,SYNTH_CELL_A,9,-107.54
2026-08-31T09:15:00.000Z,SYNTH_CELL_A,10,-109.53
2026-08-31T09:15:00.000Z,SYNTH_CELL_A,11,-108.59
2026-08-31T09:15:00.000Z,SYNTH_CELL_A,12,-112.54
2026-08-31T09:15:00.000Z,SYNTH_CELL_A,13,-113.07
2026-08-31T09:15:00.000Z,SYNTH_CELL_A,14,-111.18
2026-08-31T09:15:00.000Z,SYNTH_CELL_A,15,-113.5
2026-08-31T09:15:00.000Z,SYNTH_CELL_A,16,-110.74
2026-08-31T09:15:00.000Z,SYNTH_CELL_A,17,-113.6
2026-08-31T09:15:00.000Z,SYNTH_CELL_A,18,-112.68
2026-08-31T09:15:00.000Z,SYNTH_CELL_A,19,-113.52
2026-08-31T09:15:00.000Z,SYNTH_CELL_A,20,-108.42
2026-08-31T09:15:00.000Z,SYNTH_CELL_A,21,-109.13
2026-08-31T09:15:00.000Z,SYNTH_CELL_A,22,-107.97
2026-08-31T09:15:00.000Z,SYNTH_CELL_A,23,-112.37
2026-08-31T09:15:00.000Z,SYNTH_CELL_A,24,-112.55
2026-08-31T09:15:00.000Z,SYNTH_CELL_A,25,-108.74
2026-08-31T09:15:00.000Z,SYNTH_CELL_A,26,-108.1
2026-08-31T09:15:00.000Z,SYNTH_CELL_A,27,-112.76
2026-08-31T09:15:00.000Z,SYNTH_CELL_A,28,-107.69
2026-08-31T09:15:00.000Z,SYNTH_CELL_A,29,-111.67
2026-08-31T09:15:00.000Z,SYNTH_CELL_A,30,-92.88
2026-08-31T09:15:00.000Z,SYNTH_CELL_A,31,-90.07
2026-08-31T09:15:00.000Z,SYNTH_CELL_A,32,-95.94
2026-08-31T09:15:00.000Z,SYNTH_CELL_A,33,-90.77
2026-08-31T09:15:00.000Z,SYNTH_CELL_A,34,-91.02
2026-08-31T09:15:00.000Z,SYNTH_CELL_A,35,-91.64
2026-08-31T09:15:00.000Z,SYNTH_CELL_A,36,-90.2
2026-08-31T09:15:00.000Z,SYNTH_CELL_A,37,-111.65
2026-08-31T09:15:00.000Z,SYNTH_CELL_A,38,-108.47
2026-08-31T09:15:00.000Z,SYNTH_CELL_A,39,-111.9
2026-08-31T09:15:00.000Z,SYNTH_CELL_A,40,-109.6
2026-08-31T09:15:00.000Z,SYNTH_CELL_A,41,-111.82
2026-08-31T09:15:00.000Z,SYNTH_CELL_A,42,-107.89
2026-08-31T09:15:00.000Z,SYNTH_CELL_A,43,-107.43
2026-08-31T09:15:00.000Z,SYNTH_CELL_A,44,-113.89
2026-08-31T09:15:00.000Z,SYNTH_CELL_A,45,-109.71
2026-08-31T09:15:00.000Z,SYNTH_CELL_A,46,-108.99
2026-08-31T09:15:00.000Z,SYNTH_CELL_A,47,-110.03
2026-08-31T09:15:00.000Z,SYNTH_CELL_A,48,-107.94
2026-08-31T09:15:00.000Z,SYNTH_CELL_A,49,-108.68
2026-08-31T09:15:00.000Z,SYNTH_CELL_A,50,-109.24
2026-08-31T09:15:00.000Z,SYNTH_CELL_A,51,-108.5
2026-08-31T09:15:00.000Z,SYNTH_CELL_A,52,-108.54
2026-08-31T09:15:00.000Z,SYNTH_CELL_A,53,-108.55
2026-08-31T09:15:00.000Z,SYNTH_CELL_A,54,-111.89
2026-08-31T09:15:00.000Z,SYNTH_CELL_A,55,-111.87
2026-08-31T09:15:00.000Z,SYNTH_CELL_A,56,-113.94
2026-08-31T09:15:00.000Z,SYNTH_CELL_A,57,-112.34
2026-08-31T09:15:00.000Z,SYNTH_CELL_A,58,-111.08
2026-08-31T09:15:00.000Z,SYNTH_CELL_A,59,-109.53
2026-08-31T09:15:00.000Z,SYNTH_CELL_A,60,-107.52
2026-08-31T09:15:00.000Z,SYNTH_CELL_A,61,-109.67
2026-08-31T09:15:00.000Z,SYNTH_CELL_A,62,-107.34
2026-08-31T09:15:00.000Z,SYNTH_CELL_A,63,-112.65
2026-08-31T09:15:00.000Z,SYNTH_CELL_A,64,-113.44
2026-08-31T09:15:00.000Z,SYNTH_CELL_A,65,-113.04
2026-08-31T09:15:00.000Z,SYNTH_CELL_A,66,-112.48
2026-08-31T09:15:00.000Z,SYNTH_CELL_A,67,-108.2
2026-08-31T09:15:00.000Z,SYNTH_CELL_A,68,-108.84
2026-08-31T09:15:00.000Z,SYNTH_CELL_A,69,-113.34
2026-08-31T09:15:00.000Z,SYNTH_CELL_A,70,-109.42
2026-08-31T09:15:00.000Z,SYNTH_CELL_A,71,-113.68
2026-08-31T09:15:00.000Z,SYNTH_CELL_A,72,-108.6
2026-08-31T09:15:00.000Z,SYNTH_CELL_A,73,-107.56
2026-08-31T09:15:00.000Z,SYNTH_CELL_A,74,-108.02
2026-08-31T09:15:00.000Z,SYNTH_CELL_A,75,-107.62
2026-08-31T09:15:00.000Z,SYNTH_CELL_A,76,-108.48
2026-08-31T09:15:00.000Z,SYNTH_CELL_A,77,-113.9
2026-08-31T09:15:00.000Z,SYNTH_CELL_A,78,-108.81
2026-08-31T09:15:00.000Z,SYNTH_CELL_A,79,-108.02
2026-08-31T09:15:00.000Z,SYNTH_CELL_A,80,-111.69
2026-08-31T09:15:00.000Z,SYNTH_CELL_A,81,-110.26
2026-08-31T09:15:00.000Z,SYNTH_CELL_A,82,-108.6
2026-08-31T09:15:00.000Z,SYNTH_CELL_A,83,-110.64
2026-08-31T09:15:00.000Z,SYNTH_CELL_A,84,-113.72
2026-08-31T09:15:00.000Z,SYNTH_CELL_A,85,-112.04
2026-08-31T09:15:00.000Z,SYNTH_CELL_A,86,-113.9
2026-08-31T09:15:00.000Z,SYNTH_CELL_A,87,-110.14
2026-08-31T09:15:00.000Z,SYNTH_CELL_A,88,-109.65
2026-08-31T09:15:00.000Z,SYNTH_CELL_A,89,-108.46
2026-08-31T09:15:00.000Z,SYNTH_CELL_A,90,-107.21
2026-08-31T09:15:00.000Z,SYNTH_CELL_A,91,-112.25
2026-08-31T09:15:00.000Z,SYNTH_CELL_A,92,-110.63
2026-08-31T09:15:00.000Z,SYNTH_CELL_A,93,-108.34
2026-08-31T09:15:00.000Z,SYNTH_CELL_A,94,-113.98
2026-08-31T09:15:00.000Z,SYNTH_CELL_A,95,-107.96
2026-08-31T09:15:00.000Z,SYNTH_CELL_A,96,-107.55
2026-08-31T09:15:00.000Z,SYNTH_CELL_A,97,-112.48
2026-08-31T09:15:00.000Z,SYNTH_CELL_A,98,-112.19
2026-08-31T09:15:00.000Z,SYNTH_CELL_A,99,-114
2026-08-31T09:15:00.000Z,SYNTH_CELL_A,100,-108.65
2026-08-31T09:15:00.000Z,SYNTH_CELL_A,101,-109.99
2026-08-31T09:15:00.000Z,SYNTH_CELL_A,102,-107.13
2026-08-31T09:15:00.000Z,SYNTH_CELL_A,103,-110.76
2026-08-31T09:15:00.000Z,SYNTH_CELL_A,104,-111.74
2026-08-31T09:15:00.000Z,SYNTH_CELL_A,105,-111.84
2026-08-31T09:15:00.000Z,SYNTH_CELL_A,106,-113.21
2026-08-31T09:15:00.000Z,SYNTH_CELL_A,107,-108.31
2026-08-31T09:15:00.000Z,SYNTH_CELL_A,108,-109.59
2026-08-31T09:15:00.000Z,SYNTH_CELL_A,109,-109.02
2026-08-31T09:15:00.000Z,SYNTH_CELL_A,110,-113.09
2026-08-31T09:15:00.000Z,SYNTH_CELL_A,111,-108.73
2026-08-31T09:15:00.000Z,SYNTH_CELL_A,112,-107.99
2026-08-31T09:15:00.000Z,SYNTH_CELL_A,113,-109.13
2026-08-31T09:15:00.000Z,SYNTH_CELL_A,114,-113.65
2026-08-31T09:15:00.000Z,SYNTH_CELL_A,115,-111.79
2026-08-31T09:15:00.000Z,SYNTH_CELL_A,116,-107.61
2026-08-31T09:15:00.000Z,SYNTH_CELL_A,117,-110.99
2026-08-31T09:15:00.000Z,SYNTH_CELL_A,118,-109.8
2026-08-31T09:15:00.000Z,SYNTH_CELL_A,119,-107.51
2026-08-31T09:15:00.000Z,SYNTH_CELL_A,120,-112.83
2026-08-31T09:15:00.000Z,SYNTH_CELL_A,121,-108.26
2026-08-31T09:15:00.000Z,SYNTH_CELL_A,122,-110.37
2026-08-31T09:15:00.000Z,SYNTH_CELL_A,123,-111.88
2026-08-31T09:15:00.000Z,SYNTH_CELL_A,124,-111.62
2026-08-31T09:15:00.000Z,SYNTH_CELL_A,125,-108.22
2026-08-31T09:15:00.000Z,SYNTH_CELL_A,126,-113.83
2026-08-31T09:15:00.000Z,SYNTH_CELL_A,127,-112.72
2026-08-31T09:15:00.000Z,SYNTH_CELL_A,128,-109.99
2026-08-31T09:15:00.000Z,SYNTH_CELL_A,129,-109.82
2026-08-31T09:15:00.000Z,SYNTH_CELL_A,130,-110.48
2026-08-31T09:15:00.000Z,SYNTH_CELL_A,131,-108.1
2026-08-31T09:15:00.000Z,SYNTH_CELL_A,132,-108.91
2026-08-31T09:15:00.000Z,SYNTH_CELL_A,133,-111.57
2026-08-31T09:15:00.000Z,SYNTH_CELL_A,134,-110.89
2026-08-31T09:15:00.000Z,SYNTH_CELL_A,135,-111.74
2026-08-31T09:15:00.000Z,SYNTH_CELL_A,136,-107.03
2026-08-31T09:15:00.000Z,SYNTH_CELL_A,137,-107.7
2026-08-31T09:15:00.000Z,SYNTH_CELL_A,138,-108.8
2026-08-31T09:15:00.000Z,SYNTH_CELL_A,139,-112.12
2026-08-31T09:15:00.000Z,SYNTH_CELL_A,140,-107.62
2026-08-31T09:15:00.000Z,SYNTH_CELL_A,141,-108.23
2026-08-31T09:15:00.000Z,SYNTH_CELL_A,142,-110.86
2026-08-31T09:15:00.000Z,SYNTH_CELL_A,143,-111.78
2026-08-31T09:15:00.000Z,SYNTH_CELL_A,144,-107.97
2026-08-31T09:15:00.000Z,SYNTH_CELL_A,145,-113.89
2026-08-31T09:15:00.000Z,SYNTH_CELL_A,146,-113.53
2026-08-31T09:15:00.000Z,SYNTH_CELL_A,147,-107.96
2026-08-31T09:15:00.000Z,SYNTH_CELL_A,148,-112.41
2026-08-31T09:15:00.000Z,SYNTH_CELL_A,149,-109.55
2026-08-31T09:15:00.000Z,SYNTH_CELL_A,150,-109.95
2026-08-31T09:15:00.000Z,SYNTH_CELL_A,151,-113.2
2026-08-31T09:15:00.000Z,SYNTH_CELL_A,152,-112.01
2026-08-31T09:15:00.000Z,SYNTH_CELL_A,153,-112.29
2026-08-31T09:15:00.000Z,SYNTH_CELL_A,154,-112.21
2026-08-31T09:15:00.000Z,SYNTH_CELL_A,155,-111.95
2026-08-31T09:15:00.000Z,SYNTH_CELL_A,156,-107
2026-08-31T09:15:00.000Z,SYNTH_CELL_A,157,-113.88
2026-08-31T09:15:00.000Z,SYNTH_CELL_A,158,-110.78
2026-08-31T09:15:00.000Z,SYNTH_CELL_A,159,-108.29
2026-08-31T09:15:00.000Z,SYNTH_CELL_A,160,-108.01
2026-08-31T09:15:00.000Z,SYNTH_CELL_A,161,-107.82
2026-08-31T09:15:00.000Z,SYNTH_CELL_A,162,-110.2
2026-08-31T09:15:00.000Z,SYNTH_CELL_A,163,-111.51
2026-08-31T09:15:00.000Z,SYNTH_CELL_A,164,-108
2026-08-31T09:15:00.000Z,SYNTH_CELL_A,165,-110.82
2026-08-31T09:15:00.000Z,SYNTH_CELL_A,166,-107.08
2026-08-31T09:15:00.000Z,SYNTH_CELL_A,167,-109.7
2026-08-31T09:15:00.000Z,SYNTH_CELL_A,168,-108.09
2026-08-31T09:15:00.000Z,SYNTH_CELL_A,169,-109.69
2026-08-31T09:15:00.000Z,SYNTH_CELL_A,170,-107.49
2026-08-31T09:15:00.000Z,SYNTH_CELL_A,171,-109.15
2026-08-31T09:15:00.000Z,SYNTH_CELL_A,172,-112.32
2026-08-31T09:15:00.000Z,SYNTH_CELL_A,173,-109.46
2026-08-31T09:15:00.000Z,SYNTH_CELL_A,174,-112.92
2026-08-31T09:15:00.000Z,SYNTH_CELL_A,175,-107.39
2026-08-31T09:15:00.000Z,SYNTH_CELL_A,176,-111.55
2026-08-31T09:15:00.000Z,SYNTH_CELL_A,177,-108.51
2026-08-31T09:15:00.000Z,SYNTH_CELL_A,178,-108.96
2026-08-31T09:15:00.000Z,SYNTH_CELL_A,179,-112.65
2026-08-31T09:15:00.000Z,SYNTH_CELL_A,180,-111.84
2026-08-31T09:15:00.000Z,SYNTH_CELL_A,181,-113.51
2026-08-31T09:15:00.000Z,SYNTH_CELL_A,182,-112.19
2026-08-31T09:15:00.000Z,SYNTH_CELL_A,183,-112.29
2026-08-31T09:15:00.000Z,SYNTH_CELL_A,184,-108.66
2026-08-31T09:15:00.000Z,SYNTH_CELL_A,185,-110.47
2026-08-31T09:15:00.000Z,SYNTH_CELL_A,186,-113.67
2026-08-31T09:15:00.000Z,SYNTH_CELL_A,187,-109.67
2026-08-31T09:15:00.000Z,SYNTH_CELL_A,188,-111.6
2026-08-31T09:15:00.000Z,SYNTH_CELL_A,189,-111.55
2026-08-31T09:15:00.000Z,SYNTH_CELL_A,190,-107.73
2026-08-31T09:15:00.000Z,SYNTH_CELL_A,191,-110.88
2026-08-31T09:15:00.000Z,SYNTH_CELL_A,192,-107.2
2026-08-31T09:15:00.000Z,SYNTH_CELL_A,193,-109.66
2026-08-31T09:15:00.000Z,SYNTH_CELL_A,194,-107.81
2026-08-31T09:15:00.000Z,SYNTH_CELL_A,195,-110.34
2026-08-31T09:15:00.000Z,SYNTH_CELL_A,196,-113.78
2026-08-31T09:15:00.000Z,SYNTH_CELL_A,197,-109.15
2026-08-31T09:15:00.000Z,SYNTH_CELL_A,198,-107.35
2026-08-31T09:15:00.000Z,SYNTH_CELL_A,199,-110.48
2026-08-31T09:15:00.000Z,SYNTH_CELL_A,200,-111.37
2026-08-31T09:15:00.000Z,SYNTH_CELL_A,201,-113.37
2026-08-31T09:15:00.000Z,SYNTH_CELL_A,202,-111.76
2026-08-31T09:15:00.000Z,SYNTH_CELL_A,203,-112.1
2026-08-31T09:15:00.000Z,SYNTH_CELL_A,204,-112.87
2026-08-31T09:15:00.000Z,SYNTH_CELL_A,205,-110.85
2026-08-31T09:15:00.000Z,SYNTH_CELL_A,206,-108.83
2026-08-31T09:15:00.000Z,SYNTH_CELL_A,207,-110.39
2026-08-31T09:15:00.000Z,SYNTH_CELL_A,208,-110.76
2026-08-31T09:15:00.000Z,SYNTH_CELL_A,209,-108.91
2026-08-31T09:15:00.000Z,SYNTH_CELL_A,210,-110.94
2026-08-31T09:15:00.000Z,SYNTH_CELL_A,211,-109.87
2026-08-31T09:15:00.000Z,SYNTH_CELL_A,212,-109.93
2026-08-31T09:15:00.000Z,SYNTH_CELL_A,213,-108.93
2026-08-31T09:15:00.000Z,SYNTH_CELL_A,214,-108.63
2026-08-31T09:15:00.000Z,SYNTH_CELL_A,215,-108.91
2026-08-31T09:15:00.000Z,SYNTH_CELL_A,216,-107.25
2026-08-31T09:15:00.000Z,SYNTH_CELL_A,217,-113.81
2026-08-31T09:15:00.000Z,SYNTH_CELL_A,218,-111.28
2026-08-31T09:15:00.000Z,SYNTH_CELL_A,219,-108.88
2026-08-31T09:15:00.000Z,SYNTH_CELL_A,220,-109.47
2026-08-31T09:15:00.000Z,SYNTH_CELL_A,221,-110.72
2026-08-31T09:15:00.000Z,SYNTH_CELL_A,222,-107.62
2026-08-31T09:15:00.000Z,SYNTH_CELL_A,223,-112.36
2026-08-31T09:15:00.000Z,SYNTH_CELL_A,224,-113.54
2026-08-31T09:15:00.000Z,SYNTH_CELL_A,225,-112.43
2026-08-31T09:15:00.000Z,SYNTH_CELL_A,226,-107.91
2026-08-31T09:15:00.000Z,SYNTH_CELL_A,227,-109.28
2026-08-31T09:15:00.000Z,SYNTH_CELL_A,228,-113.06
2026-08-31T09:15:00.000Z,SYNTH_CELL_A,229,-109.14
2026-08-31T09:15:00.000Z,SYNTH_CELL_A,230,-107.91
2026-08-31T09:15:00.000Z,SYNTH_CELL_A,231,-113.23
2026-08-31T09:15:00.000Z,SYNTH_CELL_A,232,-110.8
2026-08-31T09:15:00.000Z,SYNTH_CELL_A,233,-111.93
2026-08-31T09:15:00.000Z,SYNTH_CELL_A,234,-108.38
2026-08-31T09:15:00.000Z,SYNTH_CELL_A,235,-113.84
2026-08-31T09:15:00.000Z,SYNTH_CELL_A,236,-110.51
2026-08-31T09:15:00.000Z,SYNTH_CELL_A,237,-111.88
2026-08-31T09:15:00.000Z,SYNTH_CELL_A,238,-107.23
2026-08-31T09:15:00.000Z,SYNTH_CELL_A,239,-112.34
2026-08-31T09:15:00.000Z,SYNTH_CELL_A,240,-109.71
2026-08-31T09:15:00.000Z,SYNTH_CELL_A,241,-107.82
2026-08-31T09:15:00.000Z,SYNTH_CELL_A,242,-107.3
2026-08-31T09:15:00.000Z,SYNTH_CELL_A,243,-113.26
2026-08-31T09:15:00.000Z,SYNTH_CELL_A,244,-108.57
2026-08-31T09:15:00.000Z,SYNTH_CELL_A,245,-110.76
2026-08-31T09:15:00.000Z,SYNTH_CELL_A,246,-112.53
2026-08-31T09:15:00.000Z,SYNTH_CELL_A,247,-113.44
2026-08-31T09:15:00.000Z,SYNTH_CELL_A,248,-107.75
2026-08-31T09:15:00.000Z,SYNTH_CELL_A,249,-110.2
2026-08-31T09:15:00.000Z,SYNTH_CELL_A,250,-113.68
2026-08-31T09:15:00.000Z,SYNTH_CELL_A,251,-108.41
2026-08-31T09:15:00.000Z,SYNTH_CELL_A,252,-109.98
2026-08-31T09:15:00.000Z,SYNTH_CELL_A,253,-113.52
2026-08-31T09:15:00.000Z,SYNTH_CELL_A,254,-112.96
2026-08-31T09:15:00.000Z,SYNTH_CELL_A,255,-108.57
2026-08-31T09:15:00.000Z,SYNTH_CELL_A,256,-112.1
2026-08-31T09:15:00.000Z,SYNTH_CELL_A,257,-110.67
2026-08-31T09:15:00.000Z,SYNTH_CELL_A,258,-111.63
2026-08-31T09:15:00.000Z,SYNTH_CELL_A,259,-108.34
2026-08-31T09:15:00.000Z,SYNTH_CELL_A,260,-109.23
2026-08-31T09:15:00.000Z,SYNTH_CELL_A,261,-110.75
2026-08-31T09:15:00.000Z,SYNTH_CELL_A,262,-109.79
2026-08-31T09:15:00.000Z,SYNTH_CELL_A,263,-112.96
2026-08-31T09:15:00.000Z,SYNTH_CELL_A,264,-111.32
2026-08-31T09:15:00.000Z,SYNTH_CELL_A,265,-109.93
2026-08-31T09:15:00.000Z,SYNTH_CELL_A,266,-111.88
2026-08-31T09:15:00.000Z,SYNTH_CELL_A,267,-110.54
2026-08-31T09:15:00.000Z,SYNTH_CELL_A,268,-109.67
2026-08-31T09:15:00.000Z,SYNTH_CELL_A,269,-109.48
2026-08-31T09:15:00.000Z,SYNTH_CELL_A,270,-110.16
2026-08-31T09:15:00.000Z,SYNTH_CELL_A,271,-108.07
2026-08-31T09:15:00.000Z,SYNTH_CELL_A,272,-112.33
2026-08-31T09:20:00.000Z,SYNTH_CELL_A,0,-111.5
2026-08-31T09:20:00.000Z,SYNTH_CELL_A,1,-107.88
2026-08-31T09:20:00.000Z,SYNTH_CELL_A,2,-107.72
2026-08-31T09:20:00.000Z,SYNTH_CELL_A,3,-110.85
2026-08-31T09:20:00.000Z,SYNTH_CELL_A,4,-107.59
2026-08-31T09:20:00.000Z,SYNTH_CELL_A,5,-112.47
2026-08-31T09:20:00.000Z,SYNTH_CELL_A,6,-107.84
2026-08-31T09:20:00.000Z,SYNTH_CELL_A,7,-113.25
2026-08-31T09:20:00.000Z,SYNTH_CELL_A,8,-110.94
2026-08-31T09:20:00.000Z,SYNTH_CELL_A,9,-107.46
2026-08-31T09:20:00.000Z,SYNTH_CELL_A,10,-112.17
2026-08-31T09:20:00.000Z,SYNTH_CELL_A,11,-110.06
2026-08-31T09:20:00.000Z,SYNTH_CELL_A,12,-107.53
2026-08-31T09:20:00.000Z,SYNTH_CELL_A,13,-113.82
2026-08-31T09:20:00.000Z,SYNTH_CELL_A,14,-108.73
2026-08-31T09:20:00.000Z,SYNTH_CELL_A,15,-109.36
2026-08-31T09:20:00.000Z,SYNTH_CELL_A,16,-109.01
2026-08-31T09:20:00.000Z,SYNTH_CELL_A,17,-112.37
2026-08-31T09:20:00.000Z,SYNTH_CELL_A,18,-111.96
2026-08-31T09:20:00.000Z,SYNTH_CELL_A,19,-113.81
2026-08-31T09:20:00.000Z,SYNTH_CELL_A,20,-111.24
2026-08-31T09:20:00.000Z,SYNTH_CELL_A,21,-107.21
2026-08-31T09:20:00.000Z,SYNTH_CELL_A,22,-112.27
2026-08-31T09:20:00.000Z,SYNTH_CELL_A,23,-109.09
2026-08-31T09:20:00.000Z,SYNTH_CELL_A,24,-111.74
2026-08-31T09:20:00.000Z,SYNTH_CELL_A,25,-109.39
2026-08-31T09:20:00.000Z,SYNTH_CELL_A,26,-112.19
2026-08-31T09:20:00.000Z,SYNTH_CELL_A,27,-113.02
2026-08-31T09:20:00.000Z,SYNTH_CELL_A,28,-108.35
2026-08-31T09:20:00.000Z,SYNTH_CELL_A,29,-111.51
2026-08-31T09:20:00.000Z,SYNTH_CELL_A,30,-91.47
2026-08-31T09:20:00.000Z,SYNTH_CELL_A,31,-93.76
2026-08-31T09:20:00.000Z,SYNTH_CELL_A,32,-96.6
2026-08-31T09:20:00.000Z,SYNTH_CELL_A,33,-92.78
2026-08-31T09:20:00.000Z,SYNTH_CELL_A,34,-93.65
2026-08-31T09:20:00.000Z,SYNTH_CELL_A,35,-90.7
2026-08-31T09:20:00.000Z,SYNTH_CELL_A,36,-90.47
2026-08-31T09:20:00.000Z,SYNTH_CELL_A,37,-110.69
2026-08-31T09:20:00.000Z,SYNTH_CELL_A,38,-111.82
2026-08-31T09:20:00.000Z,SYNTH_CELL_A,39,-111.13
2026-08-31T09:20:00.000Z,SYNTH_CELL_A,40,-110.16
2026-08-31T09:20:00.000Z,SYNTH_CELL_A,41,-108.76
2026-08-31T09:20:00.000Z,SYNTH_CELL_A,42,-109.47
2026-08-31T09:20:00.000Z,SYNTH_CELL_A,43,-110.97
2026-08-31T09:20:00.000Z,SYNTH_CELL_A,44,-108.9
2026-08-31T09:20:00.000Z,SYNTH_CELL_A,45,-112.18
2026-08-31T09:20:00.000Z,SYNTH_CELL_A,46,-113.32
2026-08-31T09:20:00.000Z,SYNTH_CELL_A,47,-108.32
2026-08-31T09:20:00.000Z,SYNTH_CELL_A,48,-111.88
2026-08-31T09:20:00.000Z,SYNTH_CELL_A,49,-111.36
2026-08-31T09:20:00.000Z,SYNTH_CELL_A,50,-112.36
2026-08-31T09:20:00.000Z,SYNTH_CELL_A,51,-107.92
2026-08-31T09:20:00.000Z,SYNTH_CELL_A,52,-112.52
2026-08-31T09:20:00.000Z,SYNTH_CELL_A,53,-109.01
2026-08-31T09:20:00.000Z,SYNTH_CELL_A,54,-113.4
2026-08-31T09:20:00.000Z,SYNTH_CELL_A,55,-108.78
2026-08-31T09:20:00.000Z,SYNTH_CELL_A,56,-111.46
2026-08-31T09:20:00.000Z,SYNTH_CELL_A,57,-113.37
2026-08-31T09:20:00.000Z,SYNTH_CELL_A,58,-111.71
2026-08-31T09:20:00.000Z,SYNTH_CELL_A,59,-113.84
2026-08-31T09:20:00.000Z,SYNTH_CELL_A,60,-112.83
2026-08-31T09:20:00.000Z,SYNTH_CELL_A,61,-108.05
2026-08-31T09:20:00.000Z,SYNTH_CELL_A,62,-113.12
2026-08-31T09:20:00.000Z,SYNTH_CELL_A,63,-108.76
2026-08-31T09:20:00.000Z,SYNTH_CELL_A,64,-109.51
2026-08-31T09:20:00.000Z,SYNTH_CELL_A,65,-109.62
2026-08-31T09:20:00.000Z,SYNTH_CELL_A,66,-110.51
2026-08-31T09:20:00.000Z,SYNTH_CELL_A,67,-107.26
2026-08-31T09:20:00.000Z,SYNTH_CELL_A,68,-107.07
2026-08-31T09:20:00.000Z,SYNTH_CELL_A,69,-109.41
2026-08-31T09:20:00.000Z,SYNTH_CELL_A,70,-113.48
2026-08-31T09:20:00.000Z,SYNTH_CELL_A,71,-108.03
2026-08-31T09:20:00.000Z,SYNTH_CELL_A,72,-110.28
2026-08-31T09:20:00.000Z,SYNTH_CELL_A,73,-108.42
2026-08-31T09:20:00.000Z,SYNTH_CELL_A,74,-113.01
2026-08-31T09:20:00.000Z,SYNTH_CELL_A,75,-109.41
2026-08-31T09:20:00.000Z,SYNTH_CELL_A,76,-108.19
2026-08-31T09:20:00.000Z,SYNTH_CELL_A,77,-111.48
2026-08-31T09:20:00.000Z,SYNTH_CELL_A,78,-108.09
2026-08-31T09:20:00.000Z,SYNTH_CELL_A,79,-110.86
2026-08-31T09:20:00.000Z,SYNTH_CELL_A,80,-107.66
2026-08-31T09:20:00.000Z,SYNTH_CELL_A,81,-107.7
2026-08-31T09:20:00.000Z,SYNTH_CELL_A,82,-111.4
2026-08-31T09:20:00.000Z,SYNTH_CELL_A,83,-107.11
2026-08-31T09:20:00.000Z,SYNTH_CELL_A,84,-111.31
2026-08-31T09:20:00.000Z,SYNTH_CELL_A,85,-113.24
2026-08-31T09:20:00.000Z,SYNTH_CELL_A,86,-113.86
2026-08-31T09:20:00.000Z,SYNTH_CELL_A,87,-109.26
2026-08-31T09:20:00.000Z,SYNTH_CELL_A,88,-111
2026-08-31T09:20:00.000Z,SYNTH_CELL_A,89,-107.34
2026-08-31T09:20:00.000Z,SYNTH_CELL_A,90,-107.19
2026-08-31T09:20:00.000Z,SYNTH_CELL_A,91,-107.58
2026-08-31T09:20:00.000Z,SYNTH_CELL_A,92,-111.57
2026-08-31T09:20:00.000Z,SYNTH_CELL_A,93,-112.82
2026-08-31T09:20:00.000Z,SYNTH_CELL_A,94,-109.12
2026-08-31T09:20:00.000Z,SYNTH_CELL_A,95,-108.45
2026-08-31T09:20:00.000Z,SYNTH_CELL_A,96,-108.91
2026-08-31T09:20:00.000Z,SYNTH_CELL_A,97,-112.12
2026-08-31T09:20:00.000Z,SYNTH_CELL_A,98,-108.41
2026-08-31T09:20:00.000Z,SYNTH_CELL_A,99,-111.35
2026-08-31T09:20:00.000Z,SYNTH_CELL_A,100,-113.94
2026-08-31T09:20:00.000Z,SYNTH_CELL_A,101,-113.15
2026-08-31T09:20:00.000Z,SYNTH_CELL_A,102,-112.1
2026-08-31T09:20:00.000Z,SYNTH_CELL_A,103,-109.4
2026-08-31T09:20:00.000Z,SYNTH_CELL_A,104,-111.39
2026-08-31T09:20:00.000Z,SYNTH_CELL_A,105,-112.32
2026-08-31T09:20:00.000Z,SYNTH_CELL_A,106,-113.81
2026-08-31T09:20:00.000Z,SYNTH_CELL_A,107,-112.72
2026-08-31T09:20:00.000Z,SYNTH_CELL_A,108,-107.69
2026-08-31T09:20:00.000Z,SYNTH_CELL_A,109,-108.21
2026-08-31T09:20:00.000Z,SYNTH_CELL_A,110,-109.45
2026-08-31T09:20:00.000Z,SYNTH_CELL_A,111,-110.32
2026-08-31T09:20:00.000Z,SYNTH_CELL_A,112,-107.61
2026-08-31T09:20:00.000Z,SYNTH_CELL_A,113,-109.5
2026-08-31T09:20:00.000Z,SYNTH_CELL_A,114,-111.75
2026-08-31T09:20:00.000Z,SYNTH_CELL_A,115,-110.08
2026-08-31T09:20:00.000Z,SYNTH_CELL_A,116,-110.7
2026-08-31T09:20:00.000Z,SYNTH_CELL_A,117,-109.04
2026-08-31T09:20:00.000Z,SYNTH_CELL_A,118,-107.72
2026-08-31T09:20:00.000Z,SYNTH_CELL_A,119,-109.81
2026-08-31T09:20:00.000Z,SYNTH_CELL_A,120,-113.79
2026-08-31T09:20:00.000Z,SYNTH_CELL_A,121,-107.86
2026-08-31T09:20:00.000Z,SYNTH_CELL_A,122,-113.07
2026-08-31T09:20:00.000Z,SYNTH_CELL_A,123,-111.32
2026-08-31T09:20:00.000Z,SYNTH_CELL_A,124,-112.33
2026-08-31T09:20:00.000Z,SYNTH_CELL_A,125,-112.37
2026-08-31T09:20:00.000Z,SYNTH_CELL_A,126,-113.53
2026-08-31T09:20:00.000Z,SYNTH_CELL_A,127,-107.72
2026-08-31T09:20:00.000Z,SYNTH_CELL_A,128,-107.48
2026-08-31T09:20:00.000Z,SYNTH_CELL_A,129,-111.88
2026-08-31T09:20:00.000Z,SYNTH_CELL_A,130,-109.57
2026-08-31T09:20:00.000Z,SYNTH_CELL_A,131,-107.38
2026-08-31T09:20:00.000Z,SYNTH_CELL_A,132,-111.53
2026-08-31T09:20:00.000Z,SYNTH_CELL_A,133,-113.98
2026-08-31T09:20:00.000Z,SYNTH_CELL_A,134,-110.32
2026-08-31T09:20:00.000Z,SYNTH_CELL_A,135,-110.79
2026-08-31T09:20:00.000Z,SYNTH_CELL_A,136,-109.03
2026-08-31T09:20:00.000Z,SYNTH_CELL_A,137,-112.28
2026-08-31T09:20:00.000Z,SYNTH_CELL_A,138,-110.87
2026-08-31T09:20:00.000Z,SYNTH_CELL_A,139,-111.31
2026-08-31T09:20:00.000Z,SYNTH_CELL_A,140,-113.15
2026-08-31T09:20:00.000Z,SYNTH_CELL_A,141,-113.1
2026-08-31T09:20:00.000Z,SYNTH_CELL_A,142,-108.38
2026-08-31T09:20:00.000Z,SYNTH_CELL_A,143,-113.16
2026-08-31T09:20:00.000Z,SYNTH_CELL_A,144,-113.35
2026-08-31T09:20:00.000Z,SYNTH_CELL_A,145,-110.15
2026-08-31T09:20:00.000Z,SYNTH_CELL_A,146,-107.21
2026-08-31T09:20:00.000Z,SYNTH_CELL_A,147,-111.79
2026-08-31T09:20:00.000Z,SYNTH_CELL_A,148,-109.63
2026-08-31T09:20:00.000Z,SYNTH_CELL_A,149,-112.74
2026-08-31T09:20:00.000Z,SYNTH_CELL_A,150,-111.95
2026-08-31T09:20:00.000Z,SYNTH_CELL_A,151,-107.38
2026-08-31T09:20:00.000Z,SYNTH_CELL_A,152,-113.32
2026-08-31T09:20:00.000Z,SYNTH_CELL_A,153,-109.75
2026-08-31T09:20:00.000Z,SYNTH_CELL_A,154,-107.82
2026-08-31T09:20:00.000Z,SYNTH_CELL_A,155,-110.37
2026-08-31T09:20:00.000Z,SYNTH_CELL_A,156,-113.58
2026-08-31T09:20:00.000Z,SYNTH_CELL_A,157,-110.15
2026-08-31T09:20:00.000Z,SYNTH_CELL_A,158,-110.95
2026-08-31T09:20:00.000Z,SYNTH_CELL_A,159,-112.26
2026-08-31T09:20:00.000Z,SYNTH_CELL_A,160,-113.49
2026-08-31T09:20:00.000Z,SYNTH_CELL_A,161,-107.12
2026-08-31T09:20:00.000Z,SYNTH_CELL_A,162,-113.07
2026-08-31T09:20:00.000Z,SYNTH_CELL_A,163,-113.33
2026-08-31T09:20:00.000Z,SYNTH_CELL_A,164,-108.84
2026-08-31T09:20:00.000Z,SYNTH_CELL_A,165,-113.74
2026-08-31T09:20:00.000Z,SYNTH_CELL_A,166,-108.2
2026-08-31T09:20:00.000Z,SYNTH_CELL_A,167,-110.48
2026-08-31T09:20:00.000Z,SYNTH_CELL_A,168,-113.7
2026-08-31T09:20:00.000Z,SYNTH_CELL_A,169,-110.13
2026-08-31T09:20:00.000Z,SYNTH_CELL_A,170,-109.82
2026-08-31T09:20:00.000Z,SYNTH_CELL_A,171,-108.93
2026-08-31T09:20:00.000Z,SYNTH_CELL_A,172,-112.82
2026-08-31T09:20:00.000Z,SYNTH_CELL_A,173,-112.99
2026-08-31T09:20:00.000Z,SYNTH_CELL_A,174,-108.34
2026-08-31T09:20:00.000Z,SYNTH_CELL_A,175,-109.71
2026-08-31T09:20:00.000Z,SYNTH_CELL_A,176,-108.1
2026-08-31T09:20:00.000Z,SYNTH_CELL_A,177,-109.15
2026-08-31T09:20:00.000Z,SYNTH_CELL_A,178,-108.39
2026-08-31T09:20:00.000Z,SYNTH_CELL_A,179,-108.57
2026-08-31T09:20:00.000Z,SYNTH_CELL_A,180,-111.52
2026-08-31T09:20:00.000Z,SYNTH_CELL_A,181,-112.98
2026-08-31T09:20:00.000Z,SYNTH_CELL_A,182,-112.18
2026-08-31T09:20:00.000Z,SYNTH_CELL_A,183,-113.9
2026-08-31T09:20:00.000Z,SYNTH_CELL_A,184,-111.75
2026-08-31T09:20:00.000Z,SYNTH_CELL_A,185,-110.04
2026-08-31T09:20:00.000Z,SYNTH_CELL_A,186,-111.44
2026-08-31T09:20:00.000Z,SYNTH_CELL_A,187,-107.24
2026-08-31T09:20:00.000Z,SYNTH_CELL_A,188,-112.37
2026-08-31T09:20:00.000Z,SYNTH_CELL_A,189,-111.4
2026-08-31T09:20:00.000Z,SYNTH_CELL_A,190,-108.61
2026-08-31T09:20:00.000Z,SYNTH_CELL_A,191,-107.54
2026-08-31T09:20:00.000Z,SYNTH_CELL_A,192,-108.03
2026-08-31T09:20:00.000Z,SYNTH_CELL_A,193,-108.94
2026-08-31T09:20:00.000Z,SYNTH_CELL_A,194,-111.12
2026-08-31T09:20:00.000Z,SYNTH_CELL_A,195,-108.39
2026-08-31T09:20:00.000Z,SYNTH_CELL_A,196,-110.73
2026-08-31T09:20:00.000Z,SYNTH_CELL_A,197,-113.51
2026-08-31T09:20:00.000Z,SYNTH_CELL_A,198,-112.65
2026-08-31T09:20:00.000Z,SYNTH_CELL_A,199,-112.22
2026-08-31T09:20:00.000Z,SYNTH_CELL_A,200,-107.18
2026-08-31T09:20:00.000Z,SYNTH_CELL_A,201,-108.15
2026-08-31T09:20:00.000Z,SYNTH_CELL_A,202,-110.54
2026-08-31T09:20:00.000Z,SYNTH_CELL_A,203,-107.33
2026-08-31T09:20:00.000Z,SYNTH_CELL_A,204,-108.31
2026-08-31T09:20:00.000Z,SYNTH_CELL_A,205,-111.8
2026-08-31T09:20:00.000Z,SYNTH_CELL_A,206,-110.67
2026-08-31T09:20:00.000Z,SYNTH_CELL_A,207,-113.36
2026-08-31T09:20:00.000Z,SYNTH_CELL_A,208,-109.61
2026-08-31T09:20:00.000Z,SYNTH_CELL_A,209,-108.39
2026-08-31T09:20:00.000Z,SYNTH_CELL_A,210,-113.16
2026-08-31T09:20:00.000Z,SYNTH_CELL_A,211,-112.73
2026-08-31T09:20:00.000Z,SYNTH_CELL_A,212,-109.4
2026-08-31T09:20:00.000Z,SYNTH_CELL_A,213,-113.59
2026-08-31T09:20:00.000Z,SYNTH_CELL_A,214,-107.56
2026-08-31T09:20:00.000Z,SYNTH_CELL_A,215,-112.55
2026-08-31T09:20:00.000Z,SYNTH_CELL_A,216,-109
2026-08-31T09:20:00.000Z,SYNTH_CELL_A,217,-112.58
2026-08-31T09:20:00.000Z,SYNTH_CELL_A,218,-113.15
2026-08-31T09:20:00.000Z,SYNTH_CELL_A,219,-112.13
2026-08-31T09:20:00.000Z,SYNTH_CELL_A,220,-109.43
2026-08-31T09:20:00.000Z,SYNTH_CELL_A,221,-113.17
2026-08-31T09:20:00.000Z,SYNTH_CELL_A,222,-111.16
2026-08-31T09:20:00.000Z,SYNTH_CELL_A,223,-108.39
2026-08-31T09:20:00.000Z,SYNTH_CELL_A,224,-112.4
2026-08-31T09:20:00.000Z,SYNTH_CELL_A,225,-110.25
2026-08-31T09:20:00.000Z,SYNTH_CELL_A,226,-107.85
2026-08-31T09:20:00.000Z,SYNTH_CELL_A,227,-110.19
2026-08-31T09:20:00.000Z,SYNTH_CELL_A,228,-112.65
2026-08-31T09:20:00.000Z,SYNTH_CELL_A,229,-107.75
2026-08-31T09:20:00.000Z,SYNTH_CELL_A,230,-112.3
2026-08-31T09:20:00.000Z,SYNTH_CELL_A,231,-111.7
2026-08-31T09:20:00.000Z,SYNTH_CELL_A,232,-110.49
2026-08-31T09:20:00.000Z,SYNTH_CELL_A,233,-113.15
2026-08-31T09:20:00.000Z,SYNTH_CELL_A,234,-107.01
2026-08-31T09:20:00.000Z,SYNTH_CELL_A,235,-107.7
2026-08-31T09:20:00.000Z,SYNTH_CELL_A,236,-110.64
2026-08-31T09:20:00.000Z,SYNTH_CELL_A,237,-110.44
2026-08-31T09:20:00.000Z,SYNTH_CELL_A,238,-110.14
2026-08-31T09:20:00.000Z,SYNTH_CELL_A,239,-108.03
2026-08-31T09:20:00.000Z,SYNTH_CELL_A,240,-108.18
2026-08-31T09:20:00.000Z,SYNTH_CELL_A,241,-108.67
2026-08-31T09:20:00.000Z,SYNTH_CELL_A,242,-113.44
2026-08-31T09:20:00.000Z,SYNTH_CELL_A,243,-108.05
2026-08-31T09:20:00.000Z,SYNTH_CELL_A,244,-111.68
2026-08-31T09:20:00.000Z,SYNTH_CELL_A,245,-111.19
2026-08-31T09:20:00.000Z,SYNTH_CELL_A,246,-113.86
2026-08-31T09:20:00.000Z,SYNTH_CELL_A,247,-112.32
2026-08-31T09:20:00.000Z,SYNTH_CELL_A,248,-113.4
2026-08-31T09:20:00.000Z,SYNTH_CELL_A,249,-109.55
2026-08-31T09:20:00.000Z,SYNTH_CELL_A,250,-113.47
2026-08-31T09:20:00.000Z,SYNTH_CELL_A,251,-112.62
2026-08-31T09:20:00.000Z,SYNTH_CELL_A,252,-112.3
2026-08-31T09:20:00.000Z,SYNTH_CELL_A,253,-108.44
2026-08-31T09:20:00.000Z,SYNTH_CELL_A,254,-109.69
2026-08-31T09:20:00.000Z,SYNTH_CELL_A,255,-110.62
2026-08-31T09:20:00.000Z,SYNTH_CELL_A,256,-113.5
2026-08-31T09:20:00.000Z,SYNTH_CELL_A,257,-110.92
2026-08-31T09:20:00.000Z,SYNTH_CELL_A,258,-111.3
2026-08-31T09:20:00.000Z,SYNTH_CELL_A,259,-107.54
2026-08-31T09:20:00.000Z,SYNTH_CELL_A,260,-112.02
2026-08-31T09:20:00.000Z,SYNTH_CELL_A,261,-112.43
2026-08-31T09:20:00.000Z,SYNTH_CELL_A,262,-110.82
2026-08-31T09:20:00.000Z,SYNTH_CELL_A,263,-109.39
2026-08-31T09:20:00.000Z,SYNTH_CELL_A,264,-109.92
2026-08-31T09:20:00.000Z,SYNTH_CELL_A,265,-110.16
2026-08-31T09:20:00.000Z,SYNTH_CELL_A,266,-111.61
2026-08-31T09:20:00.000Z,SYNTH_CELL_A,267,-112.39
2026-08-31T09:20:00.000Z,SYNTH_CELL_A,268,-111.35
2026-08-31T09:20:00.000Z,SYNTH_CELL_A,269,-113.5
2026-08-31T09:20:00.000Z,SYNTH_CELL_A,270,-111.9
2026-08-31T09:20:00.000Z,SYNTH_CELL_A,271,-110.47
2026-08-31T09:20:00.000Z,SYNTH_CELL_A,272,-109.6
2026-08-31T09:25:00.000Z,SYNTH_CELL_A,0,-108.68
2026-08-31T09:25:00.000Z,SYNTH_CELL_A,1,-113.58
2026-08-31T09:25:00.000Z,SYNTH_CELL_A,2,-112.08
2026-08-31T09:25:00.000Z,SYNTH_CELL_A,3,-111.35
2026-08-31T09:25:00.000Z,SYNTH_CELL_A,4,-108.42
2026-08-31T09:25:00.000Z,SYNTH_CELL_A,5,-110.97
2026-08-31T09:25:00.000Z,SYNTH_CELL_A,6,-109.49
2026-08-31T09:25:00.000Z,SYNTH_CELL_A,7,-111.79
2026-08-31T09:25:00.000Z,SYNTH_CELL_A,8,-112.04
2026-08-31T09:25:00.000Z,SYNTH_CELL_A,9,-113.7
2026-08-31T09:25:00.000Z,SYNTH_CELL_A,10,-112.8
2026-08-31T09:25:00.000Z,SYNTH_CELL_A,11,-109.12
2026-08-31T09:25:00.000Z,SYNTH_CELL_A,12,-109.43
2026-08-31T09:25:00.000Z,SYNTH_CELL_A,13,-110.06
2026-08-31T09:25:00.000Z,SYNTH_CELL_A,14,-108.48
2026-08-31T09:25:00.000Z,SYNTH_CELL_A,15,-112.23
2026-08-31T09:25:00.000Z,SYNTH_CELL_A,16,-112.19
2026-08-31T09:25:00.000Z,SYNTH_CELL_A,17,-108.23
2026-08-31T09:25:00.000Z,SYNTH_CELL_A,18,-112.28
2026-08-31T09:25:00.000Z,SYNTH_CELL_A,19,-107.81
2026-08-31T09:25:00.000Z,SYNTH_CELL_A,20,-111.72
2026-08-31T09:25:00.000Z,SYNTH_CELL_A,21,-109.16
2026-08-31T09:25:00.000Z,SYNTH_CELL_A,22,-111.31
2026-08-31T09:25:00.000Z,SYNTH_CELL_A,23,-112.32
2026-08-31T09:25:00.000Z,SYNTH_CELL_A,24,-110.29
2026-08-31T09:25:00.000Z,SYNTH_CELL_A,25,-111.68
2026-08-31T09:25:00.000Z,SYNTH_CELL_A,26,-113.76
2026-08-31T09:25:00.000Z,SYNTH_CELL_A,27,-109.52
2026-08-31T09:25:00.000Z,SYNTH_CELL_A,28,-112.14
2026-08-31T09:25:00.000Z,SYNTH_CELL_A,29,-108.68
2026-08-31T09:25:00.000Z,SYNTH_CELL_A,30,-92.42
2026-08-31T09:25:00.000Z,SYNTH_CELL_A,31,-95.28
2026-08-31T09:25:00.000Z,SYNTH_CELL_A,32,-92.37
2026-08-31T09:25:00.000Z,SYNTH_CELL_A,33,-92.6
2026-08-31T09:25:00.000Z,SYNTH_CELL_A,34,-91.7
2026-08-31T09:25:00.000Z,SYNTH_CELL_A,35,-93.97
2026-08-31T09:25:00.000Z,SYNTH_CELL_A,36,-94.03
2026-08-31T09:25:00.000Z,SYNTH_CELL_A,37,-112.81
2026-08-31T09:25:00.000Z,SYNTH_CELL_A,38,-112.85
2026-08-31T09:25:00.000Z,SYNTH_CELL_A,39,-111.77
2026-08-31T09:25:00.000Z,SYNTH_CELL_A,40,-110.35
2026-08-31T09:25:00.000Z,SYNTH_CELL_A,41,-111.9
2026-08-31T09:25:00.000Z,SYNTH_CELL_A,42,-113.15
2026-08-31T09:25:00.000Z,SYNTH_CELL_A,43,-110.98
2026-08-31T09:25:00.000Z,SYNTH_CELL_A,44,-108.97
2026-08-31T09:25:00.000Z,SYNTH_CELL_A,45,-107.92
2026-08-31T09:25:00.000Z,SYNTH_CELL_A,46,-112.17
2026-08-31T09:25:00.000Z,SYNTH_CELL_A,47,-110.2
2026-08-31T09:25:00.000Z,SYNTH_CELL_A,48,-107.26
2026-08-31T09:25:00.000Z,SYNTH_CELL_A,49,-113.48
2026-08-31T09:25:00.000Z,SYNTH_CELL_A,50,-111.26
2026-08-31T09:25:00.000Z,SYNTH_CELL_A,51,-109.22
2026-08-31T09:25:00.000Z,SYNTH_CELL_A,52,-110.04
2026-08-31T09:25:00.000Z,SYNTH_CELL_A,53,-113.4
2026-08-31T09:25:00.000Z,SYNTH_CELL_A,54,-113.58
2026-08-31T09:25:00.000Z,SYNTH_CELL_A,55,-111.31
2026-08-31T09:25:00.000Z,SYNTH_CELL_A,56,-113.12
2026-08-31T09:25:00.000Z,SYNTH_CELL_A,57,-107.41
2026-08-31T09:25:00.000Z,SYNTH_CELL_A,58,-108.26
2026-08-31T09:25:00.000Z,SYNTH_CELL_A,59,-112.24
2026-08-31T09:25:00.000Z,SYNTH_CELL_A,60,-113.09
2026-08-31T09:25:00.000Z,SYNTH_CELL_A,61,-108.37
2026-08-31T09:25:00.000Z,SYNTH_CELL_A,62,-113.1
2026-08-31T09:25:00.000Z,SYNTH_CELL_A,63,-107.46
2026-08-31T09:25:00.000Z,SYNTH_CELL_A,64,-113.23
2026-08-31T09:25:00.000Z,SYNTH_CELL_A,65,-109.27
2026-08-31T09:25:00.000Z,SYNTH_CELL_A,66,-108.76
2026-08-31T09:25:00.000Z,SYNTH_CELL_A,67,-109.76
2026-08-31T09:25:00.000Z,SYNTH_CELL_A,68,-112.2
2026-08-31T09:25:00.000Z,SYNTH_CELL_A,69,-109.23
2026-08-31T09:25:00.000Z,SYNTH_CELL_A,70,-110.17
2026-08-31T09:25:00.000Z,SYNTH_CELL_A,71,-113.4
2026-08-31T09:25:00.000Z,SYNTH_CELL_A,72,-111.29
2026-08-31T09:25:00.000Z,SYNTH_CELL_A,73,-113.59
2026-08-31T09:25:00.000Z,SYNTH_CELL_A,74,-110.02
2026-08-31T09:25:00.000Z,SYNTH_CELL_A,75,-108.88
2026-08-31T09:25:00.000Z,SYNTH_CELL_A,76,-113.5
2026-08-31T09:25:00.000Z,SYNTH_CELL_A,77,-107.19
2026-08-31T09:25:00.000Z,SYNTH_CELL_A,78,-112.44
2026-08-31T09:25:00.000Z,SYNTH_CELL_A,79,-112.46
2026-08-31T09:25:00.000Z,SYNTH_CELL_A,80,-107.97
2026-08-31T09:25:00.000Z,SYNTH_CELL_A,81,-111.73
2026-08-31T09:25:00.000Z,SYNTH_CELL_A,82,-110.61
2026-08-31T09:25:00.000Z,SYNTH_CELL_A,83,-111.23
2026-08-31T09:25:00.000Z,SYNTH_CELL_A,84,-111.12
2026-08-31T09:25:00.000Z,SYNTH_CELL_A,85,-109.43
2026-08-31T09:25:00.000Z,SYNTH_CELL_A,86,-107.55
2026-08-31T09:25:00.000Z,SYNTH_CELL_A,87,-112.01
2026-08-31T09:25:00.000Z,SYNTH_CELL_A,88,-111.24
2026-08-31T09:25:00.000Z,SYNTH_CELL_A,89,-111.87
2026-08-31T09:25:00.000Z,SYNTH_CELL_A,90,-110.87
2026-08-31T09:25:00.000Z,SYNTH_CELL_A,91,-110.95
2026-08-31T09:25:00.000Z,SYNTH_CELL_A,92,-113.61
2026-08-31T09:25:00.000Z,SYNTH_CELL_A,93,-107.16
2026-08-31T09:25:00.000Z,SYNTH_CELL_A,94,-109.33
2026-08-31T09:25:00.000Z,SYNTH_CELL_A,95,-109.06
2026-08-31T09:25:00.000Z,SYNTH_CELL_A,96,-111.83
2026-08-31T09:25:00.000Z,SYNTH_CELL_A,97,-108.61
2026-08-31T09:25:00.000Z,SYNTH_CELL_A,98,-109.23
2026-08-31T09:25:00.000Z,SYNTH_CELL_A,99,-109.79
2026-08-31T09:25:00.000Z,SYNTH_CELL_A,100,-112.35
2026-08-31T09:25:00.000Z,SYNTH_CELL_A,101,-108.12
2026-08-31T09:25:00.000Z,SYNTH_CELL_A,102,-112.2
2026-08-31T09:25:00.000Z,SYNTH_CELL_A,103,-112.13
2026-08-31T09:25:00.000Z,SYNTH_CELL_A,104,-107.62
2026-08-31T09:25:00.000Z,SYNTH_CELL_A,105,-108.7
2026-08-31T09:25:00.000Z,SYNTH_CELL_A,106,-111.93
2026-08-31T09:25:00.000Z,SYNTH_CELL_A,107,-112.38
2026-08-31T09:25:00.000Z,SYNTH_CELL_A,108,-110.67
2026-08-31T09:25:00.000Z,SYNTH_CELL_A,109,-109.54
2026-08-31T09:25:00.000Z,SYNTH_CELL_A,110,-110.52
2026-08-31T09:25:00.000Z,SYNTH_CELL_A,111,-107.5
2026-08-31T09:25:00.000Z,SYNTH_CELL_A,112,-111.2
2026-08-31T09:25:00.000Z,SYNTH_CELL_A,113,-113.47
2026-08-31T09:25:00.000Z,SYNTH_CELL_A,114,-112.56
2026-08-31T09:25:00.000Z,SYNTH_CELL_A,115,-113.51
2026-08-31T09:25:00.000Z,SYNTH_CELL_A,116,-107.69
2026-08-31T09:25:00.000Z,SYNTH_CELL_A,117,-107.31
2026-08-31T09:25:00.000Z,SYNTH_CELL_A,118,-111.19
2026-08-31T09:25:00.000Z,SYNTH_CELL_A,119,-107.92
2026-08-31T09:25:00.000Z,SYNTH_CELL_A,120,-110.45
2026-08-31T09:25:00.000Z,SYNTH_CELL_A,121,-113.38
2026-08-31T09:25:00.000Z,SYNTH_CELL_A,122,-108.13
2026-08-31T09:25:00.000Z,SYNTH_CELL_A,123,-113.24
2026-08-31T09:25:00.000Z,SYNTH_CELL_A,124,-108.59
2026-08-31T09:25:00.000Z,SYNTH_CELL_A,125,-109.04
2026-08-31T09:25:00.000Z,SYNTH_CELL_A,126,-111.53
2026-08-31T09:25:00.000Z,SYNTH_CELL_A,127,-113.7
2026-08-31T09:25:00.000Z,SYNTH_CELL_A,128,-112.62
2026-08-31T09:25:00.000Z,SYNTH_CELL_A,129,-108.78
2026-08-31T09:25:00.000Z,SYNTH_CELL_A,130,-111.26
2026-08-31T09:25:00.000Z,SYNTH_CELL_A,131,-113.71
2026-08-31T09:25:00.000Z,SYNTH_CELL_A,132,-111.36
2026-08-31T09:25:00.000Z,SYNTH_CELL_A,133,-108
2026-08-31T09:25:00.000Z,SYNTH_CELL_A,134,-108.25
2026-08-31T09:25:00.000Z,SYNTH_CELL_A,135,-107.29
2026-08-31T09:25:00.000Z,SYNTH_CELL_A,136,-110.56
2026-08-31T09:25:00.000Z,SYNTH_CELL_A,137,-113.4
2026-08-31T09:25:00.000Z,SYNTH_CELL_A,138,-113.25
2026-08-31T09:25:00.000Z,SYNTH_CELL_A,139,-113.36
2026-08-31T09:25:00.000Z,SYNTH_CELL_A,140,-112.6
2026-08-31T09:25:00.000Z,SYNTH_CELL_A,141,-113.31
2026-08-31T09:25:00.000Z,SYNTH_CELL_A,142,-107.27
2026-08-31T09:25:00.000Z,SYNTH_CELL_A,143,-109.48
2026-08-31T09:25:00.000Z,SYNTH_CELL_A,144,-113.44
2026-08-31T09:25:00.000Z,SYNTH_CELL_A,145,-108.04
2026-08-31T09:25:00.000Z,SYNTH_CELL_A,146,-109.89
2026-08-31T09:25:00.000Z,SYNTH_CELL_A,147,-109.98
2026-08-31T09:25:00.000Z,SYNTH_CELL_A,148,-109.12
2026-08-31T09:25:00.000Z,SYNTH_CELL_A,149,-109.99
2026-08-31T09:25:00.000Z,SYNTH_CELL_A,150,-109.55
2026-08-31T09:25:00.000Z,SYNTH_CELL_A,151,-109.29
2026-08-31T09:25:00.000Z,SYNTH_CELL_A,152,-110.61
2026-08-31T09:25:00.000Z,SYNTH_CELL_A,153,-107.49
2026-08-31T09:25:00.000Z,SYNTH_CELL_A,154,-113.9
2026-08-31T09:25:00.000Z,SYNTH_CELL_A,155,-108.5
2026-08-31T09:25:00.000Z,SYNTH_CELL_A,156,-110.31
2026-08-31T09:25:00.000Z,SYNTH_CELL_A,157,-112.35
2026-08-31T09:25:00.000Z,SYNTH_CELL_A,158,-109.14
2026-08-31T09:25:00.000Z,SYNTH_CELL_A,159,-107.17
2026-08-31T09:25:00.000Z,SYNTH_CELL_A,160,-111.13
2026-08-31T09:25:00.000Z,SYNTH_CELL_A,161,-110.09
2026-08-31T09:25:00.000Z,SYNTH_CELL_A,162,-109.5
2026-08-31T09:25:00.000Z,SYNTH_CELL_A,163,-110.25
2026-08-31T09:25:00.000Z,SYNTH_CELL_A,164,-112
2026-08-31T09:25:00.000Z,SYNTH_CELL_A,165,-109.83
2026-08-31T09:25:00.000Z,SYNTH_CELL_A,166,-113.76
2026-08-31T09:25:00.000Z,SYNTH_CELL_A,167,-109.13
2026-08-31T09:25:00.000Z,SYNTH_CELL_A,168,-112.24
2026-08-31T09:25:00.000Z,SYNTH_CELL_A,169,-112.74
2026-08-31T09:25:00.000Z,SYNTH_CELL_A,170,-108.01
2026-08-31T09:25:00.000Z,SYNTH_CELL_A,171,-107.72
2026-08-31T09:25:00.000Z,SYNTH_CELL_A,172,-112.55
2026-08-31T09:25:00.000Z,SYNTH_CELL_A,173,-111.93
2026-08-31T09:25:00.000Z,SYNTH_CELL_A,174,-113.85
2026-08-31T09:25:00.000Z,SYNTH_CELL_A,175,-110.33
2026-08-31T09:25:00.000Z,SYNTH_CELL_A,176,-112.1
2026-08-31T09:25:00.000Z,SYNTH_CELL_A,177,-110.48
2026-08-31T09:25:00.000Z,SYNTH_CELL_A,178,-113.14
2026-08-31T09:25:00.000Z,SYNTH_CELL_A,179,-107.02
2026-08-31T09:25:00.000Z,SYNTH_CELL_A,180,-107.91
2026-08-31T09:25:00.000Z,SYNTH_CELL_A,181,-109.33
2026-08-31T09:25:00.000Z,SYNTH_CELL_A,182,-107.83
2026-08-31T09:25:00.000Z,SYNTH_CELL_A,183,-113.16
2026-08-31T09:25:00.000Z,SYNTH_CELL_A,184,-110.01
2026-08-31T09:25:00.000Z,SYNTH_CELL_A,185,-107.49
2026-08-31T09:25:00.000Z,SYNTH_CELL_A,186,-111.41
2026-08-31T09:25:00.000Z,SYNTH_CELL_A,187,-109.38
2026-08-31T09:25:00.000Z,SYNTH_CELL_A,188,-108.94
2026-08-31T09:25:00.000Z,SYNTH_CELL_A,189,-107.96
2026-08-31T09:25:00.000Z,SYNTH_CELL_A,190,-113.44
2026-08-31T09:25:00.000Z,SYNTH_CELL_A,191,-113.49
2026-08-31T09:25:00.000Z,SYNTH_CELL_A,192,-107.49
2026-08-31T09:25:00.000Z,SYNTH_CELL_A,193,-108.55
2026-08-31T09:25:00.000Z,SYNTH_CELL_A,194,-108.28
2026-08-31T09:25:00.000Z,SYNTH_CELL_A,195,-111.29
2026-08-31T09:25:00.000Z,SYNTH_CELL_A,196,-111.26
2026-08-31T09:25:00.000Z,SYNTH_CELL_A,197,-112.76
2026-08-31T09:25:00.000Z,SYNTH_CELL_A,198,-110.75
2026-08-31T09:25:00.000Z,SYNTH_CELL_A,199,-112.37
2026-08-31T09:25:00.000Z,SYNTH_CELL_A,200,-113.46
2026-08-31T09:25:00.000Z,SYNTH_CELL_A,201,-111.43
2026-08-31T09:25:00.000Z,SYNTH_CELL_A,202,-109.95
2026-08-31T09:25:00.000Z,SYNTH_CELL_A,203,-113.7
2026-08-31T09:25:00.000Z,SYNTH_CELL_A,204,-108.95
2026-08-31T09:25:00.000Z,SYNTH_CELL_A,205,-112.13
2026-08-31T09:25:00.000Z,SYNTH_CELL_A,206,-108.65
2026-08-31T09:25:00.000Z,SYNTH_CELL_A,207,-110.57
2026-08-31T09:25:00.000Z,SYNTH_CELL_A,208,-109.92
2026-08-31T09:25:00.000Z,SYNTH_CELL_A,209,-110.64
2026-08-31T09:25:00.000Z,SYNTH_CELL_A,210,-108.46
2026-08-31T09:25:00.000Z,SYNTH_CELL_A,211,-112.58
2026-08-31T09:25:00.000Z,SYNTH_CELL_A,212,-107.86
2026-08-31T09:25:00.000Z,SYNTH_CELL_A,213,-109.19
2026-08-31T09:25:00.000Z,SYNTH_CELL_A,214,-111.65
2026-08-31T09:25:00.000Z,SYNTH_CELL_A,215,-107.87
2026-08-31T09:25:00.000Z,SYNTH_CELL_A,216,-108.28
2026-08-31T09:25:00.000Z,SYNTH_CELL_A,217,-110.59
2026-08-31T09:25:00.000Z,SYNTH_CELL_A,218,-112.06
2026-08-31T09:25:00.000Z,SYNTH_CELL_A,219,-108.03
2026-08-31T09:25:00.000Z,SYNTH_CELL_A,220,-113.07
2026-08-31T09:25:00.000Z,SYNTH_CELL_A,221,-108.61
2026-08-31T09:25:00.000Z,SYNTH_CELL_A,222,-111.08
2026-08-31T09:25:00.000Z,SYNTH_CELL_A,223,-111.67
2026-08-31T09:25:00.000Z,SYNTH_CELL_A,224,-107.36
2026-08-31T09:25:00.000Z,SYNTH_CELL_A,225,-108.61
2026-08-31T09:25:00.000Z,SYNTH_CELL_A,226,-110.59
2026-08-31T09:25:00.000Z,SYNTH_CELL_A,227,-111.97
2026-08-31T09:25:00.000Z,SYNTH_CELL_A,228,-107.68
2026-08-31T09:25:00.000Z,SYNTH_CELL_A,229,-107.65
2026-08-31T09:25:00.000Z,SYNTH_CELL_A,230,-111.66
2026-08-31T09:25:00.000Z,SYNTH_CELL_A,231,-111.99
2026-08-31T09:25:00.000Z,SYNTH_CELL_A,232,-111.53
2026-08-31T09:25:00.000Z,SYNTH_CELL_A,233,-109.92
2026-08-31T09:25:00.000Z,SYNTH_CELL_A,234,-113.16
2026-08-31T09:25:00.000Z,SYNTH_CELL_A,235,-112.04
2026-08-31T09:25:00.000Z,SYNTH_CELL_A,236,-110.23
2026-08-31T09:25:00.000Z,SYNTH_CELL_A,237,-113.67
2026-08-31T09:25:00.000Z,SYNTH_CELL_A,238,-111.15
2026-08-31T09:25:00.000Z,SYNTH_CELL_A,239,-109.9
2026-08-31T09:25:00.000Z,SYNTH_CELL_A,240,-110.09
2026-08-31T09:25:00.000Z,SYNTH_CELL_A,241,-110.54
2026-08-31T09:25:00.000Z,SYNTH_CELL_A,242,-107.02
2026-08-31T09:25:00.000Z,SYNTH_CELL_A,243,-113.06
2026-08-31T09:25:00.000Z,SYNTH_CELL_A,244,-113.81
2026-08-31T09:25:00.000Z,SYNTH_CELL_A,245,-110.46
2026-08-31T09:25:00.000Z,SYNTH_CELL_A,246,-111.39
2026-08-31T09:25:00.000Z,SYNTH_CELL_A,247,-113.08
2026-08-31T09:25:00.000Z,SYNTH_CELL_A,248,-111.99
2026-08-31T09:25:00.000Z,SYNTH_CELL_A,249,-107.28
2026-08-31T09:25:00.000Z,SYNTH_CELL_A,250,-109.45
2026-08-31T09:25:00.000Z,SYNTH_CELL_A,251,-112.2
2026-08-31T09:25:00.000Z,SYNTH_CELL_A,252,-113.58
2026-08-31T09:25:00.000Z,SYNTH_CELL_A,253,-110.21
2026-08-31T09:25:00.000Z,SYNTH_CELL_A,254,-107.63
2026-08-31T09:25:00.000Z,SYNTH_CELL_A,255,-110.53
2026-08-31T09:25:00.000Z,SYNTH_CELL_A,256,-110.84
2026-08-31T09:25:00.000Z,SYNTH_CELL_A,257,-107.56
2026-08-31T09:25:00.000Z,SYNTH_CELL_A,258,-108.09
2026-08-31T09:25:00.000Z,SYNTH_CELL_A,259,-109.23
2026-08-31T09:25:00.000Z,SYNTH_CELL_A,260,-112.58
2026-08-31T09:25:00.000Z,SYNTH_CELL_A,261,-109.22
2026-08-31T09:25:00.000Z,SYNTH_CELL_A,262,-109.71
2026-08-31T09:25:00.000Z,SYNTH_CELL_A,263,-108.12
2026-08-31T09:25:00.000Z,SYNTH_CELL_A,264,-112.91
2026-08-31T09:25:00.000Z,SYNTH_CELL_A,265,-113.44
2026-08-31T09:25:00.000Z,SYNTH_CELL_A,266,-107.73
2026-08-31T09:25:00.000Z,SYNTH_CELL_A,267,-111.57
2026-08-31T09:25:00.000Z,SYNTH_CELL_A,268,-107.86
2026-08-31T09:25:00.000Z,SYNTH_CELL_A,269,-109.66
2026-08-31T09:25:00.000Z,SYNTH_CELL_A,270,-113.38
2026-08-31T09:25:00.000Z,SYNTH_CELL_A,271,-107.36
2026-08-31T09:25:00.000Z,SYNTH_CELL_A,272,-111
2026-08-31T09:30:00.000Z,SYNTH_CELL_A,0,-111.39
2026-08-31T09:30:00.000Z,SYNTH_CELL_A,1,-109.97
2026-08-31T09:30:00.000Z,SYNTH_CELL_A,2,-108.59
2026-08-31T09:30:00.000Z,SYNTH_CELL_A,3,-108.83
2026-08-31T09:30:00.000Z,SYNTH_CELL_A,4,-109.21
2026-08-31T09:30:00.000Z,SYNTH_CELL_A,5,-112.52
2026-08-31T09:30:00.000Z,SYNTH_CELL_A,6,-112.15
2026-08-31T09:30:00.000Z,SYNTH_CELL_A,7,-112.21
2026-08-31T09:30:00.000Z,SYNTH_CELL_A,8,-108.46
2026-08-31T09:30:00.000Z,SYNTH_CELL_A,9,-113.35
2026-08-31T09:30:00.000Z,SYNTH_CELL_A,10,-110.38
2026-08-31T09:30:00.000Z,SYNTH_CELL_A,11,-113.78
2026-08-31T09:30:00.000Z,SYNTH_CELL_A,12,-110.28
2026-08-31T09:30:00.000Z,SYNTH_CELL_A,13,-109.72
2026-08-31T09:30:00.000Z,SYNTH_CELL_A,14,-109.55
2026-08-31T09:30:00.000Z,SYNTH_CELL_A,15,-108.93
2026-08-31T09:30:00.000Z,SYNTH_CELL_A,16,-112.47
2026-08-31T09:30:00.000Z,SYNTH_CELL_A,17,-108.92
2026-08-31T09:30:00.000Z,SYNTH_CELL_A,18,-112.94
2026-08-31T09:30:00.000Z,SYNTH_CELL_A,19,-110.18
2026-08-31T09:30:00.000Z,SYNTH_CELL_A,20,-109.24
2026-08-31T09:30:00.000Z,SYNTH_CELL_A,21,-108.53
2026-08-31T09:30:00.000Z,SYNTH_CELL_A,22,-111.6
2026-08-31T09:30:00.000Z,SYNTH_CELL_A,23,-108.53
2026-08-31T09:30:00.000Z,SYNTH_CELL_A,24,-107.78
2026-08-31T09:30:00.000Z,SYNTH_CELL_A,25,-108.99
2026-08-31T09:30:00.000Z,SYNTH_CELL_A,26,-112.51
2026-08-31T09:30:00.000Z,SYNTH_CELL_A,27,-109.54
2026-08-31T09:30:00.000Z,SYNTH_CELL_A,28,-111.89
2026-08-31T09:30:00.000Z,SYNTH_CELL_A,29,-110.31
2026-08-31T09:30:00.000Z,SYNTH_CELL_A,30,-95.62
2026-08-31T09:30:00.000Z,SYNTH_CELL_A,31,-94.68
2026-08-31T09:30:00.000Z,SYNTH_CELL_A,32,-90.27
2026-08-31T09:30:00.000Z,SYNTH_CELL_A,33,-90.15
2026-08-31T09:30:00.000Z,SYNTH_CELL_A,34,-92.3
2026-08-31T09:30:00.000Z,SYNTH_CELL_A,35,-94.27
2026-08-31T09:30:00.000Z,SYNTH_CELL_A,36,-94.11
2026-08-31T09:30:00.000Z,SYNTH_CELL_A,37,-110.72
2026-08-31T09:30:00.000Z,SYNTH_CELL_A,38,-111.92
2026-08-31T09:30:00.000Z,SYNTH_CELL_A,39,-113.42
2026-08-31T09:30:00.000Z,SYNTH_CELL_A,40,-110.63
2026-08-31T09:30:00.000Z,SYNTH_CELL_A,41,-113.75
2026-08-31T09:30:00.000Z,SYNTH_CELL_A,42,-112.48
2026-08-31T09:30:00.000Z,SYNTH_CELL_A,43,-113.89
2026-08-31T09:30:00.000Z,SYNTH_CELL_A,44,-107.76
2026-08-31T09:30:00.000Z,SYNTH_CELL_A,45,-110.23
2026-08-31T09:30:00.000Z,SYNTH_CELL_A,46,-113.28
2026-08-31T09:30:00.000Z,SYNTH_CELL_A,47,-107.87
2026-08-31T09:30:00.000Z,SYNTH_CELL_A,48,-108.9
2026-08-31T09:30:00.000Z,SYNTH_CELL_A,49,-107.17
2026-08-31T09:30:00.000Z,SYNTH_CELL_A,50,-113.85
2026-08-31T09:30:00.000Z,SYNTH_CELL_A,51,-111.45
2026-08-31T09:30:00.000Z,SYNTH_CELL_A,52,-109.09
2026-08-31T09:30:00.000Z,SYNTH_CELL_A,53,-113.71
2026-08-31T09:30:00.000Z,SYNTH_CELL_A,54,-113.5
2026-08-31T09:30:00.000Z,SYNTH_CELL_A,55,-111.39
2026-08-31T09:30:00.000Z,SYNTH_CELL_A,56,-113.04
2026-08-31T09:30:00.000Z,SYNTH_CELL_A,57,-107.31
2026-08-31T09:30:00.000Z,SYNTH_CELL_A,58,-108.91
2026-08-31T09:30:00.000Z,SYNTH_CELL_A,59,-110.53
2026-08-31T09:30:00.000Z,SYNTH_CELL_A,60,-109.52
2026-08-31T09:30:00.000Z,SYNTH_CELL_A,61,-109.39
2026-08-31T09:30:00.000Z,SYNTH_CELL_A,62,-108.57
2026-08-31T09:30:00.000Z,SYNTH_CELL_A,63,-107.47
2026-08-31T09:30:00.000Z,SYNTH_CELL_A,64,-111.91
2026-08-31T09:30:00.000Z,SYNTH_CELL_A,65,-110.68
2026-08-31T09:30:00.000Z,SYNTH_CELL_A,66,-108.57
2026-08-31T09:30:00.000Z,SYNTH_CELL_A,67,-107.38
2026-08-31T09:30:00.000Z,SYNTH_CELL_A,68,-111.56
2026-08-31T09:30:00.000Z,SYNTH_CELL_A,69,-111.45
2026-08-31T09:30:00.000Z,SYNTH_CELL_A,70,-107.81
2026-08-31T09:30:00.000Z,SYNTH_CELL_A,71,-107.45
2026-08-31T09:30:00.000Z,SYNTH_CELL_A,72,-112.99
2026-08-31T09:30:00.000Z,SYNTH_CELL_A,73,-107.75
2026-08-31T09:30:00.000Z,SYNTH_CELL_A,74,-107.37
2026-08-31T09:30:00.000Z,SYNTH_CELL_A,75,-111.71
2026-08-31T09:30:00.000Z,SYNTH_CELL_A,76,-111.72
2026-08-31T09:30:00.000Z,SYNTH_CELL_A,77,-113.77
2026-08-31T09:30:00.000Z,SYNTH_CELL_A,78,-109.12
2026-08-31T09:30:00.000Z,SYNTH_CELL_A,79,-111.58
2026-08-31T09:30:00.000Z,SYNTH_CELL_A,80,-113.86
2026-08-31T09:30:00.000Z,SYNTH_CELL_A,81,-107.15
2026-08-31T09:30:00.000Z,SYNTH_CELL_A,82,-107.41
2026-08-31T09:30:00.000Z,SYNTH_CELL_A,83,-107.85
2026-08-31T09:30:00.000Z,SYNTH_CELL_A,84,-107.27
2026-08-31T09:30:00.000Z,SYNTH_CELL_A,85,-113.52
2026-08-31T09:30:00.000Z,SYNTH_CELL_A,86,-110.03
2026-08-31T09:30:00.000Z,SYNTH_CELL_A,87,-110.4
2026-08-31T09:30:00.000Z,SYNTH_CELL_A,88,-111.37
2026-08-31T09:30:00.000Z,SYNTH_CELL_A,89,-107.1
2026-08-31T09:30:00.000Z,SYNTH_CELL_A,90,-112.15
2026-08-31T09:30:00.000Z,SYNTH_CELL_A,91,-107.52
2026-08-31T09:30:00.000Z,SYNTH_CELL_A,92,-110.57
2026-08-31T09:30:00.000Z,SYNTH_CELL_A,93,-111.59
2026-08-31T09:30:00.000Z,SYNTH_CELL_A,94,-108.33
2026-08-31T09:30:00.000Z,SYNTH_CELL_A,95,-109.1
2026-08-31T09:30:00.000Z,SYNTH_CELL_A,96,-109.97
2026-08-31T09:30:00.000Z,SYNTH_CELL_A,97,-108.37
2026-08-31T09:30:00.000Z,SYNTH_CELL_A,98,-108.19
2026-08-31T09:30:00.000Z,SYNTH_CELL_A,99,-108.82
2026-08-31T09:30:00.000Z,SYNTH_CELL_A,100,-111.3
2026-08-31T09:30:00.000Z,SYNTH_CELL_A,101,-108.53
2026-08-31T09:30:00.000Z,SYNTH_CELL_A,102,-107.74
2026-08-31T09:30:00.000Z,SYNTH_CELL_A,103,-111.65
2026-08-31T09:30:00.000Z,SYNTH_CELL_A,104,-107.67
2026-08-31T09:30:00.000Z,SYNTH_CELL_A,105,-107.78
2026-08-31T09:30:00.000Z,SYNTH_CELL_A,106,-107.67
2026-08-31T09:30:00.000Z,SYNTH_CELL_A,107,-107.2
2026-08-31T09:30:00.000Z,SYNTH_CELL_A,108,-111.54
2026-08-31T09:30:00.000Z,SYNTH_CELL_A,109,-113.06
2026-08-31T09:30:00.000Z,SYNTH_CELL_A,110,-109.18
2026-08-31T09:30:00.000Z,SYNTH_CELL_A,111,-107.43
2026-08-31T09:30:00.000Z,SYNTH_CELL_A,112,-111.55
2026-08-31T09:30:00.000Z,SYNTH_CELL_A,113,-107.3
2026-08-31T09:30:00.000Z,SYNTH_CELL_A,114,-108.74
2026-08-31T09:30:00.000Z,SYNTH_CELL_A,115,-108.46
2026-08-31T09:30:00.000Z,SYNTH_CELL_A,116,-112.13
2026-08-31T09:30:00.000Z,SYNTH_CELL_A,117,-113.28
2026-08-31T09:30:00.000Z,SYNTH_CELL_A,118,-112.67
2026-08-31T09:30:00.000Z,SYNTH_CELL_A,119,-109.43
2026-08-31T09:30:00.000Z,SYNTH_CELL_A,120,-109.18
2026-08-31T09:30:00.000Z,SYNTH_CELL_A,121,-111.48
2026-08-31T09:30:00.000Z,SYNTH_CELL_A,122,-108.83
2026-08-31T09:30:00.000Z,SYNTH_CELL_A,123,-111.41
2026-08-31T09:30:00.000Z,SYNTH_CELL_A,124,-113.6
2026-08-31T09:30:00.000Z,SYNTH_CELL_A,125,-113.09
2026-08-31T09:30:00.000Z,SYNTH_CELL_A,126,-113.94
2026-08-31T09:30:00.000Z,SYNTH_CELL_A,127,-110.59
2026-08-31T09:30:00.000Z,SYNTH_CELL_A,128,-110.43
2026-08-31T09:30:00.000Z,SYNTH_CELL_A,129,-108.52
2026-08-31T09:30:00.000Z,SYNTH_CELL_A,130,-107.5
2026-08-31T09:30:00.000Z,SYNTH_CELL_A,131,-107.18
2026-08-31T09:30:00.000Z,SYNTH_CELL_A,132,-107.29
2026-08-31T09:30:00.000Z,SYNTH_CELL_A,133,-108.77
2026-08-31T09:30:00.000Z,SYNTH_CELL_A,134,-110.51
2026-08-31T09:30:00.000Z,SYNTH_CELL_A,135,-109.44
2026-08-31T09:30:00.000Z,SYNTH_CELL_A,136,-110.4
2026-08-31T09:30:00.000Z,SYNTH_CELL_A,137,-112.32
2026-08-31T09:30:00.000Z,SYNTH_CELL_A,138,-107.69
2026-08-31T09:30:00.000Z,SYNTH_CELL_A,139,-112.55
2026-08-31T09:30:00.000Z,SYNTH_CELL_A,140,-111.67
2026-08-31T09:30:00.000Z,SYNTH_CELL_A,141,-110.17
2026-08-31T09:30:00.000Z,SYNTH_CELL_A,142,-113.21
2026-08-31T09:30:00.000Z,SYNTH_CELL_A,143,-109.08
2026-08-31T09:30:00.000Z,SYNTH_CELL_A,144,-113.92
2026-08-31T09:30:00.000Z,SYNTH_CELL_A,145,-108.91
2026-08-31T09:30:00.000Z,SYNTH_CELL_A,146,-113.24
2026-08-31T09:30:00.000Z,SYNTH_CELL_A,147,-110.87
2026-08-31T09:30:00.000Z,SYNTH_CELL_A,148,-109.56
2026-08-31T09:30:00.000Z,SYNTH_CELL_A,149,-109.65
2026-08-31T09:30:00.000Z,SYNTH_CELL_A,150,-108.41
2026-08-31T09:30:00.000Z,SYNTH_CELL_A,151,-113.25
2026-08-31T09:30:00.000Z,SYNTH_CELL_A,152,-109.56
2026-08-31T09:30:00.000Z,SYNTH_CELL_A,153,-113.83
2026-08-31T09:30:00.000Z,SYNTH_CELL_A,154,-108.18
2026-08-31T09:30:00.000Z,SYNTH_CELL_A,155,-107.6
2026-08-31T09:30:00.000Z,SYNTH_CELL_A,156,-109.96
2026-08-31T09:30:00.000Z,SYNTH_CELL_A,157,-107.72
2026-08-31T09:30:00.000Z,SYNTH_CELL_A,158,-111.17
2026-08-31T09:30:00.000Z,SYNTH_CELL_A,159,-108.19
2026-08-31T09:30:00.000Z,SYNTH_CELL_A,160,-113.78
2026-08-31T09:30:00.000Z,SYNTH_CELL_A,161,-110.85
2026-08-31T09:30:00.000Z,SYNTH_CELL_A,162,-112.44
2026-08-31T09:30:00.000Z,SYNTH_CELL_A,163,-110.31
2026-08-31T09:30:00.000Z,SYNTH_CELL_A,164,-109.47
2026-08-31T09:30:00.000Z,SYNTH_CELL_A,165,-107.07
2026-08-31T09:30:00.000Z,SYNTH_CELL_A,166,-108.81
2026-08-31T09:30:00.000Z,SYNTH_CELL_A,167,-113.55
2026-08-31T09:30:00.000Z,SYNTH_CELL_A,168,-109.85
2026-08-31T09:30:00.000Z,SYNTH_CELL_A,169,-111.31
2026-08-31T09:30:00.000Z,SYNTH_CELL_A,170,-108.3
2026-08-31T09:30:00.000Z,SYNTH_CELL_A,171,-113.25
2026-08-31T09:30:00.000Z,SYNTH_CELL_A,172,-110.85
2026-08-31T09:30:00.000Z,SYNTH_CELL_A,173,-113.88
2026-08-31T09:30:00.000Z,SYNTH_CELL_A,174,-107.89
2026-08-31T09:30:00.000Z,SYNTH_CELL_A,175,-109.75
2026-08-31T09:30:00.000Z,SYNTH_CELL_A,176,-109.08
2026-08-31T09:30:00.000Z,SYNTH_CELL_A,177,-112.9
2026-08-31T09:30:00.000Z,SYNTH_CELL_A,178,-108.84
2026-08-31T09:30:00.000Z,SYNTH_CELL_A,179,-108.33
2026-08-31T09:30:00.000Z,SYNTH_CELL_A,180,-107.78
2026-08-31T09:30:00.000Z,SYNTH_CELL_A,181,-109.75
2026-08-31T09:30:00.000Z,SYNTH_CELL_A,182,-113.01
2026-08-31T09:30:00.000Z,SYNTH_CELL_A,183,-110.17
2026-08-31T09:30:00.000Z,SYNTH_CELL_A,184,-110.38
2026-08-31T09:30:00.000Z,SYNTH_CELL_A,185,-109.81
2026-08-31T09:30:00.000Z,SYNTH_CELL_A,186,-113.65
2026-08-31T09:30:00.000Z,SYNTH_CELL_A,187,-108.96
2026-08-31T09:30:00.000Z,SYNTH_CELL_A,188,-108.5
2026-08-31T09:30:00.000Z,SYNTH_CELL_A,189,-107.97
2026-08-31T09:30:00.000Z,SYNTH_CELL_A,190,-108.5
2026-08-31T09:30:00.000Z,SYNTH_CELL_A,191,-107.37
2026-08-31T09:30:00.000Z,SYNTH_CELL_A,192,-112.98
2026-08-31T09:30:00.000Z,SYNTH_CELL_A,193,-108.04
2026-08-31T09:30:00.000Z,SYNTH_CELL_A,194,-113.79
2026-08-31T09:30:00.000Z,SYNTH_CELL_A,195,-111.49
2026-08-31T09:30:00.000Z,SYNTH_CELL_A,196,-108.96
2026-08-31T09:30:00.000Z,SYNTH_CELL_A,197,-113.23
2026-08-31T09:30:00.000Z,SYNTH_CELL_A,198,-109.33
2026-08-31T09:30:00.000Z,SYNTH_CELL_A,199,-110.21
2026-08-31T09:30:00.000Z,SYNTH_CELL_A,200,-110.03
2026-08-31T09:30:00.000Z,SYNTH_CELL_A,201,-108.37
2026-08-31T09:30:00.000Z,SYNTH_CELL_A,202,-110.87
2026-08-31T09:30:00.000Z,SYNTH_CELL_A,203,-109.29
2026-08-31T09:30:00.000Z,SYNTH_CELL_A,204,-108.74
2026-08-31T09:30:00.000Z,SYNTH_CELL_A,205,-110.83
2026-08-31T09:30:00.000Z,SYNTH_CELL_A,206,-110.81
2026-08-31T09:30:00.000Z,SYNTH_CELL_A,207,-107.95
2026-08-31T09:30:00.000Z,SYNTH_CELL_A,208,-112.8
2026-08-31T09:30:00.000Z,SYNTH_CELL_A,209,-107.52
2026-08-31T09:30:00.000Z,SYNTH_CELL_A,210,-112.02
2026-08-31T09:30:00.000Z,SYNTH_CELL_A,211,-108.22
2026-08-31T09:30:00.000Z,SYNTH_CELL_A,212,-113.55
2026-08-31T09:30:00.000Z,SYNTH_CELL_A,213,-108.5
2026-08-31T09:30:00.000Z,SYNTH_CELL_A,214,-108.16
2026-08-31T09:30:00.000Z,SYNTH_CELL_A,215,-107.59
2026-08-31T09:30:00.000Z,SYNTH_CELL_A,216,-113.37
2026-08-31T09:30:00.000Z,SYNTH_CELL_A,217,-113.54
2026-08-31T09:30:00.000Z,SYNTH_CELL_A,218,-109.32
2026-08-31T09:30:00.000Z,SYNTH_CELL_A,219,-109.26
2026-08-31T09:30:00.000Z,SYNTH_CELL_A,220,-107.71
2026-08-31T09:30:00.000Z,SYNTH_CELL_A,221,-109.69
2026-08-31T09:30:00.000Z,SYNTH_CELL_A,222,-108.71
2026-08-31T09:30:00.000Z,SYNTH_CELL_A,223,-113.88
2026-08-31T09:30:00.000Z,SYNTH_CELL_A,224,-113.76
2026-08-31T09:30:00.000Z,SYNTH_CELL_A,225,-113.17
2026-08-31T09:30:00.000Z,SYNTH_CELL_A,226,-110.46
2026-08-31T09:30:00.000Z,SYNTH_CELL_A,227,-113.29
2026-08-31T09:30:00.000Z,SYNTH_CELL_A,228,-113.47
2026-08-31T09:30:00.000Z,SYNTH_CELL_A,229,-107.52
2026-08-31T09:30:00.000Z,SYNTH_CELL_A,230,-107.28
2026-08-31T09:30:00.000Z,SYNTH_CELL_A,231,-112.84
2026-08-31T09:30:00.000Z,SYNTH_CELL_A,232,-108.16
2026-08-31T09:30:00.000Z,SYNTH_CELL_A,233,-108.01
2026-08-31T09:30:00.000Z,SYNTH_CELL_A,234,-107.03
2026-08-31T09:30:00.000Z,SYNTH_CELL_A,235,-111.69
2026-08-31T09:30:00.000Z,SYNTH_CELL_A,236,-110.41
2026-08-31T09:30:00.000Z,SYNTH_CELL_A,237,-113.47
2026-08-31T09:30:00.000Z,SYNTH_CELL_A,238,-111.35
2026-08-31T09:30:00.000Z,SYNTH_CELL_A,239,-109.9
2026-08-31T09:30:00.000Z,SYNTH_CELL_A,240,-109.46
2026-08-31T09:30:00.000Z,SYNTH_CELL_A,241,-112.43
2026-08-31T09:30:00.000Z,SYNTH_CELL_A,242,-109.97
2026-08-31T09:30:00.000Z,SYNTH_CELL_A,243,-113.38
2026-08-31T09:30:00.000Z,SYNTH_CELL_A,244,-108.83
2026-08-31T09:30:00.000Z,SYNTH_CELL_A,245,-107.74
2026-08-31T09:30:00.000Z,SYNTH_CELL_A,246,-112.9
2026-08-31T09:30:00.000Z,SYNTH_CELL_A,247,-107.97
2026-08-31T09:30:00.000Z,SYNTH_CELL_A,248,-111.21
2026-08-31T09:30:00.000Z,SYNTH_CELL_A,249,-109.75
2026-08-31T09:30:00.000Z,SYNTH_CELL_A,250,-109.23
2026-08-31T09:30:00.000Z,SYNTH_CELL_A,251,-113.58
2026-08-31T09:30:00.000Z,SYNTH_CELL_A,252,-107.31
2026-08-31T09:30:00.000Z,SYNTH_CELL_A,253,-111.39
2026-08-31T09:30:00.000Z,SYNTH_CELL_A,254,-107.17
2026-08-31T09:30:00.000Z,SYNTH_CELL_A,255,-107.96
2026-08-31T09:30:00.000Z,SYNTH_CELL_A,256,-111.4
2026-08-31T09:30:00.000Z,SYNTH_CELL_A,257,-107.38
2026-08-31T09:30:00.000Z,SYNTH_CELL_A,258,-109.18
2026-08-31T09:30:00.000Z,SYNTH_CELL_A,259,-113.29
2026-08-31T09:30:00.000Z,SYNTH_CELL_A,260,-110.98
2026-08-31T09:30:00.000Z,SYNTH_CELL_A,261,-108.13
2026-08-31T09:30:00.000Z,SYNTH_CELL_A,262,-113.41
2026-08-31T09:30:00.000Z,SYNTH_CELL_A,263,-109.26
2026-08-31T09:30:00.000Z,SYNTH_CELL_A,264,-113.14
2026-08-31T09:30:00.000Z,SYNTH_CELL_A,265,-112.97
2026-08-31T09:30:00.000Z,SYNTH_CELL_A,266,-113.95
2026-08-31T09:30:00.000Z,SYNTH_CELL_A,267,-108.4
2026-08-31T09:30:00.000Z,SYNTH_CELL_A,268,-112.82
2026-08-31T09:30:00.000Z,SYNTH_CELL_A,269,-112.4
2026-08-31T09:30:00.000Z,SYNTH_CELL_A,270,-107.12
2026-08-31T09:30:00.000Z,SYNTH_CELL_A,271,-113.28
2026-08-31T09:30:00.000Z,SYNTH_CELL_A,272,-108.96
2026-08-31T09:35:00.000Z,SYNTH_CELL_A,0,-111.35
2026-08-31T09:35:00.000Z,SYNTH_CELL_A,1,-112.31
2026-08-31T09:35:00.000Z,SYNTH_CELL_A,2,-109.99
2026-08-31T09:35:00.000Z,SYNTH_CELL_A,3,-111.51
2026-08-31T09:35:00.000Z,SYNTH_CELL_A,4,-108.74
2026-08-31T09:35:00.000Z,SYNTH_CELL_A,5,-111.31
2026-08-31T09:35:00.000Z,SYNTH_CELL_A,6,-107.64
2026-08-31T09:35:00.000Z,SYNTH_CELL_A,7,-108.62
2026-08-31T09:35:00.000Z,SYNTH_CELL_A,8,-113.1
2026-08-31T09:35:00.000Z,SYNTH_CELL_A,9,-107.47
2026-08-31T09:35:00.000Z,SYNTH_CELL_A,10,-110.89
2026-08-31T09:35:00.000Z,SYNTH_CELL_A,11,-111.03
2026-08-31T09:35:00.000Z,SYNTH_CELL_A,12,-109.11
2026-08-31T09:35:00.000Z,SYNTH_CELL_A,13,-113.72
2026-08-31T09:35:00.000Z,SYNTH_CELL_A,14,-111.06
2026-08-31T09:35:00.000Z,SYNTH_CELL_A,15,-107.32
2026-08-31T09:35:00.000Z,SYNTH_CELL_A,16,-109.06
2026-08-31T09:35:00.000Z,SYNTH_CELL_A,17,-108.2
2026-08-31T09:35:00.000Z,SYNTH_CELL_A,18,-113.24
2026-08-31T09:35:00.000Z,SYNTH_CELL_A,19,-107.57
2026-08-31T09:35:00.000Z,SYNTH_CELL_A,20,-110.19
2026-08-31T09:35:00.000Z,SYNTH_CELL_A,21,-112.87
2026-08-31T09:35:00.000Z,SYNTH_CELL_A,22,-112.62
2026-08-31T09:35:00.000Z,SYNTH_CELL_A,23,-112.16
2026-08-31T09:35:00.000Z,SYNTH_CELL_A,24,-110.81
2026-08-31T09:35:00.000Z,SYNTH_CELL_A,25,-108.65
2026-08-31T09:35:00.000Z,SYNTH_CELL_A,26,-108.14
2026-08-31T09:35:00.000Z,SYNTH_CELL_A,27,-113.31
2026-08-31T09:35:00.000Z,SYNTH_CELL_A,28,-107.39
2026-08-31T09:35:00.000Z,SYNTH_CELL_A,29,-109.54
2026-08-31T09:35:00.000Z,SYNTH_CELL_A,30,-94.02
2026-08-31T09:35:00.000Z,SYNTH_CELL_A,31,-91.97
2026-08-31T09:35:00.000Z,SYNTH_CELL_A,32,-90.35
2026-08-31T09:35:00.000Z,SYNTH_CELL_A,33,-92.32
2026-08-31T09:35:00.000Z,SYNTH_CELL_A,34,-95.61
2026-08-31T09:35:00.000Z,SYNTH_CELL_A,35,-91.4
2026-08-31T09:35:00.000Z,SYNTH_CELL_A,36,-90.97
2026-08-31T09:35:00.000Z,SYNTH_CELL_A,37,-111.11
2026-08-31T09:35:00.000Z,SYNTH_CELL_A,38,-109.39
2026-08-31T09:35:00.000Z,SYNTH_CELL_A,39,-108.66
2026-08-31T09:35:00.000Z,SYNTH_CELL_A,40,-111.45
2026-08-31T09:35:00.000Z,SYNTH_CELL_A,41,-113.77
2026-08-31T09:35:00.000Z,SYNTH_CELL_A,42,-108.02
2026-08-31T09:35:00.000Z,SYNTH_CELL_A,43,-112.05
2026-08-31T09:35:00.000Z,SYNTH_CELL_A,44,-112.92
2026-08-31T09:35:00.000Z,SYNTH_CELL_A,45,-111.4
2026-08-31T09:35:00.000Z,SYNTH_CELL_A,46,-110.41
2026-08-31T09:35:00.000Z,SYNTH_CELL_A,47,-107.52
2026-08-31T09:35:00.000Z,SYNTH_CELL_A,48,-110.65
2026-08-31T09:35:00.000Z,SYNTH_CELL_A,49,-112.54
2026-08-31T09:35:00.000Z,SYNTH_CELL_A,50,-107.08
2026-08-31T09:35:00.000Z,SYNTH_CELL_A,51,-113.65
2026-08-31T09:35:00.000Z,SYNTH_CELL_A,52,-110.69
2026-08-31T09:35:00.000Z,SYNTH_CELL_A,53,-108.88
2026-08-31T09:35:00.000Z,SYNTH_CELL_A,54,-107.22
2026-08-31T09:35:00.000Z,SYNTH_CELL_A,55,-107.9
2026-08-31T09:35:00.000Z,SYNTH_CELL_A,56,-112.37
2026-08-31T09:35:00.000Z,SYNTH_CELL_A,57,-111.89
2026-08-31T09:35:00.000Z,SYNTH_CELL_A,58,-107.84
2026-08-31T09:35:00.000Z,SYNTH_CELL_A,59,-107.5
2026-08-31T09:35:00.000Z,SYNTH_CELL_A,60,-110.38
2026-08-31T09:35:00.000Z,SYNTH_CELL_A,61,-109.84
2026-08-31T09:35:00.000Z,SYNTH_CELL_A,62,-107.79
2026-08-31T09:35:00.000Z,SYNTH_CELL_A,63,-107.48
2026-08-31T09:35:00.000Z,SYNTH_CELL_A,64,-113.84
2026-08-31T09:35:00.000Z,SYNTH_CELL_A,65,-112.54
2026-08-31T09:35:00.000Z,SYNTH_CELL_A,66,-111.25
2026-08-31T09:35:00.000Z,SYNTH_CELL_A,67,-112.78
2026-08-31T09:35:00.000Z,SYNTH_CELL_A,68,-113.49
2026-08-31T09:35:00.000Z,SYNTH_CELL_A,69,-107.74
2026-08-31T09:35:00.000Z,SYNTH_CELL_A,70,-107.75
2026-08-31T09:35:00.000Z,SYNTH_CELL_A,71,-109.84
2026-08-31T09:35:00.000Z,SYNTH_CELL_A,72,-109.68
2026-08-31T09:35:00.000Z,SYNTH_CELL_A,73,-110.57
2026-08-31T09:35:00.000Z,SYNTH_CELL_A,74,-113.38
2026-08-31T09:35:00.000Z,SYNTH_CELL_A,75,-109.61
2026-08-31T09:35:00.000Z,SYNTH_CELL_A,76,-111.14
2026-08-31T09:35:00.000Z,SYNTH_CELL_A,77,-108.93
2026-08-31T09:35:00.000Z,SYNTH_CELL_A,78,-113.39
2026-08-31T09:35:00.000Z,SYNTH_CELL_A,79,-113.99
2026-08-31T09:35:00.000Z,SYNTH_CELL_A,80,-112.55
2026-08-31T09:35:00.000Z,SYNTH_CELL_A,81,-113.76
2026-08-31T09:35:00.000Z,SYNTH_CELL_A,82,-109.96
2026-08-31T09:35:00.000Z,SYNTH_CELL_A,83,-109.83
2026-08-31T09:35:00.000Z,SYNTH_CELL_A,84,-107.86
2026-08-31T09:35:00.000Z,SYNTH_CELL_A,85,-110.43
2026-08-31T09:35:00.000Z,SYNTH_CELL_A,86,-108.32
2026-08-31T09:35:00.000Z,SYNTH_CELL_A,87,-110.39
2026-08-31T09:35:00.000Z,SYNTH_CELL_A,88,-112.35
2026-08-31T09:35:00.000Z,SYNTH_CELL_A,89,-113.11
2026-08-31T09:35:00.000Z,SYNTH_CELL_A,90,-111.94
2026-08-31T09:35:00.000Z,SYNTH_CELL_A,91,-110.41
2026-08-31T09:35:00.000Z,SYNTH_CELL_A,92,-110.25
2026-08-31T09:35:00.000Z,SYNTH_CELL_A,93,-111.34
2026-08-31T09:35:00.000Z,SYNTH_CELL_A,94,-113.84
2026-08-31T09:35:00.000Z,SYNTH_CELL_A,95,-107.92
2026-08-31T09:35:00.000Z,SYNTH_CELL_A,96,-110.93
2026-08-31T09:35:00.000Z,SYNTH_CELL_A,97,-110.83
2026-08-31T09:35:00.000Z,SYNTH_CELL_A,98,-112.8
2026-08-31T09:35:00.000Z,SYNTH_CELL_A,99,-107.97
2026-08-31T09:35:00.000Z,SYNTH_CELL_A,100,-111.24
2026-08-31T09:35:00.000Z,SYNTH_CELL_A,101,-107
2026-08-31T09:35:00.000Z,SYNTH_CELL_A,102,-113.05
2026-08-31T09:35:00.000Z,SYNTH_CELL_A,103,-107.72
2026-08-31T09:35:00.000Z,SYNTH_CELL_A,104,-111.73
2026-08-31T09:35:00.000Z,SYNTH_CELL_A,105,-109.43
2026-08-31T09:35:00.000Z,SYNTH_CELL_A,106,-108.13
2026-08-31T09:35:00.000Z,SYNTH_CELL_A,107,-111.16
2026-08-31T09:35:00.000Z,SYNTH_CELL_A,108,-110.29
2026-08-31T09:35:00.000Z,SYNTH_CELL_A,109,-111.83
2026-08-31T09:35:00.000Z,SYNTH_CELL_A,110,-112.32
2026-08-31T09:35:00.000Z,SYNTH_CELL_A,111,-110.29
2026-08-31T09:35:00.000Z,SYNTH_CELL_A,112,-108.43
2026-08-31T09:35:00.000Z,SYNTH_CELL_A,113,-112.28
2026-08-31T09:35:00.000Z,SYNTH_CELL_A,114,-113.96
2026-08-31T09:35:00.000Z,SYNTH_CELL_A,115,-109.32
2026-08-31T09:35:00.000Z,SYNTH_CELL_A,116,-109.59
2026-08-31T09:35:00.000Z,SYNTH_CELL_A,117,-113.44
2026-08-31T09:35:00.000Z,SYNTH_CELL_A,118,-111.63
2026-08-31T09:35:00.000Z,SYNTH_CELL_A,119,-107.93
2026-08-31T09:35:00.000Z,SYNTH_CELL_A,120,-109.34
2026-08-31T09:35:00.000Z,SYNTH_CELL_A,121,-109.85
2026-08-31T09:35:00.000Z,SYNTH_CELL_A,122,-107.42
2026-08-31T09:35:00.000Z,SYNTH_CELL_A,123,-113.62
2026-08-31T09:35:00.000Z,SYNTH_CELL_A,124,-112.51
2026-08-31T09:35:00.000Z,SYNTH_CELL_A,125,-111.37
2026-08-31T09:35:00.000Z,SYNTH_CELL_A,126,-112.85
2026-08-31T09:35:00.000Z,SYNTH_CELL_A,127,-113.34
2026-08-31T09:35:00.000Z,SYNTH_CELL_A,128,-113.91
2026-08-31T09:35:00.000Z,SYNTH_CELL_A,129,-112.13
2026-08-31T09:35:00.000Z,SYNTH_CELL_A,130,-111.23
2026-08-31T09:35:00.000Z,SYNTH_CELL_A,131,-109.88
2026-08-31T09:35:00.000Z,SYNTH_CELL_A,132,-112.18
2026-08-31T09:35:00.000Z,SYNTH_CELL_A,133,-110.44
2026-08-31T09:35:00.000Z,SYNTH_CELL_A,134,-108.93
2026-08-31T09:35:00.000Z,SYNTH_CELL_A,135,-111.44
2026-08-31T09:35:00.000Z,SYNTH_CELL_A,136,-107.32
2026-08-31T09:35:00.000Z,SYNTH_CELL_A,137,-110.28
2026-08-31T09:35:00.000Z,SYNTH_CELL_A,138,-113.93
2026-08-31T09:35:00.000Z,SYNTH_CELL_A,139,-110.17
2026-08-31T09:35:00.000Z,SYNTH_CELL_A,140,-109.06
2026-08-31T09:35:00.000Z,SYNTH_CELL_A,141,-111.99
2026-08-31T09:35:00.000Z,SYNTH_CELL_A,142,-110.88
2026-08-31T09:35:00.000Z,SYNTH_CELL_A,143,-113.29
2026-08-31T09:35:00.000Z,SYNTH_CELL_A,144,-113.45
2026-08-31T09:35:00.000Z,SYNTH_CELL_A,145,-107.09
2026-08-31T09:35:00.000Z,SYNTH_CELL_A,146,-108.91
2026-08-31T09:35:00.000Z,SYNTH_CELL_A,147,-108.79
2026-08-31T09:35:00.000Z,SYNTH_CELL_A,148,-109.6
2026-08-31T09:35:00.000Z,SYNTH_CELL_A,149,-113.05
2026-08-31T09:35:00.000Z,SYNTH_CELL_A,150,-107.2
2026-08-31T09:35:00.000Z,SYNTH_CELL_A,151,-113.57
2026-08-31T09:35:00.000Z,SYNTH_CELL_A,152,-108.88
2026-08-31T09:35:00.000Z,SYNTH_CELL_A,153,-109.02
2026-08-31T09:35:00.000Z,SYNTH_CELL_A,154,-110.4
2026-08-31T09:35:00.000Z,SYNTH_CELL_A,155,-108.91
2026-08-31T09:35:00.000Z,SYNTH_CELL_A,156,-111.28
2026-08-31T09:35:00.000Z,SYNTH_CELL_A,157,-111.44
2026-08-31T09:35:00.000Z,SYNTH_CELL_A,158,-108.86
2026-08-31T09:35:00.000Z,SYNTH_CELL_A,159,-109.47
2026-08-31T09:35:00.000Z,SYNTH_CELL_A,160,-113.34
2026-08-31T09:35:00.000Z,SYNTH_CELL_A,161,-110.47
2026-08-31T09:35:00.000Z,SYNTH_CELL_A,162,-113.82
2026-08-31T09:35:00.000Z,SYNTH_CELL_A,163,-107.53
2026-08-31T09:35:00.000Z,SYNTH_CELL_A,164,-107.27
2026-08-31T09:35:00.000Z,SYNTH_CELL_A,165,-113.4
2026-08-31T09:35:00.000Z,SYNTH_CELL_A,166,-113.44
2026-08-31T09:35:00.000Z,SYNTH_CELL_A,167,-110.6
2026-08-31T09:35:00.000Z,SYNTH_CELL_A,168,-112.73
2026-08-31T09:35:00.000Z,SYNTH_CELL_A,169,-113.64
2026-08-31T09:35:00.000Z,SYNTH_CELL_A,170,-109.94
2026-08-31T09:35:00.000Z,SYNTH_CELL_A,171,-112.19
2026-08-31T09:35:00.000Z,SYNTH_CELL_A,172,-107.07
2026-08-31T09:35:00.000Z,SYNTH_CELL_A,173,-112.44
2026-08-31T09:35:00.000Z,SYNTH_CELL_A,174,-110.91
2026-08-31T09:35:00.000Z,SYNTH_CELL_A,175,-108.49
2026-08-31T09:35:00.000Z,SYNTH_CELL_A,176,-112.6
2026-08-31T09:35:00.000Z,SYNTH_CELL_A,177,-109.8
2026-08-31T09:35:00.000Z,SYNTH_CELL_A,178,-109.17
2026-08-31T09:35:00.000Z,SYNTH_CELL_A,179,-112.79
2026-08-31T09:35:00.000Z,SYNTH_CELL_A,180,-110.88
2026-08-31T09:35:00.000Z,SYNTH_CELL_A,181,-107.42
2026-08-31T09:35:00.000Z,SYNTH_CELL_A,182,-113.58
2026-08-31T09:35:00.000Z,SYNTH_CELL_A,183,-111.99
2026-08-31T09:35:00.000Z,SYNTH_CELL_A,184,-112.87
2026-08-31T09:35:00.000Z,SYNTH_CELL_A,185,-109.95
2026-08-31T09:35:00.000Z,SYNTH_CELL_A,186,-111.28
2026-08-31T09:35:00.000Z,SYNTH_CELL_A,187,-112.82
2026-08-31T09:35:00.000Z,SYNTH_CELL_A,188,-111.25
2026-08-31T09:35:00.000Z,SYNTH_CELL_A,189,-111.17
2026-08-31T09:35:00.000Z,SYNTH_CELL_A,190,-108.12
2026-08-31T09:35:00.000Z,SYNTH_CELL_A,191,-109.82
2026-08-31T09:35:00.000Z,SYNTH_CELL_A,192,-110.92
2026-08-31T09:35:00.000Z,SYNTH_CELL_A,193,-113.94
2026-08-31T09:35:00.000Z,SYNTH_CELL_A,194,-107.16
2026-08-31T09:35:00.000Z,SYNTH_CELL_A,195,-108.43
2026-08-31T09:35:00.000Z,SYNTH_CELL_A,196,-111.45
2026-08-31T09:35:00.000Z,SYNTH_CELL_A,197,-107.26
2026-08-31T09:35:00.000Z,SYNTH_CELL_A,198,-109.13
2026-08-31T09:35:00.000Z,SYNTH_CELL_A,199,-111.95
2026-08-31T09:35:00.000Z,SYNTH_CELL_A,200,-111.68
2026-08-31T09:35:00.000Z,SYNTH_CELL_A,201,-112.13
2026-08-31T09:35:00.000Z,SYNTH_CELL_A,202,-107.19
2026-08-31T09:35:00.000Z,SYNTH_CELL_A,203,-107.17
2026-08-31T09:35:00.000Z,SYNTH_CELL_A,204,-108.65
2026-08-31T09:35:00.000Z,SYNTH_CELL_A,205,-113.91
2026-08-31T09:35:00.000Z,SYNTH_CELL_A,206,-111.2
2026-08-31T09:35:00.000Z,SYNTH_CELL_A,207,-111.43
2026-08-31T09:35:00.000Z,SYNTH_CELL_A,208,-112.33
2026-08-31T09:35:00.000Z,SYNTH_CELL_A,209,-111.89
2026-08-31T09:35:00.000Z,SYNTH_CELL_A,210,-111
2026-08-31T09:35:00.000Z,SYNTH_CELL_A,211,-112.46
2026-08-31T09:35:00.000Z,SYNTH_CELL_A,212,-113.67
2026-08-31T09:35:00.000Z,SYNTH_CELL_A,213,-110.28
2026-08-31T09:35:00.000Z,SYNTH_CELL_A,214,-112.35
2026-08-31T09:35:00.000Z,SYNTH_CELL_A,215,-110.45
2026-08-31T09:35:00.000Z,SYNTH_CELL_A,216,-111.56
2026-08-31T09:35:00.000Z,SYNTH_CELL_A,217,-113.11
2026-08-31T09:35:00.000Z,SYNTH_CELL_A,218,-113.25
2026-08-31T09:35:00.000Z,SYNTH_CELL_A,219,-107.49
2026-08-31T09:35:00.000Z,SYNTH_CELL_A,220,-108.69
2026-08-31T09:35:00.000Z,SYNTH_CELL_A,221,-108.08
2026-08-31T09:35:00.000Z,SYNTH_CELL_A,222,-112.39
2026-08-31T09:35:00.000Z,SYNTH_CELL_A,223,-113.68
2026-08-31T09:35:00.000Z,SYNTH_CELL_A,224,-111.92
2026-08-31T09:35:00.000Z,SYNTH_CELL_A,225,-108.62
2026-08-31T09:35:00.000Z,SYNTH_CELL_A,226,-108.8
2026-08-31T09:35:00.000Z,SYNTH_CELL_A,227,-112.84
2026-08-31T09:35:00.000Z,SYNTH_CELL_A,228,-110.31
2026-08-31T09:35:00.000Z,SYNTH_CELL_A,229,-113.09
2026-08-31T09:35:00.000Z,SYNTH_CELL_A,230,-107.42
2026-08-31T09:35:00.000Z,SYNTH_CELL_A,231,-112.99
2026-08-31T09:35:00.000Z,SYNTH_CELL_A,232,-108.61
2026-08-31T09:35:00.000Z,SYNTH_CELL_A,233,-113.2
2026-08-31T09:35:00.000Z,SYNTH_CELL_A,234,-110.82
2026-08-31T09:35:00.000Z,SYNTH_CELL_A,235,-112.48
2026-08-31T09:35:00.000Z,SYNTH_CELL_A,236,-112.34
2026-08-31T09:35:00.000Z,SYNTH_CELL_A,237,-108.73
2026-08-31T09:35:00.000Z,SYNTH_CELL_A,238,-111.83
2026-08-31T09:35:00.000Z,SYNTH_CELL_A,239,-113.98
2026-08-31T09:35:00.000Z,SYNTH_CELL_A,240,-107.31
2026-08-31T09:35:00.000Z,SYNTH_CELL_A,241,-113.39
2026-08-31T09:35:00.000Z,SYNTH_CELL_A,242,-109.23
2026-08-31T09:35:00.000Z,SYNTH_CELL_A,243,-108.13
2026-08-31T09:35:00.000Z,SYNTH_CELL_A,244,-111.59
2026-08-31T09:35:00.000Z,SYNTH_CELL_A,245,-109.21
2026-08-31T09:35:00.000Z,SYNTH_CELL_A,246,-112.16
2026-08-31T09:35:00.000Z,SYNTH_CELL_A,247,-110.29
2026-08-31T09:35:00.000Z,SYNTH_CELL_A,248,-111.71
2026-08-31T09:35:00.000Z,SYNTH_CELL_A,249,-109.33
2026-08-31T09:35:00.000Z,SYNTH_CELL_A,250,-113.35
2026-08-31T09:35:00.000Z,SYNTH_CELL_A,251,-109.27
2026-08-31T09:35:00.000Z,SYNTH_CELL_A,252,-107.97
2026-08-31T09:35:00.000Z,SYNTH_CELL_A,253,-111.56
2026-08-31T09:35:00.000Z,SYNTH_CELL_A,254,-108.68
2026-08-31T09:35:00.000Z,SYNTH_CELL_A,255,-109.6
2026-08-31T09:35:00.000Z,SYNTH_CELL_A,256,-108.45
2026-08-31T09:35:00.000Z,SYNTH_CELL_A,257,-110.16
2026-08-31T09:35:00.000Z,SYNTH_CELL_A,258,-107.73
2026-08-31T09:35:00.000Z,SYNTH_CELL_A,259,-112.61
2026-08-31T09:35:00.000Z,SYNTH_CELL_A,260,-107.24
2026-08-31T09:35:00.000Z,SYNTH_CELL_A,261,-109.16
2026-08-31T09:35:00.000Z,SYNTH_CELL_A,262,-107.84
2026-08-31T09:35:00.000Z,SYNTH_CELL_A,263,-112.94
2026-08-31T09:35:00.000Z,SYNTH_CELL_A,264,-110.43
2026-08-31T09:35:00.000Z,SYNTH_CELL_A,265,-108.99
2026-08-31T09:35:00.000Z,SYNTH_CELL_A,266,-109.01
2026-08-31T09:35:00.000Z,SYNTH_CELL_A,267,-110.22
2026-08-31T09:35:00.000Z,SYNTH_CELL_A,268,-111.83
2026-08-31T09:35:00.000Z,SYNTH_CELL_A,269,-108.17
2026-08-31T09:35:00.000Z,SYNTH_CELL_A,270,-113.62
2026-08-31T09:35:00.000Z,SYNTH_CELL_A,271,-107.78
2026-08-31T09:35:00.000Z,SYNTH_CELL_A,272,-109.87
2026-08-31T09:40:00.000Z,SYNTH_CELL_A,0,-107.27
2026-08-31T09:40:00.000Z,SYNTH_CELL_A,1,-107.87
2026-08-31T09:40:00.000Z,SYNTH_CELL_A,2,-108.05
2026-08-31T09:40:00.000Z,SYNTH_CELL_A,3,-113.62
2026-08-31T09:40:00.000Z,SYNTH_CELL_A,4,-112.83
2026-08-31T09:40:00.000Z,SYNTH_CELL_A,5,-108.51
2026-08-31T09:40:00.000Z,SYNTH_CELL_A,6,-108.84
2026-08-31T09:40:00.000Z,SYNTH_CELL_A,7,-109.16
2026-08-31T09:40:00.000Z,SYNTH_CELL_A,8,-110.89
2026-08-31T09:40:00.000Z,SYNTH_CELL_A,9,-111.1
2026-08-31T09:40:00.000Z,SYNTH_CELL_A,10,-113.32
2026-08-31T09:40:00.000Z,SYNTH_CELL_A,11,-108.84
2026-08-31T09:40:00.000Z,SYNTH_CELL_A,12,-112
2026-08-31T09:40:00.000Z,SYNTH_CELL_A,13,-108.95
2026-08-31T09:40:00.000Z,SYNTH_CELL_A,14,-112.16
2026-08-31T09:40:00.000Z,SYNTH_CELL_A,15,-108.19
2026-08-31T09:40:00.000Z,SYNTH_CELL_A,16,-108.21
2026-08-31T09:40:00.000Z,SYNTH_CELL_A,17,-113.77
2026-08-31T09:40:00.000Z,SYNTH_CELL_A,18,-112.51
2026-08-31T09:40:00.000Z,SYNTH_CELL_A,19,-107.61
2026-08-31T09:40:00.000Z,SYNTH_CELL_A,20,-107.01
2026-08-31T09:40:00.000Z,SYNTH_CELL_A,21,-108.72
2026-08-31T09:40:00.000Z,SYNTH_CELL_A,22,-113.89
2026-08-31T09:40:00.000Z,SYNTH_CELL_A,23,-109.64
2026-08-31T09:40:00.000Z,SYNTH_CELL_A,24,-112.01
2026-08-31T09:40:00.000Z,SYNTH_CELL_A,25,-110.98
2026-08-31T09:40:00.000Z,SYNTH_CELL_A,26,-107.39
2026-08-31T09:40:00.000Z,SYNTH_CELL_A,27,-107.03
2026-08-31T09:40:00.000Z,SYNTH_CELL_A,28,-112.5
2026-08-31T09:40:00.000Z,SYNTH_CELL_A,29,-113.45
2026-08-31T09:40:00.000Z,SYNTH_CELL_A,30,-94.56
2026-08-31T09:40:00.000Z,SYNTH_CELL_A,31,-94.14
2026-08-31T09:40:00.000Z,SYNTH_CELL_A,32,-92.65
2026-08-31T09:40:00.000Z,SYNTH_CELL_A,33,-92.02
2026-08-31T09:40:00.000Z,SYNTH_CELL_A,34,-94.78
2026-08-31T09:40:00.000Z,SYNTH_CELL_A,35,-92.13
2026-08-31T09:40:00.000Z,SYNTH_CELL_A,36,-91.89
2026-08-31T09:40:00.000Z,SYNTH_CELL_A,37,-113.64
2026-08-31T09:40:00.000Z,SYNTH_CELL_A,38,-112.65
2026-08-31T09:40:00.000Z,SYNTH_CELL_A,39,-111.04
2026-08-31T09:40:00.000Z,SYNTH_CELL_A,40,-113.31
2026-08-31T09:40:00.000Z,SYNTH_CELL_A,41,-111.43
2026-08-31T09:40:00.000Z,SYNTH_CELL_A,42,-107.38
2026-08-31T09:40:00.000Z,SYNTH_CELL_A,43,-111.83
2026-08-31T09:40:00.000Z,SYNTH_CELL_A,44,-111.16
2026-08-31T09:40:00.000Z,SYNTH_CELL_A,45,-110.69
2026-08-31T09:40:00.000Z,SYNTH_CELL_A,46,-111.34
2026-08-31T09:40:00.000Z,SYNTH_CELL_A,47,-108.34
2026-08-31T09:40:00.000Z,SYNTH_CELL_A,48,-113.39
2026-08-31T09:40:00.000Z,SYNTH_CELL_A,49,-107.69
2026-08-31T09:40:00.000Z,SYNTH_CELL_A,50,-112.89
2026-08-31T09:40:00.000Z,SYNTH_CELL_A,51,-107.83
2026-08-31T09:40:00.000Z,SYNTH_CELL_A,52,-108.84
2026-08-31T09:40:00.000Z,SYNTH_CELL_A,53,-111.87
2026-08-31T09:40:00.000Z,SYNTH_CELL_A,54,-109.84
2026-08-31T09:40:00.000Z,SYNTH_CELL_A,55,-113.71
2026-08-31T09:40:00.000Z,SYNTH_CELL_A,56,-112.26
2026-08-31T09:40:00.000Z,SYNTH_CELL_A,57,-112.97
2026-08-31T09:40:00.000Z,SYNTH_CELL_A,58,-113.27
2026-08-31T09:40:00.000Z,SYNTH_CELL_A,59,-108.92
2026-08-31T09:40:00.000Z,SYNTH_CELL_A,60,-109.9
2026-08-31T09:40:00.000Z,SYNTH_CELL_A,61,-108.47
2026-08-31T09:40:00.000Z,SYNTH_CELL_A,62,-112.04
2026-08-31T09:40:00.000Z,SYNTH_CELL_A,63,-113.21
2026-08-31T09:40:00.000Z,SYNTH_CELL_A,64,-113.34
2026-08-31T09:40:00.000Z,SYNTH_CELL_A,65,-113.53
2026-08-31T09:40:00.000Z,SYNTH_CELL_A,66,-111.13
2026-08-31T09:40:00.000Z,SYNTH_CELL_A,67,-110.63
2026-08-31T09:40:00.000Z,SYNTH_CELL_A,68,-112.34
2026-08-31T09:40:00.000Z,SYNTH_CELL_A,69,-110.75
2026-08-31T09:40:00.000Z,SYNTH_CELL_A,70,-111.32
2026-08-31T09:40:00.000Z,SYNTH_CELL_A,71,-112.25
2026-08-31T09:40:00.000Z,SYNTH_CELL_A,72,-109.72
2026-08-31T09:40:00.000Z,SYNTH_CELL_A,73,-113.73
2026-08-31T09:40:00.000Z,SYNTH_CELL_A,74,-108.35
2026-08-31T09:40:00.000Z,SYNTH_CELL_A,75,-108.25
2026-08-31T09:40:00.000Z,SYNTH_CELL_A,76,-113.04
2026-08-31T09:40:00.000Z,SYNTH_CELL_A,77,-112.41
2026-08-31T09:40:00.000Z,SYNTH_CELL_A,78,-112.5
2026-08-31T09:40:00.000Z,SYNTH_CELL_A,79,-111.44
2026-08-31T09:40:00.000Z,SYNTH_CELL_A,80,-112.23
2026-08-31T09:40:00.000Z,SYNTH_CELL_A,81,-109.38
2026-08-31T09:40:00.000Z,SYNTH_CELL_A,82,-112.44
2026-08-31T09:40:00.000Z,SYNTH_CELL_A,83,-109.04
2026-08-31T09:40:00.000Z,SYNTH_CELL_A,84,-107
2026-08-31T09:40:00.000Z,SYNTH_CELL_A,85,-113.1
2026-08-31T09:40:00.000Z,SYNTH_CELL_A,86,-110.48
2026-08-31T09:40:00.000Z,SYNTH_CELL_A,87,-111.01
2026-08-31T09:40:00.000Z,SYNTH_CELL_A,88,-108.14
2026-08-31T09:40:00.000Z,SYNTH_CELL_A,89,-107.98
2026-08-31T09:40:00.000Z,SYNTH_CELL_A,90,-111.1
2026-08-31T09:40:00.000Z,SYNTH_CELL_A,91,-111.81
2026-08-31T09:40:00.000Z,SYNTH_CELL_A,92,-113.46
2026-08-31T09:40:00.000Z,SYNTH_CELL_A,93,-112.66
2026-08-31T09:40:00.000Z,SYNTH_CELL_A,94,-112.57
2026-08-31T09:40:00.000Z,SYNTH_CELL_A,95,-111.84
2026-08-31T09:40:00.000Z,SYNTH_CELL_A,96,-108.33
2026-08-31T09:40:00.000Z,SYNTH_CELL_A,97,-108.42
2026-08-31T09:40:00.000Z,SYNTH_CELL_A,98,-109.58
2026-08-31T09:40:00.000Z,SYNTH_CELL_A,99,-113.79
2026-08-31T09:40:00.000Z,SYNTH_CELL_A,100,-112.54
2026-08-31T09:40:00.000Z,SYNTH_CELL_A,101,-110.19
2026-08-31T09:40:00.000Z,SYNTH_CELL_A,102,-107.41
2026-08-31T09:40:00.000Z,SYNTH_CELL_A,103,-107.09
2026-08-31T09:40:00.000Z,SYNTH_CELL_A,104,-112.99
2026-08-31T09:40:00.000Z,SYNTH_CELL_A,105,-113.51
2026-08-31T09:40:00.000Z,SYNTH_CELL_A,106,-113.38
2026-08-31T09:40:00.000Z,SYNTH_CELL_A,107,-110.23
2026-08-31T09:40:00.000Z,SYNTH_CELL_A,108,-113.87
2026-08-31T09:40:00.000Z,SYNTH_CELL_A,109,-112.95
2026-08-31T09:40:00.000Z,SYNTH_CELL_A,110,-112.8
2026-08-31T09:40:00.000Z,SYNTH_CELL_A,111,-109.27
2026-08-31T09:40:00.000Z,SYNTH_CELL_A,112,-108.59
2026-08-31T09:40:00.000Z,SYNTH_CELL_A,113,-107.71
2026-08-31T09:40:00.000Z,SYNTH_CELL_A,114,-113.86
2026-08-31T09:40:00.000Z,SYNTH_CELL_A,115,-109.49
2026-08-31T09:40:00.000Z,SYNTH_CELL_A,116,-113.6
2026-08-31T09:40:00.000Z,SYNTH_CELL_A,117,-108.31
2026-08-31T09:40:00.000Z,SYNTH_CELL_A,118,-107.5
2026-08-31T09:40:00.000Z,SYNTH_CELL_A,119,-111.03
2026-08-31T09:40:00.000Z,SYNTH_CELL_A,120,-110.26
2026-08-31T09:40:00.000Z,SYNTH_CELL_A,121,-109.22
2026-08-31T09:40:00.000Z,SYNTH_CELL_A,122,-110.16
2026-08-31T09:40:00.000Z,SYNTH_CELL_A,123,-113.67
2026-08-31T09:40:00.000Z,SYNTH_CELL_A,124,-111.5
2026-08-31T09:40:00.000Z,SYNTH_CELL_A,125,-111.79
2026-08-31T09:40:00.000Z,SYNTH_CELL_A,126,-107.33
2026-08-31T09:40:00.000Z,SYNTH_CELL_A,127,-108.93
2026-08-31T09:40:00.000Z,SYNTH_CELL_A,128,-108.07
2026-08-31T09:40:00.000Z,SYNTH_CELL_A,129,-113.65
2026-08-31T09:40:00.000Z,SYNTH_CELL_A,130,-107.38
2026-08-31T09:40:00.000Z,SYNTH_CELL_A,131,-108.91
2026-08-31T09:40:00.000Z,SYNTH_CELL_A,132,-110.92
2026-08-31T09:40:00.000Z,SYNTH_CELL_A,133,-107.18
2026-08-31T09:40:00.000Z,SYNTH_CELL_A,134,-109.31
2026-08-31T09:40:00.000Z,SYNTH_CELL_A,135,-107.51
2026-08-31T09:40:00.000Z,SYNTH_CELL_A,136,-107.09
2026-08-31T09:40:00.000Z,SYNTH_CELL_A,137,-108.54
2026-08-31T09:40:00.000Z,SYNTH_CELL_A,138,-109.67
2026-08-31T09:40:00.000Z,SYNTH_CELL_A,139,-107.5
2026-08-31T09:40:00.000Z,SYNTH_CELL_A,140,-110.48
2026-08-31T09:40:00.000Z,SYNTH_CELL_A,141,-113.08
2026-08-31T09:40:00.000Z,SYNTH_CELL_A,142,-112.95
2026-08-31T09:40:00.000Z,SYNTH_CELL_A,143,-109.42
2026-08-31T09:40:00.000Z,SYNTH_CELL_A,144,-110.68
2026-08-31T09:40:00.000Z,SYNTH_CELL_A,145,-110.91
2026-08-31T09:40:00.000Z,SYNTH_CELL_A,146,-109.57
2026-08-31T09:40:00.000Z,SYNTH_CELL_A,147,-112.09
2026-08-31T09:40:00.000Z,SYNTH_CELL_A,148,-107.92
2026-08-31T09:40:00.000Z,SYNTH_CELL_A,149,-107.5
2026-08-31T09:40:00.000Z,SYNTH_CELL_A,150,-111.63
2026-08-31T09:40:00.000Z,SYNTH_CELL_A,151,-111.55
2026-08-31T09:40:00.000Z,SYNTH_CELL_A,152,-107.27
2026-08-31T09:40:00.000Z,SYNTH_CELL_A,153,-108.37
2026-08-31T09:40:00.000Z,SYNTH_CELL_A,154,-112.29
2026-08-31T09:40:00.000Z,SYNTH_CELL_A,155,-113.68
2026-08-31T09:40:00.000Z,SYNTH_CELL_A,156,-113.08
2026-08-31T09:40:00.000Z,SYNTH_CELL_A,157,-110.71
2026-08-31T09:40:00.000Z,SYNTH_CELL_A,158,-108.04
2026-08-31T09:40:00.000Z,SYNTH_CELL_A,159,-112.15
2026-08-31T09:40:00.000Z,SYNTH_CELL_A,160,-108.68
2026-08-31T09:40:00.000Z,SYNTH_CELL_A,161,-110.05
2026-08-31T09:40:00.000Z,SYNTH_CELL_A,162,-112.6
2026-08-31T09:40:00.000Z,SYNTH_CELL_A,163,-109.92
2026-08-31T09:40:00.000Z,SYNTH_CELL_A,164,-111.42
2026-08-31T09:40:00.000Z,SYNTH_CELL_A,165,-108.75
2026-08-31T09:40:00.000Z,SYNTH_CELL_A,166,-112.77
2026-08-31T09:40:00.000Z,SYNTH_CELL_A,167,-108.14
2026-08-31T09:40:00.000Z,SYNTH_CELL_A,168,-113.04
2026-08-31T09:40:00.000Z,SYNTH_CELL_A,169,-113.48
2026-08-31T09:40:00.000Z,SYNTH_CELL_A,170,-112.22
2026-08-31T09:40:00.000Z,SYNTH_CELL_A,171,-112.22
2026-08-31T09:40:00.000Z,SYNTH_CELL_A,172,-107.6
2026-08-31T09:40:00.000Z,SYNTH_CELL_A,173,-108.19
2026-08-31T09:40:00.000Z,SYNTH_CELL_A,174,-108.37
2026-08-31T09:40:00.000Z,SYNTH_CELL_A,175,-107
2026-08-31T09:40:00.000Z,SYNTH_CELL_A,176,-108.23
2026-08-31T09:40:00.000Z,SYNTH_CELL_A,177,-108.57
2026-08-31T09:40:00.000Z,SYNTH_CELL_A,178,-113.79
2026-08-31T09:40:00.000Z,SYNTH_CELL_A,179,-113.64
2026-08-31T09:40:00.000Z,SYNTH_CELL_A,180,-110.01
2026-08-31T09:40:00.000Z,SYNTH_CELL_A,181,-109.5
2026-08-31T09:40:00.000Z,SYNTH_CELL_A,182,-109.45
2026-08-31T09:40:00.000Z,SYNTH_CELL_A,183,-111.68
2026-08-31T09:40:00.000Z,SYNTH_CELL_A,184,-110.48
2026-08-31T09:40:00.000Z,SYNTH_CELL_A,185,-107.86
2026-08-31T09:40:00.000Z,SYNTH_CELL_A,186,-111.39
2026-08-31T09:40:00.000Z,SYNTH_CELL_A,187,-113.79
2026-08-31T09:40:00.000Z,SYNTH_CELL_A,188,-110.42
2026-08-31T09:40:00.000Z,SYNTH_CELL_A,189,-110.29
2026-08-31T09:40:00.000Z,SYNTH_CELL_A,190,-112.62
2026-08-31T09:40:00.000Z,SYNTH_CELL_A,191,-113.44
2026-08-31T09:40:00.000Z,SYNTH_CELL_A,192,-108.75
2026-08-31T09:40:00.000Z,SYNTH_CELL_A,193,-111.75
2026-08-31T09:40:00.000Z,SYNTH_CELL_A,194,-109.94
2026-08-31T09:40:00.000Z,SYNTH_CELL_A,195,-108.51
2026-08-31T09:40:00.000Z,SYNTH_CELL_A,196,-112.38
2026-08-31T09:40:00.000Z,SYNTH_CELL_A,197,-108.16
2026-08-31T09:40:00.000Z,SYNTH_CELL_A,198,-110.86
2026-08-31T09:40:00.000Z,SYNTH_CELL_A,199,-109.82
2026-08-31T09:40:00.000Z,SYNTH_CELL_A,200,-112.24
2026-08-31T09:40:00.000Z,SYNTH_CELL_A,201,-107.82
2026-08-31T09:40:00.000Z,SYNTH_CELL_A,202,-113.82
2026-08-31T09:40:00.000Z,SYNTH_CELL_A,203,-113.38
2026-08-31T09:40:00.000Z,SYNTH_CELL_A,204,-109.67
2026-08-31T09:40:00.000Z,SYNTH_CELL_A,205,-113.33
2026-08-31T09:40:00.000Z,SYNTH_CELL_A,206,-110.87
2026-08-31T09:40:00.000Z,SYNTH_CELL_A,207,-112.91
2026-08-31T09:40:00.000Z,SYNTH_CELL_A,208,-109.66
2026-08-31T09:40:00.000Z,SYNTH_CELL_A,209,-108.6
2026-08-31T09:40:00.000Z,SYNTH_CELL_A,210,-113.57
2026-08-31T09:40:00.000Z,SYNTH_CELL_A,211,-110.11
2026-08-31T09:40:00.000Z,SYNTH_CELL_A,212,-109.45
2026-08-31T09:40:00.000Z,SYNTH_CELL_A,213,-113.29
2026-08-31T09:40:00.000Z,SYNTH_CELL_A,214,-111.48
2026-08-31T09:40:00.000Z,SYNTH_CELL_A,215,-108.16
2026-08-31T09:40:00.000Z,SYNTH_CELL_A,216,-111.15
2026-08-31T09:40:00.000Z,SYNTH_CELL_A,217,-108
2026-08-31T09:40:00.000Z,SYNTH_CELL_A,218,-111.17
2026-08-31T09:40:00.000Z,SYNTH_CELL_A,219,-108.41
2026-08-31T09:40:00.000Z,SYNTH_CELL_A,220,-110.34
2026-08-31T09:40:00.000Z,SYNTH_CELL_A,221,-109.44
2026-08-31T09:40:00.000Z,SYNTH_CELL_A,222,-109.46
2026-08-31T09:40:00.000Z,SYNTH_CELL_A,223,-109.72
2026-08-31T09:40:00.000Z,SYNTH_CELL_A,224,-110.2
2026-08-31T09:40:00.000Z,SYNTH_CELL_A,225,-107.61
2026-08-31T09:40:00.000Z,SYNTH_CELL_A,226,-113.91
2026-08-31T09:40:00.000Z,SYNTH_CELL_A,227,-109.31
2026-08-31T09:40:00.000Z,SYNTH_CELL_A,228,-113.51
2026-08-31T09:40:00.000Z,SYNTH_CELL_A,229,-109.05
2026-08-31T09:40:00.000Z,SYNTH_CELL_A,230,-113.36
2026-08-31T09:40:00.000Z,SYNTH_CELL_A,231,-111.18
2026-08-31T09:40:00.000Z,SYNTH_CELL_A,232,-107.12
2026-08-31T09:40:00.000Z,SYNTH_CELL_A,233,-110.29
2026-08-31T09:40:00.000Z,SYNTH_CELL_A,234,-111.69
2026-08-31T09:40:00.000Z,SYNTH_CELL_A,235,-113.26
2026-08-31T09:40:00.000Z,SYNTH_CELL_A,236,-110.13
2026-08-31T09:40:00.000Z,SYNTH_CELL_A,237,-112.34
2026-08-31T09:40:00.000Z,SYNTH_CELL_A,238,-113.65
2026-08-31T09:40:00.000Z,SYNTH_CELL_A,239,-107.11
2026-08-31T09:40:00.000Z,SYNTH_CELL_A,240,-111.63
2026-08-31T09:40:00.000Z,SYNTH_CELL_A,241,-112.45
2026-08-31T09:40:00.000Z,SYNTH_CELL_A,242,-112.71
2026-08-31T09:40:00.000Z,SYNTH_CELL_A,243,-110.43
2026-08-31T09:40:00.000Z,SYNTH_CELL_A,244,-108.93
2026-08-31T09:40:00.000Z,SYNTH_CELL_A,245,-107.1
2026-08-31T09:40:00.000Z,SYNTH_CELL_A,246,-109.91
2026-08-31T09:40:00.000Z,SYNTH_CELL_A,247,-112.33
2026-08-31T09:40:00.000Z,SYNTH_CELL_A,248,-107.15
2026-08-31T09:40:00.000Z,SYNTH_CELL_A,249,-112.42
2026-08-31T09:40:00.000Z,SYNTH_CELL_A,250,-108.39
2026-08-31T09:40:00.000Z,SYNTH_CELL_A,251,-112.75
2026-08-31T09:40:00.000Z,SYNTH_CELL_A,252,-109
2026-08-31T09:40:00.000Z,SYNTH_CELL_A,253,-110.32
2026-08-31T09:40:00.000Z,SYNTH_CELL_A,254,-112.5
2026-08-31T09:40:00.000Z,SYNTH_CELL_A,255,-108.16
2026-08-31T09:40:00.000Z,SYNTH_CELL_A,256,-109.21
2026-08-31T09:40:00.000Z,SYNTH_CELL_A,257,-108.73
2026-08-31T09:40:00.000Z,SYNTH_CELL_A,258,-110.85
2026-08-31T09:40:00.000Z,SYNTH_CELL_A,259,-107.13
2026-08-31T09:40:00.000Z,SYNTH_CELL_A,260,-108.4
2026-08-31T09:40:00.000Z,SYNTH_CELL_A,261,-112.36
2026-08-31T09:40:00.000Z,SYNTH_CELL_A,262,-113.93
2026-08-31T09:40:00.000Z,SYNTH_CELL_A,263,-112.29
2026-08-31T09:40:00.000Z,SYNTH_CELL_A,264,-111.57
2026-08-31T09:40:00.000Z,SYNTH_CELL_A,265,-108.76
2026-08-31T09:40:00.000Z,SYNTH_CELL_A,266,-113.58
2026-08-31T09:40:00.000Z,SYNTH_CELL_A,267,-110.4
2026-08-31T09:40:00.000Z,SYNTH_CELL_A,268,-111.49
2026-08-31T09:40:00.000Z,SYNTH_CELL_A,269,-111.43
2026-08-31T09:40:00.000Z,SYNTH_CELL_A,270,-111.37
2026-08-31T09:40:00.000Z,SYNTH_CELL_A,271,-112.42
2026-08-31T09:40:00.000Z,SYNTH_CELL_A,272,-113.13
2026-08-31T09:45:00.000Z,SYNTH_CELL_A,0,-111.9
2026-08-31T09:45:00.000Z,SYNTH_CELL_A,1,-111.89
2026-08-31T09:45:00.000Z,SYNTH_CELL_A,2,-108.53
2026-08-31T09:45:00.000Z,SYNTH_CELL_A,3,-109.37
2026-08-31T09:45:00.000Z,SYNTH_CELL_A,4,-113.28
2026-08-31T09:45:00.000Z,SYNTH_CELL_A,5,-112.28
2026-08-31T09:45:00.000Z,SYNTH_CELL_A,6,-107.61
2026-08-31T09:45:00.000Z,SYNTH_CELL_A,7,-107.91
2026-08-31T09:45:00.000Z,SYNTH_CELL_A,8,-107.75
2026-08-31T09:45:00.000Z,SYNTH_CELL_A,9,-111.28
2026-08-31T09:45:00.000Z,SYNTH_CELL_A,10,-109.66
2026-08-31T09:45:00.000Z,SYNTH_CELL_A,11,-108.18
2026-08-31T09:45:00.000Z,SYNTH_CELL_A,12,-111.02
2026-08-31T09:45:00.000Z,SYNTH_CELL_A,13,-110.29
2026-08-31T09:45:00.000Z,SYNTH_CELL_A,14,-112
2026-08-31T09:45:00.000Z,SYNTH_CELL_A,15,-112.34
2026-08-31T09:45:00.000Z,SYNTH_CELL_A,16,-109.15
2026-08-31T09:45:00.000Z,SYNTH_CELL_A,17,-112.35
2026-08-31T09:45:00.000Z,SYNTH_CELL_A,18,-110.08
2026-08-31T09:45:00.000Z,SYNTH_CELL_A,19,-110.9
2026-08-31T09:45:00.000Z,SYNTH_CELL_A,20,-113.14
2026-08-31T09:45:00.000Z,SYNTH_CELL_A,21,-110.58
2026-08-31T09:45:00.000Z,SYNTH_CELL_A,22,-107.97
2026-08-31T09:45:00.000Z,SYNTH_CELL_A,23,-108.38
2026-08-31T09:45:00.000Z,SYNTH_CELL_A,24,-111.04
2026-08-31T09:45:00.000Z,SYNTH_CELL_A,25,-109.28
2026-08-31T09:45:00.000Z,SYNTH_CELL_A,26,-110.01
2026-08-31T09:45:00.000Z,SYNTH_CELL_A,27,-111.89
2026-08-31T09:45:00.000Z,SYNTH_CELL_A,28,-113.08
2026-08-31T09:45:00.000Z,SYNTH_CELL_A,29,-108.15
2026-08-31T09:45:00.000Z,SYNTH_CELL_A,30,-90.21
2026-08-31T09:45:00.000Z,SYNTH_CELL_A,31,-94.16
2026-08-31T09:45:00.000Z,SYNTH_CELL_A,32,-90.27
2026-08-31T09:45:00.000Z,SYNTH_CELL_A,33,-96.1
2026-08-31T09:45:00.000Z,SYNTH_CELL_A,34,-90.03
2026-08-31T09:45:00.000Z,SYNTH_CELL_A,35,-96.22
2026-08-31T09:45:00.000Z,SYNTH_CELL_A,36,-90.17
2026-08-31T09:45:00.000Z,SYNTH_CELL_A,37,-110.96
2026-08-31T09:45:00.000Z,SYNTH_CELL_A,38,-108.1
2026-08-31T09:45:00.000Z,SYNTH_CELL_A,39,-113.12
2026-08-31T09:45:00.000Z,SYNTH_CELL_A,40,-109.73
2026-08-31T09:45:00.000Z,SYNTH_CELL_A,41,-113.17
2026-08-31T09:45:00.000Z,SYNTH_CELL_A,42,-111.14
2026-08-31T09:45:00.000Z,SYNTH_CELL_A,43,-112.58
2026-08-31T09:45:00.000Z,SYNTH_CELL_A,44,-110.17
2026-08-31T09:45:00.000Z,SYNTH_CELL_A,45,-107.35
2026-08-31T09:45:00.000Z,SYNTH_CELL_A,46,-109.87
2026-08-31T09:45:00.000Z,SYNTH_CELL_A,47,-109.49
2026-08-31T09:45:00.000Z,SYNTH_CELL_A,48,-110.98
2026-08-31T09:45:00.000Z,SYNTH_CELL_A,49,-112.68
2026-08-31T09:45:00.000Z,SYNTH_CELL_A,50,-111.23
2026-08-31T09:45:00.000Z,SYNTH_CELL_A,51,-113.98
2026-08-31T09:45:00.000Z,SYNTH_CELL_A,52,-111.59
2026-08-31T09:45:00.000Z,SYNTH_CELL_A,53,-107.6
2026-08-31T09:45:00.000Z,SYNTH_CELL_A,54,-108.47
2026-08-31T09:45:00.000Z,SYNTH_CELL_A,55,-113.71
2026-08-31T09:45:00.000Z,SYNTH_CELL_A,56,-113.86
2026-08-31T09:45:00.000Z,SYNTH_CELL_A,57,-109.39
2026-08-31T09:45:00.000Z,SYNTH_CELL_A,58,-112.39
2026-08-31T09:45:00.000Z,SYNTH_CELL_A,59,-113.56
2026-08-31T09:45:00.000Z,SYNTH_CELL_A,60,-109.35
2026-08-31T09:45:00.000Z,SYNTH_CELL_A,61,-110.99
2026-08-31T09:45:00.000Z,SYNTH_CELL_A,62,-108.63
2026-08-31T09:45:00.000Z,SYNTH_CELL_A,63,-109.36
2026-08-31T09:45:00.000Z,SYNTH_CELL_A,64,-111.71
2026-08-31T09:45:00.000Z,SYNTH_CELL_A,65,-112.31
2026-08-31T09:45:00.000Z,SYNTH_CELL_A,66,-109.55
2026-08-31T09:45:00.000Z,SYNTH_CELL_A,67,-113.59
2026-08-31T09:45:00.000Z,SYNTH_CELL_A,68,-109.43
2026-08-31T09:45:00.000Z,SYNTH_CELL_A,69,-112.16
2026-08-31T09:45:00.000Z,SYNTH_CELL_A,70,-112.86
2026-08-31T09:45:00.000Z,SYNTH_CELL_A,71,-113.33
2026-08-31T09:45:00.000Z,SYNTH_CELL_A,72,-107.41
2026-08-31T09:45:00.000Z,SYNTH_CELL_A,73,-108.91
2026-08-31T09:45:00.000Z,SYNTH_CELL_A,74,-107.6
2026-08-31T09:45:00.000Z,SYNTH_CELL_A,75,-113.37
2026-08-31T09:45:00.000Z,SYNTH_CELL_A,76,-111.7
2026-08-31T09:45:00.000Z,SYNTH_CELL_A,77,-108.94
2026-08-31T09:45:00.000Z,SYNTH_CELL_A,78,-107.69
2026-08-31T09:45:00.000Z,SYNTH_CELL_A,79,-109.73
2026-08-31T09:45:00.000Z,SYNTH_CELL_A,80,-107.1
2026-08-31T09:45:00.000Z,SYNTH_CELL_A,81,-113.84
2026-08-31T09:45:00.000Z,SYNTH_CELL_A,82,-108.96
2026-08-31T09:45:00.000Z,SYNTH_CELL_A,83,-111.38
2026-08-31T09:45:00.000Z,SYNTH_CELL_A,84,-112.77
2026-08-31T09:45:00.000Z,SYNTH_CELL_A,85,-113.47
2026-08-31T09:45:00.000Z,SYNTH_CELL_A,86,-110.5
2026-08-31T09:45:00.000Z,SYNTH_CELL_A,87,-111.27
2026-08-31T09:45:00.000Z,SYNTH_CELL_A,88,-113.68
2026-08-31T09:45:00.000Z,SYNTH_CELL_A,89,-111.81
2026-08-31T09:45:00.000Z,SYNTH_CELL_A,90,-110.49
2026-08-31T09:45:00.000Z,SYNTH_CELL_A,91,-110.88
2026-08-31T09:45:00.000Z,SYNTH_CELL_A,92,-113.95
2026-08-31T09:45:00.000Z,SYNTH_CELL_A,93,-107.84
2026-08-31T09:45:00.000Z,SYNTH_CELL_A,94,-112.19
2026-08-31T09:45:00.000Z,SYNTH_CELL_A,95,-113.26
2026-08-31T09:45:00.000Z,SYNTH_CELL_A,96,-109.75
2026-08-31T09:45:00.000Z,SYNTH_CELL_A,97,-107.62
2026-08-31T09:45:00.000Z,SYNTH_CELL_A,98,-113
2026-08-31T09:45:00.000Z,SYNTH_CELL_A,99,-111.84
2026-08-31T09:45:00.000Z,SYNTH_CELL_A,100,-108.6
2026-08-31T09:45:00.000Z,SYNTH_CELL_A,101,-110.77
2026-08-31T09:45:00.000Z,SYNTH_CELL_A,102,-112.11
2026-08-31T09:45:00.000Z,SYNTH_CELL_A,103,-109.55
2026-08-31T09:45:00.000Z,SYNTH_CELL_A,104,-111.61
2026-08-31T09:45:00.000Z,SYNTH_CELL_A,105,-112.92
2026-08-31T09:45:00.000Z,SYNTH_CELL_A,106,-109.49
2026-08-31T09:45:00.000Z,SYNTH_CELL_A,107,-111.42
2026-08-31T09:45:00.000Z,SYNTH_CELL_A,108,-108.24
2026-08-31T09:45:00.000Z,SYNTH_CELL_A,109,-109.52
2026-08-31T09:45:00.000Z,SYNTH_CELL_A,110,-110.44
2026-08-31T09:45:00.000Z,SYNTH_CELL_A,111,-111.61
2026-08-31T09:45:00.000Z,SYNTH_CELL_A,112,-111.75
2026-08-31T09:45:00.000Z,SYNTH_CELL_A,113,-107.93
2026-08-31T09:45:00.000Z,SYNTH_CELL_A,114,-108.06
2026-08-31T09:45:00.000Z,SYNTH_CELL_A,115,-109.42
2026-08-31T09:45:00.000Z,SYNTH_CELL_A,116,-109.68
2026-08-31T09:45:00.000Z,SYNTH_CELL_A,117,-112.43
2026-08-31T09:45:00.000Z,SYNTH_CELL_A,118,-113.68
2026-08-31T09:45:00.000Z,SYNTH_CELL_A,119,-112.37
2026-08-31T09:45:00.000Z,SYNTH_CELL_A,120,-111.26
2026-08-31T09:45:00.000Z,SYNTH_CELL_A,121,-110.31
2026-08-31T09:45:00.000Z,SYNTH_CELL_A,122,-109.26
2026-08-31T09:45:00.000Z,SYNTH_CELL_A,123,-112.38
2026-08-31T09:45:00.000Z,SYNTH_CELL_A,124,-109.7
2026-08-31T09:45:00.000Z,SYNTH_CELL_A,125,-108.24
2026-08-31T09:45:00.000Z,SYNTH_CELL_A,126,-110.43
2026-08-31T09:45:00.000Z,SYNTH_CELL_A,127,-112.32
2026-08-31T09:45:00.000Z,SYNTH_CELL_A,128,-112.89
2026-08-31T09:45:00.000Z,SYNTH_CELL_A,129,-107.13
2026-08-31T09:45:00.000Z,SYNTH_CELL_A,130,-108.86
2026-08-31T09:45:00.000Z,SYNTH_CELL_A,131,-112.39
2026-08-31T09:45:00.000Z,SYNTH_CELL_A,132,-109.34
2026-08-31T09:45:00.000Z,SYNTH_CELL_A,133,-107.15
2026-08-31T09:45:00.000Z,SYNTH_CELL_A,134,-110.46
2026-08-31T09:45:00.000Z,SYNTH_CELL_A,135,-112.86
2026-08-31T09:45:00.000Z,SYNTH_CELL_A,136,-108.45
2026-08-31T09:45:00.000Z,SYNTH_CELL_A,137,-108.36
2026-08-31T09:45:00.000Z,SYNTH_CELL_A,138,-107.66
2026-08-31T09:45:00.000Z,SYNTH_CELL_A,139,-112.83
2026-08-31T09:45:00.000Z,SYNTH_CELL_A,140,-107.61
2026-08-31T09:45:00.000Z,SYNTH_CELL_A,141,-107.77
2026-08-31T09:45:00.000Z,SYNTH_CELL_A,142,-111.1
2026-08-31T09:45:00.000Z,SYNTH_CELL_A,143,-112.83
2026-08-31T09:45:00.000Z,SYNTH_CELL_A,144,-111.3
2026-08-31T09:45:00.000Z,SYNTH_CELL_A,145,-107.73
2026-08-31T09:45:00.000Z,SYNTH_CELL_A,146,-113.88
2026-08-31T09:45:00.000Z,SYNTH_CELL_A,147,-108.09
2026-08-31T09:45:00.000Z,SYNTH_CELL_A,148,-110.19
2026-08-31T09:45:00.000Z,SYNTH_CELL_A,149,-108.34
2026-08-31T09:45:00.000Z,SYNTH_CELL_A,150,-113.36
2026-08-31T09:45:00.000Z,SYNTH_CELL_A,151,-108.5
2026-08-31T09:45:00.000Z,SYNTH_CELL_A,152,-110.46
2026-08-31T09:45:00.000Z,SYNTH_CELL_A,153,-113.13
2026-08-31T09:45:00.000Z,SYNTH_CELL_A,154,-112.61
2026-08-31T09:45:00.000Z,SYNTH_CELL_A,155,-109.14
2026-08-31T09:45:00.000Z,SYNTH_CELL_A,156,-107.13
2026-08-31T09:45:00.000Z,SYNTH_CELL_A,157,-113.73
2026-08-31T09:45:00.000Z,SYNTH_CELL_A,158,-107.55
2026-08-31T09:45:00.000Z,SYNTH_CELL_A,159,-110.35
2026-08-31T09:45:00.000Z,SYNTH_CELL_A,160,-112.71
2026-08-31T09:45:00.000Z,SYNTH_CELL_A,161,-110.64
2026-08-31T09:45:00.000Z,SYNTH_CELL_A,162,-107.73
2026-08-31T09:45:00.000Z,SYNTH_CELL_A,163,-111.48
2026-08-31T09:45:00.000Z,SYNTH_CELL_A,164,-113.97
2026-08-31T09:45:00.000Z,SYNTH_CELL_A,165,-108.06
2026-08-31T09:45:00.000Z,SYNTH_CELL_A,166,-112.91
2026-08-31T09:45:00.000Z,SYNTH_CELL_A,167,-107.01
2026-08-31T09:45:00.000Z,SYNTH_CELL_A,168,-110
2026-08-31T09:45:00.000Z,SYNTH_CELL_A,169,-111.59
2026-08-31T09:45:00.000Z,SYNTH_CELL_A,170,-107.43
2026-08-31T09:45:00.000Z,SYNTH_CELL_A,171,-114
2026-08-31T09:45:00.000Z,SYNTH_CELL_A,172,-111.81
2026-08-31T09:45:00.000Z,SYNTH_CELL_A,173,-108.68
2026-08-31T09:45:00.000Z,SYNTH_CELL_A,174,-113.78
2026-08-31T09:45:00.000Z,SYNTH_CELL_A,175,-112.76
2026-08-31T09:45:00.000Z,SYNTH_CELL_A,176,-109.57
2026-08-31T09:45:00.000Z,SYNTH_CELL_A,177,-109.55
2026-08-31T09:45:00.000Z,SYNTH_CELL_A,178,-108.42
2026-08-31T09:45:00.000Z,SYNTH_CELL_A,179,-111.15
2026-08-31T09:45:00.000Z,SYNTH_CELL_A,180,-111.98
2026-08-31T09:45:00.000Z,SYNTH_CELL_A,181,-109.11
2026-08-31T09:45:00.000Z,SYNTH_CELL_A,182,-107.54
2026-08-31T09:45:00.000Z,SYNTH_CELL_A,183,-109.25
2026-08-31T09:45:00.000Z,SYNTH_CELL_A,184,-110.24
2026-08-31T09:45:00.000Z,SYNTH_CELL_A,185,-110.45
2026-08-31T09:45:00.000Z,SYNTH_CELL_A,186,-107.15
2026-08-31T09:45:00.000Z,SYNTH_CELL_A,187,-111.68
2026-08-31T09:45:00.000Z,SYNTH_CELL_A,188,-113.25
2026-08-31T09:45:00.000Z,SYNTH_CELL_A,189,-112.02
2026-08-31T09:45:00.000Z,SYNTH_CELL_A,190,-108.37
2026-08-31T09:45:00.000Z,SYNTH_CELL_A,191,-110.84
2026-08-31T09:45:00.000Z,SYNTH_CELL_A,192,-113.92
2026-08-31T09:45:00.000Z,SYNTH_CELL_A,193,-107.97
2026-08-31T09:45:00.000Z,SYNTH_CELL_A,194,-108.69
2026-08-31T09:45:00.000Z,SYNTH_CELL_A,195,-111.11
2026-08-31T09:45:00.000Z,SYNTH_CELL_A,196,-112.4
2026-08-31T09:45:00.000Z,SYNTH_CELL_A,197,-108.23
2026-08-31T09:45:00.000Z,SYNTH_CELL_A,198,-108.29
2026-08-31T09:45:00.000Z,SYNTH_CELL_A,199,-110.03
2026-08-31T09:45:00.000Z,SYNTH_CELL_A,200,-112.55
2026-08-31T09:45:00.000Z,SYNTH_CELL_A,201,-108.58
2026-08-31T09:45:00.000Z,SYNTH_CELL_A,202,-110.68
2026-08-31T09:45:00.000Z,SYNTH_CELL_A,203,-112.98
2026-08-31T09:45:00.000Z,SYNTH_CELL_A,204,-112.8
2026-08-31T09:45:00.000Z,SYNTH_CELL_A,205,-108.07
2026-08-31T09:45:00.000Z,SYNTH_CELL_A,206,-110.89
2026-08-31T09:45:00.000Z,SYNTH_CELL_A,207,-111.29
2026-08-31T09:45:00.000Z,SYNTH_CELL_A,208,-112.91
2026-08-31T09:45:00.000Z,SYNTH_CELL_A,209,-110.5
2026-08-31T09:45:00.000Z,SYNTH_CELL_A,210,-113.92
2026-08-31T09:45:00.000Z,SYNTH_CELL_A,211,-113.96
2026-08-31T09:45:00.000Z,SYNTH_CELL_A,212,-109.12
2026-08-31T09:45:00.000Z,SYNTH_CELL_A,213,-109.26
2026-08-31T09:45:00.000Z,SYNTH_CELL_A,214,-113.82
2026-08-31T09:45:00.000Z,SYNTH_CELL_A,215,-113.42
2026-08-31T09:45:00.000Z,SYNTH_CELL_A,216,-113.45
2026-08-31T09:45:00.000Z,SYNTH_CELL_A,217,-110.89
2026-08-31T09:45:00.000Z,SYNTH_CELL_A,218,-111.4
2026-08-31T09:45:00.000Z,SYNTH_CELL_A,219,-110.67
2026-08-31T09:45:00.000Z,SYNTH_CELL_A,220,-113.99
2026-08-31T09:45:00.000Z,SYNTH_CELL_A,221,-112.44
2026-08-31T09:45:00.000Z,SYNTH_CELL_A,222,-108.26
2026-08-31T09:45:00.000Z,SYNTH_CELL_A,223,-107.68
2026-08-31T09:45:00.000Z,SYNTH_CELL_A,224,-109.92
2026-08-31T09:45:00.000Z,SYNTH_CELL_A,225,-108.82
2026-08-31T09:45:00.000Z,SYNTH_CELL_A,226,-113.12
2026-08-31T09:45:00.000Z,SYNTH_CELL_A,227,-108.39
2026-08-31T09:45:00.000Z,SYNTH_CELL_A,228,-110.36
2026-08-31T09:45:00.000Z,SYNTH_CELL_A,229,-108.14
2026-08-31T09:45:00.000Z,SYNTH_CELL_A,230,-112.35
2026-08-31T09:45:00.000Z,SYNTH_CELL_A,231,-113.19
2026-08-31T09:45:00.000Z,SYNTH_CELL_A,232,-111.9
2026-08-31T09:45:00.000Z,SYNTH_CELL_A,233,-112.07
2026-08-31T09:45:00.000Z,SYNTH_CELL_A,234,-110.83
2026-08-31T09:45:00.000Z,SYNTH_CELL_A,235,-112.88
2026-08-31T09:45:00.000Z,SYNTH_CELL_A,236,-111.9
2026-08-31T09:45:00.000Z,SYNTH_CELL_A,237,-109.23
2026-08-31T09:45:00.000Z,SYNTH_CELL_A,238,-110.85
2026-08-31T09:45:00.000Z,SYNTH_CELL_A,239,-109.29
2026-08-31T09:45:00.000Z,SYNTH_CELL_A,240,-109.39
2026-08-31T09:45:00.000Z,SYNTH_CELL_A,241,-108.68
2026-08-31T09:45:00.000Z,SYNTH_CELL_A,242,-107.32
2026-08-31T09:45:00.000Z,SYNTH_CELL_A,243,-112.42
2026-08-31T09:45:00.000Z,SYNTH_CELL_A,244,-108.65
2026-08-31T09:45:00.000Z,SYNTH_CELL_A,245,-107.64
2026-08-31T09:45:00.000Z,SYNTH_CELL_A,246,-113.87
2026-08-31T09:45:00.000Z,SYNTH_CELL_A,247,-113.42
2026-08-31T09:45:00.000Z,SYNTH_CELL_A,248,-112.17
2026-08-31T09:45:00.000Z,SYNTH_CELL_A,249,-111.44
2026-08-31T09:45:00.000Z,SYNTH_CELL_A,250,-108.87
2026-08-31T09:45:00.000Z,SYNTH_CELL_A,251,-109.55
2026-08-31T09:45:00.000Z,SYNTH_CELL_A,252,-110.82
2026-08-31T09:45:00.000Z,SYNTH_CELL_A,253,-107.3
2026-08-31T09:45:00.000Z,SYNTH_CELL_A,254,-111.96
2026-08-31T09:45:00.000Z,SYNTH_CELL_A,255,-110.37
2026-08-31T09:45:00.000Z,SYNTH_CELL_A,256,-113.9
2026-08-31T09:45:00.000Z,SYNTH_CELL_A,257,-109.92
2026-08-31T09:45:00.000Z,SYNTH_CELL_A,258,-111.65
2026-08-31T09:45:00.000Z,SYNTH_CELL_A,259,-110.8
2026-08-31T09:45:00.000Z,SYNTH_CELL_A,260,-107.44
2026-08-31T09:45:00.000Z,SYNTH_CELL_A,261,-110.77
2026-08-31T09:45:00.000Z,SYNTH_CELL_A,262,-110.54
2026-08-31T09:45:00.000Z,SYNTH_CELL_A,263,-107.5
2026-08-31T09:45:00.000Z,SYNTH_CELL_A,264,-109.34
2026-08-31T09:45:00.000Z,SYNTH_CELL_A,265,-112.56
2026-08-31T09:45:00.000Z,SYNTH_CELL_A,266,-113.33
2026-08-31T09:45:00.000Z,SYNTH_CELL_A,267,-109.31
2026-08-31T09:45:00.000Z,SYNTH_CELL_A,268,-111.35
2026-08-31T09:45:00.000Z,SYNTH_CELL_A,269,-108.67
2026-08-31T09:45:00.000Z,SYNTH_CELL_A,270,-113.82
2026-08-31T09:45:00.000Z,SYNTH_CELL_A,271,-113.79
2026-08-31T09:45:00.000Z,SYNTH_CELL_A,272,-111.09
2026-08-31T09:50:00.000Z,SYNTH_CELL_A,0,-109.95
2026-08-31T09:50:00.000Z,SYNTH_CELL_A,1,-111.62
2026-08-31T09:50:00.000Z,SYNTH_CELL_A,2,-110.2
2026-08-31T09:50:00.000Z,SYNTH_CELL_A,3,-113.95
2026-08-31T09:50:00.000Z,SYNTH_CELL_A,4,-108.92
2026-08-31T09:50:00.000Z,SYNTH_CELL_A,5,-109.76
2026-08-31T09:50:00.000Z,SYNTH_CELL_A,6,-109.83
2026-08-31T09:50:00.000Z,SYNTH_CELL_A,7,-112.97
2026-08-31T09:50:00.000Z,SYNTH_CELL_A,8,-109.63
2026-08-31T09:50:00.000Z,SYNTH_CELL_A,9,-109.03
2026-08-31T09:50:00.000Z,SYNTH_CELL_A,10,-112.94
2026-08-31T09:50:00.000Z,SYNTH_CELL_A,11,-109.99
2026-08-31T09:50:00.000Z,SYNTH_CELL_A,12,-112.26
2026-08-31T09:50:00.000Z,SYNTH_CELL_A,13,-111.61
2026-08-31T09:50:00.000Z,SYNTH_CELL_A,14,-109.77
2026-08-31T09:50:00.000Z,SYNTH_CELL_A,15,-113.56
2026-08-31T09:50:00.000Z,SYNTH_CELL_A,16,-111.16
2026-08-31T09:50:00.000Z,SYNTH_CELL_A,17,-111.62
2026-08-31T09:50:00.000Z,SYNTH_CELL_A,18,-112.33
2026-08-31T09:50:00.000Z,SYNTH_CELL_A,19,-111.04
2026-08-31T09:50:00.000Z,SYNTH_CELL_A,20,-107.02
2026-08-31T09:50:00.000Z,SYNTH_CELL_A,21,-111.94
2026-08-31T09:50:00.000Z,SYNTH_CELL_A,22,-108.41
2026-08-31T09:50:00.000Z,SYNTH_CELL_A,23,-108.76
2026-08-31T09:50:00.000Z,SYNTH_CELL_A,24,-107.55
2026-08-31T09:50:00.000Z,SYNTH_CELL_A,25,-110.83
2026-08-31T09:50:00.000Z,SYNTH_CELL_A,26,-108.78
2026-08-31T09:50:00.000Z,SYNTH_CELL_A,27,-107.08
2026-08-31T09:50:00.000Z,SYNTH_CELL_A,28,-109.01
2026-08-31T09:50:00.000Z,SYNTH_CELL_A,29,-107.68
2026-08-31T09:50:00.000Z,SYNTH_CELL_A,30,-94.98
2026-08-31T09:50:00.000Z,SYNTH_CELL_A,31,-91.99
2026-08-31T09:50:00.000Z,SYNTH_CELL_A,32,-90.3
2026-08-31T09:50:00.000Z,SYNTH_CELL_A,33,-90.39
2026-08-31T09:50:00.000Z,SYNTH_CELL_A,34,-95.55
2026-08-31T09:50:00.000Z,SYNTH_CELL_A,35,-96.4
2026-08-31T09:50:00.000Z,SYNTH_CELL_A,36,-93.13
2026-08-31T09:50:00.000Z,SYNTH_CELL_A,37,-109.7
2026-08-31T09:50:00.000Z,SYNTH_CELL_A,38,-110.17
2026-08-31T09:50:00.000Z,SYNTH_CELL_A,39,-107.42
2026-08-31T09:50:00.000Z,SYNTH_CELL_A,40,-108.23
2026-08-31T09:50:00.000Z,SYNTH_CELL_A,41,-111.4
2026-08-31T09:50:00.000Z,SYNTH_CELL_A,42,-112.96
2026-08-31T09:50:00.000Z,SYNTH_CELL_A,43,-113.62
2026-08-31T09:50:00.000Z,SYNTH_CELL_A,44,-110.67
2026-08-31T09:50:00.000Z,SYNTH_CELL_A,45,-107.61
2026-08-31T09:50:00.000Z,SYNTH_CELL_A,46,-113.81
2026-08-31T09:50:00.000Z,SYNTH_CELL_A,47,-110.1
2026-08-31T09:50:00.000Z,SYNTH_CELL_A,48,-111.34
2026-08-31T09:50:00.000Z,SYNTH_CELL_A,49,-112.58
2026-08-31T09:50:00.000Z,SYNTH_CELL_A,50,-110.09
2026-08-31T09:50:00.000Z,SYNTH_CELL_A,51,-110.1
2026-08-31T09:50:00.000Z,SYNTH_CELL_A,52,-112.98
2026-08-31T09:50:00.000Z,SYNTH_CELL_A,53,-108.99
2026-08-31T09:50:00.000Z,SYNTH_CELL_A,54,-111.21
2026-08-31T09:50:00.000Z,SYNTH_CELL_A,55,-113.74
2026-08-31T09:50:00.000Z,SYNTH_CELL_A,56,-111.35
2026-08-31T09:50:00.000Z,SYNTH_CELL_A,57,-113.93
2026-08-31T09:50:00.000Z,SYNTH_CELL_A,58,-113.44
2026-08-31T09:50:00.000Z,SYNTH_CELL_A,59,-113.17
2026-08-31T09:50:00.000Z,SYNTH_CELL_A,60,-109.97
2026-08-31T09:50:00.000Z,SYNTH_CELL_A,61,-109.13
2026-08-31T09:50:00.000Z,SYNTH_CELL_A,62,-112.83
2026-08-31T09:50:00.000Z,SYNTH_CELL_A,63,-108.61
2026-08-31T09:50:00.000Z,SYNTH_CELL_A,64,-110.29
2026-08-31T09:50:00.000Z,SYNTH_CELL_A,65,-107.58
2026-08-31T09:50:00.000Z,SYNTH_CELL_A,66,-107.84
2026-08-31T09:50:00.000Z,SYNTH_CELL_A,67,-113.33
2026-08-31T09:50:00.000Z,SYNTH_CELL_A,68,-113.11
2026-08-31T09:50:00.000Z,SYNTH_CELL_A,69,-110.62
2026-08-31T09:50:00.000Z,SYNTH_CELL_A,70,-113.71
2026-08-31T09:50:00.000Z,SYNTH_CELL_A,71,-111.75
2026-08-31T09:50:00.000Z,SYNTH_CELL_A,72,-111.09
2026-08-31T09:50:00.000Z,SYNTH_CELL_A,73,-108.79
2026-08-31T09:50:00.000Z,SYNTH_CELL_A,74,-112.42
2026-08-31T09:50:00.000Z,SYNTH_CELL_A,75,-109.66
2026-08-31T09:50:00.000Z,SYNTH_CELL_A,76,-108.4
2026-08-31T09:50:00.000Z,SYNTH_CELL_A,77,-111.27
2026-08-31T09:50:00.000Z,SYNTH_CELL_A,78,-107.21
2026-08-31T09:50:00.000Z,SYNTH_CELL_A,79,-107.64
2026-08-31T09:50:00.000Z,SYNTH_CELL_A,80,-112.37
2026-08-31T09:50:00.000Z,SYNTH_CELL_A,81,-111.98
2026-08-31T09:50:00.000Z,SYNTH_CELL_A,82,-107.68
2026-08-31T09:50:00.000Z,SYNTH_CELL_A,83,-108.72
2026-08-31T09:50:00.000Z,SYNTH_CELL_A,84,-112.24
2026-08-31T09:50:00.000Z,SYNTH_CELL_A,85,-110.52
2026-08-31T09:50:00.000Z,SYNTH_CELL_A,86,-109.4
2026-08-31T09:50:00.000Z,SYNTH_CELL_A,87,-110.2
2026-08-31T09:50:00.000Z,SYNTH_CELL_A,88,-108.9
2026-08-31T09:50:00.000Z,SYNTH_CELL_A,89,-109.7
2026-08-31T09:50:00.000Z,SYNTH_CELL_A,90,-110.96
2026-08-31T09:50:00.000Z,SYNTH_CELL_A,91,-113.85
2026-08-31T09:50:00.000Z,SYNTH_CELL_A,92,-112.49
2026-08-31T09:50:00.000Z,SYNTH_CELL_A,93,-110.16
2026-08-31T09:50:00.000Z,SYNTH_CELL_A,94,-113.37
2026-08-31T09:50:00.000Z,SYNTH_CELL_A,95,-111.54
2026-08-31T09:50:00.000Z,SYNTH_CELL_A,96,-108.75
2026-08-31T09:50:00.000Z,SYNTH_CELL_A,97,-107.91
2026-08-31T09:50:00.000Z,SYNTH_CELL_A,98,-109.52
2026-08-31T09:50:00.000Z,SYNTH_CELL_A,99,-108.73
2026-08-31T09:50:00.000Z,SYNTH_CELL_A,100,-113.76
2026-08-31T09:50:00.000Z,SYNTH_CELL_A,101,-108.45
2026-08-31T09:50:00.000Z,SYNTH_CELL_A,102,-113.38
2026-08-31T09:50:00.000Z,SYNTH_CELL_A,103,-107.9
2026-08-31T09:50:00.000Z,SYNTH_CELL_A,104,-107.74
2026-08-31T09:50:00.000Z,SYNTH_CELL_A,105,-107.56
2026-08-31T09:50:00.000Z,SYNTH_CELL_A,106,-110.48
2026-08-31T09:50:00.000Z,SYNTH_CELL_A,107,-107.74
2026-08-31T09:50:00.000Z,SYNTH_CELL_A,108,-107.32
2026-08-31T09:50:00.000Z,SYNTH_CELL_A,109,-108.68
2026-08-31T09:50:00.000Z,SYNTH_CELL_A,110,-112.06
2026-08-31T09:50:00.000Z,SYNTH_CELL_A,111,-110.53
2026-08-31T09:50:00.000Z,SYNTH_CELL_A,112,-110.62
2026-08-31T09:50:00.000Z,SYNTH_CELL_A,113,-113.28
2026-08-31T09:50:00.000Z,SYNTH_CELL_A,114,-110.15
2026-08-31T09:50:00.000Z,SYNTH_CELL_A,115,-109.56
2026-08-31T09:50:00.000Z,SYNTH_CELL_A,116,-111.31
2026-08-31T09:50:00.000Z,SYNTH_CELL_A,117,-112.34
2026-08-31T09:50:00.000Z,SYNTH_CELL_A,118,-108.58
2026-08-31T09:50:00.000Z,SYNTH_CELL_A,119,-112.61
2026-08-31T09:50:00.000Z,SYNTH_CELL_A,120,-111.64
2026-08-31T09:50:00.000Z,SYNTH_CELL_A,121,-113.86
2026-08-31T09:50:00.000Z,SYNTH_CELL_A,122,-110.94
2026-08-31T09:50:00.000Z,SYNTH_CELL_A,123,-110.59
2026-08-31T09:50:00.000Z,SYNTH_CELL_A,124,-113.22
2026-08-31T09:50:00.000Z,SYNTH_CELL_A,125,-108.64
2026-08-31T09:50:00.000Z,SYNTH_CELL_A,126,-107.2
2026-08-31T09:50:00.000Z,SYNTH_CELL_A,127,-110.52
2026-08-31T09:50:00.000Z,SYNTH_CELL_A,128,-113.33
2026-08-31T09:50:00.000Z,SYNTH_CELL_A,129,-107.64
2026-08-31T09:50:00.000Z,SYNTH_CELL_A,130,-107.58
2026-08-31T09:50:00.000Z,SYNTH_CELL_A,131,-107.45
2026-08-31T09:50:00.000Z,SYNTH_CELL_A,132,-113.3
2026-08-31T09:50:00.000Z,SYNTH_CELL_A,133,-111.55
2026-08-31T09:50:00.000Z,SYNTH_CELL_A,134,-111.17
2026-08-31T09:50:00.000Z,SYNTH_CELL_A,135,-107.74
2026-08-31T09:50:00.000Z,SYNTH_CELL_A,136,-110.16
2026-08-31T09:50:00.000Z,SYNTH_CELL_A,137,-111.01
2026-08-31T09:50:00.000Z,SYNTH_CELL_A,138,-113.59
2026-08-31T09:50:00.000Z,SYNTH_CELL_A,139,-113.48
2026-08-31T09:50:00.000Z,SYNTH_CELL_A,140,-113.14
2026-08-31T09:50:00.000Z,SYNTH_CELL_A,141,-111.38
2026-08-31T09:50:00.000Z,SYNTH_CELL_A,142,-111
2026-08-31T09:50:00.000Z,SYNTH_CELL_A,143,-110.84
2026-08-31T09:50:00.000Z,SYNTH_CELL_A,144,-113.95
2026-08-31T09:50:00.000Z,SYNTH_CELL_A,145,-112.87
2026-08-31T09:50:00.000Z,SYNTH_CELL_A,146,-113.51
2026-08-31T09:50:00.000Z,SYNTH_CELL_A,147,-112.13
2026-08-31T09:50:00.000Z,SYNTH_CELL_A,148,-108.08
2026-08-31T09:50:00.000Z,SYNTH_CELL_A,149,-109.87
2026-08-31T09:50:00.000Z,SYNTH_CELL_A,150,-111.1
2026-08-31T09:50:00.000Z,SYNTH_CELL_A,151,-112.72
2026-08-31T09:50:00.000Z,SYNTH_CELL_A,152,-110.15
2026-08-31T09:50:00.000Z,SYNTH_CELL_A,153,-110.57
2026-08-31T09:50:00.000Z,SYNTH_CELL_A,154,-110.11
2026-08-31T09:50:00.000Z,SYNTH_CELL_A,155,-110.5
2026-08-31T09:50:00.000Z,SYNTH_CELL_A,156,-113.24
2026-08-31T09:50:00.000Z,SYNTH_CELL_A,157,-107.66
2026-08-31T09:50:00.000Z,SYNTH_CELL_A,158,-113.24
2026-08-31T09:50:00.000Z,SYNTH_CELL_A,159,-112.2
2026-08-31T09:50:00.000Z,SYNTH_CELL_A,160,-110.34
2026-08-31T09:50:00.000Z,SYNTH_CELL_A,161,-113.31
2026-08-31T09:50:00.000Z,SYNTH_CELL_A,162,-112.21
2026-08-31T09:50:00.000Z,SYNTH_CELL_A,163,-113.2
2026-08-31T09:50:00.000Z,SYNTH_CELL_A,164,-113.96
2026-08-31T09:50:00.000Z,SYNTH_CELL_A,165,-112.22
2026-08-31T09:50:00.000Z,SYNTH_CELL_A,166,-112.99
2026-08-31T09:50:00.000Z,SYNTH_CELL_A,167,-108.02
2026-08-31T09:50:00.000Z,SYNTH_CELL_A,168,-109.83
2026-08-31T09:50:00.000Z,SYNTH_CELL_A,169,-108.69
2026-08-31T09:50:00.000Z,SYNTH_CELL_A,170,-108.89
2026-08-31T09:50:00.000Z,SYNTH_CELL_A,171,-111.16
2026-08-31T09:50:00.000Z,SYNTH_CELL_A,172,-112.13
2026-08-31T09:50:00.000Z,SYNTH_CELL_A,173,-107.45
2026-08-31T09:50:00.000Z,SYNTH_CELL_A,174,-112.65
2026-08-31T09:50:00.000Z,SYNTH_CELL_A,175,-112.18
2026-08-31T09:50:00.000Z,SYNTH_CELL_A,176,-109.24
2026-08-31T09:50:00.000Z,SYNTH_CELL_A,177,-113.06
2026-08-31T09:50:00.000Z,SYNTH_CELL_A,178,-113.78
2026-08-31T09:50:00.000Z,SYNTH_CELL_A,179,-112.52
2026-08-31T09:50:00.000Z,SYNTH_CELL_A,180,-109.61
2026-08-31T09:50:00.000Z,SYNTH_CELL_A,181,-113.39
2026-08-31T09:50:00.000Z,SYNTH_CELL_A,182,-107.78
2026-08-31T09:50:00.000Z,SYNTH_CELL_A,183,-111.71
2026-08-31T09:50:00.000Z,SYNTH_CELL_A,184,-112.2
2026-08-31T09:50:00.000Z,SYNTH_CELL_A,185,-110.6
2026-08-31T09:50:00.000Z,SYNTH_CELL_A,186,-112.69
2026-08-31T09:50:00.000Z,SYNTH_CELL_A,187,-113.27
2026-08-31T09:50:00.000Z,SYNTH_CELL_A,188,-113.03
2026-08-31T09:50:00.000Z,SYNTH_CELL_A,189,-109.04
2026-08-31T09:50:00.000Z,SYNTH_CELL_A,190,-109.74
2026-08-31T09:50:00.000Z,SYNTH_CELL_A,191,-108.57
2026-08-31T09:50:00.000Z,SYNTH_CELL_A,192,-112.93
2026-08-31T09:50:00.000Z,SYNTH_CELL_A,193,-109.05
2026-08-31T09:50:00.000Z,SYNTH_CELL_A,194,-111
2026-08-31T09:50:00.000Z,SYNTH_CELL_A,195,-108.61
2026-08-31T09:50:00.000Z,SYNTH_CELL_A,196,-112.2
2026-08-31T09:50:00.000Z,SYNTH_CELL_A,197,-113.73
2026-08-31T09:50:00.000Z,SYNTH_CELL_A,198,-109.19
2026-08-31T09:50:00.000Z,SYNTH_CELL_A,199,-111.75
2026-08-31T09:50:00.000Z,SYNTH_CELL_A,200,-113.47
2026-08-31T09:50:00.000Z,SYNTH_CELL_A,201,-113.49
2026-08-31T09:50:00.000Z,SYNTH_CELL_A,202,-112.71
2026-08-31T09:50:00.000Z,SYNTH_CELL_A,203,-111.97
2026-08-31T09:50:00.000Z,SYNTH_CELL_A,204,-112.06
2026-08-31T09:50:00.000Z,SYNTH_CELL_A,205,-111.07
2026-08-31T09:50:00.000Z,SYNTH_CELL_A,206,-112.35
2026-08-31T09:50:00.000Z,SYNTH_CELL_A,207,-112.46
2026-08-31T09:50:00.000Z,SYNTH_CELL_A,208,-109.23
2026-08-31T09:50:00.000Z,SYNTH_CELL_A,209,-109.41
2026-08-31T09:50:00.000Z,SYNTH_CELL_A,210,-113.25
2026-08-31T09:50:00.000Z,SYNTH_CELL_A,211,-108.77
2026-08-31T09:50:00.000Z,SYNTH_CELL_A,212,-113.92
2026-08-31T09:50:00.000Z,SYNTH_CELL_A,213,-110.95
2026-08-31T09:50:00.000Z,SYNTH_CELL_A,214,-113.66
2026-08-31T09:50:00.000Z,SYNTH_CELL_A,215,-110.96
2026-08-31T09:50:00.000Z,SYNTH_CELL_A,216,-112.75
2026-08-31T09:50:00.000Z,SYNTH_CELL_A,217,-113.47
2026-08-31T09:50:00.000Z,SYNTH_CELL_A,218,-108.28
2026-08-31T09:50:00.000Z,SYNTH_CELL_A,219,-112.95
2026-08-31T09:50:00.000Z,SYNTH_CELL_A,220,-113.98
2026-08-31T09:50:00.000Z,SYNTH_CELL_A,221,-108.74
2026-08-31T09:50:00.000Z,SYNTH_CELL_A,222,-110.13
2026-08-31T09:50:00.000Z,SYNTH_CELL_A,223,-113.21
2026-08-31T09:50:00.000Z,SYNTH_CELL_A,224,-112.41
2026-08-31T09:50:00.000Z,SYNTH_CELL_A,225,-110.93
2026-08-31T09:50:00.000Z,SYNTH_CELL_A,226,-107.73
2026-08-31T09:50:00.000Z,SYNTH_CELL_A,227,-108.78
2026-08-31T09:50:00.000Z,SYNTH_CELL_A,228,-109.15
2026-08-31T09:50:00.000Z,SYNTH_CELL_A,229,-109.09
2026-08-31T09:50:00.000Z,SYNTH_CELL_A,230,-112.66
2026-08-31T09:50:00.000Z,SYNTH_CELL_A,231,-110.76
2026-08-31T09:50:00.000Z,SYNTH_CELL_A,232,-110.17
2026-08-31T09:50:00.000Z,SYNTH_CELL_A,233,-110.37
2026-08-31T09:50:00.000Z,SYNTH_CELL_A,234,-109.39
2026-08-31T09:50:00.000Z,SYNTH_CELL_A,235,-110.21
2026-08-31T09:50:00.000Z,SYNTH_CELL_A,236,-111.75
2026-08-31T09:50:00.000Z,SYNTH_CELL_A,237,-112.33
2026-08-31T09:50:00.000Z,SYNTH_CELL_A,238,-111.47
2026-08-31T09:50:00.000Z,SYNTH_CELL_A,239,-112.5
2026-08-31T09:50:00.000Z,SYNTH_CELL_A,240,-108.56
2026-08-31T09:50:00.000Z,SYNTH_CELL_A,241,-108.16
2026-08-31T09:50:00.000Z,SYNTH_CELL_A,242,-107.93
2026-08-31T09:50:00.000Z,SYNTH_CELL_A,243,-113.26
2026-08-31T09:50:00.000Z,SYNTH_CELL_A,244,-111.56
2026-08-31T09:50:00.000Z,SYNTH_CELL_A,245,-110.06
2026-08-31T09:50:00.000Z,SYNTH_CELL_A,246,-110.74
2026-08-31T09:50:00.000Z,SYNTH_CELL_A,247,-112.91
2026-08-31T09:50:00.000Z,SYNTH_CELL_A,248,-113.37
2026-08-31T09:50:00.000Z,SYNTH_CELL_A,249,-112.84
2026-08-31T09:50:00.000Z,SYNTH_CELL_A,250,-108.3
2026-08-31T09:50:00.000Z,SYNTH_CELL_A,251,-113.21
2026-08-31T09:50:00.000Z,SYNTH_CELL_A,252,-113.86
2026-08-31T09:50:00.000Z,SYNTH_CELL_A,253,-109.14
2026-08-31T09:50:00.000Z,SYNTH_CELL_A,254,-107.35
2026-08-31T09:50:00.000Z,SYNTH_CELL_A,255,-108.98
2026-08-31T09:50:00.000Z,SYNTH_CELL_A,256,-108.71
2026-08-31T09:50:00.000Z,SYNTH_CELL_A,257,-113.59
2026-08-31T09:50:00.000Z,SYNTH_CELL_A,258,-110.22
2026-08-31T09:50:00.000Z,SYNTH_CELL_A,259,-109.59
2026-08-31T09:50:00.000Z,SYNTH_CELL_A,260,-111.33
2026-08-31T09:50:00.000Z,SYNTH_CELL_A,261,-111.5
2026-08-31T09:50:00.000Z,SYNTH_CELL_A,262,-111.56
2026-08-31T09:50:00.000Z,SYNTH_CELL_A,263,-112.75
2026-08-31T09:50:00.000Z,SYNTH_CELL_A,264,-110.5
2026-08-31T09:50:00.000Z,SYNTH_CELL_A,265,-113.68
2026-08-31T09:50:00.000Z,SYNTH_CELL_A,266,-107.92
2026-08-31T09:50:00.000Z,SYNTH_CELL_A,267,-107.36
2026-08-31T09:50:00.000Z,SYNTH_CELL_A,268,-110.97
2026-08-31T09:50:00.000Z,SYNTH_CELL_A,269,-107.39
2026-08-31T09:50:00.000Z,SYNTH_CELL_A,270,-113.43
2026-08-31T09:50:00.000Z,SYNTH_CELL_A,271,-112.51
2026-08-31T09:50:00.000Z,SYNTH_CELL_A,272,-110.09
2026-08-31T09:55:00.000Z,SYNTH_CELL_A,0,-107.17
2026-08-31T09:55:00.000Z,SYNTH_CELL_A,1,-108.31
2026-08-31T09:55:00.000Z,SYNTH_CELL_A,2,-111.85
2026-08-31T09:55:00.000Z,SYNTH_CELL_A,3,-107.57
2026-08-31T09:55:00.000Z,SYNTH_CELL_A,4,-112.59
2026-08-31T09:55:00.000Z,SYNTH_CELL_A,5,-109.1
2026-08-31T09:55:00.000Z,SYNTH_CELL_A,6,-107.4
2026-08-31T09:55:00.000Z,SYNTH_CELL_A,7,-111.41
2026-08-31T09:55:00.000Z,SYNTH_CELL_A,8,-108.49
2026-08-31T09:55:00.000Z,SYNTH_CELL_A,9,-112.35
2026-08-31T09:55:00.000Z,SYNTH_CELL_A,10,-108.19
2026-08-31T09:55:00.000Z,SYNTH_CELL_A,11,-108.19
2026-08-31T09:55:00.000Z,SYNTH_CELL_A,12,-107.84
2026-08-31T09:55:00.000Z,SYNTH_CELL_A,13,-113.75
2026-08-31T09:55:00.000Z,SYNTH_CELL_A,14,-111.66
2026-08-31T09:55:00.000Z,SYNTH_CELL_A,15,-112.59
2026-08-31T09:55:00.000Z,SYNTH_CELL_A,16,-113.52
2026-08-31T09:55:00.000Z,SYNTH_CELL_A,17,-112.24
2026-08-31T09:55:00.000Z,SYNTH_CELL_A,18,-111.63
2026-08-31T09:55:00.000Z,SYNTH_CELL_A,19,-108.59
2026-08-31T09:55:00.000Z,SYNTH_CELL_A,20,-109.16
2026-08-31T09:55:00.000Z,SYNTH_CELL_A,21,-113.27
2026-08-31T09:55:00.000Z,SYNTH_CELL_A,22,-107.81
2026-08-31T09:55:00.000Z,SYNTH_CELL_A,23,-111.13
2026-08-31T09:55:00.000Z,SYNTH_CELL_A,24,-108.24
2026-08-31T09:55:00.000Z,SYNTH_CELL_A,25,-108.89
2026-08-31T09:55:00.000Z,SYNTH_CELL_A,26,-110.49
2026-08-31T09:55:00.000Z,SYNTH_CELL_A,27,-113.72
2026-08-31T09:55:00.000Z,SYNTH_CELL_A,28,-107.21
2026-08-31T09:55:00.000Z,SYNTH_CELL_A,29,-112.09
2026-08-31T09:55:00.000Z,SYNTH_CELL_A,30,-94.88
2026-08-31T09:55:00.000Z,SYNTH_CELL_A,31,-94.54
2026-08-31T09:55:00.000Z,SYNTH_CELL_A,32,-92.89
2026-08-31T09:55:00.000Z,SYNTH_CELL_A,33,-95.72
2026-08-31T09:55:00.000Z,SYNTH_CELL_A,34,-90.58
2026-08-31T09:55:00.000Z,SYNTH_CELL_A,35,-92.37
2026-08-31T09:55:00.000Z,SYNTH_CELL_A,36,-94.12
2026-08-31T09:55:00.000Z,SYNTH_CELL_A,37,-109.45
2026-08-31T09:55:00.000Z,SYNTH_CELL_A,38,-112.31
2026-08-31T09:55:00.000Z,SYNTH_CELL_A,39,-107.42
2026-08-31T09:55:00.000Z,SYNTH_CELL_A,40,-109.36
2026-08-31T09:55:00.000Z,SYNTH_CELL_A,41,-112.54
2026-08-31T09:55:00.000Z,SYNTH_CELL_A,42,-113.47
2026-08-31T09:55:00.000Z,SYNTH_CELL_A,43,-107.24
2026-08-31T09:55:00.000Z,SYNTH_CELL_A,44,-113.42
2026-08-31T09:55:00.000Z,SYNTH_CELL_A,45,-110.69
2026-08-31T09:55:00.000Z,SYNTH_CELL_A,46,-109.99
2026-08-31T09:55:00.000Z,SYNTH_CELL_A,47,-109.3
2026-08-31T09:55:00.000Z,SYNTH_CELL_A,48,-108.37
2026-08-31T09:55:00.000Z,SYNTH_CELL_A,49,-113.44
2026-08-31T09:55:00.000Z,SYNTH_CELL_A,50,-110.45
2026-08-31T09:55:00.000Z,SYNTH_CELL_A,51,-109.16
2026-08-31T09:55:00.000Z,SYNTH_CELL_A,52,-107.08
2026-08-31T09:55:00.000Z,SYNTH_CELL_A,53,-107.94
2026-08-31T09:55:00.000Z,SYNTH_CELL_A,54,-112.18
2026-08-31T09:55:00.000Z,SYNTH_CELL_A,55,-112.65
2026-08-31T09:55:00.000Z,SYNTH_CELL_A,56,-112.9
2026-08-31T09:55:00.000Z,SYNTH_CELL_A,57,-111.39
2026-08-31T09:55:00.000Z,SYNTH_CELL_A,58,-110.64
2026-08-31T09:55:00.000Z,SYNTH_CELL_A,59,-113.5
2026-08-31T09:55:00.000Z,SYNTH_CELL_A,60,-113.04
2026-08-31T09:55:00.000Z,SYNTH_CELL_A,61,-108.61
2026-08-31T09:55:00.000Z,SYNTH_CELL_A,62,-111.95
2026-08-31T09:55:00.000Z,SYNTH_CELL_A,63,-109.65
2026-08-31T09:55:00.000Z,SYNTH_CELL_A,64,-110.38
2026-08-31T09:55:00.000Z,SYNTH_CELL_A,65,-111.99
2026-08-31T09:55:00.000Z,SYNTH_CELL_A,66,-107.33
2026-08-31T09:55:00.000Z,SYNTH_CELL_A,67,-108.51
2026-08-31T09:55:00.000Z,SYNTH_CELL_A,68,-110.71
2026-08-31T09:55:00.000Z,SYNTH_CELL_A,69,-111.79
2026-08-31T09:55:00.000Z,SYNTH_CELL_A,70,-108.2
2026-08-31T09:55:00.000Z,SYNTH_CELL_A,71,-113.2
2026-08-31T09:55:00.000Z,SYNTH_CELL_A,72,-108.08
2026-08-31T09:55:00.000Z,SYNTH_CELL_A,73,-112.07
2026-08-31T09:55:00.000Z,SYNTH_CELL_A,74,-110.11
2026-08-31T09:55:00.000Z,SYNTH_CELL_A,75,-109.84
2026-08-31T09:55:00.000Z,SYNTH_CELL_A,76,-111.4
2026-08-31T09:55:00.000Z,SYNTH_CELL_A,77,-111.14
2026-08-31T09:55:00.000Z,SYNTH_CELL_A,78,-112.27
2026-08-31T09:55:00.000Z,SYNTH_CELL_A,79,-110.96
2026-08-31T09:55:00.000Z,SYNTH_CELL_A,80,-108.19
2026-08-31T09:55:00.000Z,SYNTH_CELL_A,81,-109.65
2026-08-31T09:55:00.000Z,SYNTH_CELL_A,82,-109.71
2026-08-31T09:55:00.000Z,SYNTH_CELL_A,83,-114
2026-08-31T09:55:00.000Z,SYNTH_CELL_A,84,-113.46
2026-08-31T09:55:00.000Z,SYNTH_CELL_A,85,-110.21
2026-08-31T09:55:00.000Z,SYNTH_CELL_A,86,-108.15
2026-08-31T09:55:00.000Z,SYNTH_CELL_A,87,-113.87
2026-08-31T09:55:00.000Z,SYNTH_CELL_A,88,-108.7
2026-08-31T09:55:00.000Z,SYNTH_CELL_A,89,-107.8
2026-08-31T09:55:00.000Z,SYNTH_CELL_A,90,-113.32
2026-08-31T09:55:00.000Z,SYNTH_CELL_A,91,-112.91
2026-08-31T09:55:00.000Z,SYNTH_CELL_A,92,-109.81
2026-08-31T09:55:00.000Z,SYNTH_CELL_A,93,-111.93
2026-08-31T09:55:00.000Z,SYNTH_CELL_A,94,-109.74
2026-08-31T09:55:00.000Z,SYNTH_CELL_A,95,-113.1
2026-08-31T09:55:00.000Z,SYNTH_CELL_A,96,-112.87
2026-08-31T09:55:00.000Z,SYNTH_CELL_A,97,-108.81
2026-08-31T09:55:00.000Z,SYNTH_CELL_A,98,-113.58
2026-08-31T09:55:00.000Z,SYNTH_CELL_A,99,-111.05
2026-08-31T09:55:00.000Z,SYNTH_CELL_A,100,-107.37
2026-08-31T09:55:00.000Z,SYNTH_CELL_A,101,-109.93
2026-08-31T09:55:00.000Z,SYNTH_CELL_A,102,-111.45
2026-08-31T09:55:00.000Z,SYNTH_CELL_A,103,-108.96
2026-08-31T09:55:00.000Z,SYNTH_CELL_A,104,-108.49
2026-08-31T09:55:00.000Z,SYNTH_CELL_A,105,-111.38
2026-08-31T09:55:00.000Z,SYNTH_CELL_A,106,-109.35
2026-08-31T09:55:00.000Z,SYNTH_CELL_A,107,-113.25
2026-08-31T09:55:00.000Z,SYNTH_CELL_A,108,-111
2026-08-31T09:55:00.000Z,SYNTH_CELL_A,109,-110.59
2026-08-31T09:55:00.000Z,SYNTH_CELL_A,110,-110.45
2026-08-31T09:55:00.000Z,SYNTH_CELL_A,111,-113.31
2026-08-31T09:55:00.000Z,SYNTH_CELL_A,112,-111.87
2026-08-31T09:55:00.000Z,SYNTH_CELL_A,113,-110.13
2026-08-31T09:55:00.000Z,SYNTH_CELL_A,114,-112.71
2026-08-31T09:55:00.000Z,SYNTH_CELL_A,115,-110.38
2026-08-31T09:55:00.000Z,SYNTH_CELL_A,116,-110.98
2026-08-31T09:55:00.000Z,SYNTH_CELL_A,117,-108.64
2026-08-31T09:55:00.000Z,SYNTH_CELL_A,118,-112.56
2026-08-31T09:55:00.000Z,SYNTH_CELL_A,119,-112.42
2026-08-31T09:55:00.000Z,SYNTH_CELL_A,120,-110.68
2026-08-31T09:55:00.000Z,SYNTH_CELL_A,121,-113.65
2026-08-31T09:55:00.000Z,SYNTH_CELL_A,122,-107.38
2026-08-31T09:55:00.000Z,SYNTH_CELL_A,123,-109.15
2026-08-31T09:55:00.000Z,SYNTH_CELL_A,124,-107.17
2026-08-31T09:55:00.000Z,SYNTH_CELL_A,125,-113.93
2026-08-31T09:55:00.000Z,SYNTH_CELL_A,126,-110.66
2026-08-31T09:55:00.000Z,SYNTH_CELL_A,127,-111.55
2026-08-31T09:55:00.000Z,SYNTH_CELL_A,128,-108.36
2026-08-31T09:55:00.000Z,SYNTH_CELL_A,129,-109.27
2026-08-31T09:55:00.000Z,SYNTH_CELL_A,130,-109.42
2026-08-31T09:55:00.000Z,SYNTH_CELL_A,131,-109.24
2026-08-31T09:55:00.000Z,SYNTH_CELL_A,132,-107.62
2026-08-31T09:55:00.000Z,SYNTH_CELL_A,133,-107.57
2026-08-31T09:55:00.000Z,SYNTH_CELL_A,134,-110.21
2026-08-31T09:55:00.000Z,SYNTH_CELL_A,135,-107.38
2026-08-31T09:55:00.000Z,SYNTH_CELL_A,136,-110.96
2026-08-31T09:55:00.000Z,SYNTH_CELL_A,137,-110.76
2026-08-31T09:55:00.000Z,SYNTH_CELL_A,138,-112.17
2026-08-31T09:55:00.000Z,SYNTH_CELL_A,139,-110.75
2026-08-31T09:55:00.000Z,SYNTH_CELL_A,140,-111.75
2026-08-31T09:55:00.000Z,SYNTH_CELL_A,141,-111.22
2026-08-31T09:55:00.000Z,SYNTH_CELL_A,142,-111.31
2026-08-31T09:55:00.000Z,SYNTH_CELL_A,143,-111.79
2026-08-31T09:55:00.000Z,SYNTH_CELL_A,144,-110.29
2026-08-31T09:55:00.000Z,SYNTH_CELL_A,145,-113.67
2026-08-31T09:55:00.000Z,SYNTH_CELL_A,146,-107.11
2026-08-31T09:55:00.000Z,SYNTH_CELL_A,147,-111.55
2026-08-31T09:55:00.000Z,SYNTH_CELL_A,148,-107.26
2026-08-31T09:55:00.000Z,SYNTH_CELL_A,149,-113.43
2026-08-31T09:55:00.000Z,SYNTH_CELL_A,150,-110.54
2026-08-31T09:55:00.000Z,SYNTH_CELL_A,151,-111.48
2026-08-31T09:55:00.000Z,SYNTH_CELL_A,152,-112.08
2026-08-31T09:55:00.000Z,SYNTH_CELL_A,153,-108.95
2026-08-31T09:55:00.000Z,SYNTH_CELL_A,154,-110.55
2026-08-31T09:55:00.000Z,SYNTH_CELL_A,155,-112
2026-08-31T09:55:00.000Z,SYNTH_CELL_A,156,-109.21
2026-08-31T09:55:00.000Z,SYNTH_CELL_A,157,-107.66
2026-08-31T09:55:00.000Z,SYNTH_CELL_A,158,-109.99
2026-08-31T09:55:00.000Z,SYNTH_CELL_A,159,-111.8
2026-08-31T09:55:00.000Z,SYNTH_CELL_A,160,-107.5
2026-08-31T09:55:00.000Z,SYNTH_CELL_A,161,-112.08
2026-08-31T09:55:00.000Z,SYNTH_CELL_A,162,-111.03
2026-08-31T09:55:00.000Z,SYNTH_CELL_A,163,-109.03
2026-08-31T09:55:00.000Z,SYNTH_CELL_A,164,-110.47
2026-08-31T09:55:00.000Z,SYNTH_CELL_A,165,-108.13
2026-08-31T09:55:00.000Z,SYNTH_CELL_A,166,-112.17
2026-08-31T09:55:00.000Z,SYNTH_CELL_A,167,-111.97
2026-08-31T09:55:00.000Z,SYNTH_CELL_A,168,-111.78
2026-08-31T09:55:00.000Z,SYNTH_CELL_A,169,-112.51
2026-08-31T09:55:00.000Z,SYNTH_CELL_A,170,-108.94
2026-08-31T09:55:00.000Z,SYNTH_CELL_A,171,-111.33
2026-08-31T09:55:00.000Z,SYNTH_CELL_A,172,-107.99
2026-08-31T09:55:00.000Z,SYNTH_CELL_A,173,-112.03
2026-08-31T09:55:00.000Z,SYNTH_CELL_A,174,-111.51
2026-08-31T09:55:00.000Z,SYNTH_CELL_A,175,-112.7
2026-08-31T09:55:00.000Z,SYNTH_CELL_A,176,-113.87
2026-08-31T09:55:00.000Z,SYNTH_CELL_A,177,-112.43
2026-08-31T09:55:00.000Z,SYNTH_CELL_A,178,-108.61
2026-08-31T09:55:00.000Z,SYNTH_CELL_A,179,-110.96
2026-08-31T09:55:00.000Z,SYNTH_CELL_A,180,-109.77
2026-08-31T09:55:00.000Z,SYNTH_CELL_A,181,-108.41
2026-08-31T09:55:00.000Z,SYNTH_CELL_A,182,-110.15
2026-08-31T09:55:00.000Z,SYNTH_CELL_A,183,-112.03
2026-08-31T09:55:00.000Z,SYNTH_CELL_A,184,-109.43
2026-08-31T09:55:00.000Z,SYNTH_CELL_A,185,-108.19
2026-08-31T09:55:00.000Z,SYNTH_CELL_A,186,-107.22
2026-08-31T09:55:00.000Z,SYNTH_CELL_A,187,-111.32
2026-08-31T09:55:00.000Z,SYNTH_CELL_A,188,-110.03
2026-08-31T09:55:00.000Z,SYNTH_CELL_A,189,-108.01
2026-08-31T09:55:00.000Z,SYNTH_CELL_A,190,-110.12
2026-08-31T09:55:00.000Z,SYNTH_CELL_A,191,-113.19
2026-08-31T09:55:00.000Z,SYNTH_CELL_A,192,-113.27
2026-08-31T09:55:00.000Z,SYNTH_CELL_A,193,-107.46
2026-08-31T09:55:00.000Z,SYNTH_CELL_A,194,-110.46
2026-08-31T09:55:00.000Z,SYNTH_CELL_A,195,-107.36
2026-08-31T09:55:00.000Z,SYNTH_CELL_A,196,-112.47
2026-08-31T09:55:00.000Z,SYNTH_CELL_A,197,-109.92
2026-08-31T09:55:00.000Z,SYNTH_CELL_A,198,-107.35
2026-08-31T09:55:00.000Z,SYNTH_CELL_A,199,-107.15
2026-08-31T09:55:00.000Z,SYNTH_CELL_A,200,-108.87
2026-08-31T09:55:00.000Z,SYNTH_CELL_A,201,-107.65
2026-08-31T09:55:00.000Z,SYNTH_CELL_A,202,-113.87
2026-08-31T09:55:00.000Z,SYNTH_CELL_A,203,-109.36
2026-08-31T09:55:00.000Z,SYNTH_CELL_A,204,-108.47
2026-08-31T09:55:00.000Z,SYNTH_CELL_A,205,-107.27
2026-08-31T09:55:00.000Z,SYNTH_CELL_A,206,-109.34
2026-08-31T09:55:00.000Z,SYNTH_CELL_A,207,-108.29
2026-08-31T09:55:00.000Z,SYNTH_CELL_A,208,-113.77
2026-08-31T09:55:00.000Z,SYNTH_CELL_A,209,-111.14
2026-08-31T09:55:00.000Z,SYNTH_CELL_A,210,-112.77
2026-08-31T09:55:00.000Z,SYNTH_CELL_A,211,-107.32
2026-08-31T09:55:00.000Z,SYNTH_CELL_A,212,-111.11
2026-08-31T09:55:00.000Z,SYNTH_CELL_A,213,-110.07
2026-08-31T09:55:00.000Z,SYNTH_CELL_A,214,-112.27
2026-08-31T09:55:00.000Z,SYNTH_CELL_A,215,-113.45
2026-08-31T09:55:00.000Z,SYNTH_CELL_A,216,-110.38
2026-08-31T09:55:00.000Z,SYNTH_CELL_A,217,-107.42
2026-08-31T09:55:00.000Z,SYNTH_CELL_A,218,-110.12
2026-08-31T09:55:00.000Z,SYNTH_CELL_A,219,-113.91
2026-08-31T09:55:00.000Z,SYNTH_CELL_A,220,-111.65
2026-08-31T09:55:00.000Z,SYNTH_CELL_A,221,-110.99
2026-08-31T09:55:00.000Z,SYNTH_CELL_A,222,-109.4
2026-08-31T09:55:00.000Z,SYNTH_CELL_A,223,-110.98
2026-08-31T09:55:00.000Z,SYNTH_CELL_A,224,-112
2026-08-31T09:55:00.000Z,SYNTH_CELL_A,225,-112.62
2026-08-31T09:55:00.000Z,SYNTH_CELL_A,226,-113.07
2026-08-31T09:55:00.000Z,SYNTH_CELL_A,227,-109.18
2026-08-31T09:55:00.000Z,SYNTH_CELL_A,228,-111.15
2026-08-31T09:55:00.000Z,SYNTH_CELL_A,229,-110.62
2026-08-31T09:55:00.000Z,SYNTH_CELL_A,230,-108.53
2026-08-31T09:55:00.000Z,SYNTH_CELL_A,231,-109.68
2026-08-31T09:55:00.000Z,SYNTH_CELL_A,232,-110.14
2026-08-31T09:55:00.000Z,SYNTH_CELL_A,233,-111
2026-08-31T09:55:00.000Z,SYNTH_CELL_A,234,-108.52
2026-08-31T09:55:00.000Z,SYNTH_CELL_A,235,-111.13
2026-08-31T09:55:00.000Z,SYNTH_CELL_A,236,-110.77
2026-08-31T09:55:00.000Z,SYNTH_CELL_A,237,-113.57
2026-08-31T09:55:00.000Z,SYNTH_CELL_A,238,-109.53
2026-08-31T09:55:00.000Z,SYNTH_CELL_A,239,-108.77
2026-08-31T09:55:00.000Z,SYNTH_CELL_A,240,-110.08
2026-08-31T09:55:00.000Z,SYNTH_CELL_A,241,-109.97
2026-08-31T09:55:00.000Z,SYNTH_CELL_A,242,-108.41
2026-08-31T09:55:00.000Z,SYNTH_CELL_A,243,-112.12
2026-08-31T09:55:00.000Z,SYNTH_CELL_A,244,-111.43
2026-08-31T09:55:00.000Z,SYNTH_CELL_A,245,-113.64
2026-08-31T09:55:00.000Z,SYNTH_CELL_A,246,-108.23
2026-08-31T09:55:00.000Z,SYNTH_CELL_A,247,-110.14
2026-08-31T09:55:00.000Z,SYNTH_CELL_A,248,-111.33
2026-08-31T09:55:00.000Z,SYNTH_CELL_A,249,-109.07
2026-08-31T09:55:00.000Z,SYNTH_CELL_A,250,-107.16
2026-08-31T09:55:00.000Z,SYNTH_CELL_A,251,-109.28
2026-08-31T09:55:00.000Z,SYNTH_CELL_A,252,-111.48
2026-08-31T09:55:00.000Z,SYNTH_CELL_A,253,-108.51
2026-08-31T09:55:00.000Z,SYNTH_CELL_A,254,-112.96
2026-08-31T09:55:00.000Z,SYNTH_CELL_A,255,-110.77
2026-08-31T09:55:00.000Z,SYNTH_CELL_A,256,-107.82
2026-08-31T09:55:00.000Z,SYNTH_CELL_A,257,-112.64
2026-08-31T09:55:00.000Z,SYNTH_CELL_A,258,-113.63
2026-08-31T09:55:00.000Z,SYNTH_CELL_A,259,-110.49
2026-08-31T09:55:00.000Z,SYNTH_CELL_A,260,-113.04
2026-08-31T09:55:00.000Z,SYNTH_CELL_A,261,-107.62
2026-08-31T09:55:00.000Z,SYNTH_CELL_A,262,-109.81
2026-08-31T09:55:00.000Z,SYNTH_CELL_A,263,-107.24
2026-08-31T09:55:00.000Z,SYNTH_CELL_A,264,-107.78
2026-08-31T09:55:00.000Z,SYNTH_CELL_A,265,-112.44
2026-08-31T09:55:00.000Z,SYNTH_CELL_A,266,-110.97
2026-08-31T09:55:00.000Z,SYNTH_CELL_A,267,-111.99
2026-08-31T09:55:00.000Z,SYNTH_CELL_A,268,-109.86
2026-08-31T09:55:00.000Z,SYNTH_CELL_A,269,-108.13
2026-08-31T09:55:00.000Z,SYNTH_CELL_A,270,-109.6
2026-08-31T09:55:00.000Z,SYNTH_CELL_A,271,-109.2
2026-08-31T09:55:00.000Z,SYNTH_CELL_A,272,-109.47
2026-08-31T08:00:00.000Z,SYNTH_CELL_B,0,-112.38
2026-08-31T08:00:00.000Z,SYNTH_CELL_B,1,-111.48
2026-08-31T08:00:00.000Z,SYNTH_CELL_B,2,-108.97
2026-08-31T08:00:00.000Z,SYNTH_CELL_B,3,-112.43
2026-08-31T08:00:00.000Z,SYNTH_CELL_B,4,-113.72
2026-08-31T08:00:00.000Z,SYNTH_CELL_B,5,-111.55
2026-08-31T08:00:00.000Z,SYNTH_CELL_B,6,-109.41
2026-08-31T08:00:00.000Z,SYNTH_CELL_B,7,-107.11
2026-08-31T08:00:00.000Z,SYNTH_CELL_B,8,-109.88
2026-08-31T08:00:00.000Z,SYNTH_CELL_B,9,-107.96
2026-08-31T08:00:00.000Z,SYNTH_CELL_B,10,-111.79
2026-08-31T08:00:00.000Z,SYNTH_CELL_B,11,-111.74
2026-08-31T08:00:00.000Z,SYNTH_CELL_B,12,-109.34
2026-08-31T08:00:00.000Z,SYNTH_CELL_B,13,-111.3
2026-08-31T08:00:00.000Z,SYNTH_CELL_B,14,-108.82
2026-08-31T08:00:00.000Z,SYNTH_CELL_B,15,-108.06
2026-08-31T08:00:00.000Z,SYNTH_CELL_B,16,-108.16
2026-08-31T08:00:00.000Z,SYNTH_CELL_B,17,-111.6
2026-08-31T08:00:00.000Z,SYNTH_CELL_B,18,-111.4
2026-08-31T08:00:00.000Z,SYNTH_CELL_B,19,-111.23
2026-08-31T08:00:00.000Z,SYNTH_CELL_B,20,-107.98
2026-08-31T08:00:00.000Z,SYNTH_CELL_B,21,-110.67
2026-08-31T08:00:00.000Z,SYNTH_CELL_B,22,-108.03
2026-08-31T08:00:00.000Z,SYNTH_CELL_B,23,-113.87
2026-08-31T08:00:00.000Z,SYNTH_CELL_B,24,-107.57
2026-08-31T08:00:00.000Z,SYNTH_CELL_B,25,-110.87
2026-08-31T08:00:00.000Z,SYNTH_CELL_B,26,-109.51
2026-08-31T08:00:00.000Z,SYNTH_CELL_B,27,-112.77
2026-08-31T08:00:00.000Z,SYNTH_CELL_B,28,-109.7
2026-08-31T08:00:00.000Z,SYNTH_CELL_B,29,-109.81
2026-08-31T08:00:00.000Z,SYNTH_CELL_B,30,-110.79
2026-08-31T08:00:00.000Z,SYNTH_CELL_B,31,-113.53
2026-08-31T08:00:00.000Z,SYNTH_CELL_B,32,-108
2026-08-31T08:00:00.000Z,SYNTH_CELL_B,33,-108
2026-08-31T08:00:00.000Z,SYNTH_CELL_B,34,-109.87
2026-08-31T08:00:00.000Z,SYNTH_CELL_B,35,-113.18
2026-08-31T08:00:00.000Z,SYNTH_CELL_B,36,-109.83
2026-08-31T08:00:00.000Z,SYNTH_CELL_B,37,-108.35
2026-08-31T08:00:00.000Z,SYNTH_CELL_B,38,-113.75
2026-08-31T08:00:00.000Z,SYNTH_CELL_B,39,-109.65
2026-08-31T08:00:00.000Z,SYNTH_CELL_B,40,-111.35
2026-08-31T08:00:00.000Z,SYNTH_CELL_B,41,-107.64
2026-08-31T08:00:00.000Z,SYNTH_CELL_B,42,-110.61
2026-08-31T08:00:00.000Z,SYNTH_CELL_B,43,-110
2026-08-31T08:00:00.000Z,SYNTH_CELL_B,44,-109.02
2026-08-31T08:00:00.000Z,SYNTH_CELL_B,45,-107.26
2026-08-31T08:00:00.000Z,SYNTH_CELL_B,46,-113.8
2026-08-31T08:00:00.000Z,SYNTH_CELL_B,47,-108.66
2026-08-31T08:00:00.000Z,SYNTH_CELL_B,48,-113.04
2026-08-31T08:00:00.000Z,SYNTH_CELL_B,49,-107.99
2026-08-31T08:00:00.000Z,SYNTH_CELL_B,50,-109.81
2026-08-31T08:00:00.000Z,SYNTH_CELL_B,51,-112.57
2026-08-31T08:00:00.000Z,SYNTH_CELL_B,52,-107.2
2026-08-31T08:00:00.000Z,SYNTH_CELL_B,53,-109.19
2026-08-31T08:00:00.000Z,SYNTH_CELL_B,54,-107.26
2026-08-31T08:00:00.000Z,SYNTH_CELL_B,55,-107.17
2026-08-31T08:00:00.000Z,SYNTH_CELL_B,56,-110.01
2026-08-31T08:00:00.000Z,SYNTH_CELL_B,57,-111.46
2026-08-31T08:00:00.000Z,SYNTH_CELL_B,58,-112.3
2026-08-31T08:00:00.000Z,SYNTH_CELL_B,59,-109.67
2026-08-31T08:00:00.000Z,SYNTH_CELL_B,60,-113.74
2026-08-31T08:00:00.000Z,SYNTH_CELL_B,61,-108.27
2026-08-31T08:00:00.000Z,SYNTH_CELL_B,62,-108.53
2026-08-31T08:00:00.000Z,SYNTH_CELL_B,63,-112.65
2026-08-31T08:00:00.000Z,SYNTH_CELL_B,64,-112.37
2026-08-31T08:00:00.000Z,SYNTH_CELL_B,65,-107.33
2026-08-31T08:00:00.000Z,SYNTH_CELL_B,66,-112.25
2026-08-31T08:00:00.000Z,SYNTH_CELL_B,67,-113.07
2026-08-31T08:00:00.000Z,SYNTH_CELL_B,68,-107.37
2026-08-31T08:00:00.000Z,SYNTH_CELL_B,69,-111
2026-08-31T08:00:00.000Z,SYNTH_CELL_B,70,-107.99
2026-08-31T08:00:00.000Z,SYNTH_CELL_B,71,-113.77
2026-08-31T08:00:00.000Z,SYNTH_CELL_B,72,-113.3
2026-08-31T08:00:00.000Z,SYNTH_CELL_B,73,-110.6
2026-08-31T08:00:00.000Z,SYNTH_CELL_B,74,-110.37
2026-08-31T08:00:00.000Z,SYNTH_CELL_B,75,-110.39
2026-08-31T08:00:00.000Z,SYNTH_CELL_B,76,-108.09
2026-08-31T08:00:00.000Z,SYNTH_CELL_B,77,-107.72
2026-08-31T08:00:00.000Z,SYNTH_CELL_B,78,-108.17
2026-08-31T08:00:00.000Z,SYNTH_CELL_B,79,-111.81
2026-08-31T08:00:00.000Z,SYNTH_CELL_B,80,-111.19
2026-08-31T08:00:00.000Z,SYNTH_CELL_B,81,-112.52
2026-08-31T08:00:00.000Z,SYNTH_CELL_B,82,-108.69
2026-08-31T08:00:00.000Z,SYNTH_CELL_B,83,-109.15
2026-08-31T08:00:00.000Z,SYNTH_CELL_B,84,-110.32
2026-08-31T08:00:00.000Z,SYNTH_CELL_B,85,-111.26
2026-08-31T08:00:00.000Z,SYNTH_CELL_B,86,-108.08
2026-08-31T08:00:00.000Z,SYNTH_CELL_B,87,-111.45
2026-08-31T08:00:00.000Z,SYNTH_CELL_B,88,-110.63
2026-08-31T08:00:00.000Z,SYNTH_CELL_B,89,-113.97
2026-08-31T08:00:00.000Z,SYNTH_CELL_B,90,-107.65
2026-08-31T08:00:00.000Z,SYNTH_CELL_B,91,-107.36
2026-08-31T08:00:00.000Z,SYNTH_CELL_B,92,-111.29
2026-08-31T08:00:00.000Z,SYNTH_CELL_B,93,-113.9
2026-08-31T08:00:00.000Z,SYNTH_CELL_B,94,-113.72
2026-08-31T08:00:00.000Z,SYNTH_CELL_B,95,-113.05
2026-08-31T08:00:00.000Z,SYNTH_CELL_B,96,-107.75
2026-08-31T08:00:00.000Z,SYNTH_CELL_B,97,-111.79
2026-08-31T08:00:00.000Z,SYNTH_CELL_B,98,-107.57
2026-08-31T08:00:00.000Z,SYNTH_CELL_B,99,-109.82
2026-08-31T08:00:00.000Z,SYNTH_CELL_B,100,-113.53
2026-08-31T08:00:00.000Z,SYNTH_CELL_B,101,-113.76
2026-08-31T08:00:00.000Z,SYNTH_CELL_B,102,-112.06
2026-08-31T08:00:00.000Z,SYNTH_CELL_B,103,-109.13
2026-08-31T08:00:00.000Z,SYNTH_CELL_B,104,-110.68
2026-08-31T08:00:00.000Z,SYNTH_CELL_B,105,-109.36
2026-08-31T08:00:00.000Z,SYNTH_CELL_B,106,-110.04
2026-08-31T08:00:00.000Z,SYNTH_CELL_B,107,-113.65
2026-08-31T08:00:00.000Z,SYNTH_CELL_B,108,-111.18
2026-08-31T08:00:00.000Z,SYNTH_CELL_B,109,-113.68
2026-08-31T08:00:00.000Z,SYNTH_CELL_B,110,-108.74
2026-08-31T08:00:00.000Z,SYNTH_CELL_B,111,-107.38
2026-08-31T08:00:00.000Z,SYNTH_CELL_B,112,-112.35
2026-08-31T08:00:00.000Z,SYNTH_CELL_B,113,-112.44
2026-08-31T08:00:00.000Z,SYNTH_CELL_B,114,-112.11
2026-08-31T08:00:00.000Z,SYNTH_CELL_B,115,-109.85
2026-08-31T08:00:00.000Z,SYNTH_CELL_B,116,-107.09
2026-08-31T08:00:00.000Z,SYNTH_CELL_B,117,-113.33
2026-08-31T08:00:00.000Z,SYNTH_CELL_B,118,-112.96
2026-08-31T08:00:00.000Z,SYNTH_CELL_B,119,-112.63
2026-08-31T08:00:00.000Z,SYNTH_CELL_B,120,-113.7
2026-08-31T08:00:00.000Z,SYNTH_CELL_B,121,-107.85
2026-08-31T08:00:00.000Z,SYNTH_CELL_B,122,-111.37
2026-08-31T08:00:00.000Z,SYNTH_CELL_B,123,-108.57
2026-08-31T08:00:00.000Z,SYNTH_CELL_B,124,-112.92
2026-08-31T08:00:00.000Z,SYNTH_CELL_B,125,-112.06
2026-08-31T08:00:00.000Z,SYNTH_CELL_B,126,-110.13
2026-08-31T08:00:00.000Z,SYNTH_CELL_B,127,-109.28
2026-08-31T08:00:00.000Z,SYNTH_CELL_B,128,-108.52
2026-08-31T08:00:00.000Z,SYNTH_CELL_B,129,-111.97
2026-08-31T08:00:00.000Z,SYNTH_CELL_B,130,-107.37
2026-08-31T08:00:00.000Z,SYNTH_CELL_B,131,-109.58
2026-08-31T08:00:00.000Z,SYNTH_CELL_B,132,-107.77
2026-08-31T08:00:00.000Z,SYNTH_CELL_B,133,-110.2
2026-08-31T08:00:00.000Z,SYNTH_CELL_B,134,-113.69
2026-08-31T08:00:00.000Z,SYNTH_CELL_B,135,-111.52
2026-08-31T08:00:00.000Z,SYNTH_CELL_B,136,-112.08
2026-08-31T08:00:00.000Z,SYNTH_CELL_B,137,-113.67
2026-08-31T08:00:00.000Z,SYNTH_CELL_B,138,-109.02
2026-08-31T08:00:00.000Z,SYNTH_CELL_B,139,-111.08
2026-08-31T08:00:00.000Z,SYNTH_CELL_B,140,-109.83
2026-08-31T08:00:00.000Z,SYNTH_CELL_B,141,-112.39
2026-08-31T08:00:00.000Z,SYNTH_CELL_B,142,-113.23
2026-08-31T08:00:00.000Z,SYNTH_CELL_B,143,-111.22
2026-08-31T08:00:00.000Z,SYNTH_CELL_B,144,-112.5
2026-08-31T08:00:00.000Z,SYNTH_CELL_B,145,-113.13
2026-08-31T08:00:00.000Z,SYNTH_CELL_B,146,-110.57
2026-08-31T08:00:00.000Z,SYNTH_CELL_B,147,-113.42
2026-08-31T08:00:00.000Z,SYNTH_CELL_B,148,-107.16
2026-08-31T08:00:00.000Z,SYNTH_CELL_B,149,-110.07
2026-08-31T08:00:00.000Z,SYNTH_CELL_B,150,-113.87
2026-08-31T08:00:00.000Z,SYNTH_CELL_B,151,-109.64
2026-08-31T08:00:00.000Z,SYNTH_CELL_B,152,-113.22
2026-08-31T08:00:00.000Z,SYNTH_CELL_B,153,-112.27
2026-08-31T08:00:00.000Z,SYNTH_CELL_B,154,-108.68
2026-08-31T08:00:00.000Z,SYNTH_CELL_B,155,-110.64
2026-08-31T08:00:00.000Z,SYNTH_CELL_B,156,-111.63
2026-08-31T08:00:00.000Z,SYNTH_CELL_B,157,-110.08
2026-08-31T08:00:00.000Z,SYNTH_CELL_B,158,-107.28
2026-08-31T08:00:00.000Z,SYNTH_CELL_B,159,-113.64
2026-08-31T08:00:00.000Z,SYNTH_CELL_B,160,-111.5
2026-08-31T08:00:00.000Z,SYNTH_CELL_B,161,-107.3
2026-08-31T08:00:00.000Z,SYNTH_CELL_B,162,-108.66
2026-08-31T08:00:00.000Z,SYNTH_CELL_B,163,-108.19
2026-08-31T08:00:00.000Z,SYNTH_CELL_B,164,-108.31
2026-08-31T08:00:00.000Z,SYNTH_CELL_B,165,-107.91
2026-08-31T08:00:00.000Z,SYNTH_CELL_B,166,-110.83
2026-08-31T08:00:00.000Z,SYNTH_CELL_B,167,-113.96
2026-08-31T08:00:00.000Z,SYNTH_CELL_B,168,-108
2026-08-31T08:00:00.000Z,SYNTH_CELL_B,169,-107.17
2026-08-31T08:00:00.000Z,SYNTH_CELL_B,170,-111.47
2026-08-31T08:00:00.000Z,SYNTH_CELL_B,171,-111.28
2026-08-31T08:00:00.000Z,SYNTH_CELL_B,172,-111.19
2026-08-31T08:00:00.000Z,SYNTH_CELL_B,173,-108.61
2026-08-31T08:00:00.000Z,SYNTH_CELL_B,174,-110.66
2026-08-31T08:00:00.000Z,SYNTH_CELL_B,175,-109.77
2026-08-31T08:00:00.000Z,SYNTH_CELL_B,176,-113.18
2026-08-31T08:00:00.000Z,SYNTH_CELL_B,177,-111.52
2026-08-31T08:00:00.000Z,SYNTH_CELL_B,178,-107.96
2026-08-31T08:00:00.000Z,SYNTH_CELL_B,179,-110.69
2026-08-31T08:00:00.000Z,SYNTH_CELL_B,180,-112.12
2026-08-31T08:00:00.000Z,SYNTH_CELL_B,181,-111.18
2026-08-31T08:00:00.000Z,SYNTH_CELL_B,182,-107.69
2026-08-31T08:00:00.000Z,SYNTH_CELL_B,183,-110.12
2026-08-31T08:00:00.000Z,SYNTH_CELL_B,184,-111.36
2026-08-31T08:00:00.000Z,SYNTH_CELL_B,185,-112.04
2026-08-31T08:00:00.000Z,SYNTH_CELL_B,186,-111.3
2026-08-31T08:00:00.000Z,SYNTH_CELL_B,187,-108.18
2026-08-31T08:00:00.000Z,SYNTH_CELL_B,188,-108.76
2026-08-31T08:00:00.000Z,SYNTH_CELL_B,189,-111.87
2026-08-31T08:00:00.000Z,SYNTH_CELL_B,190,-110.68
2026-08-31T08:00:00.000Z,SYNTH_CELL_B,191,-110.05
2026-08-31T08:00:00.000Z,SYNTH_CELL_B,192,-108.15
2026-08-31T08:00:00.000Z,SYNTH_CELL_B,193,-112.78
2026-08-31T08:00:00.000Z,SYNTH_CELL_B,194,-110.79
2026-08-31T08:00:00.000Z,SYNTH_CELL_B,195,-111.89
2026-08-31T08:00:00.000Z,SYNTH_CELL_B,196,-111.11
2026-08-31T08:00:00.000Z,SYNTH_CELL_B,197,-109.71
2026-08-31T08:00:00.000Z,SYNTH_CELL_B,198,-111.74
2026-08-31T08:00:00.000Z,SYNTH_CELL_B,199,-112.88
2026-08-31T08:00:00.000Z,SYNTH_CELL_B,200,-110.61
2026-08-31T08:00:00.000Z,SYNTH_CELL_B,201,-112.13
2026-08-31T08:00:00.000Z,SYNTH_CELL_B,202,-107.06
2026-08-31T08:00:00.000Z,SYNTH_CELL_B,203,-111.26
2026-08-31T08:00:00.000Z,SYNTH_CELL_B,204,-107.9
2026-08-31T08:00:00.000Z,SYNTH_CELL_B,205,-107.1
2026-08-31T08:00:00.000Z,SYNTH_CELL_B,206,-112.44
2026-08-31T08:00:00.000Z,SYNTH_CELL_B,207,-111.47
2026-08-31T08:00:00.000Z,SYNTH_CELL_B,208,-111.45
2026-08-31T08:00:00.000Z,SYNTH_CELL_B,209,-110.29
2026-08-31T08:00:00.000Z,SYNTH_CELL_B,210,-107.05
2026-08-31T08:00:00.000Z,SYNTH_CELL_B,211,-113.65
2026-08-31T08:00:00.000Z,SYNTH_CELL_B,212,-111.66
2026-08-31T08:00:00.000Z,SYNTH_CELL_B,213,-107.9
2026-08-31T08:00:00.000Z,SYNTH_CELL_B,214,-111.87
2026-08-31T08:00:00.000Z,SYNTH_CELL_B,215,-112.81
2026-08-31T08:00:00.000Z,SYNTH_CELL_B,216,-109.27
2026-08-31T08:00:00.000Z,SYNTH_CELL_B,217,-112.7
2026-08-31T08:00:00.000Z,SYNTH_CELL_B,218,-112.35
2026-08-31T08:00:00.000Z,SYNTH_CELL_B,219,-113.6
2026-08-31T08:00:00.000Z,SYNTH_CELL_B,220,-107.3
2026-08-31T08:00:00.000Z,SYNTH_CELL_B,221,-109.33
2026-08-31T08:00:00.000Z,SYNTH_CELL_B,222,-112.93
2026-08-31T08:00:00.000Z,SYNTH_CELL_B,223,-110.73
2026-08-31T08:00:00.000Z,SYNTH_CELL_B,224,-109.55
2026-08-31T08:00:00.000Z,SYNTH_CELL_B,225,-111.66
2026-08-31T08:00:00.000Z,SYNTH_CELL_B,226,-107.83
2026-08-31T08:00:00.000Z,SYNTH_CELL_B,227,-111.16
2026-08-31T08:00:00.000Z,SYNTH_CELL_B,228,-112.76
2026-08-31T08:00:00.000Z,SYNTH_CELL_B,229,-107.46
2026-08-31T08:00:00.000Z,SYNTH_CELL_B,230,-108.65
2026-08-31T08:00:00.000Z,SYNTH_CELL_B,231,-112.97
2026-08-31T08:00:00.000Z,SYNTH_CELL_B,232,-107.1
2026-08-31T08:00:00.000Z,SYNTH_CELL_B,233,-113.28
2026-08-31T08:00:00.000Z,SYNTH_CELL_B,234,-111.14
2026-08-31T08:00:00.000Z,SYNTH_CELL_B,235,-110.01
2026-08-31T08:00:00.000Z,SYNTH_CELL_B,236,-107.27
2026-08-31T08:00:00.000Z,SYNTH_CELL_B,237,-107.69
2026-08-31T08:00:00.000Z,SYNTH_CELL_B,238,-113.74
2026-08-31T08:00:00.000Z,SYNTH_CELL_B,239,-107.51
2026-08-31T08:00:00.000Z,SYNTH_CELL_B,240,-109.75
2026-08-31T08:00:00.000Z,SYNTH_CELL_B,241,-108.02
2026-08-31T08:00:00.000Z,SYNTH_CELL_B,242,-111.84
2026-08-31T08:00:00.000Z,SYNTH_CELL_B,243,-112.76
2026-08-31T08:00:00.000Z,SYNTH_CELL_B,244,-110.27
2026-08-31T08:00:00.000Z,SYNTH_CELL_B,245,-109.79
2026-08-31T08:00:00.000Z,SYNTH_CELL_B,246,-110.51
2026-08-31T08:00:00.000Z,SYNTH_CELL_B,247,-107.19
2026-08-31T08:00:00.000Z,SYNTH_CELL_B,248,-111.88
2026-08-31T08:00:00.000Z,SYNTH_CELL_B,249,-112.37
2026-08-31T08:00:00.000Z,SYNTH_CELL_B,250,-107.15
2026-08-31T08:00:00.000Z,SYNTH_CELL_B,251,-111.38
2026-08-31T08:00:00.000Z,SYNTH_CELL_B,252,-110.37
2026-08-31T08:00:00.000Z,SYNTH_CELL_B,253,-111.13
2026-08-31T08:00:00.000Z,SYNTH_CELL_B,254,-107.7
2026-08-31T08:00:00.000Z,SYNTH_CELL_B,255,-111.42
2026-08-31T08:00:00.000Z,SYNTH_CELL_B,256,-113.35
2026-08-31T08:00:00.000Z,SYNTH_CELL_B,257,-112
2026-08-31T08:00:00.000Z,SYNTH_CELL_B,258,-113.66
2026-08-31T08:00:00.000Z,SYNTH_CELL_B,259,-112.42
2026-08-31T08:00:00.000Z,SYNTH_CELL_B,260,-109.2
2026-08-31T08:00:00.000Z,SYNTH_CELL_B,261,-111.91
2026-08-31T08:00:00.000Z,SYNTH_CELL_B,262,-108.02
2026-08-31T08:00:00.000Z,SYNTH_CELL_B,263,-109.06
2026-08-31T08:00:00.000Z,SYNTH_CELL_B,264,-112
2026-08-31T08:00:00.000Z,SYNTH_CELL_B,265,-108.44
2026-08-31T08:00:00.000Z,SYNTH_CELL_B,266,-110.22
2026-08-31T08:00:00.000Z,SYNTH_CELL_B,267,-113.19
2026-08-31T08:00:00.000Z,SYNTH_CELL_B,268,-107.46
2026-08-31T08:00:00.000Z,SYNTH_CELL_B,269,-110.44
2026-08-31T08:00:00.000Z,SYNTH_CELL_B,270,-110.82
2026-08-31T08:00:00.000Z,SYNTH_CELL_B,271,-112.72
2026-08-31T08:00:00.000Z,SYNTH_CELL_B,272,-109.35
2026-08-31T08:05:00.000Z,SYNTH_CELL_B,0,-111.91
2026-08-31T08:05:00.000Z,SYNTH_CELL_B,1,-107.02
2026-08-31T08:05:00.000Z,SYNTH_CELL_B,2,-111.86
2026-08-31T08:05:00.000Z,SYNTH_CELL_B,3,-110.39
2026-08-31T08:05:00.000Z,SYNTH_CELL_B,4,-108.88
2026-08-31T08:05:00.000Z,SYNTH_CELL_B,5,-108.07
2026-08-31T08:05:00.000Z,SYNTH_CELL_B,6,-108.68
2026-08-31T08:05:00.000Z,SYNTH_CELL_B,7,-110.31
2026-08-31T08:05:00.000Z,SYNTH_CELL_B,8,-113.21
2026-08-31T08:05:00.000Z,SYNTH_CELL_B,9,-109.79
2026-08-31T08:05:00.000Z,SYNTH_CELL_B,10,-107.37
2026-08-31T08:05:00.000Z,SYNTH_CELL_B,11,-108.86
2026-08-31T08:05:00.000Z,SYNTH_CELL_B,12,-108.72
2026-08-31T08:05:00.000Z,SYNTH_CELL_B,13,-111.91
2026-08-31T08:05:00.000Z,SYNTH_CELL_B,14,-112.03
2026-08-31T08:05:00.000Z,SYNTH_CELL_B,15,-110.87
2026-08-31T08:05:00.000Z,SYNTH_CELL_B,16,-110.8
2026-08-31T08:05:00.000Z,SYNTH_CELL_B,17,-112.7
2026-08-31T08:05:00.000Z,SYNTH_CELL_B,18,-111.71
2026-08-31T08:05:00.000Z,SYNTH_CELL_B,19,-111.01
2026-08-31T08:05:00.000Z,SYNTH_CELL_B,20,-113.92
2026-08-31T08:05:00.000Z,SYNTH_CELL_B,21,-113.82
2026-08-31T08:05:00.000Z,SYNTH_CELL_B,22,-109.31
2026-08-31T08:05:00.000Z,SYNTH_CELL_B,23,-108.3
2026-08-31T08:05:00.000Z,SYNTH_CELL_B,24,-110.64
2026-08-31T08:05:00.000Z,SYNTH_CELL_B,25,-109.72
2026-08-31T08:05:00.000Z,SYNTH_CELL_B,26,-109.64
2026-08-31T08:05:00.000Z,SYNTH_CELL_B,27,-112.41
2026-08-31T08:05:00.000Z,SYNTH_CELL_B,28,-111.88
2026-08-31T08:05:00.000Z,SYNTH_CELL_B,29,-110.88
2026-08-31T08:05:00.000Z,SYNTH_CELL_B,30,-108.75
2026-08-31T08:05:00.000Z,SYNTH_CELL_B,31,-113.94
2026-08-31T08:05:00.000Z,SYNTH_CELL_B,32,-112.15
2026-08-31T08:05:00.000Z,SYNTH_CELL_B,33,-110.05
2026-08-31T08:05:00.000Z,SYNTH_CELL_B,34,-112.2
2026-08-31T08:05:00.000Z,SYNTH_CELL_B,35,-109.59
2026-08-31T08:05:00.000Z,SYNTH_CELL_B,36,-111.87
2026-08-31T08:05:00.000Z,SYNTH_CELL_B,37,-110.39
2026-08-31T08:05:00.000Z,SYNTH_CELL_B,38,-112.42
2026-08-31T08:05:00.000Z,SYNTH_CELL_B,39,-112.23
2026-08-31T08:05:00.000Z,SYNTH_CELL_B,40,-112.87
2026-08-31T08:05:00.000Z,SYNTH_CELL_B,41,-110.44
2026-08-31T08:05:00.000Z,SYNTH_CELL_B,42,-109.35
2026-08-31T08:05:00.000Z,SYNTH_CELL_B,43,-110.62
2026-08-31T08:05:00.000Z,SYNTH_CELL_B,44,-108.36
2026-08-31T08:05:00.000Z,SYNTH_CELL_B,45,-108.41
2026-08-31T08:05:00.000Z,SYNTH_CELL_B,46,-111.93
2026-08-31T08:05:00.000Z,SYNTH_CELL_B,47,-111.27
2026-08-31T08:05:00.000Z,SYNTH_CELL_B,48,-109.85
2026-08-31T08:05:00.000Z,SYNTH_CELL_B,49,-111.43
2026-08-31T08:05:00.000Z,SYNTH_CELL_B,50,-113.64
2026-08-31T08:05:00.000Z,SYNTH_CELL_B,51,-107.83
2026-08-31T08:05:00.000Z,SYNTH_CELL_B,52,-113.66
2026-08-31T08:05:00.000Z,SYNTH_CELL_B,53,-107.09
2026-08-31T08:05:00.000Z,SYNTH_CELL_B,54,-113.04
2026-08-31T08:05:00.000Z,SYNTH_CELL_B,55,-110.58
2026-08-31T08:05:00.000Z,SYNTH_CELL_B,56,-112.64
2026-08-31T08:05:00.000Z,SYNTH_CELL_B,57,-108.49
2026-08-31T08:05:00.000Z,SYNTH_CELL_B,58,-109.97
2026-08-31T08:05:00.000Z,SYNTH_CELL_B,59,-108.91
2026-08-31T08:05:00.000Z,SYNTH_CELL_B,60,-112.02
2026-08-31T08:05:00.000Z,SYNTH_CELL_B,61,-111.01
2026-08-31T08:05:00.000Z,SYNTH_CELL_B,62,-113.21
2026-08-31T08:05:00.000Z,SYNTH_CELL_B,63,-113.12
2026-08-31T08:05:00.000Z,SYNTH_CELL_B,64,-108.16
2026-08-31T08:05:00.000Z,SYNTH_CELL_B,65,-113.9
2026-08-31T08:05:00.000Z,SYNTH_CELL_B,66,-111.62
2026-08-31T08:05:00.000Z,SYNTH_CELL_B,67,-113.51
2026-08-31T08:05:00.000Z,SYNTH_CELL_B,68,-108.28
2026-08-31T08:05:00.000Z,SYNTH_CELL_B,69,-107.68
2026-08-31T08:05:00.000Z,SYNTH_CELL_B,70,-107.68
2026-08-31T08:05:00.000Z,SYNTH_CELL_B,71,-109.88
2026-08-31T08:05:00.000Z,SYNTH_CELL_B,72,-108.07
2026-08-31T08:05:00.000Z,SYNTH_CELL_B,73,-110.39
2026-08-31T08:05:00.000Z,SYNTH_CELL_B,74,-109.39
2026-08-31T08:05:00.000Z,SYNTH_CELL_B,75,-112.35
2026-08-31T08:05:00.000Z,SYNTH_CELL_B,76,-112.16
2026-08-31T08:05:00.000Z,SYNTH_CELL_B,77,-111.79
2026-08-31T08:05:00.000Z,SYNTH_CELL_B,78,-109.56
2026-08-31T08:05:00.000Z,SYNTH_CELL_B,79,-112.57
2026-08-31T08:05:00.000Z,SYNTH_CELL_B,80,-107.44
2026-08-31T08:05:00.000Z,SYNTH_CELL_B,81,-113.37
2026-08-31T08:05:00.000Z,SYNTH_CELL_B,82,-109.42
2026-08-31T08:05:00.000Z,SYNTH_CELL_B,83,-108.45
2026-08-31T08:05:00.000Z,SYNTH_CELL_B,84,-109.1
2026-08-31T08:05:00.000Z,SYNTH_CELL_B,85,-109.54
2026-08-31T08:05:00.000Z,SYNTH_CELL_B,86,-110.29
2026-08-31T08:05:00.000Z,SYNTH_CELL_B,87,-111.48
2026-08-31T08:05:00.000Z,SYNTH_CELL_B,88,-112.3
2026-08-31T08:05:00.000Z,SYNTH_CELL_B,89,-113.95
2026-08-31T08:05:00.000Z,SYNTH_CELL_B,90,-109.35
2026-08-31T08:05:00.000Z,SYNTH_CELL_B,91,-107.97
2026-08-31T08:05:00.000Z,SYNTH_CELL_B,92,-111.05
2026-08-31T08:05:00.000Z,SYNTH_CELL_B,93,-111.42
2026-08-31T08:05:00.000Z,SYNTH_CELL_B,94,-113.94
2026-08-31T08:05:00.000Z,SYNTH_CELL_B,95,-113.42
2026-08-31T08:05:00.000Z,SYNTH_CELL_B,96,-108.13
2026-08-31T08:05:00.000Z,SYNTH_CELL_B,97,-109.67
2026-08-31T08:05:00.000Z,SYNTH_CELL_B,98,-112.08
2026-08-31T08:05:00.000Z,SYNTH_CELL_B,99,-109.63
2026-08-31T08:05:00.000Z,SYNTH_CELL_B,100,-109.36
2026-08-31T08:05:00.000Z,SYNTH_CELL_B,101,-108.68
2026-08-31T08:05:00.000Z,SYNTH_CELL_B,102,-111.64
2026-08-31T08:05:00.000Z,SYNTH_CELL_B,103,-109.13
2026-08-31T08:05:00.000Z,SYNTH_CELL_B,104,-109.66
2026-08-31T08:05:00.000Z,SYNTH_CELL_B,105,-113.16
2026-08-31T08:05:00.000Z,SYNTH_CELL_B,106,-108.36
2026-08-31T08:05:00.000Z,SYNTH_CELL_B,107,-108.66
2026-08-31T08:05:00.000Z,SYNTH_CELL_B,108,-113.06
2026-08-31T08:05:00.000Z,SYNTH_CELL_B,109,-111
2026-08-31T08:05:00.000Z,SYNTH_CELL_B,110,-108.81
2026-08-31T08:05:00.000Z,SYNTH_CELL_B,111,-113.66
2026-08-31T08:05:00.000Z,SYNTH_CELL_B,112,-109.68
2026-08-31T08:05:00.000Z,SYNTH_CELL_B,113,-108.84
2026-08-31T08:05:00.000Z,SYNTH_CELL_B,114,-110.35
2026-08-31T08:05:00.000Z,SYNTH_CELL_B,115,-107.9
2026-08-31T08:05:00.000Z,SYNTH_CELL_B,116,-107.55
2026-08-31T08:05:00.000Z,SYNTH_CELL_B,117,-112.82
2026-08-31T08:05:00.000Z,SYNTH_CELL_B,118,-107.78
2026-08-31T08:05:00.000Z,SYNTH_CELL_B,119,-108.47
2026-08-31T08:05:00.000Z,SYNTH_CELL_B,120,-113.99
2026-08-31T08:05:00.000Z,SYNTH_CELL_B,121,-110.89
2026-08-31T08:05:00.000Z,SYNTH_CELL_B,122,-112.33
2026-08-31T08:05:00.000Z,SYNTH_CELL_B,123,-110.47
2026-08-31T08:05:00.000Z,SYNTH_CELL_B,124,-108.08
2026-08-31T08:05:00.000Z,SYNTH_CELL_B,125,-113.09
2026-08-31T08:05:00.000Z,SYNTH_CELL_B,126,-112.48
2026-08-31T08:05:00.000Z,SYNTH_CELL_B,127,-111.14
2026-08-31T08:05:00.000Z,SYNTH_CELL_B,128,-108.73
2026-08-31T08:05:00.000Z,SYNTH_CELL_B,129,-110.57
2026-08-31T08:05:00.000Z,SYNTH_CELL_B,130,-108.99
2026-08-31T08:05:00.000Z,SYNTH_CELL_B,131,-108.84
2026-08-31T08:05:00.000Z,SYNTH_CELL_B,132,-113.45
2026-08-31T08:05:00.000Z,SYNTH_CELL_B,133,-107.85
2026-08-31T08:05:00.000Z,SYNTH_CELL_B,134,-111.38
2026-08-31T08:05:00.000Z,SYNTH_CELL_B,135,-112.87
2026-08-31T08:05:00.000Z,SYNTH_CELL_B,136,-110.28
2026-08-31T08:05:00.000Z,SYNTH_CELL_B,137,-110.37
2026-08-31T08:05:00.000Z,SYNTH_CELL_B,138,-108.98
2026-08-31T08:05:00.000Z,SYNTH_CELL_B,139,-108.91
2026-08-31T08:05:00.000Z,SYNTH_CELL_B,140,-112.79
2026-08-31T08:05:00.000Z,SYNTH_CELL_B,141,-110.03
2026-08-31T08:05:00.000Z,SYNTH_CELL_B,142,-113.65
2026-08-31T08:05:00.000Z,SYNTH_CELL_B,143,-107.03
2026-08-31T08:05:00.000Z,SYNTH_CELL_B,144,-112.27
2026-08-31T08:05:00.000Z,SYNTH_CELL_B,145,-111.9
2026-08-31T08:05:00.000Z,SYNTH_CELL_B,146,-112.26
2026-08-31T08:05:00.000Z,SYNTH_CELL_B,147,-112.17
2026-08-31T08:05:00.000Z,SYNTH_CELL_B,148,-107.22
2026-08-31T08:05:00.000Z,SYNTH_CELL_B,149,-111.82
2026-08-31T08:05:00.000Z,SYNTH_CELL_B,150,-109.84
2026-08-31T08:05:00.000Z,SYNTH_CELL_B,151,-109.23
2026-08-31T08:05:00.000Z,SYNTH_CELL_B,152,-110.95
2026-08-31T08:05:00.000Z,SYNTH_CELL_B,153,-110.12
2026-08-31T08:05:00.000Z,SYNTH_CELL_B,154,-108.52
2026-08-31T08:05:00.000Z,SYNTH_CELL_B,155,-112.59
2026-08-31T08:05:00.000Z,SYNTH_CELL_B,156,-108.61
2026-08-31T08:05:00.000Z,SYNTH_CELL_B,157,-113.19
2026-08-31T08:05:00.000Z,SYNTH_CELL_B,158,-112.29
2026-08-31T08:05:00.000Z,SYNTH_CELL_B,159,-113.02
2026-08-31T08:05:00.000Z,SYNTH_CELL_B,160,-109.47
2026-08-31T08:05:00.000Z,SYNTH_CELL_B,161,-109.97
2026-08-31T08:05:00.000Z,SYNTH_CELL_B,162,-107.67
2026-08-31T08:05:00.000Z,SYNTH_CELL_B,163,-111.92
2026-08-31T08:05:00.000Z,SYNTH_CELL_B,164,-111.75
2026-08-31T08:05:00.000Z,SYNTH_CELL_B,165,-108.11
2026-08-31T08:05:00.000Z,SYNTH_CELL_B,166,-110.52
2026-08-31T08:05:00.000Z,SYNTH_CELL_B,167,-110.56
2026-08-31T08:05:00.000Z,SYNTH_CELL_B,168,-112.29
2026-08-31T08:05:00.000Z,SYNTH_CELL_B,169,-111.51
2026-08-31T08:05:00.000Z,SYNTH_CELL_B,170,-110.33
2026-08-31T08:05:00.000Z,SYNTH_CELL_B,171,-111.08
2026-08-31T08:05:00.000Z,SYNTH_CELL_B,172,-111.25
2026-08-31T08:05:00.000Z,SYNTH_CELL_B,173,-109.86
2026-08-31T08:05:00.000Z,SYNTH_CELL_B,174,-107.3
2026-08-31T08:05:00.000Z,SYNTH_CELL_B,175,-108.72
2026-08-31T08:05:00.000Z,SYNTH_CELL_B,176,-111.53
2026-08-31T08:05:00.000Z,SYNTH_CELL_B,177,-108.65
2026-08-31T08:05:00.000Z,SYNTH_CELL_B,178,-108.92
2026-08-31T08:05:00.000Z,SYNTH_CELL_B,179,-110.7
2026-08-31T08:05:00.000Z,SYNTH_CELL_B,180,-112.39
2026-08-31T08:05:00.000Z,SYNTH_CELL_B,181,-109.03
2026-08-31T08:05:00.000Z,SYNTH_CELL_B,182,-113.67
2026-08-31T08:05:00.000Z,SYNTH_CELL_B,183,-112.03
2026-08-31T08:05:00.000Z,SYNTH_CELL_B,184,-111.17
2026-08-31T08:05:00.000Z,SYNTH_CELL_B,185,-107.56
2026-08-31T08:05:00.000Z,SYNTH_CELL_B,186,-109.7
2026-08-31T08:05:00.000Z,SYNTH_CELL_B,187,-112.26
2026-08-31T08:05:00.000Z,SYNTH_CELL_B,188,-113.08
2026-08-31T08:05:00.000Z,SYNTH_CELL_B,189,-108.96
2026-08-31T08:05:00.000Z,SYNTH_CELL_B,190,-109.69
2026-08-31T08:05:00.000Z,SYNTH_CELL_B,191,-110.17
2026-08-31T08:05:00.000Z,SYNTH_CELL_B,192,-113.97
2026-08-31T08:05:00.000Z,SYNTH_CELL_B,193,-109.67
2026-08-31T08:05:00.000Z,SYNTH_CELL_B,194,-109.78
2026-08-31T08:05:00.000Z,SYNTH_CELL_B,195,-111.15
2026-08-31T08:05:00.000Z,SYNTH_CELL_B,196,-112.7
2026-08-31T08:05:00.000Z,SYNTH_CELL_B,197,-107.93
2026-08-31T08:05:00.000Z,SYNTH_CELL_B,198,-113.27
2026-08-31T08:05:00.000Z,SYNTH_CELL_B,199,-111.82
2026-08-31T08:05:00.000Z,SYNTH_CELL_B,200,-111.17
2026-08-31T08:05:00.000Z,SYNTH_CELL_B,201,-111.9
2026-08-31T08:05:00.000Z,SYNTH_CELL_B,202,-107.3
2026-08-31T08:05:00.000Z,SYNTH_CELL_B,203,-110.49
2026-08-31T08:05:00.000Z,SYNTH_CELL_B,204,-109.86
2026-08-31T08:05:00.000Z,SYNTH_CELL_B,205,-110.14
2026-08-31T08:05:00.000Z,SYNTH_CELL_B,206,-112.32
2026-08-31T08:05:00.000Z,SYNTH_CELL_B,207,-107.63
2026-08-31T08:05:00.000Z,SYNTH_CELL_B,208,-113.39
2026-08-31T08:05:00.000Z,SYNTH_CELL_B,209,-109.02
2026-08-31T08:05:00.000Z,SYNTH_CELL_B,210,-108.95
2026-08-31T08:05:00.000Z,SYNTH_CELL_B,211,-109.75
2026-08-31T08:05:00.000Z,SYNTH_CELL_B,212,-111.95
2026-08-31T08:05:00.000Z,SYNTH_CELL_B,213,-109.79
2026-08-31T08:05:00.000Z,SYNTH_CELL_B,214,-109.25
2026-08-31T08:05:00.000Z,SYNTH_CELL_B,215,-107.72
2026-08-31T08:05:00.000Z,SYNTH_CELL_B,216,-109.52
2026-08-31T08:05:00.000Z,SYNTH_CELL_B,217,-108.9
2026-08-31T08:05:00.000Z,SYNTH_CELL_B,218,-107.07
2026-08-31T08:05:00.000Z,SYNTH_CELL_B,219,-112.64
2026-08-31T08:05:00.000Z,SYNTH_CELL_B,220,-108.73
2026-08-31T08:05:00.000Z,SYNTH_CELL_B,221,-113.26
2026-08-31T08:05:00.000Z,SYNTH_CELL_B,222,-111.7
2026-08-31T08:05:00.000Z,SYNTH_CELL_B,223,-108.32
2026-08-31T08:05:00.000Z,SYNTH_CELL_B,224,-109.43
2026-08-31T08:05:00.000Z,SYNTH_CELL_B,225,-113.63
2026-08-31T08:05:00.000Z,SYNTH_CELL_B,226,-111.56
2026-08-31T08:05:00.000Z,SYNTH_CELL_B,227,-108.36
2026-08-31T08:05:00.000Z,SYNTH_CELL_B,228,-107.83
2026-08-31T08:05:00.000Z,SYNTH_CELL_B,229,-113.11
2026-08-31T08:05:00.000Z,SYNTH_CELL_B,230,-109.08
2026-08-31T08:05:00.000Z,SYNTH_CELL_B,231,-113.84
2026-08-31T08:05:00.000Z,SYNTH_CELL_B,232,-111.3
2026-08-31T08:05:00.000Z,SYNTH_CELL_B,233,-111.87
2026-08-31T08:05:00.000Z,SYNTH_CELL_B,234,-108.66
2026-08-31T08:05:00.000Z,SYNTH_CELL_B,235,-110.72
2026-08-31T08:05:00.000Z,SYNTH_CELL_B,236,-113.71
2026-08-31T08:05:00.000Z,SYNTH_CELL_B,237,-109.99
2026-08-31T08:05:00.000Z,SYNTH_CELL_B,238,-107.54
2026-08-31T08:05:00.000Z,SYNTH_CELL_B,239,-113.06
2026-08-31T08:05:00.000Z,SYNTH_CELL_B,240,-109.1
2026-08-31T08:05:00.000Z,SYNTH_CELL_B,241,-113.83
2026-08-31T08:05:00.000Z,SYNTH_CELL_B,242,-111.5
2026-08-31T08:05:00.000Z,SYNTH_CELL_B,243,-111.3
2026-08-31T08:05:00.000Z,SYNTH_CELL_B,244,-109.51
2026-08-31T08:05:00.000Z,SYNTH_CELL_B,245,-110.09
2026-08-31T08:05:00.000Z,SYNTH_CELL_B,246,-113.02
2026-08-31T08:05:00.000Z,SYNTH_CELL_B,247,-113.89
2026-08-31T08:05:00.000Z,SYNTH_CELL_B,248,-111.65
2026-08-31T08:05:00.000Z,SYNTH_CELL_B,249,-111.81
2026-08-31T08:05:00.000Z,SYNTH_CELL_B,250,-109.48
2026-08-31T08:05:00.000Z,SYNTH_CELL_B,251,-113.65
2026-08-31T08:05:00.000Z,SYNTH_CELL_B,252,-110.79
2026-08-31T08:05:00.000Z,SYNTH_CELL_B,253,-108.08
2026-08-31T08:05:00.000Z,SYNTH_CELL_B,254,-112.97
2026-08-31T08:05:00.000Z,SYNTH_CELL_B,255,-111.68
2026-08-31T08:05:00.000Z,SYNTH_CELL_B,256,-113.47
2026-08-31T08:05:00.000Z,SYNTH_CELL_B,257,-112.95
2026-08-31T08:05:00.000Z,SYNTH_CELL_B,258,-109.86
2026-08-31T08:05:00.000Z,SYNTH_CELL_B,259,-107.19
2026-08-31T08:05:00.000Z,SYNTH_CELL_B,260,-107
2026-08-31T08:05:00.000Z,SYNTH_CELL_B,261,-110.31
2026-08-31T08:05:00.000Z,SYNTH_CELL_B,262,-110.31
2026-08-31T08:05:00.000Z,SYNTH_CELL_B,263,-109.51
2026-08-31T08:05:00.000Z,SYNTH_CELL_B,264,-112.06
2026-08-31T08:05:00.000Z,SYNTH_CELL_B,265,-111.91
2026-08-31T08:05:00.000Z,SYNTH_CELL_B,266,-112.85
2026-08-31T08:05:00.000Z,SYNTH_CELL_B,267,-109.09
2026-08-31T08:05:00.000Z,SYNTH_CELL_B,268,-108.1
2026-08-31T08:05:00.000Z,SYNTH_CELL_B,269,-111.48
2026-08-31T08:05:00.000Z,SYNTH_CELL_B,270,-109.64
2026-08-31T08:05:00.000Z,SYNTH_CELL_B,271,-112.79
2026-08-31T08:05:00.000Z,SYNTH_CELL_B,272,-111.4
2026-08-31T08:10:00.000Z,SYNTH_CELL_B,0,-110.25
2026-08-31T08:10:00.000Z,SYNTH_CELL_B,1,-113.37
2026-08-31T08:10:00.000Z,SYNTH_CELL_B,2,-108.42
2026-08-31T08:10:00.000Z,SYNTH_CELL_B,3,-110.11
2026-08-31T08:10:00.000Z,SYNTH_CELL_B,4,-113.94
2026-08-31T08:10:00.000Z,SYNTH_CELL_B,5,-110.92
2026-08-31T08:10:00.000Z,SYNTH_CELL_B,6,-113.5
2026-08-31T08:10:00.000Z,SYNTH_CELL_B,7,-109.99
2026-08-31T08:10:00.000Z,SYNTH_CELL_B,8,-111.16
2026-08-31T08:10:00.000Z,SYNTH_CELL_B,9,-111.8
2026-08-31T08:10:00.000Z,SYNTH_CELL_B,10,-108.11
2026-08-31T08:10:00.000Z,SYNTH_CELL_B,11,-109.37
2026-08-31T08:10:00.000Z,SYNTH_CELL_B,12,-110.27
2026-08-31T08:10:00.000Z,SYNTH_CELL_B,13,-111.66
2026-08-31T08:10:00.000Z,SYNTH_CELL_B,14,-107.93
2026-08-31T08:10:00.000Z,SYNTH_CELL_B,15,-108.04
2026-08-31T08:10:00.000Z,SYNTH_CELL_B,16,-111.18
2026-08-31T08:10:00.000Z,SYNTH_CELL_B,17,-109.84
2026-08-31T08:10:00.000Z,SYNTH_CELL_B,18,-108.34
2026-08-31T08:10:00.000Z,SYNTH_CELL_B,19,-107.99
2026-08-31T08:10:00.000Z,SYNTH_CELL_B,20,-108.3
2026-08-31T08:10:00.000Z,SYNTH_CELL_B,21,-107.76
2026-08-31T08:10:00.000Z,SYNTH_CELL_B,22,-112.69
2026-08-31T08:10:00.000Z,SYNTH_CELL_B,23,-107.57
2026-08-31T08:10:00.000Z,SYNTH_CELL_B,24,-109.06
2026-08-31T08:10:00.000Z,SYNTH_CELL_B,25,-112.91
2026-08-31T08:10:00.000Z,SYNTH_CELL_B,26,-112.88
2026-08-31T08:10:00.000Z,SYNTH_CELL_B,27,-108.35
2026-08-31T08:10:00.000Z,SYNTH_CELL_B,28,-111.5
2026-08-31T08:10:00.000Z,SYNTH_CELL_B,29,-113.64
2026-08-31T08:10:00.000Z,SYNTH_CELL_B,30,-113.01
2026-08-31T08:10:00.000Z,SYNTH_CELL_B,31,-113.93
2026-08-31T08:10:00.000Z,SYNTH_CELL_B,32,-110.97
2026-08-31T08:10:00.000Z,SYNTH_CELL_B,33,-109.03
2026-08-31T08:10:00.000Z,SYNTH_CELL_B,34,-112.11
2026-08-31T08:10:00.000Z,SYNTH_CELL_B,35,-113.79
2026-08-31T08:10:00.000Z,SYNTH_CELL_B,36,-107.86
2026-08-31T08:10:00.000Z,SYNTH_CELL_B,37,-109.61
2026-08-31T08:10:00.000Z,SYNTH_CELL_B,38,-108.88
2026-08-31T08:10:00.000Z,SYNTH_CELL_B,39,-107.91
2026-08-31T08:10:00.000Z,SYNTH_CELL_B,40,-109.47
2026-08-31T08:10:00.000Z,SYNTH_CELL_B,41,-108.85
2026-08-31T08:10:00.000Z,SYNTH_CELL_B,42,-107.87
2026-08-31T08:10:00.000Z,SYNTH_CELL_B,43,-108.98
2026-08-31T08:10:00.000Z,SYNTH_CELL_B,44,-112.54
2026-08-31T08:10:00.000Z,SYNTH_CELL_B,45,-109.03
2026-08-31T08:10:00.000Z,SYNTH_CELL_B,46,-113.34
2026-08-31T08:10:00.000Z,SYNTH_CELL_B,47,-107.77
2026-08-31T08:10:00.000Z,SYNTH_CELL_B,48,-108.66
2026-08-31T08:10:00.000Z,SYNTH_CELL_B,49,-109.9
2026-08-31T08:10:00.000Z,SYNTH_CELL_B,50,-111.46
2026-08-31T08:10:00.000Z,SYNTH_CELL_B,51,-113
2026-08-31T08:10:00.000Z,SYNTH_CELL_B,52,-113.34
2026-08-31T08:10:00.000Z,SYNTH_CELL_B,53,-108.58
2026-08-31T08:10:00.000Z,SYNTH_CELL_B,54,-111.46
2026-08-31T08:10:00.000Z,SYNTH_CELL_B,55,-111.08
2026-08-31T08:10:00.000Z,SYNTH_CELL_B,56,-107.48
2026-08-31T08:10:00.000Z,SYNTH_CELL_B,57,-109.99
2026-08-31T08:10:00.000Z,SYNTH_CELL_B,58,-113.5
2026-08-31T08:10:00.000Z,SYNTH_CELL_B,59,-112.94
2026-08-31T08:10:00.000Z,SYNTH_CELL_B,60,-108.89
2026-08-31T08:10:00.000Z,SYNTH_CELL_B,61,-111.81
2026-08-31T08:10:00.000Z,SYNTH_CELL_B,62,-109.19
2026-08-31T08:10:00.000Z,SYNTH_CELL_B,63,-111.93
2026-08-31T08:10:00.000Z,SYNTH_CELL_B,64,-108.95
2026-08-31T08:10:00.000Z,SYNTH_CELL_B,65,-112.17
2026-08-31T08:10:00.000Z,SYNTH_CELL_B,66,-108.59
2026-08-31T08:10:00.000Z,SYNTH_CELL_B,67,-113.09
2026-08-31T08:10:00.000Z,SYNTH_CELL_B,68,-113.27
2026-08-31T08:10:00.000Z,SYNTH_CELL_B,69,-111.1
2026-08-31T08:10:00.000Z,SYNTH_CELL_B,70,-110.76
2026-08-31T08:10:00.000Z,SYNTH_CELL_B,71,-113.53
2026-08-31T08:10:00.000Z,SYNTH_CELL_B,72,-112.34
2026-08-31T08:10:00.000Z,SYNTH_CELL_B,73,-111.74
2026-08-31T08:10:00.000Z,SYNTH_CELL_B,74,-109.75
2026-08-31T08:10:00.000Z,SYNTH_CELL_B,75,-110.16
2026-08-31T08:10:00.000Z,SYNTH_CELL_B,76,-109.13
2026-08-31T08:10:00.000Z,SYNTH_CELL_B,77,-113.31
2026-08-31T08:10:00.000Z,SYNTH_CELL_B,78,-109.08
2026-08-31T08:10:00.000Z,SYNTH_CELL_B,79,-112.73
2026-08-31T08:10:00.000Z,SYNTH_CELL_B,80,-113.66
2026-08-31T08:10:00.000Z,SYNTH_CELL_B,81,-108.95
2026-08-31T08:10:00.000Z,SYNTH_CELL_B,82,-110.59
2026-08-31T08:10:00.000Z,SYNTH_CELL_B,83,-112.24
2026-08-31T08:10:00.000Z,SYNTH_CELL_B,84,-112.37
2026-08-31T08:10:00.000Z,SYNTH_CELL_B,85,-108.49
2026-08-31T08:10:00.000Z,SYNTH_CELL_B,86,-113.56
2026-08-31T08:10:00.000Z,SYNTH_CELL_B,87,-108.85
2026-08-31T08:10:00.000Z,SYNTH_CELL_B,88,-111.13
2026-08-31T08:10:00.000Z,SYNTH_CELL_B,89,-108.42
2026-08-31T08:10:00.000Z,SYNTH_CELL_B,90,-110.81
2026-08-31T08:10:00.000Z,SYNTH_CELL_B,91,-107.72
2026-08-31T08:10:00.000Z,SYNTH_CELL_B,92,-112.65
2026-08-31T08:10:00.000Z,SYNTH_CELL_B,93,-113.25
2026-08-31T08:10:00.000Z,SYNTH_CELL_B,94,-110.55
2026-08-31T08:10:00.000Z,SYNTH_CELL_B,95,-109.82
2026-08-31T08:10:00.000Z,SYNTH_CELL_B,96,-112.92
2026-08-31T08:10:00.000Z,SYNTH_CELL_B,97,-109.84
2026-08-31T08:10:00.000Z,SYNTH_CELL_B,98,-107.45
2026-08-31T08:10:00.000Z,SYNTH_CELL_B,99,-111.55
2026-08-31T08:10:00.000Z,SYNTH_CELL_B,100,-109.96
2026-08-31T08:10:00.000Z,SYNTH_CELL_B,101,-113.09
2026-08-31T08:10:00.000Z,SYNTH_CELL_B,102,-108.34
2026-08-31T08:10:00.000Z,SYNTH_CELL_B,103,-112.54
2026-08-31T08:10:00.000Z,SYNTH_CELL_B,104,-111.58
2026-08-31T08:10:00.000Z,SYNTH_CELL_B,105,-107.82
2026-08-31T08:10:00.000Z,SYNTH_CELL_B,106,-107.87
2026-08-31T08:10:00.000Z,SYNTH_CELL_B,107,-110.54
2026-08-31T08:10:00.000Z,SYNTH_CELL_B,108,-113.89
2026-08-31T08:10:00.000Z,SYNTH_CELL_B,109,-110.7
2026-08-31T08:10:00.000Z,SYNTH_CELL_B,110,-112.04
2026-08-31T08:10:00.000Z,SYNTH_CELL_B,111,-111.34
2026-08-31T08:10:00.000Z,SYNTH_CELL_B,112,-113.92
2026-08-31T08:10:00.000Z,SYNTH_CELL_B,113,-107.14
2026-08-31T08:10:00.000Z,SYNTH_CELL_B,114,-111.76
2026-08-31T08:10:00.000Z,SYNTH_CELL_B,115,-111.82
2026-08-31T08:10:00.000Z,SYNTH_CELL_B,116,-107.01
2026-08-31T08:10:00.000Z,SYNTH_CELL_B,117,-108.57
2026-08-31T08:10:00.000Z,SYNTH_CELL_B,118,-111
2026-08-31T08:10:00.000Z,SYNTH_CELL_B,119,-112.36
2026-08-31T08:10:00.000Z,SYNTH_CELL_B,120,-110.68
2026-08-31T08:10:00.000Z,SYNTH_CELL_B,121,-113.15
2026-08-31T08:10:00.000Z,SYNTH_CELL_B,122,-111.36
2026-08-31T08:10:00.000Z,SYNTH_CELL_B,123,-110.1
2026-08-31T08:10:00.000Z,SYNTH_CELL_B,124,-109.65
2026-08-31T08:10:00.000Z,SYNTH_CELL_B,125,-110.65
2026-08-31T08:10:00.000Z,SYNTH_CELL_B,126,-108.3
2026-08-31T08:10:00.000Z,SYNTH_CELL_B,127,-108.59
2026-08-31T08:10:00.000Z,SYNTH_CELL_B,128,-110.23
2026-08-31T08:10:00.000Z,SYNTH_CELL_B,129,-111.04
2026-08-31T08:10:00.000Z,SYNTH_CELL_B,130,-112.53
2026-08-31T08:10:00.000Z,SYNTH_CELL_B,131,-109.43
2026-08-31T08:10:00.000Z,SYNTH_CELL_B,132,-107.51
2026-08-31T08:10:00.000Z,SYNTH_CELL_B,133,-113.43
2026-08-31T08:10:00.000Z,SYNTH_CELL_B,134,-111.82
2026-08-31T08:10:00.000Z,SYNTH_CELL_B,135,-107.81
2026-08-31T08:10:00.000Z,SYNTH_CELL_B,136,-111.52
2026-08-31T08:10:00.000Z,SYNTH_CELL_B,137,-107.38
2026-08-31T08:10:00.000Z,SYNTH_CELL_B,138,-112.25
2026-08-31T08:10:00.000Z,SYNTH_CELL_B,139,-113.78
2026-08-31T08:10:00.000Z,SYNTH_CELL_B,140,-112.36
2026-08-31T08:10:00.000Z,SYNTH_CELL_B,141,-107.38
2026-08-31T08:10:00.000Z,SYNTH_CELL_B,142,-111.05
2026-08-31T08:10:00.000Z,SYNTH_CELL_B,143,-109.12
2026-08-31T08:10:00.000Z,SYNTH_CELL_B,144,-109.52
2026-08-31T08:10:00.000Z,SYNTH_CELL_B,145,-109.39
2026-08-31T08:10:00.000Z,SYNTH_CELL_B,146,-112.07
2026-08-31T08:10:00.000Z,SYNTH_CELL_B,147,-108.9
2026-08-31T08:10:00.000Z,SYNTH_CELL_B,148,-113.24
2026-08-31T08:10:00.000Z,SYNTH_CELL_B,149,-110.61
2026-08-31T08:10:00.000Z,SYNTH_CELL_B,150,-112.86
2026-08-31T08:10:00.000Z,SYNTH_CELL_B,151,-111.63
2026-08-31T08:10:00.000Z,SYNTH_CELL_B,152,-110.1
2026-08-31T08:10:00.000Z,SYNTH_CELL_B,153,-109.26
2026-08-31T08:10:00.000Z,SYNTH_CELL_B,154,-111.47
2026-08-31T08:10:00.000Z,SYNTH_CELL_B,155,-113.96
2026-08-31T08:10:00.000Z,SYNTH_CELL_B,156,-110.75
2026-08-31T08:10:00.000Z,SYNTH_CELL_B,157,-113.47
2026-08-31T08:10:00.000Z,SYNTH_CELL_B,158,-110.9
2026-08-31T08:10:00.000Z,SYNTH_CELL_B,159,-113.93
2026-08-31T08:10:00.000Z,SYNTH_CELL_B,160,-110.88
2026-08-31T08:10:00.000Z,SYNTH_CELL_B,161,-111.09
2026-08-31T08:10:00.000Z,SYNTH_CELL_B,162,-113.43
2026-08-31T08:10:00.000Z,SYNTH_CELL_B,163,-110.55
2026-08-31T08:10:00.000Z,SYNTH_CELL_B,164,-111.73
2026-08-31T08:10:00.000Z,SYNTH_CELL_B,165,-113.19
2026-08-31T08:10:00.000Z,SYNTH_CELL_B,166,-111.03
2026-08-31T08:10:00.000Z,SYNTH_CELL_B,167,-107.49
2026-08-31T08:10:00.000Z,SYNTH_CELL_B,168,-108.19
2026-08-31T08:10:00.000Z,SYNTH_CELL_B,169,-111.14
2026-08-31T08:10:00.000Z,SYNTH_CELL_B,170,-113.11
2026-08-31T08:10:00.000Z,SYNTH_CELL_B,171,-107.58
2026-08-31T08:10:00.000Z,SYNTH_CELL_B,172,-107.1
2026-08-31T08:10:00.000Z,SYNTH_CELL_B,173,-108.67
2026-08-31T08:10:00.000Z,SYNTH_CELL_B,174,-113.14
2026-08-31T08:10:00.000Z,SYNTH_CELL_B,175,-112.56
2026-08-31T08:10:00.000Z,SYNTH_CELL_B,176,-112.04
2026-08-31T08:10:00.000Z,SYNTH_CELL_B,177,-110.43
2026-08-31T08:10:00.000Z,SYNTH_CELL_B,178,-112.56
2026-08-31T08:10:00.000Z,SYNTH_CELL_B,179,-107.59
2026-08-31T08:10:00.000Z,SYNTH_CELL_B,180,-109.38
2026-08-31T08:10:00.000Z,SYNTH_CELL_B,181,-109.42
2026-08-31T08:10:00.000Z,SYNTH_CELL_B,182,-110.98
2026-08-31T08:10:00.000Z,SYNTH_CELL_B,183,-107.61
2026-08-31T08:10:00.000Z,SYNTH_CELL_B,184,-111.45
2026-08-31T08:10:00.000Z,SYNTH_CELL_B,185,-108.36
2026-08-31T08:10:00.000Z,SYNTH_CELL_B,186,-111.23
2026-08-31T08:10:00.000Z,SYNTH_CELL_B,187,-111.72
2026-08-31T08:10:00.000Z,SYNTH_CELL_B,188,-109.66
2026-08-31T08:10:00.000Z,SYNTH_CELL_B,189,-112.03
2026-08-31T08:10:00.000Z,SYNTH_CELL_B,190,-111.58
2026-08-31T08:10:00.000Z,SYNTH_CELL_B,191,-112.42
2026-08-31T08:10:00.000Z,SYNTH_CELL_B,192,-112.76
2026-08-31T08:10:00.000Z,SYNTH_CELL_B,193,-111.4
2026-08-31T08:10:00.000Z,SYNTH_CELL_B,194,-113.24
2026-08-31T08:10:00.000Z,SYNTH_CELL_B,195,-110.54
2026-08-31T08:10:00.000Z,SYNTH_CELL_B,196,-109.65
2026-08-31T08:10:00.000Z,SYNTH_CELL_B,197,-108.21
2026-08-31T08:10:00.000Z,SYNTH_CELL_B,198,-108.42
2026-08-31T08:10:00.000Z,SYNTH_CELL_B,199,-107.39
2026-08-31T08:10:00.000Z,SYNTH_CELL_B,200,-110.93
2026-08-31T08:10:00.000Z,SYNTH_CELL_B,201,-109.56
2026-08-31T08:10:00.000Z,SYNTH_CELL_B,202,-112.63
2026-08-31T08:10:00.000Z,SYNTH_CELL_B,203,-108.61
2026-08-31T08:10:00.000Z,SYNTH_CELL_B,204,-109.02
2026-08-31T08:10:00.000Z,SYNTH_CELL_B,205,-112.85
2026-08-31T08:10:00.000Z,SYNTH_CELL_B,206,-108.72
2026-08-31T08:10:00.000Z,SYNTH_CELL_B,207,-111.03
2026-08-31T08:10:00.000Z,SYNTH_CELL_B,208,-111.35
2026-08-31T08:10:00.000Z,SYNTH_CELL_B,209,-108.42
2026-08-31T08:10:00.000Z,SYNTH_CELL_B,210,-113.5
2026-08-31T08:10:00.000Z,SYNTH_CELL_B,211,-113.88
2026-08-31T08:10:00.000Z,SYNTH_CELL_B,212,-107.57
2026-08-31T08:10:00.000Z,SYNTH_CELL_B,213,-112.99
2026-08-31T08:10:00.000Z,SYNTH_CELL_B,214,-108.68
2026-08-31T08:10:00.000Z,SYNTH_CELL_B,215,-111.21
2026-08-31T08:10:00.000Z,SYNTH_CELL_B,216,-111.53
2026-08-31T08:10:00.000Z,SYNTH_CELL_B,217,-114
2026-08-31T08:10:00.000Z,SYNTH_CELL_B,218,-110.22
2026-08-31T08:10:00.000Z,SYNTH_CELL_B,219,-113.96
2026-08-31T08:10:00.000Z,SYNTH_CELL_B,220,-111.14
2026-08-31T08:10:00.000Z,SYNTH_CELL_B,221,-113
2026-08-31T08:10:00.000Z,SYNTH_CELL_B,222,-110.83
2026-08-31T08:10:00.000Z,SYNTH_CELL_B,223,-109.41
2026-08-31T08:10:00.000Z,SYNTH_CELL_B,224,-108.89
2026-08-31T08:10:00.000Z,SYNTH_CELL_B,225,-113
2026-08-31T08:10:00.000Z,SYNTH_CELL_B,226,-113.84
2026-08-31T08:10:00.000Z,SYNTH_CELL_B,227,-111.13
2026-08-31T08:10:00.000Z,SYNTH_CELL_B,228,-107.15
2026-08-31T08:10:00.000Z,SYNTH_CELL_B,229,-111.78
2026-08-31T08:10:00.000Z,SYNTH_CELL_B,230,-112.16
2026-08-31T08:10:00.000Z,SYNTH_CELL_B,231,-109.51
2026-08-31T08:10:00.000Z,SYNTH_CELL_B,232,-109.18
2026-08-31T08:10:00.000Z,SYNTH_CELL_B,233,-107.4
2026-08-31T08:10:00.000Z,SYNTH_CELL_B,234,-111.53
2026-08-31T08:10:00.000Z,SYNTH_CELL_B,235,-110.91
2026-08-31T08:10:00.000Z,SYNTH_CELL_B,236,-108.74
2026-08-31T08:10:00.000Z,SYNTH_CELL_B,237,-107.73
2026-08-31T08:10:00.000Z,SYNTH_CELL_B,238,-107.74
2026-08-31T08:10:00.000Z,SYNTH_CELL_B,239,-110.49
2026-08-31T08:10:00.000Z,SYNTH_CELL_B,240,-111.17
2026-08-31T08:10:00.000Z,SYNTH_CELL_B,241,-108.44
2026-08-31T08:10:00.000Z,SYNTH_CELL_B,242,-109.73
2026-08-31T08:10:00.000Z,SYNTH_CELL_B,243,-110.05
2026-08-31T08:10:00.000Z,SYNTH_CELL_B,244,-109.66
2026-08-31T08:10:00.000Z,SYNTH_CELL_B,245,-108.51
2026-08-31T08:10:00.000Z,SYNTH_CELL_B,246,-111.23
2026-08-31T08:10:00.000Z,SYNTH_CELL_B,247,-110.17
2026-08-31T08:10:00.000Z,SYNTH_CELL_B,248,-108.4
2026-08-31T08:10:00.000Z,SYNTH_CELL_B,249,-113.83
2026-08-31T08:10:00.000Z,SYNTH_CELL_B,250,-109.51
2026-08-31T08:10:00.000Z,SYNTH_CELL_B,251,-111.06
2026-08-31T08:10:00.000Z,SYNTH_CELL_B,252,-109.09
2026-08-31T08:10:00.000Z,SYNTH_CELL_B,253,-107.27
2026-08-31T08:10:00.000Z,SYNTH_CELL_B,254,-108.75
2026-08-31T08:10:00.000Z,SYNTH_CELL_B,255,-107.83
2026-08-31T08:10:00.000Z,SYNTH_CELL_B,256,-110.16
2026-08-31T08:10:00.000Z,SYNTH_CELL_B,257,-110.99
2026-08-31T08:10:00.000Z,SYNTH_CELL_B,258,-108.16
2026-08-31T08:10:00.000Z,SYNTH_CELL_B,259,-107.79
2026-08-31T08:10:00.000Z,SYNTH_CELL_B,260,-111.91
2026-08-31T08:10:00.000Z,SYNTH_CELL_B,261,-109.81
2026-08-31T08:10:00.000Z,SYNTH_CELL_B,262,-110.17
2026-08-31T08:10:00.000Z,SYNTH_CELL_B,263,-113.85
2026-08-31T08:10:00.000Z,SYNTH_CELL_B,264,-113.67
2026-08-31T08:10:00.000Z,SYNTH_CELL_B,265,-108.54
2026-08-31T08:10:00.000Z,SYNTH_CELL_B,266,-113.52
2026-08-31T08:10:00.000Z,SYNTH_CELL_B,267,-108.88
2026-08-31T08:10:00.000Z,SYNTH_CELL_B,268,-109.8
2026-08-31T08:10:00.000Z,SYNTH_CELL_B,269,-113.6
2026-08-31T08:10:00.000Z,SYNTH_CELL_B,270,-112.11
2026-08-31T08:10:00.000Z,SYNTH_CELL_B,271,-111.55
2026-08-31T08:10:00.000Z,SYNTH_CELL_B,272,-112.31
2026-08-31T08:15:00.000Z,SYNTH_CELL_B,0,-113.35
2026-08-31T08:15:00.000Z,SYNTH_CELL_B,1,-110.53
2026-08-31T08:15:00.000Z,SYNTH_CELL_B,2,-111.67
2026-08-31T08:15:00.000Z,SYNTH_CELL_B,3,-112.54
2026-08-31T08:15:00.000Z,SYNTH_CELL_B,4,-114
2026-08-31T08:15:00.000Z,SYNTH_CELL_B,5,-113.95
2026-08-31T08:15:00.000Z,SYNTH_CELL_B,6,-109.04
2026-08-31T08:15:00.000Z,SYNTH_CELL_B,7,-113.92
2026-08-31T08:15:00.000Z,SYNTH_CELL_B,8,-110
2026-08-31T08:15:00.000Z,SYNTH_CELL_B,9,-107.67
2026-08-31T08:15:00.000Z,SYNTH_CELL_B,10,-113.36
2026-08-31T08:15:00.000Z,SYNTH_CELL_B,11,-113.87
2026-08-31T08:15:00.000Z,SYNTH_CELL_B,12,-113.46
2026-08-31T08:15:00.000Z,SYNTH_CELL_B,13,-111.03
2026-08-31T08:15:00.000Z,SYNTH_CELL_B,14,-110.09
2026-08-31T08:15:00.000Z,SYNTH_CELL_B,15,-113.93
2026-08-31T08:15:00.000Z,SYNTH_CELL_B,16,-108.96
2026-08-31T08:15:00.000Z,SYNTH_CELL_B,17,-110.29
2026-08-31T08:15:00.000Z,SYNTH_CELL_B,18,-108.07
2026-08-31T08:15:00.000Z,SYNTH_CELL_B,19,-109.32
2026-08-31T08:15:00.000Z,SYNTH_CELL_B,20,-112.02
2026-08-31T08:15:00.000Z,SYNTH_CELL_B,21,-113.55
2026-08-31T08:15:00.000Z,SYNTH_CELL_B,22,-111.2
2026-08-31T08:15:00.000Z,SYNTH_CELL_B,23,-111.63
2026-08-31T08:15:00.000Z,SYNTH_CELL_B,24,-109.93
2026-08-31T08:15:00.000Z,SYNTH_CELL_B,25,-113.28
2026-08-31T08:15:00.000Z,SYNTH_CELL_B,26,-112.46
2026-08-31T08:15:00.000Z,SYNTH_CELL_B,27,-107.3
2026-08-31T08:15:00.000Z,SYNTH_CELL_B,28,-108.88
2026-08-31T08:15:00.000Z,SYNTH_CELL_B,29,-110.72
2026-08-31T08:15:00.000Z,SYNTH_CELL_B,30,-110
2026-08-31T08:15:00.000Z,SYNTH_CELL_B,31,-113.01
2026-08-31T08:15:00.000Z,SYNTH_CELL_B,32,-112.01
2026-08-31T08:15:00.000Z,SYNTH_CELL_B,33,-111.36
2026-08-31T08:15:00.000Z,SYNTH_CELL_B,34,-110.22
2026-08-31T08:15:00.000Z,SYNTH_CELL_B,35,-111.12
2026-08-31T08:15:00.000Z,SYNTH_CELL_B,36,-112.52
2026-08-31T08:15:00.000Z,SYNTH_CELL_B,37,-112.23
2026-08-31T08:15:00.000Z,SYNTH_CELL_B,38,-110.96
2026-08-31T08:15:00.000Z,SYNTH_CELL_B,39,-109.85
2026-08-31T08:15:00.000Z,SYNTH_CELL_B,40,-109.06
2026-08-31T08:15:00.000Z,SYNTH_CELL_B,41,-108.94
2026-08-31T08:15:00.000Z,SYNTH_CELL_B,42,-107.15
2026-08-31T08:15:00.000Z,SYNTH_CELL_B,43,-111.05
2026-08-31T08:15:00.000Z,SYNTH_CELL_B,44,-108.64
2026-08-31T08:15:00.000Z,SYNTH_CELL_B,45,-108.05
2026-08-31T08:15:00.000Z,SYNTH_CELL_B,46,-112.14
2026-08-31T08:15:00.000Z,SYNTH_CELL_B,47,-111.03
2026-08-31T08:15:00.000Z,SYNTH_CELL_B,48,-110.65
2026-08-31T08:15:00.000Z,SYNTH_CELL_B,49,-109.19
2026-08-31T08:15:00.000Z,SYNTH_CELL_B,50,-111.51
2026-08-31T08:15:00.000Z,SYNTH_CELL_B,51,-112.83
2026-08-31T08:15:00.000Z,SYNTH_CELL_B,52,-107.52
2026-08-31T08:15:00.000Z,SYNTH_CELL_B,53,-112.37
2026-08-31T08:15:00.000Z,SYNTH_CELL_B,54,-110.82
2026-08-31T08:15:00.000Z,SYNTH_CELL_B,55,-107.36
2026-08-31T08:15:00.000Z,SYNTH_CELL_B,56,-109.84
2026-08-31T08:15:00.000Z,SYNTH_CELL_B,57,-107.65
2026-08-31T08:15:00.000Z,SYNTH_CELL_B,58,-110.22
2026-08-31T08:15:00.000Z,SYNTH_CELL_B,59,-113.4
2026-08-31T08:15:00.000Z,SYNTH_CELL_B,60,-112.67
2026-08-31T08:15:00.000Z,SYNTH_CELL_B,61,-109.33
2026-08-31T08:15:00.000Z,SYNTH_CELL_B,62,-111.8
2026-08-31T08:15:00.000Z,SYNTH_CELL_B,63,-107.76
2026-08-31T08:15:00.000Z,SYNTH_CELL_B,64,-109.05
2026-08-31T08:15:00.000Z,SYNTH_CELL_B,65,-107.82
2026-08-31T08:15:00.000Z,SYNTH_CELL_B,66,-111.46
2026-08-31T08:15:00.000Z,SYNTH_CELL_B,67,-110.53
2026-08-31T08:15:00.000Z,SYNTH_CELL_B,68,-109.61
2026-08-31T08:15:00.000Z,SYNTH_CELL_B,69,-113.01
2026-08-31T08:15:00.000Z,SYNTH_CELL_B,70,-111.46
2026-08-31T08:15:00.000Z,SYNTH_CELL_B,71,-109.49
2026-08-31T08:15:00.000Z,SYNTH_CELL_B,72,-113.28
2026-08-31T08:15:00.000Z,SYNTH_CELL_B,73,-113.47
2026-08-31T08:15:00.000Z,SYNTH_CELL_B,74,-112.57
2026-08-31T08:15:00.000Z,SYNTH_CELL_B,75,-109.71
2026-08-31T08:15:00.000Z,SYNTH_CELL_B,76,-107.06
2026-08-31T08:15:00.000Z,SYNTH_CELL_B,77,-111.24
2026-08-31T08:15:00.000Z,SYNTH_CELL_B,78,-107.71
2026-08-31T08:15:00.000Z,SYNTH_CELL_B,79,-111.34
2026-08-31T08:15:00.000Z,SYNTH_CELL_B,80,-109.79
2026-08-31T08:15:00.000Z,SYNTH_CELL_B,81,-112.38
2026-08-31T08:15:00.000Z,SYNTH_CELL_B,82,-113.04
2026-08-31T08:15:00.000Z,SYNTH_CELL_B,83,-112.72
2026-08-31T08:15:00.000Z,SYNTH_CELL_B,84,-113.86
2026-08-31T08:15:00.000Z,SYNTH_CELL_B,85,-107.41
2026-08-31T08:15:00.000Z,SYNTH_CELL_B,86,-111.54
2026-08-31T08:15:00.000Z,SYNTH_CELL_B,87,-109.95
2026-08-31T08:15:00.000Z,SYNTH_CELL_B,88,-107.67
2026-08-31T08:15:00.000Z,SYNTH_CELL_B,89,-110.85
2026-08-31T08:15:00.000Z,SYNTH_CELL_B,90,-112.48
2026-08-31T08:15:00.000Z,SYNTH_CELL_B,91,-113.19
2026-08-31T08:15:00.000Z,SYNTH_CELL_B,92,-109.45
2026-08-31T08:15:00.000Z,SYNTH_CELL_B,93,-112.1
2026-08-31T08:15:00.000Z,SYNTH_CELL_B,94,-110.8
2026-08-31T08:15:00.000Z,SYNTH_CELL_B,95,-109.07
2026-08-31T08:15:00.000Z,SYNTH_CELL_B,96,-108.23
2026-08-31T08:15:00.000Z,SYNTH_CELL_B,97,-112.24
2026-08-31T08:15:00.000Z,SYNTH_CELL_B,98,-107.7
2026-08-31T08:15:00.000Z,SYNTH_CELL_B,99,-108.62
2026-08-31T08:15:00.000Z,SYNTH_CELL_B,100,-108.24
2026-08-31T08:15:00.000Z,SYNTH_CELL_B,101,-113.13
2026-08-31T08:15:00.000Z,SYNTH_CELL_B,102,-108.97
2026-08-31T08:15:00.000Z,SYNTH_CELL_B,103,-112.6
2026-08-31T08:15:00.000Z,SYNTH_CELL_B,104,-109.12
2026-08-31T08:15:00.000Z,SYNTH_CELL_B,105,-107.71
2026-08-31T08:15:00.000Z,SYNTH_CELL_B,106,-108.18
2026-08-31T08:15:00.000Z,SYNTH_CELL_B,107,-112.75
2026-08-31T08:15:00.000Z,SYNTH_CELL_B,108,-113.14
2026-08-31T08:15:00.000Z,SYNTH_CELL_B,109,-113.34
2026-08-31T08:15:00.000Z,SYNTH_CELL_B,110,-110.84
2026-08-31T08:15:00.000Z,SYNTH_CELL_B,111,-108.09
2026-08-31T08:15:00.000Z,SYNTH_CELL_B,112,-110.36
2026-08-31T08:15:00.000Z,SYNTH_CELL_B,113,-108.1
2026-08-31T08:15:00.000Z,SYNTH_CELL_B,114,-108.54
2026-08-31T08:15:00.000Z,SYNTH_CELL_B,115,-108.44
2026-08-31T08:15:00.000Z,SYNTH_CELL_B,116,-111.57
2026-08-31T08:15:00.000Z,SYNTH_CELL_B,117,-108.5
2026-08-31T08:15:00.000Z,SYNTH_CELL_B,118,-107.65
2026-08-31T08:15:00.000Z,SYNTH_CELL_B,119,-111.3
2026-08-31T08:15:00.000Z,SYNTH_CELL_B,120,-109.74
2026-08-31T08:15:00.000Z,SYNTH_CELL_B,121,-108.71
2026-08-31T08:15:00.000Z,SYNTH_CELL_B,122,-107.35
2026-08-31T08:15:00.000Z,SYNTH_CELL_B,123,-108.59
2026-08-31T08:15:00.000Z,SYNTH_CELL_B,124,-109.46
2026-08-31T08:15:00.000Z,SYNTH_CELL_B,125,-112.94
2026-08-31T08:15:00.000Z,SYNTH_CELL_B,126,-110.37
2026-08-31T08:15:00.000Z,SYNTH_CELL_B,127,-109.87
2026-08-31T08:15:00.000Z,SYNTH_CELL_B,128,-111.76
2026-08-31T08:15:00.000Z,SYNTH_CELL_B,129,-107.66
2026-08-31T08:15:00.000Z,SYNTH_CELL_B,130,-109.69
2026-08-31T08:15:00.000Z,SYNTH_CELL_B,131,-112.66
2026-08-31T08:15:00.000Z,SYNTH_CELL_B,132,-109.65
2026-08-31T08:15:00.000Z,SYNTH_CELL_B,133,-107.24
2026-08-31T08:15:00.000Z,SYNTH_CELL_B,134,-113.68
2026-08-31T08:15:00.000Z,SYNTH_CELL_B,135,-111.69
2026-08-31T08:15:00.000Z,SYNTH_CELL_B,136,-107.47
2026-08-31T08:15:00.000Z,SYNTH_CELL_B,137,-113.06
2026-08-31T08:15:00.000Z,SYNTH_CELL_B,138,-110.51
2026-08-31T08:15:00.000Z,SYNTH_CELL_B,139,-113.02
2026-08-31T08:15:00.000Z,SYNTH_CELL_B,140,-107.23
2026-08-31T08:15:00.000Z,SYNTH_CELL_B,141,-112.76
2026-08-31T08:15:00.000Z,SYNTH_CELL_B,142,-111.13
2026-08-31T08:15:00.000Z,SYNTH_CELL_B,143,-111.8
2026-08-31T08:15:00.000Z,SYNTH_CELL_B,144,-109.95
2026-08-31T08:15:00.000Z,SYNTH_CELL_B,145,-113.88
2026-08-31T08:15:00.000Z,SYNTH_CELL_B,146,-108.74
2026-08-31T08:15:00.000Z,SYNTH_CELL_B,147,-111.85
2026-08-31T08:15:00.000Z,SYNTH_CELL_B,148,-110.02
2026-08-31T08:15:00.000Z,SYNTH_CELL_B,149,-107.59
2026-08-31T08:15:00.000Z,SYNTH_CELL_B,150,-107.78
2026-08-31T08:15:00.000Z,SYNTH_CELL_B,151,-110.95
2026-08-31T08:15:00.000Z,SYNTH_CELL_B,152,-109.59
2026-08-31T08:15:00.000Z,SYNTH_CELL_B,153,-110.72
2026-08-31T08:15:00.000Z,SYNTH_CELL_B,154,-109.52
2026-08-31T08:15:00.000Z,SYNTH_CELL_B,155,-108.72
2026-08-31T08:15:00.000Z,SYNTH_CELL_B,156,-110.11
2026-08-31T08:15:00.000Z,SYNTH_CELL_B,157,-111.83
2026-08-31T08:15:00.000Z,SYNTH_CELL_B,158,-109.25
2026-08-31T08:15:00.000Z,SYNTH_CELL_B,159,-110.19
2026-08-31T08:15:00.000Z,SYNTH_CELL_B,160,-107.99
2026-08-31T08:15:00.000Z,SYNTH_CELL_B,161,-111.38
2026-08-31T08:15:00.000Z,SYNTH_CELL_B,162,-111.28
2026-08-31T08:15:00.000Z,SYNTH_CELL_B,163,-111.73
2026-08-31T08:15:00.000Z,SYNTH_CELL_B,164,-107.67
2026-08-31T08:15:00.000Z,SYNTH_CELL_B,165,-109.68
2026-08-31T08:15:00.000Z,SYNTH_CELL_B,166,-111.88
2026-08-31T08:15:00.000Z,SYNTH_CELL_B,167,-112.21
2026-08-31T08:15:00.000Z,SYNTH_CELL_B,168,-109.33
2026-08-31T08:15:00.000Z,SYNTH_CELL_B,169,-113.39
2026-08-31T08:15:00.000Z,SYNTH_CELL_B,170,-112.56
2026-08-31T08:15:00.000Z,SYNTH_CELL_B,171,-108
2026-08-31T08:15:00.000Z,SYNTH_CELL_B,172,-112.59
2026-08-31T08:15:00.000Z,SYNTH_CELL_B,173,-112.17
2026-08-31T08:15:00.000Z,SYNTH_CELL_B,174,-107.12
2026-08-31T08:15:00.000Z,SYNTH_CELL_B,175,-107.28
2026-08-31T08:15:00.000Z,SYNTH_CELL_B,176,-107.76
2026-08-31T08:15:00.000Z,SYNTH_CELL_B,177,-109.76
2026-08-31T08:15:00.000Z,SYNTH_CELL_B,178,-112.04
2026-08-31T08:15:00.000Z,SYNTH_CELL_B,179,-108.11
2026-08-31T08:15:00.000Z,SYNTH_CELL_B,180,-110.38
2026-08-31T08:15:00.000Z,SYNTH_CELL_B,181,-112.01
2026-08-31T08:15:00.000Z,SYNTH_CELL_B,182,-107.01
2026-08-31T08:15:00.000Z,SYNTH_CELL_B,183,-110.42
2026-08-31T08:15:00.000Z,SYNTH_CELL_B,184,-112.69
2026-08-31T08:15:00.000Z,SYNTH_CELL_B,185,-113.89
2026-08-31T08:15:00.000Z,SYNTH_CELL_B,186,-109.45
2026-08-31T08:15:00.000Z,SYNTH_CELL_B,187,-112.91
2026-08-31T08:15:00.000Z,SYNTH_CELL_B,188,-113.18
2026-08-31T08:15:00.000Z,SYNTH_CELL_B,189,-113.35
2026-08-31T08:15:00.000Z,SYNTH_CELL_B,190,-110.14
2026-08-31T08:15:00.000Z,SYNTH_CELL_B,191,-108.98
2026-08-31T08:15:00.000Z,SYNTH_CELL_B,192,-112.37
2026-08-31T08:15:00.000Z,SYNTH_CELL_B,193,-110.06
2026-08-31T08:15:00.000Z,SYNTH_CELL_B,194,-108.11
2026-08-31T08:15:00.000Z,SYNTH_CELL_B,195,-109.09
2026-08-31T08:15:00.000Z,SYNTH_CELL_B,196,-109.98
2026-08-31T08:15:00.000Z,SYNTH_CELL_B,197,-109.48
2026-08-31T08:15:00.000Z,SYNTH_CELL_B,198,-112.27
2026-08-31T08:15:00.000Z,SYNTH_CELL_B,199,-112.47
2026-08-31T08:15:00.000Z,SYNTH_CELL_B,200,-111.05
2026-08-31T08:15:00.000Z,SYNTH_CELL_B,201,-110.94
2026-08-31T08:15:00.000Z,SYNTH_CELL_B,202,-110.23
2026-08-31T08:15:00.000Z,SYNTH_CELL_B,203,-111.39
2026-08-31T08:15:00.000Z,SYNTH_CELL_B,204,-113.63
2026-08-31T08:15:00.000Z,SYNTH_CELL_B,205,-113.95
2026-08-31T08:15:00.000Z,SYNTH_CELL_B,206,-109.94
2026-08-31T08:15:00.000Z,SYNTH_CELL_B,207,-113.38
2026-08-31T08:15:00.000Z,SYNTH_CELL_B,208,-113.66
2026-08-31T08:15:00.000Z,SYNTH_CELL_B,209,-107.19
2026-08-31T08:15:00.000Z,SYNTH_CELL_B,210,-108.01
2026-08-31T08:15:00.000Z,SYNTH_CELL_B,211,-110.69
2026-08-31T08:15:00.000Z,SYNTH_CELL_B,212,-113.86
2026-08-31T08:15:00.000Z,SYNTH_CELL_B,213,-109.15
2026-08-31T08:15:00.000Z,SYNTH_CELL_B,214,-111.51
2026-08-31T08:15:00.000Z,SYNTH_CELL_B,215,-107.94
2026-08-31T08:15:00.000Z,SYNTH_CELL_B,216,-109.64
2026-08-31T08:15:00.000Z,SYNTH_CELL_B,217,-112.66
2026-08-31T08:15:00.000Z,SYNTH_CELL_B,218,-109.1
2026-08-31T08:15:00.000Z,SYNTH_CELL_B,219,-109.28
2026-08-31T08:15:00.000Z,SYNTH_CELL_B,220,-108.8
2026-08-31T08:15:00.000Z,SYNTH_CELL_B,221,-107.28
2026-08-31T08:15:00.000Z,SYNTH_CELL_B,222,-111.59
2026-08-31T08:15:00.000Z,SYNTH_CELL_B,223,-112.77
2026-08-31T08:15:00.000Z,SYNTH_CELL_B,224,-109.13
2026-08-31T08:15:00.000Z,SYNTH_CELL_B,225,-108.58
2026-08-31T08:15:00.000Z,SYNTH_CELL_B,226,-108.83
2026-08-31T08:15:00.000Z,SYNTH_CELL_B,227,-111.32
2026-08-31T08:15:00.000Z,SYNTH_CELL_B,228,-111.82
2026-08-31T08:15:00.000Z,SYNTH_CELL_B,229,-109.39
2026-08-31T08:15:00.000Z,SYNTH_CELL_B,230,-111.91
2026-08-31T08:15:00.000Z,SYNTH_CELL_B,231,-112.97
2026-08-31T08:15:00.000Z,SYNTH_CELL_B,232,-108.7
2026-08-31T08:15:00.000Z,SYNTH_CELL_B,233,-112.94
2026-08-31T08:15:00.000Z,SYNTH_CELL_B,234,-113.62
2026-08-31T08:15:00.000Z,SYNTH_CELL_B,235,-109.75
2026-08-31T08:15:00.000Z,SYNTH_CELL_B,236,-107.15
2026-08-31T08:15:00.000Z,SYNTH_CELL_B,237,-107.18
2026-08-31T08:15:00.000Z,SYNTH_CELL_B,238,-108.03
2026-08-31T08:15:00.000Z,SYNTH_CELL_B,239,-113.15
2026-08-31T08:15:00.000Z,SYNTH_CELL_B,240,-109.57
2026-08-31T08:15:00.000Z,SYNTH_CELL_B,241,-112.28
2026-08-31T08:15:00.000Z,SYNTH_CELL_B,242,-107.03
2026-08-31T08:15:00.000Z,SYNTH_CELL_B,243,-108.55
2026-08-31T08:15:00.000Z,SYNTH_CELL_B,244,-111.11
2026-08-31T08:15:00.000Z,SYNTH_CELL_B,245,-111.72
2026-08-31T08:15:00.000Z,SYNTH_CELL_B,246,-112.45
2026-08-31T08:15:00.000Z,SYNTH_CELL_B,247,-109.8
2026-08-31T08:15:00.000Z,SYNTH_CELL_B,248,-109.32
2026-08-31T08:15:00.000Z,SYNTH_CELL_B,249,-111.32
2026-08-31T08:15:00.000Z,SYNTH_CELL_B,250,-107.33
2026-08-31T08:15:00.000Z,SYNTH_CELL_B,251,-110.58
2026-08-31T08:15:00.000Z,SYNTH_CELL_B,252,-112.24
2026-08-31T08:15:00.000Z,SYNTH_CELL_B,253,-108.79
2026-08-31T08:15:00.000Z,SYNTH_CELL_B,254,-108.88
2026-08-31T08:15:00.000Z,SYNTH_CELL_B,255,-107.07
2026-08-31T08:15:00.000Z,SYNTH_CELL_B,256,-110.17
2026-08-31T08:15:00.000Z,SYNTH_CELL_B,257,-113.44
2026-08-31T08:15:00.000Z,SYNTH_CELL_B,258,-108.2
2026-08-31T08:15:00.000Z,SYNTH_CELL_B,259,-107.65
2026-08-31T08:15:00.000Z,SYNTH_CELL_B,260,-109.45
2026-08-31T08:15:00.000Z,SYNTH_CELL_B,261,-110.92
2026-08-31T08:15:00.000Z,SYNTH_CELL_B,262,-107.04
2026-08-31T08:15:00.000Z,SYNTH_CELL_B,263,-108.68
2026-08-31T08:15:00.000Z,SYNTH_CELL_B,264,-109.15
2026-08-31T08:15:00.000Z,SYNTH_CELL_B,265,-113.03
2026-08-31T08:15:00.000Z,SYNTH_CELL_B,266,-111.47
2026-08-31T08:15:00.000Z,SYNTH_CELL_B,267,-113.37
2026-08-31T08:15:00.000Z,SYNTH_CELL_B,268,-111.72
2026-08-31T08:15:00.000Z,SYNTH_CELL_B,269,-110.69
2026-08-31T08:15:00.000Z,SYNTH_CELL_B,270,-110.32
2026-08-31T08:15:00.000Z,SYNTH_CELL_B,271,-109.97
2026-08-31T08:15:00.000Z,SYNTH_CELL_B,272,-111.08
2026-08-31T08:20:00.000Z,SYNTH_CELL_B,0,-113.18
2026-08-31T08:20:00.000Z,SYNTH_CELL_B,1,-113.5
2026-08-31T08:20:00.000Z,SYNTH_CELL_B,2,-113.65
2026-08-31T08:20:00.000Z,SYNTH_CELL_B,3,-111.58
2026-08-31T08:20:00.000Z,SYNTH_CELL_B,4,-108.18
2026-08-31T08:20:00.000Z,SYNTH_CELL_B,5,-111.02
2026-08-31T08:20:00.000Z,SYNTH_CELL_B,6,-108.5
2026-08-31T08:20:00.000Z,SYNTH_CELL_B,7,-108.85
2026-08-31T08:20:00.000Z,SYNTH_CELL_B,8,-109.02
2026-08-31T08:20:00.000Z,SYNTH_CELL_B,9,-112.06
2026-08-31T08:20:00.000Z,SYNTH_CELL_B,10,-108.51
2026-08-31T08:20:00.000Z,SYNTH_CELL_B,11,-108.93
2026-08-31T08:20:00.000Z,SYNTH_CELL_B,12,-110.77
2026-08-31T08:20:00.000Z,SYNTH_CELL_B,13,-110.47
2026-08-31T08:20:00.000Z,SYNTH_CELL_B,14,-111.11
2026-08-31T08:20:00.000Z,SYNTH_CELL_B,15,-107.92
2026-08-31T08:20:00.000Z,SYNTH_CELL_B,16,-110.86
2026-08-31T08:20:00.000Z,SYNTH_CELL_B,17,-107.31
2026-08-31T08:20:00.000Z,SYNTH_CELL_B,18,-110.7
2026-08-31T08:20:00.000Z,SYNTH_CELL_B,19,-108.15
2026-08-31T08:20:00.000Z,SYNTH_CELL_B,20,-110.97
2026-08-31T08:20:00.000Z,SYNTH_CELL_B,21,-110.22
2026-08-31T08:20:00.000Z,SYNTH_CELL_B,22,-111.83
2026-08-31T08:20:00.000Z,SYNTH_CELL_B,23,-113.4
2026-08-31T08:20:00.000Z,SYNTH_CELL_B,24,-113.38
2026-08-31T08:20:00.000Z,SYNTH_CELL_B,25,-110.64
2026-08-31T08:20:00.000Z,SYNTH_CELL_B,26,-108.61
2026-08-31T08:20:00.000Z,SYNTH_CELL_B,27,-108.97
2026-08-31T08:20:00.000Z,SYNTH_CELL_B,28,-111.38
2026-08-31T08:20:00.000Z,SYNTH_CELL_B,29,-108.72
2026-08-31T08:20:00.000Z,SYNTH_CELL_B,30,-107.17
2026-08-31T08:20:00.000Z,SYNTH_CELL_B,31,-110.68
2026-08-31T08:20:00.000Z,SYNTH_CELL_B,32,-108.82
2026-08-31T08:20:00.000Z,SYNTH_CELL_B,33,-109.44
2026-08-31T08:20:00.000Z,SYNTH_CELL_B,34,-107.18
2026-08-31T08:20:00.000Z,SYNTH_CELL_B,35,-107.86
2026-08-31T08:20:00.000Z,SYNTH_CELL_B,36,-112.62
2026-08-31T08:20:00.000Z,SYNTH_CELL_B,37,-110.47
2026-08-31T08:20:00.000Z,SYNTH_CELL_B,38,-112.5
2026-08-31T08:20:00.000Z,SYNTH_CELL_B,39,-110.16
2026-08-31T08:20:00.000Z,SYNTH_CELL_B,40,-112.55
2026-08-31T08:20:00.000Z,SYNTH_CELL_B,41,-109.75
2026-08-31T08:20:00.000Z,SYNTH_CELL_B,42,-108.19
2026-08-31T08:20:00.000Z,SYNTH_CELL_B,43,-108.8
2026-08-31T08:20:00.000Z,SYNTH_CELL_B,44,-111.7
2026-08-31T08:20:00.000Z,SYNTH_CELL_B,45,-111.36
2026-08-31T08:20:00.000Z,SYNTH_CELL_B,46,-109.47
2026-08-31T08:20:00.000Z,SYNTH_CELL_B,47,-112.88
2026-08-31T08:20:00.000Z,SYNTH_CELL_B,48,-110
2026-08-31T08:20:00.000Z,SYNTH_CELL_B,49,-108.1
2026-08-31T08:20:00.000Z,SYNTH_CELL_B,50,-108.02
2026-08-31T08:20:00.000Z,SYNTH_CELL_B,51,-113.08
2026-08-31T08:20:00.000Z,SYNTH_CELL_B,52,-111.46
2026-08-31T08:20:00.000Z,SYNTH_CELL_B,53,-110.17
2026-08-31T08:20:00.000Z,SYNTH_CELL_B,54,-112.42
2026-08-31T08:20:00.000Z,SYNTH_CELL_B,55,-112.11
2026-08-31T08:20:00.000Z,SYNTH_CELL_B,56,-107.05
2026-08-31T08:20:00.000Z,SYNTH_CELL_B,57,-107.12
2026-08-31T08:20:00.000Z,SYNTH_CELL_B,58,-108.48
2026-08-31T08:20:00.000Z,SYNTH_CELL_B,59,-108.98
2026-08-31T08:20:00.000Z,SYNTH_CELL_B,60,-110.71
2026-08-31T08:20:00.000Z,SYNTH_CELL_B,61,-109.24
2026-08-31T08:20:00.000Z,SYNTH_CELL_B,62,-108.39
2026-08-31T08:20:00.000Z,SYNTH_CELL_B,63,-113.28
2026-08-31T08:20:00.000Z,SYNTH_CELL_B,64,-109.77
2026-08-31T08:20:00.000Z,SYNTH_CELL_B,65,-113.53
2026-08-31T08:20:00.000Z,SYNTH_CELL_B,66,-107.52
2026-08-31T08:20:00.000Z,SYNTH_CELL_B,67,-111.55
2026-08-31T08:20:00.000Z,SYNTH_CELL_B,68,-112.56
2026-08-31T08:20:00.000Z,SYNTH_CELL_B,69,-112.16
2026-08-31T08:20:00.000Z,SYNTH_CELL_B,70,-111.01
2026-08-31T08:20:00.000Z,SYNTH_CELL_B,71,-110.57
2026-08-31T08:20:00.000Z,SYNTH_CELL_B,72,-112.08
2026-08-31T08:20:00.000Z,SYNTH_CELL_B,73,-107.45
2026-08-31T08:20:00.000Z,SYNTH_CELL_B,74,-111.99
2026-08-31T08:20:00.000Z,SYNTH_CELL_B,75,-109.92
2026-08-31T08:20:00.000Z,SYNTH_CELL_B,76,-107.01
2026-08-31T08:20:00.000Z,SYNTH_CELL_B,77,-111.58
2026-08-31T08:20:00.000Z,SYNTH_CELL_B,78,-113.44
2026-08-31T08:20:00.000Z,SYNTH_CELL_B,79,-107.44
2026-08-31T08:20:00.000Z,SYNTH_CELL_B,80,-110.72
2026-08-31T08:20:00.000Z,SYNTH_CELL_B,81,-108.81
2026-08-31T08:20:00.000Z,SYNTH_CELL_B,82,-110.6
2026-08-31T08:20:00.000Z,SYNTH_CELL_B,83,-109.11
2026-08-31T08:20:00.000Z,SYNTH_CELL_B,84,-107.31
2026-08-31T08:20:00.000Z,SYNTH_CELL_B,85,-112.62
2026-08-31T08:20:00.000Z,SYNTH_CELL_B,86,-111.88
2026-08-31T08:20:00.000Z,SYNTH_CELL_B,87,-107.18
2026-08-31T08:20:00.000Z,SYNTH_CELL_B,88,-109.46
2026-08-31T08:20:00.000Z,SYNTH_CELL_B,89,-113.76
2026-08-31T08:20:00.000Z,SYNTH_CELL_B,90,-107.81
2026-08-31T08:20:00.000Z,SYNTH_CELL_B,91,-110.02
2026-08-31T08:20:00.000Z,SYNTH_CELL_B,92,-108.77
2026-08-31T08:20:00.000Z,SYNTH_CELL_B,93,-107.7
2026-08-31T08:20:00.000Z,SYNTH_CELL_B,94,-107.9
2026-08-31T08:20:00.000Z,SYNTH_CELL_B,95,-110.99
2026-08-31T08:20:00.000Z,SYNTH_CELL_B,96,-108.2
2026-08-31T08:20:00.000Z,SYNTH_CELL_B,97,-109.8
2026-08-31T08:20:00.000Z,SYNTH_CELL_B,98,-112.84
2026-08-31T08:20:00.000Z,SYNTH_CELL_B,99,-107.89
2026-08-31T08:20:00.000Z,SYNTH_CELL_B,100,-111.1
2026-08-31T08:20:00.000Z,SYNTH_CELL_B,101,-108.95
2026-08-31T08:20:00.000Z,SYNTH_CELL_B,102,-113.32
2026-08-31T08:20:00.000Z,SYNTH_CELL_B,103,-109.59
2026-08-31T08:20:00.000Z,SYNTH_CELL_B,104,-108.97
2026-08-31T08:20:00.000Z,SYNTH_CELL_B,105,-113.2
2026-08-31T08:20:00.000Z,SYNTH_CELL_B,106,-108.85
2026-08-31T08:20:00.000Z,SYNTH_CELL_B,107,-108.75
2026-08-31T08:20:00.000Z,SYNTH_CELL_B,108,-110.3
2026-08-31T08:20:00.000Z,SYNTH_CELL_B,109,-112.5
2026-08-31T08:20:00.000Z,SYNTH_CELL_B,110,-111.57
2026-08-31T08:20:00.000Z,SYNTH_CELL_B,111,-111.57
2026-08-31T08:20:00.000Z,SYNTH_CELL_B,112,-112.27
2026-08-31T08:20:00.000Z,SYNTH_CELL_B,113,-112.49
2026-08-31T08:20:00.000Z,SYNTH_CELL_B,114,-113.88
2026-08-31T08:20:00.000Z,SYNTH_CELL_B,115,-112.63
2026-08-31T08:20:00.000Z,SYNTH_CELL_B,116,-113.33
2026-08-31T08:20:00.000Z,SYNTH_CELL_B,117,-113.56
2026-08-31T08:20:00.000Z,SYNTH_CELL_B,118,-110.74
2026-08-31T08:20:00.000Z,SYNTH_CELL_B,119,-113.32
2026-08-31T08:20:00.000Z,SYNTH_CELL_B,120,-110.11
2026-08-31T08:20:00.000Z,SYNTH_CELL_B,121,-112.64
2026-08-31T08:20:00.000Z,SYNTH_CELL_B,122,-113.19
2026-08-31T08:20:00.000Z,SYNTH_CELL_B,123,-107.09
2026-08-31T08:20:00.000Z,SYNTH_CELL_B,124,-113.34
2026-08-31T08:20:00.000Z,SYNTH_CELL_B,125,-107.14
2026-08-31T08:20:00.000Z,SYNTH_CELL_B,126,-110.47
2026-08-31T08:20:00.000Z,SYNTH_CELL_B,127,-109.22
2026-08-31T08:20:00.000Z,SYNTH_CELL_B,128,-112.07
2026-08-31T08:20:00.000Z,SYNTH_CELL_B,129,-108.7
2026-08-31T08:20:00.000Z,SYNTH_CELL_B,130,-113.18
2026-08-31T08:20:00.000Z,SYNTH_CELL_B,131,-112.82
2026-08-31T08:20:00.000Z,SYNTH_CELL_B,132,-111.54
2026-08-31T08:20:00.000Z,SYNTH_CELL_B,133,-111.63
2026-08-31T08:20:00.000Z,SYNTH_CELL_B,134,-108.62
2026-08-31T08:20:00.000Z,SYNTH_CELL_B,135,-111.84
2026-08-31T08:20:00.000Z,SYNTH_CELL_B,136,-110.78
2026-08-31T08:20:00.000Z,SYNTH_CELL_B,137,-107.73
2026-08-31T08:20:00.000Z,SYNTH_CELL_B,138,-109.41
2026-08-31T08:20:00.000Z,SYNTH_CELL_B,139,-107.96
2026-08-31T08:20:00.000Z,SYNTH_CELL_B,140,-110.06
2026-08-31T08:20:00.000Z,SYNTH_CELL_B,141,-113.48
2026-08-31T08:20:00.000Z,SYNTH_CELL_B,142,-112.59
2026-08-31T08:20:00.000Z,SYNTH_CELL_B,143,-109.34
2026-08-31T08:20:00.000Z,SYNTH_CELL_B,144,-112.3
2026-08-31T08:20:00.000Z,SYNTH_CELL_B,145,-112.61
2026-08-31T08:20:00.000Z,SYNTH_CELL_B,146,-108.06
2026-08-31T08:20:00.000Z,SYNTH_CELL_B,147,-108.22
2026-08-31T08:20:00.000Z,SYNTH_CELL_B,148,-110.37
2026-08-31T08:20:00.000Z,SYNTH_CELL_B,149,-110.94
2026-08-31T08:20:00.000Z,SYNTH_CELL_B,150,-107.47
2026-08-31T08:20:00.000Z,SYNTH_CELL_B,151,-108.29
2026-08-31T08:20:00.000Z,SYNTH_CELL_B,152,-108.34
2026-08-31T08:20:00.000Z,SYNTH_CELL_B,153,-108.56
2026-08-31T08:20:00.000Z,SYNTH_CELL_B,154,-108.65
2026-08-31T08:20:00.000Z,SYNTH_CELL_B,155,-111.84
2026-08-31T08:20:00.000Z,SYNTH_CELL_B,156,-112.76
2026-08-31T08:20:00.000Z,SYNTH_CELL_B,157,-109.15
2026-08-31T08:20:00.000Z,SYNTH_CELL_B,158,-113.49
2026-08-31T08:20:00.000Z,SYNTH_CELL_B,159,-109.59
2026-08-31T08:20:00.000Z,SYNTH_CELL_B,160,-107.02
2026-08-31T08:20:00.000Z,SYNTH_CELL_B,161,-111.55
2026-08-31T08:20:00.000Z,SYNTH_CELL_B,162,-107.55
2026-08-31T08:20:00.000Z,SYNTH_CELL_B,163,-109.05
2026-08-31T08:20:00.000Z,SYNTH_CELL_B,164,-113.01
2026-08-31T08:20:00.000Z,SYNTH_CELL_B,165,-112.09
2026-08-31T08:20:00.000Z,SYNTH_CELL_B,166,-112.61
2026-08-31T08:20:00.000Z,SYNTH_CELL_B,167,-111.11
2026-08-31T08:20:00.000Z,SYNTH_CELL_B,168,-108.35
2026-08-31T08:20:00.000Z,SYNTH_CELL_B,169,-111.57
2026-08-31T08:20:00.000Z,SYNTH_CELL_B,170,-108.43
2026-08-31T08:20:00.000Z,SYNTH_CELL_B,171,-112.53
2026-08-31T08:20:00.000Z,SYNTH_CELL_B,172,-113.56
2026-08-31T08:20:00.000Z,SYNTH_CELL_B,173,-113.43
2026-08-31T08:20:00.000Z,SYNTH_CELL_B,174,-110.23
2026-08-31T08:20:00.000Z,SYNTH_CELL_B,175,-113.86
2026-08-31T08:20:00.000Z,SYNTH_CELL_B,176,-112.79
2026-08-31T08:20:00.000Z,SYNTH_CELL_B,177,-113.48
2026-08-31T08:20:00.000Z,SYNTH_CELL_B,178,-107.55
2026-08-31T08:20:00.000Z,SYNTH_CELL_B,179,-112.04
2026-08-31T08:20:00.000Z,SYNTH_CELL_B,180,-108.69
2026-08-31T08:20:00.000Z,SYNTH_CELL_B,181,-109.46
2026-08-31T08:20:00.000Z,SYNTH_CELL_B,182,-109.15
2026-08-31T08:20:00.000Z,SYNTH_CELL_B,183,-113
2026-08-31T08:20:00.000Z,SYNTH_CELL_B,184,-108.38
2026-08-31T08:20:00.000Z,SYNTH_CELL_B,185,-109.6
2026-08-31T08:20:00.000Z,SYNTH_CELL_B,186,-111.98
2026-08-31T08:20:00.000Z,SYNTH_CELL_B,187,-108.19
2026-08-31T08:20:00.000Z,SYNTH_CELL_B,188,-110.35
2026-08-31T08:20:00.000Z,SYNTH_CELL_B,189,-112.18
2026-08-31T08:20:00.000Z,SYNTH_CELL_B,190,-113.14
2026-08-31T08:20:00.000Z,SYNTH_CELL_B,191,-113.01
2026-08-31T08:20:00.000Z,SYNTH_CELL_B,192,-113.69
2026-08-31T08:20:00.000Z,SYNTH_CELL_B,193,-111.74
2026-08-31T08:20:00.000Z,SYNTH_CELL_B,194,-109.34
2026-08-31T08:20:00.000Z,SYNTH_CELL_B,195,-112.79
2026-08-31T08:20:00.000Z,SYNTH_CELL_B,196,-107.72
2026-08-31T08:20:00.000Z,SYNTH_CELL_B,197,-110.69
2026-08-31T08:20:00.000Z,SYNTH_CELL_B,198,-111.93
2026-08-31T08:20:00.000Z,SYNTH_CELL_B,199,-111.93
2026-08-31T08:20:00.000Z,SYNTH_CELL_B,200,-112.67
2026-08-31T08:20:00.000Z,SYNTH_CELL_B,201,-107.85
2026-08-31T08:20:00.000Z,SYNTH_CELL_B,202,-108.32
2026-08-31T08:20:00.000Z,SYNTH_CELL_B,203,-110.61
2026-08-31T08:20:00.000Z,SYNTH_CELL_B,204,-110.94
2026-08-31T08:20:00.000Z,SYNTH_CELL_B,205,-112.17
2026-08-31T08:20:00.000Z,SYNTH_CELL_B,206,-110.25
2026-08-31T08:20:00.000Z,SYNTH_CELL_B,207,-113.37
2026-08-31T08:20:00.000Z,SYNTH_CELL_B,208,-107.6
2026-08-31T08:20:00.000Z,SYNTH_CELL_B,209,-110.99
2026-08-31T08:20:00.000Z,SYNTH_CELL_B,210,-107.83
2026-08-31T08:20:00.000Z,SYNTH_CELL_B,211,-112.84
2026-08-31T08:20:00.000Z,SYNTH_CELL_B,212,-111.16
2026-08-31T08:20:00.000Z,SYNTH_CELL_B,213,-110.94
2026-08-31T08:20:00.000Z,SYNTH_CELL_B,214,-112.08
2026-08-31T08:20:00.000Z,SYNTH_CELL_B,215,-110.59
2026-08-31T08:20:00.000Z,SYNTH_CELL_B,216,-112.18
2026-08-31T08:20:00.000Z,SYNTH_CELL_B,217,-110.58
2026-08-31T08:20:00.000Z,SYNTH_CELL_B,218,-112.02
2026-08-31T08:20:00.000Z,SYNTH_CELL_B,219,-111.29
2026-08-31T08:20:00.000Z,SYNTH_CELL_B,220,-110
2026-08-31T08:20:00.000Z,SYNTH_CELL_B,221,-108.83
2026-08-31T08:20:00.000Z,SYNTH_CELL_B,222,-108.21
2026-08-31T08:20:00.000Z,SYNTH_CELL_B,223,-110.18
2026-08-31T08:20:00.000Z,SYNTH_CELL_B,224,-111.35
2026-08-31T08:20:00.000Z,SYNTH_CELL_B,225,-113.22
2026-08-31T08:20:00.000Z,SYNTH_CELL_B,226,-111.68
2026-08-31T08:20:00.000Z,SYNTH_CELL_B,227,-107.83
2026-08-31T08:20:00.000Z,SYNTH_CELL_B,228,-108.93
2026-08-31T08:20:00.000Z,SYNTH_CELL_B,229,-111.89
2026-08-31T08:20:00.000Z,SYNTH_CELL_B,230,-109.36
2026-08-31T08:20:00.000Z,SYNTH_CELL_B,231,-109.24
2026-08-31T08:20:00.000Z,SYNTH_CELL_B,232,-110.8
2026-08-31T08:20:00.000Z,SYNTH_CELL_B,233,-113.6
2026-08-31T08:20:00.000Z,SYNTH_CELL_B,234,-108.79
2026-08-31T08:20:00.000Z,SYNTH_CELL_B,235,-113.41
2026-08-31T08:20:00.000Z,SYNTH_CELL_B,236,-109.72
2026-08-31T08:20:00.000Z,SYNTH_CELL_B,237,-107.61
2026-08-31T08:20:00.000Z,SYNTH_CELL_B,238,-109.1
2026-08-31T08:20:00.000Z,SYNTH_CELL_B,239,-113.4
2026-08-31T08:20:00.000Z,SYNTH_CELL_B,240,-111.89
2026-08-31T08:20:00.000Z,SYNTH_CELL_B,241,-110.82
2026-08-31T08:20:00.000Z,SYNTH_CELL_B,242,-110.89
2026-08-31T08:20:00.000Z,SYNTH_CELL_B,243,-113.35
2026-08-31T08:20:00.000Z,SYNTH_CELL_B,244,-107.24
2026-08-31T08:20:00.000Z,SYNTH_CELL_B,245,-112.37
2026-08-31T08:20:00.000Z,SYNTH_CELL_B,246,-109.95
2026-08-31T08:20:00.000Z,SYNTH_CELL_B,247,-112.55
2026-08-31T08:20:00.000Z,SYNTH_CELL_B,248,-107.58
2026-08-31T08:20:00.000Z,SYNTH_CELL_B,249,-111.14
2026-08-31T08:20:00.000Z,SYNTH_CELL_B,250,-109.99
2026-08-31T08:20:00.000Z,SYNTH_CELL_B,251,-112.22
2026-08-31T08:20:00.000Z,SYNTH_CELL_B,252,-113.18
2026-08-31T08:20:00.000Z,SYNTH_CELL_B,253,-112.74
2026-08-31T08:20:00.000Z,SYNTH_CELL_B,254,-113.22
2026-08-31T08:20:00.000Z,SYNTH_CELL_B,255,-109.62
2026-08-31T08:20:00.000Z,SYNTH_CELL_B,256,-113.24
2026-08-31T08:20:00.000Z,SYNTH_CELL_B,257,-113.61
2026-08-31T08:20:00.000Z,SYNTH_CELL_B,258,-109.61
2026-08-31T08:20:00.000Z,SYNTH_CELL_B,259,-107.17
2026-08-31T08:20:00.000Z,SYNTH_CELL_B,260,-113.14
2026-08-31T08:20:00.000Z,SYNTH_CELL_B,261,-107.19
2026-08-31T08:20:00.000Z,SYNTH_CELL_B,262,-107.33
2026-08-31T08:20:00.000Z,SYNTH_CELL_B,263,-108.63
2026-08-31T08:20:00.000Z,SYNTH_CELL_B,264,-111.84
2026-08-31T08:20:00.000Z,SYNTH_CELL_B,265,-112.12
2026-08-31T08:20:00.000Z,SYNTH_CELL_B,266,-112.92
2026-08-31T08:20:00.000Z,SYNTH_CELL_B,267,-109.37
2026-08-31T08:20:00.000Z,SYNTH_CELL_B,268,-113
2026-08-31T08:20:00.000Z,SYNTH_CELL_B,269,-110.65
2026-08-31T08:20:00.000Z,SYNTH_CELL_B,270,-110.33
2026-08-31T08:20:00.000Z,SYNTH_CELL_B,271,-109.04
2026-08-31T08:20:00.000Z,SYNTH_CELL_B,272,-113.68
2026-08-31T08:25:00.000Z,SYNTH_CELL_B,0,-108.71
2026-08-31T08:25:00.000Z,SYNTH_CELL_B,1,-109.29
2026-08-31T08:25:00.000Z,SYNTH_CELL_B,2,-113.41
2026-08-31T08:25:00.000Z,SYNTH_CELL_B,3,-108.17
2026-08-31T08:25:00.000Z,SYNTH_CELL_B,4,-109.61
2026-08-31T08:25:00.000Z,SYNTH_CELL_B,5,-109.95
2026-08-31T08:25:00.000Z,SYNTH_CELL_B,6,-111.11
2026-08-31T08:25:00.000Z,SYNTH_CELL_B,7,-109.53
2026-08-31T08:25:00.000Z,SYNTH_CELL_B,8,-107.52
2026-08-31T08:25:00.000Z,SYNTH_CELL_B,9,-111.6
2026-08-31T08:25:00.000Z,SYNTH_CELL_B,10,-113.97
2026-08-31T08:25:00.000Z,SYNTH_CELL_B,11,-109.07
2026-08-31T08:25:00.000Z,SYNTH_CELL_B,12,-108.7
2026-08-31T08:25:00.000Z,SYNTH_CELL_B,13,-110.44
2026-08-31T08:25:00.000Z,SYNTH_CELL_B,14,-110.58
2026-08-31T08:25:00.000Z,SYNTH_CELL_B,15,-111.33
2026-08-31T08:25:00.000Z,SYNTH_CELL_B,16,-109.57
2026-08-31T08:25:00.000Z,SYNTH_CELL_B,17,-108.12
2026-08-31T08:25:00.000Z,SYNTH_CELL_B,18,-109.06
2026-08-31T08:25:00.000Z,SYNTH_CELL_B,19,-111.6
2026-08-31T08:25:00.000Z,SYNTH_CELL_B,20,-112.11
2026-08-31T08:25:00.000Z,SYNTH_CELL_B,21,-111.78
2026-08-31T08:25:00.000Z,SYNTH_CELL_B,22,-107.65
2026-08-31T08:25:00.000Z,SYNTH_CELL_B,23,-112.79
2026-08-31T08:25:00.000Z,SYNTH_CELL_B,24,-112.56
2026-08-31T08:25:00.000Z,SYNTH_CELL_B,25,-111.77
2026-08-31T08:25:00.000Z,SYNTH_CELL_B,26,-108.61
2026-08-31T08:25:00.000Z,SYNTH_CELL_B,27,-113.05
2026-08-31T08:25:00.000Z,SYNTH_CELL_B,28,-112.36
2026-08-31T08:25:00.000Z,SYNTH_CELL_B,29,-107.21
2026-08-31T08:25:00.000Z,SYNTH_CELL_B,30,-112
2026-08-31T08:25:00.000Z,SYNTH_CELL_B,31,-113.4
2026-08-31T08:25:00.000Z,SYNTH_CELL_B,32,-108.98
2026-08-31T08:25:00.000Z,SYNTH_CELL_B,33,-109.65
2026-08-31T08:25:00.000Z,SYNTH_CELL_B,34,-110.68
2026-08-31T08:25:00.000Z,SYNTH_CELL_B,35,-110.29
2026-08-31T08:25:00.000Z,SYNTH_CELL_B,36,-108.91
2026-08-31T08:25:00.000Z,SYNTH_CELL_B,37,-110.52
2026-08-31T08:25:00.000Z,SYNTH_CELL_B,38,-107.34
2026-08-31T08:25:00.000Z,SYNTH_CELL_B,39,-107.95
2026-08-31T08:25:00.000Z,SYNTH_CELL_B,40,-113.88
2026-08-31T08:25:00.000Z,SYNTH_CELL_B,41,-110.3
2026-08-31T08:25:00.000Z,SYNTH_CELL_B,42,-111.99
2026-08-31T08:25:00.000Z,SYNTH_CELL_B,43,-108.18
2026-08-31T08:25:00.000Z,SYNTH_CELL_B,44,-108.82
2026-08-31T08:25:00.000Z,SYNTH_CELL_B,45,-110.85
2026-08-31T08:25:00.000Z,SYNTH_CELL_B,46,-113.45
2026-08-31T08:25:00.000Z,SYNTH_CELL_B,47,-112.15
2026-08-31T08:25:00.000Z,SYNTH_CELL_B,48,-107.9
2026-08-31T08:25:00.000Z,SYNTH_CELL_B,49,-112.42
2026-08-31T08:25:00.000Z,SYNTH_CELL_B,50,-109.22
2026-08-31T08:25:00.000Z,SYNTH_CELL_B,51,-112.49
2026-08-31T08:25:00.000Z,SYNTH_CELL_B,52,-112.45
2026-08-31T08:25:00.000Z,SYNTH_CELL_B,53,-107.7
2026-08-31T08:25:00.000Z,SYNTH_CELL_B,54,-110.57
2026-08-31T08:25:00.000Z,SYNTH_CELL_B,55,-110.02
2026-08-31T08:25:00.000Z,SYNTH_CELL_B,56,-107.43
2026-08-31T08:25:00.000Z,SYNTH_CELL_B,57,-107.07
2026-08-31T08:25:00.000Z,SYNTH_CELL_B,58,-109.61
2026-08-31T08:25:00.000Z,SYNTH_CELL_B,59,-112.32
2026-08-31T08:25:00.000Z,SYNTH_CELL_B,60,-111.34
2026-08-31T08:25:00.000Z,SYNTH_CELL_B,61,-110.19
2026-08-31T08:25:00.000Z,SYNTH_CELL_B,62,-107.28
2026-08-31T08:25:00.000Z,SYNTH_CELL_B,63,-113.17
2026-08-31T08:25:00.000Z,SYNTH_CELL_B,64,-112.45
2026-08-31T08:25:00.000Z,SYNTH_CELL_B,65,-107.02
2026-08-31T08:25:00.000Z,SYNTH_CELL_B,66,-112.06
2026-08-31T08:25:00.000Z,SYNTH_CELL_B,67,-107.86
2026-08-31T08:25:00.000Z,SYNTH_CELL_B,68,-109.38
2026-08-31T08:25:00.000Z,SYNTH_CELL_B,69,-107.32
2026-08-31T08:25:00.000Z,SYNTH_CELL_B,70,-110.62
2026-08-31T08:25:00.000Z,SYNTH_CELL_B,71,-108.59
2026-08-31T08:25:00.000Z,SYNTH_CELL_B,72,-109.89
2026-08-31T08:25:00.000Z,SYNTH_CELL_B,73,-113.54
2026-08-31T08:25:00.000Z,SYNTH_CELL_B,74,-109.1
2026-08-31T08:25:00.000Z,SYNTH_CELL_B,75,-109.71
2026-08-31T08:25:00.000Z,SYNTH_CELL_B,76,-110.01
2026-08-31T08:25:00.000Z,SYNTH_CELL_B,77,-113.3
2026-08-31T08:25:00.000Z,SYNTH_CELL_B,78,-113.23
2026-08-31T08:25:00.000Z,SYNTH_CELL_B,79,-107.11
2026-08-31T08:25:00.000Z,SYNTH_CELL_B,80,-110.35
2026-08-31T08:25:00.000Z,SYNTH_CELL_B,81,-111.38
2026-08-31T08:25:00.000Z,SYNTH_CELL_B,82,-111.06
2026-08-31T08:25:00.000Z,SYNTH_CELL_B,83,-107.65
2026-08-31T08:25:00.000Z,SYNTH_CELL_B,84,-107.44
2026-08-31T08:25:00.000Z,SYNTH_CELL_B,85,-109.45
2026-08-31T08:25:00.000Z,SYNTH_CELL_B,86,-108.18
2026-08-31T08:25:00.000Z,SYNTH_CELL_B,87,-113.97
2026-08-31T08:25:00.000Z,SYNTH_CELL_B,88,-110.03
2026-08-31T08:25:00.000Z,SYNTH_CELL_B,89,-109.69
2026-08-31T08:25:00.000Z,SYNTH_CELL_B,90,-111.19
2026-08-31T08:25:00.000Z,SYNTH_CELL_B,91,-111.83
2026-08-31T08:25:00.000Z,SYNTH_CELL_B,92,-110.91
2026-08-31T08:25:00.000Z,SYNTH_CELL_B,93,-113.78
2026-08-31T08:25:00.000Z,SYNTH_CELL_B,94,-109.07
2026-08-31T08:25:00.000Z,SYNTH_CELL_B,95,-108.45
2026-08-31T08:25:00.000Z,SYNTH_CELL_B,96,-112.91
2026-08-31T08:25:00.000Z,SYNTH_CELL_B,97,-109.49
2026-08-31T08:25:00.000Z,SYNTH_CELL_B,98,-108.85
2026-08-31T08:25:00.000Z,SYNTH_CELL_B,99,-109.43
2026-08-31T08:25:00.000Z,SYNTH_CELL_B,100,-111.41
2026-08-31T08:25:00.000Z,SYNTH_CELL_B,101,-107.75
2026-08-31T08:25:00.000Z,SYNTH_CELL_B,102,-107.14
2026-08-31T08:25:00.000Z,SYNTH_CELL_B,103,-110.79
2026-08-31T08:25:00.000Z,SYNTH_CELL_B,104,-110.78
2026-08-31T08:25:00.000Z,SYNTH_CELL_B,105,-110.68
2026-08-31T08:25:00.000Z,SYNTH_CELL_B,106,-109.43
2026-08-31T08:25:00.000Z,SYNTH_CELL_B,107,-113.07
2026-08-31T08:25:00.000Z,SYNTH_CELL_B,108,-111.8
2026-08-31T08:25:00.000Z,SYNTH_CELL_B,109,-108.79
2026-08-31T08:25:00.000Z,SYNTH_CELL_B,110,-113.58
2026-08-31T08:25:00.000Z,SYNTH_CELL_B,111,-108.48
2026-08-31T08:25:00.000Z,SYNTH_CELL_B,112,-111.91
2026-08-31T08:25:00.000Z,SYNTH_CELL_B,113,-107.09
2026-08-31T08:25:00.000Z,SYNTH_CELL_B,114,-112.94
2026-08-31T08:25:00.000Z,SYNTH_CELL_B,115,-111.25
2026-08-31T08:25:00.000Z,SYNTH_CELL_B,116,-111.39
2026-08-31T08:25:00.000Z,SYNTH_CELL_B,117,-110.69
2026-08-31T08:25:00.000Z,SYNTH_CELL_B,118,-112.29
2026-08-31T08:25:00.000Z,SYNTH_CELL_B,119,-112.44
2026-08-31T08:25:00.000Z,SYNTH_CELL_B,120,-110.74
2026-08-31T08:25:00.000Z,SYNTH_CELL_B,121,-112.06
2026-08-31T08:25:00.000Z,SYNTH_CELL_B,122,-113.75
2026-08-31T08:25:00.000Z,SYNTH_CELL_B,123,-113.75
2026-08-31T08:25:00.000Z,SYNTH_CELL_B,124,-113.11
2026-08-31T08:25:00.000Z,SYNTH_CELL_B,125,-108.46
2026-08-31T08:25:00.000Z,SYNTH_CELL_B,126,-107.38
2026-08-31T08:25:00.000Z,SYNTH_CELL_B,127,-107.89
2026-08-31T08:25:00.000Z,SYNTH_CELL_B,128,-109.88
2026-08-31T08:25:00.000Z,SYNTH_CELL_B,129,-108.45
2026-08-31T08:25:00.000Z,SYNTH_CELL_B,130,-107.71
2026-08-31T08:25:00.000Z,SYNTH_CELL_B,131,-111.24
2026-08-31T08:25:00.000Z,SYNTH_CELL_B,132,-111.87
2026-08-31T08:25:00.000Z,SYNTH_CELL_B,133,-113.92
2026-08-31T08:25:00.000Z,SYNTH_CELL_B,134,-109.31
2026-08-31T08:25:00.000Z,SYNTH_CELL_B,135,-109.6
2026-08-31T08:25:00.000Z,SYNTH_CELL_B,136,-113.12
2026-08-31T08:25:00.000Z,SYNTH_CELL_B,137,-113.74
2026-08-31T08:25:00.000Z,SYNTH_CELL_B,138,-107.63
2026-08-31T08:25:00.000Z,SYNTH_CELL_B,139,-113.93
2026-08-31T08:25:00.000Z,SYNTH_CELL_B,140,-112.54
2026-08-31T08:25:00.000Z,SYNTH_CELL_B,141,-110.85
2026-08-31T08:25:00.000Z,SYNTH_CELL_B,142,-107.13
2026-08-31T08:25:00.000Z,SYNTH_CELL_B,143,-110.04
2026-08-31T08:25:00.000Z,SYNTH_CELL_B,144,-108.31
2026-08-31T08:25:00.000Z,SYNTH_CELL_B,145,-113.83
2026-08-31T08:25:00.000Z,SYNTH_CELL_B,146,-108.78
2026-08-31T08:25:00.000Z,SYNTH_CELL_B,147,-113.22
2026-08-31T08:25:00.000Z,SYNTH_CELL_B,148,-113.12
2026-08-31T08:25:00.000Z,SYNTH_CELL_B,149,-107.81
2026-08-31T08:25:00.000Z,SYNTH_CELL_B,150,-110.81
2026-08-31T08:25:00.000Z,SYNTH_CELL_B,151,-111.75
2026-08-31T08:25:00.000Z,SYNTH_CELL_B,152,-112.29
2026-08-31T08:25:00.000Z,SYNTH_CELL_B,153,-110.78
2026-08-31T08:25:00.000Z,SYNTH_CELL_B,154,-107.9
2026-08-31T08:25:00.000Z,SYNTH_CELL_B,155,-110.26
2026-08-31T08:25:00.000Z,SYNTH_CELL_B,156,-110.79
2026-08-31T08:25:00.000Z,SYNTH_CELL_B,157,-113.3
2026-08-31T08:25:00.000Z,SYNTH_CELL_B,158,-108.8
2026-08-31T08:25:00.000Z,SYNTH_CELL_B,159,-112.92
2026-08-31T08:25:00.000Z,SYNTH_CELL_B,160,-107.24
2026-08-31T08:25:00.000Z,SYNTH_CELL_B,161,-112.3
2026-08-31T08:25:00.000Z,SYNTH_CELL_B,162,-108.61
2026-08-31T08:25:00.000Z,SYNTH_CELL_B,163,-110.12
2026-08-31T08:25:00.000Z,SYNTH_CELL_B,164,-113.21
2026-08-31T08:25:00.000Z,SYNTH_CELL_B,165,-113.91
2026-08-31T08:25:00.000Z,SYNTH_CELL_B,166,-112.79
2026-08-31T08:25:00.000Z,SYNTH_CELL_B,167,-111.58
2026-08-31T08:25:00.000Z,SYNTH_CELL_B,168,-111.92
2026-08-31T08:25:00.000Z,SYNTH_CELL_B,169,-112.94
2026-08-31T08:25:00.000Z,SYNTH_CELL_B,170,-107.48
2026-08-31T08:25:00.000Z,SYNTH_CELL_B,171,-107.35
2026-08-31T08:25:00.000Z,SYNTH_CELL_B,172,-109.91
2026-08-31T08:25:00.000Z,SYNTH_CELL_B,173,-112.52
2026-08-31T08:25:00.000Z,SYNTH_CELL_B,174,-108.44
2026-08-31T08:25:00.000Z,SYNTH_CELL_B,175,-111.26
2026-08-31T08:25:00.000Z,SYNTH_CELL_B,176,-113.21
2026-08-31T08:25:00.000Z,SYNTH_CELL_B,177,-107.46
2026-08-31T08:25:00.000Z,SYNTH_CELL_B,178,-113.29
2026-08-31T08:25:00.000Z,SYNTH_CELL_B,179,-112.11
2026-08-31T08:25:00.000Z,SYNTH_CELL_B,180,-111.62
2026-08-31T08:25:00.000Z,SYNTH_CELL_B,181,-108.38
2026-08-31T08:25:00.000Z,SYNTH_CELL_B,182,-110.85
2026-08-31T08:25:00.000Z,SYNTH_CELL_B,183,-107.88
2026-08-31T08:25:00.000Z,SYNTH_CELL_B,184,-113.05
2026-08-31T08:25:00.000Z,SYNTH_CELL_B,185,-108.91
2026-08-31T08:25:00.000Z,SYNTH_CELL_B,186,-112.45
2026-08-31T08:25:00.000Z,SYNTH_CELL_B,187,-110.87
2026-08-31T08:25:00.000Z,SYNTH_CELL_B,188,-108.89
2026-08-31T08:25:00.000Z,SYNTH_CELL_B,189,-107.75
2026-08-31T08:25:00.000Z,SYNTH_CELL_B,190,-107.42
2026-08-31T08:25:00.000Z,SYNTH_CELL_B,191,-109.66
2026-08-31T08:25:00.000Z,SYNTH_CELL_B,192,-110.61
2026-08-31T08:25:00.000Z,SYNTH_CELL_B,193,-108.5
2026-08-31T08:25:00.000Z,SYNTH_CELL_B,194,-110.92
2026-08-31T08:25:00.000Z,SYNTH_CELL_B,195,-113.64
2026-08-31T08:25:00.000Z,SYNTH_CELL_B,196,-110.92
2026-08-31T08:25:00.000Z,SYNTH_CELL_B,197,-110.75
2026-08-31T08:25:00.000Z,SYNTH_CELL_B,198,-108.51
2026-08-31T08:25:00.000Z,SYNTH_CELL_B,199,-111.63
2026-08-31T08:25:00.000Z,SYNTH_CELL_B,200,-109.98
2026-08-31T08:25:00.000Z,SYNTH_CELL_B,201,-113.1
2026-08-31T08:25:00.000Z,SYNTH_CELL_B,202,-108.12
2026-08-31T08:25:00.000Z,SYNTH_CELL_B,203,-112.02
2026-08-31T08:25:00.000Z,SYNTH_CELL_B,204,-109.2
2026-08-31T08:25:00.000Z,SYNTH_CELL_B,205,-113.24
2026-08-31T08:25:00.000Z,SYNTH_CELL_B,206,-110.96
2026-08-31T08:25:00.000Z,SYNTH_CELL_B,207,-109.7
2026-08-31T08:25:00.000Z,SYNTH_CELL_B,208,-108.52
2026-08-31T08:25:00.000Z,SYNTH_CELL_B,209,-111.5
2026-08-31T08:25:00.000Z,SYNTH_CELL_B,210,-107.28
2026-08-31T08:25:00.000Z,SYNTH_CELL_B,211,-112.01
2026-08-31T08:25:00.000Z,SYNTH_CELL_B,212,-107.81
2026-08-31T08:25:00.000Z,SYNTH_CELL_B,213,-110.01
2026-08-31T08:25:00.000Z,SYNTH_CELL_B,214,-111.72
2026-08-31T08:25:00.000Z,SYNTH_CELL_B,215,-110.82
2026-08-31T08:25:00.000Z,SYNTH_CELL_B,216,-113.47
2026-08-31T08:25:00.000Z,SYNTH_CELL_B,217,-113.43
2026-08-31T08:25:00.000Z,SYNTH_CELL_B,218,-113.3
2026-08-31T08:25:00.000Z,SYNTH_CELL_B,219,-111.7
2026-08-31T08:25:00.000Z,SYNTH_CELL_B,220,-109.01
2026-08-31T08:25:00.000Z,SYNTH_CELL_B,221,-109.4
2026-08-31T08:25:00.000Z,SYNTH_CELL_B,222,-108.93
2026-08-31T08:25:00.000Z,SYNTH_CELL_B,223,-107.42
2026-08-31T08:25:00.000Z,SYNTH_CELL_B,224,-109.76
2026-08-31T08:25:00.000Z,SYNTH_CELL_B,225,-111.73
2026-08-31T08:25:00.000Z,SYNTH_CELL_B,226,-109.52
2026-08-31T08:25:00.000Z,SYNTH_CELL_B,227,-113.55
2026-08-31T08:25:00.000Z,SYNTH_CELL_B,228,-113.55
2026-08-31T08:25:00.000Z,SYNTH_CELL_B,229,-111.25
2026-08-31T08:25:00.000Z,SYNTH_CELL_B,230,-112.5
2026-08-31T08:25:00.000Z,SYNTH_CELL_B,231,-111.37
2026-08-31T08:25:00.000Z,SYNTH_CELL_B,232,-109.42
2026-08-31T08:25:00.000Z,SYNTH_CELL_B,233,-108.49
2026-08-31T08:25:00.000Z,SYNTH_CELL_B,234,-111.89
2026-08-31T08:25:00.000Z,SYNTH_CELL_B,235,-107.09
2026-08-31T08:25:00.000Z,SYNTH_CELL_B,236,-110.19
2026-08-31T08:25:00.000Z,SYNTH_CELL_B,237,-108.31
2026-08-31T08:25:00.000Z,SYNTH_CELL_B,238,-111.6
2026-08-31T08:25:00.000Z,SYNTH_CELL_B,239,-110.63
2026-08-31T08:25:00.000Z,SYNTH_CELL_B,240,-111.68
2026-08-31T08:25:00.000Z,SYNTH_CELL_B,241,-110.55
2026-08-31T08:25:00.000Z,SYNTH_CELL_B,242,-107.78
2026-08-31T08:25:00.000Z,SYNTH_CELL_B,243,-110.06
2026-08-31T08:25:00.000Z,SYNTH_CELL_B,244,-112.42
2026-08-31T08:25:00.000Z,SYNTH_CELL_B,245,-110.16
2026-08-31T08:25:00.000Z,SYNTH_CELL_B,246,-110.98
2026-08-31T08:25:00.000Z,SYNTH_CELL_B,247,-111.22
2026-08-31T08:25:00.000Z,SYNTH_CELL_B,248,-110.31
2026-08-31T08:25:00.000Z,SYNTH_CELL_B,249,-113.22
2026-08-31T08:25:00.000Z,SYNTH_CELL_B,250,-110.53
2026-08-31T08:25:00.000Z,SYNTH_CELL_B,251,-108.98
2026-08-31T08:25:00.000Z,SYNTH_CELL_B,252,-111.85
2026-08-31T08:25:00.000Z,SYNTH_CELL_B,253,-112.26
2026-08-31T08:25:00.000Z,SYNTH_CELL_B,254,-107.56
2026-08-31T08:25:00.000Z,SYNTH_CELL_B,255,-108.71
2026-08-31T08:25:00.000Z,SYNTH_CELL_B,256,-112.06
2026-08-31T08:25:00.000Z,SYNTH_CELL_B,257,-111.85
2026-08-31T08:25:00.000Z,SYNTH_CELL_B,258,-111.99
2026-08-31T08:25:00.000Z,SYNTH_CELL_B,259,-113.82
2026-08-31T08:25:00.000Z,SYNTH_CELL_B,260,-108.47
2026-08-31T08:25:00.000Z,SYNTH_CELL_B,261,-113.16
2026-08-31T08:25:00.000Z,SYNTH_CELL_B,262,-110.44
2026-08-31T08:25:00.000Z,SYNTH_CELL_B,263,-107.37
2026-08-31T08:25:00.000Z,SYNTH_CELL_B,264,-107.02
2026-08-31T08:25:00.000Z,SYNTH_CELL_B,265,-113.53
2026-08-31T08:25:00.000Z,SYNTH_CELL_B,266,-110.08
2026-08-31T08:25:00.000Z,SYNTH_CELL_B,267,-111.72
2026-08-31T08:25:00.000Z,SYNTH_CELL_B,268,-112.76
2026-08-31T08:25:00.000Z,SYNTH_CELL_B,269,-107.41
2026-08-31T08:25:00.000Z,SYNTH_CELL_B,270,-111.17
2026-08-31T08:25:00.000Z,SYNTH_CELL_B,271,-109.73
2026-08-31T08:25:00.000Z,SYNTH_CELL_B,272,-112.09
2026-08-31T08:30:00.000Z,SYNTH_CELL_B,0,-112.93
2026-08-31T08:30:00.000Z,SYNTH_CELL_B,1,-112.86
2026-08-31T08:30:00.000Z,SYNTH_CELL_B,2,-110.02
2026-08-31T08:30:00.000Z,SYNTH_CELL_B,3,-110.18
2026-08-31T08:30:00.000Z,SYNTH_CELL_B,4,-110.44
2026-08-31T08:30:00.000Z,SYNTH_CELL_B,5,-111.54
2026-08-31T08:30:00.000Z,SYNTH_CELL_B,6,-109.1
2026-08-31T08:30:00.000Z,SYNTH_CELL_B,7,-109.66
2026-08-31T08:30:00.000Z,SYNTH_CELL_B,8,-111.85
2026-08-31T08:30:00.000Z,SYNTH_CELL_B,9,-113.94
2026-08-31T08:30:00.000Z,SYNTH_CELL_B,10,-108.17
2026-08-31T08:30:00.000Z,SYNTH_CELL_B,11,-107.84
2026-08-31T08:30:00.000Z,SYNTH_CELL_B,12,-113.79
2026-08-31T08:30:00.000Z,SYNTH_CELL_B,13,-111.35
2026-08-31T08:30:00.000Z,SYNTH_CELL_B,14,-108.15
2026-08-31T08:30:00.000Z,SYNTH_CELL_B,15,-110.48
2026-08-31T08:30:00.000Z,SYNTH_CELL_B,16,-111.85
2026-08-31T08:30:00.000Z,SYNTH_CELL_B,17,-112.93
2026-08-31T08:30:00.000Z,SYNTH_CELL_B,18,-109.98
2026-08-31T08:30:00.000Z,SYNTH_CELL_B,19,-112.76
2026-08-31T08:30:00.000Z,SYNTH_CELL_B,20,-108.37
2026-08-31T08:30:00.000Z,SYNTH_CELL_B,21,-111.22
2026-08-31T08:30:00.000Z,SYNTH_CELL_B,22,-112.72
2026-08-31T08:30:00.000Z,SYNTH_CELL_B,23,-109.65
2026-08-31T08:30:00.000Z,SYNTH_CELL_B,24,-107.66
2026-08-31T08:30:00.000Z,SYNTH_CELL_B,25,-109.46
2026-08-31T08:30:00.000Z,SYNTH_CELL_B,26,-112.73
2026-08-31T08:30:00.000Z,SYNTH_CELL_B,27,-112.19
2026-08-31T08:30:00.000Z,SYNTH_CELL_B,28,-112.22
2026-08-31T08:30:00.000Z,SYNTH_CELL_B,29,-112.75
2026-08-31T08:30:00.000Z,SYNTH_CELL_B,30,-110.99
2026-08-31T08:30:00.000Z,SYNTH_CELL_B,31,-113.64
2026-08-31T08:30:00.000Z,SYNTH_CELL_B,32,-113.09
2026-08-31T08:30:00.000Z,SYNTH_CELL_B,33,-111.32
2026-08-31T08:30:00.000Z,SYNTH_CELL_B,34,-107.41
2026-08-31T08:30:00.000Z,SYNTH_CELL_B,35,-110.68
2026-08-31T08:30:00.000Z,SYNTH_CELL_B,36,-109.17
2026-08-31T08:30:00.000Z,SYNTH_CELL_B,37,-111.54
2026-08-31T08:30:00.000Z,SYNTH_CELL_B,38,-110.35
2026-08-31T08:30:00.000Z,SYNTH_CELL_B,39,-109.3
2026-08-31T08:30:00.000Z,SYNTH_CELL_B,40,-107
2026-08-31T08:30:00.000Z,SYNTH_CELL_B,41,-109.61
2026-08-31T08:30:00.000Z,SYNTH_CELL_B,42,-112.58
2026-08-31T08:30:00.000Z,SYNTH_CELL_B,43,-108.14
2026-08-31T08:30:00.000Z,SYNTH_CELL_B,44,-108.08
2026-08-31T08:30:00.000Z,SYNTH_CELL_B,45,-112.4
2026-08-31T08:30:00.000Z,SYNTH_CELL_B,46,-111.25
2026-08-31T08:30:00.000Z,SYNTH_CELL_B,47,-107.67
2026-08-31T08:30:00.000Z,SYNTH_CELL_B,48,-112.57
2026-08-31T08:30:00.000Z,SYNTH_CELL_B,49,-113.91
2026-08-31T08:30:00.000Z,SYNTH_CELL_B,50,-109.37
2026-08-31T08:30:00.000Z,SYNTH_CELL_B,51,-109.78
2026-08-31T08:30:00.000Z,SYNTH_CELL_B,52,-111.76
2026-08-31T08:30:00.000Z,SYNTH_CELL_B,53,-110.65
2026-08-31T08:30:00.000Z,SYNTH_CELL_B,54,-113.58
2026-08-31T08:30:00.000Z,SYNTH_CELL_B,55,-113.75
2026-08-31T08:30:00.000Z,SYNTH_CELL_B,56,-112.31
2026-08-31T08:30:00.000Z,SYNTH_CELL_B,57,-113.18
2026-08-31T08:30:00.000Z,SYNTH_CELL_B,58,-107.95
2026-08-31T08:30:00.000Z,SYNTH_CELL_B,59,-108.1
2026-08-31T08:30:00.000Z,SYNTH_CELL_B,60,-108.9
2026-08-31T08:30:00.000Z,SYNTH_CELL_B,61,-110.85
2026-08-31T08:30:00.000Z,SYNTH_CELL_B,62,-109.8
2026-08-31T08:30:00.000Z,SYNTH_CELL_B,63,-113.1
2026-08-31T08:30:00.000Z,SYNTH_CELL_B,64,-111.39
2026-08-31T08:30:00.000Z,SYNTH_CELL_B,65,-107.98
2026-08-31T08:30:00.000Z,SYNTH_CELL_B,66,-112.38
2026-08-31T08:30:00.000Z,SYNTH_CELL_B,67,-112.21
2026-08-31T08:30:00.000Z,SYNTH_CELL_B,68,-108.32
2026-08-31T08:30:00.000Z,SYNTH_CELL_B,69,-111.26
2026-08-31T08:30:00.000Z,SYNTH_CELL_B,70,-111.5
2026-08-31T08:30:00.000Z,SYNTH_CELL_B,71,-109.35
2026-08-31T08:30:00.000Z,SYNTH_CELL_B,72,-107.87
2026-08-31T08:30:00.000Z,SYNTH_CELL_B,73,-109.61
2026-08-31T08:30:00.000Z,SYNTH_CELL_B,74,-112
2026-08-31T08:30:00.000Z,SYNTH_CELL_B,75,-108.02
2026-08-31T08:30:00.000Z,SYNTH_CELL_B,76,-110.1
2026-08-31T08:30:00.000Z,SYNTH_CELL_B,77,-108.42
2026-08-31T08:30:00.000Z,SYNTH_CELL_B,78,-108.05
2026-08-31T08:30:00.000Z,SYNTH_CELL_B,79,-109.43
2026-08-31T08:30:00.000Z,SYNTH_CELL_B,80,-109.54
2026-08-31T08:30:00.000Z,SYNTH_CELL_B,81,-112.27
2026-08-31T08:30:00.000Z,SYNTH_CELL_B,82,-108.22
2026-08-31T08:30:00.000Z,SYNTH_CELL_B,83,-107.61
2026-08-31T08:30:00.000Z,SYNTH_CELL_B,84,-107.93
2026-08-31T08:30:00.000Z,SYNTH_CELL_B,85,-111.25
2026-08-31T08:30:00.000Z,SYNTH_CELL_B,86,-108.05
2026-08-31T08:30:00.000Z,SYNTH_CELL_B,87,-108.79
2026-08-31T08:30:00.000Z,SYNTH_CELL_B,88,-109.86
2026-08-31T08:30:00.000Z,SYNTH_CELL_B,89,-112.19
2026-08-31T08:30:00.000Z,SYNTH_CELL_B,90,-109.04
2026-08-31T08:30:00.000Z,SYNTH_CELL_B,91,-111.28
2026-08-31T08:30:00.000Z,SYNTH_CELL_B,92,-109.18
2026-08-31T08:30:00.000Z,SYNTH_CELL_B,93,-109.11
2026-08-31T08:30:00.000Z,SYNTH_CELL_B,94,-107.47
2026-08-31T08:30:00.000Z,SYNTH_CELL_B,95,-108.31
2026-08-31T08:30:00.000Z,SYNTH_CELL_B,96,-108.43
2026-08-31T08:30:00.000Z,SYNTH_CELL_B,97,-111.29
2026-08-31T08:30:00.000Z,SYNTH_CELL_B,98,-109.7
2026-08-31T08:30:00.000Z,SYNTH_CELL_B,99,-113.34
2026-08-31T08:30:00.000Z,SYNTH_CELL_B,100,-109.01
2026-08-31T08:30:00.000Z,SYNTH_CELL_B,101,-109.71
2026-08-31T08:30:00.000Z,SYNTH_CELL_B,102,-111.17
2026-08-31T08:30:00.000Z,SYNTH_CELL_B,103,-109.52
2026-08-31T08:30:00.000Z,SYNTH_CELL_B,104,-107.19
2026-08-31T08:30:00.000Z,SYNTH_CELL_B,105,-107.58
2026-08-31T08:30:00.000Z,SYNTH_CELL_B,106,-109.46
2026-08-31T08:30:00.000Z,SYNTH_CELL_B,107,-112.21
2026-08-31T08:30:00.000Z,SYNTH_CELL_B,108,-110.07
2026-08-31T08:30:00.000Z,SYNTH_CELL_B,109,-109.82
2026-08-31T08:30:00.000Z,SYNTH_CELL_B,110,-109.19
2026-08-31T08:30:00.000Z,SYNTH_CELL_B,111,-113.55
2026-08-31T08:30:00.000Z,SYNTH_CELL_B,112,-108.53
2026-08-31T08:30:00.000Z,SYNTH_CELL_B,113,-113.71
2026-08-31T08:30:00.000Z,SYNTH_CELL_B,114,-111.89
2026-08-31T08:30:00.000Z,SYNTH_CELL_B,115,-112.21
2026-08-31T08:30:00.000Z,SYNTH_CELL_B,116,-111.81
2026-08-31T08:30:00.000Z,SYNTH_CELL_B,117,-107.88
2026-08-31T08:30:00.000Z,SYNTH_CELL_B,118,-111.29
2026-08-31T08:30:00.000Z,SYNTH_CELL_B,119,-109.7
2026-08-31T08:30:00.000Z,SYNTH_CELL_B,120,-110.55
2026-08-31T08:30:00.000Z,SYNTH_CELL_B,121,-108.05
2026-08-31T08:30:00.000Z,SYNTH_CELL_B,122,-107.88
2026-08-31T08:30:00.000Z,SYNTH_CELL_B,123,-108.73
2026-08-31T08:30:00.000Z,SYNTH_CELL_B,124,-107.58
2026-08-31T08:30:00.000Z,SYNTH_CELL_B,125,-111.12
2026-08-31T08:30:00.000Z,SYNTH_CELL_B,126,-113.86
2026-08-31T08:30:00.000Z,SYNTH_CELL_B,127,-107.14
2026-08-31T08:30:00.000Z,SYNTH_CELL_B,128,-110.92
2026-08-31T08:30:00.000Z,SYNTH_CELL_B,129,-108.21
2026-08-31T08:30:00.000Z,SYNTH_CELL_B,130,-112.97
2026-08-31T08:30:00.000Z,SYNTH_CELL_B,131,-109.23
2026-08-31T08:30:00.000Z,SYNTH_CELL_B,132,-109.3
2026-08-31T08:30:00.000Z,SYNTH_CELL_B,133,-108.44
2026-08-31T08:30:00.000Z,SYNTH_CELL_B,134,-107.42
2026-08-31T08:30:00.000Z,SYNTH_CELL_B,135,-113.31
2026-08-31T08:30:00.000Z,SYNTH_CELL_B,136,-113.15
2026-08-31T08:30:00.000Z,SYNTH_CELL_B,137,-111.41
2026-08-31T08:30:00.000Z,SYNTH_CELL_B,138,-110.82
2026-08-31T08:30:00.000Z,SYNTH_CELL_B,139,-111.26
2026-08-31T08:30:00.000Z,SYNTH_CELL_B,140,-113.36
2026-08-31T08:30:00.000Z,SYNTH_CELL_B,141,-113.18
2026-08-31T08:30:00.000Z,SYNTH_CELL_B,142,-107.46
2026-08-31T08:30:00.000Z,SYNTH_CELL_B,143,-108.17
2026-08-31T08:30:00.000Z,SYNTH_CELL_B,144,-110.72
2026-08-31T08:30:00.000Z,SYNTH_CELL_B,145,-111.79
2026-08-31T08:30:00.000Z,SYNTH_CELL_B,146,-109.71
2026-08-31T08:30:00.000Z,SYNTH_CELL_B,147,-107.04
2026-08-31T08:30:00.000Z,SYNTH_CELL_B,148,-110.1
2026-08-31T08:30:00.000Z,SYNTH_CELL_B,149,-113.32
2026-08-31T08:30:00.000Z,SYNTH_CELL_B,150,-109.69
2026-08-31T08:30:00.000Z,SYNTH_CELL_B,151,-108.39
2026-08-31T08:30:00.000Z,SYNTH_CELL_B,152,-113.41
2026-08-31T08:30:00.000Z,SYNTH_CELL_B,153,-111.39
2026-08-31T08:30:00.000Z,SYNTH_CELL_B,154,-113.28
2026-08-31T08:30:00.000Z,SYNTH_CELL_B,155,-111.92
2026-08-31T08:30:00.000Z,SYNTH_CELL_B,156,-110.31
2026-08-31T08:30:00.000Z,SYNTH_CELL_B,157,-111.12
2026-08-31T08:30:00.000Z,SYNTH_CELL_B,158,-108.38
2026-08-31T08:30:00.000Z,SYNTH_CELL_B,159,-113.93
2026-08-31T08:30:00.000Z,SYNTH_CELL_B,160,-107.95
2026-08-31T08:30:00.000Z,SYNTH_CELL_B,161,-107.29
2026-08-31T08:30:00.000Z,SYNTH_CELL_B,162,-113.82
2026-08-31T08:30:00.000Z,SYNTH_CELL_B,163,-108.5
2026-08-31T08:30:00.000Z,SYNTH_CELL_B,164,-107.75
2026-08-31T08:30:00.000Z,SYNTH_CELL_B,165,-108.63
2026-08-31T08:30:00.000Z,SYNTH_CELL_B,166,-111.98
2026-08-31T08:30:00.000Z,SYNTH_CELL_B,167,-114
2026-08-31T08:30:00.000Z,SYNTH_CELL_B,168,-112.72
2026-08-31T08:30:00.000Z,SYNTH_CELL_B,169,-110.77
2026-08-31T08:30:00.000Z,SYNTH_CELL_B,170,-109.51
2026-08-31T08:30:00.000Z,SYNTH_CELL_B,171,-113.62
2026-08-31T08:30:00.000Z,SYNTH_CELL_B,172,-108.54
2026-08-31T08:30:00.000Z,SYNTH_CELL_B,173,-109.48
2026-08-31T08:30:00.000Z,SYNTH_CELL_B,174,-108.78
2026-08-31T08:30:00.000Z,SYNTH_CELL_B,175,-113.4
2026-08-31T08:30:00.000Z,SYNTH_CELL_B,176,-109.16
2026-08-31T08:30:00.000Z,SYNTH_CELL_B,177,-112.5
2026-08-31T08:30:00.000Z,SYNTH_CELL_B,178,-108.51
2026-08-31T08:30:00.000Z,SYNTH_CELL_B,179,-108.02
2026-08-31T08:30:00.000Z,SYNTH_CELL_B,180,-112.52
2026-08-31T08:30:00.000Z,SYNTH_CELL_B,181,-108.4
2026-08-31T08:30:00.000Z,SYNTH_CELL_B,182,-112.53
2026-08-31T08:30:00.000Z,SYNTH_CELL_B,183,-108.57
2026-08-31T08:30:00.000Z,SYNTH_CELL_B,184,-113.27
2026-08-31T08:30:00.000Z,SYNTH_CELL_B,185,-111.23
2026-08-31T08:30:00.000Z,SYNTH_CELL_B,186,-111.49
2026-08-31T08:30:00.000Z,SYNTH_CELL_B,187,-113.27
2026-08-31T08:30:00.000Z,SYNTH_CELL_B,188,-109.54
2026-08-31T08:30:00.000Z,SYNTH_CELL_B,189,-113.27
2026-08-31T08:30:00.000Z,SYNTH_CELL_B,190,-107.79
2026-08-31T08:30:00.000Z,SYNTH_CELL_B,191,-112.06
2026-08-31T08:30:00.000Z,SYNTH_CELL_B,192,-111.04
2026-08-31T08:30:00.000Z,SYNTH_CELL_B,193,-113.38
2026-08-31T08:30:00.000Z,SYNTH_CELL_B,194,-113.83
2026-08-31T08:30:00.000Z,SYNTH_CELL_B,195,-110.6
2026-08-31T08:30:00.000Z,SYNTH_CELL_B,196,-113.64
2026-08-31T08:30:00.000Z,SYNTH_CELL_B,197,-108.57
2026-08-31T08:30:00.000Z,SYNTH_CELL_B,198,-110.13
2026-08-31T08:30:00.000Z,SYNTH_CELL_B,199,-110.41
2026-08-31T08:30:00.000Z,SYNTH_CELL_B,200,-111.14
2026-08-31T08:30:00.000Z,SYNTH_CELL_B,201,-111.49
2026-08-31T08:30:00.000Z,SYNTH_CELL_B,202,-110.84
2026-08-31T08:30:00.000Z,SYNTH_CELL_B,203,-107.37
2026-08-31T08:30:00.000Z,SYNTH_CELL_B,204,-109.69
2026-08-31T08:30:00.000Z,SYNTH_CELL_B,205,-108.87
2026-08-31T08:30:00.000Z,SYNTH_CELL_B,206,-113.35
2026-08-31T08:30:00.000Z,SYNTH_CELL_B,207,-108.05
2026-08-31T08:30:00.000Z,SYNTH_CELL_B,208,-110.72
2026-08-31T08:30:00.000Z,SYNTH_CELL_B,209,-107.39
2026-08-31T08:30:00.000Z,SYNTH_CELL_B,210,-107.69
2026-08-31T08:30:00.000Z,SYNTH_CELL_B,211,-113.86
2026-08-31T08:30:00.000Z,SYNTH_CELL_B,212,-112.15
2026-08-31T08:30:00.000Z,SYNTH_CELL_B,213,-112.04
2026-08-31T08:30:00.000Z,SYNTH_CELL_B,214,-111.76
2026-08-31T08:30:00.000Z,SYNTH_CELL_B,215,-107.29
2026-08-31T08:30:00.000Z,SYNTH_CELL_B,216,-107.84
2026-08-31T08:30:00.000Z,SYNTH_CELL_B,217,-112.91
2026-08-31T08:30:00.000Z,SYNTH_CELL_B,218,-107.21
2026-08-31T08:30:00.000Z,SYNTH_CELL_B,219,-109.22
2026-08-31T08:30:00.000Z,SYNTH_CELL_B,220,-107.1
2026-08-31T08:30:00.000Z,SYNTH_CELL_B,221,-107.75
2026-08-31T08:30:00.000Z,SYNTH_CELL_B,222,-107.98
2026-08-31T08:30:00.000Z,SYNTH_CELL_B,223,-110.28
2026-08-31T08:30:00.000Z,SYNTH_CELL_B,224,-112.51
2026-08-31T08:30:00.000Z,SYNTH_CELL_B,225,-109.98
2026-08-31T08:30:00.000Z,SYNTH_CELL_B,226,-110.47
2026-08-31T08:30:00.000Z,SYNTH_CELL_B,227,-113.38
2026-08-31T08:30:00.000Z,SYNTH_CELL_B,228,-112.74
2026-08-31T08:30:00.000Z,SYNTH_CELL_B,229,-113.43
2026-08-31T08:30:00.000Z,SYNTH_CELL_B,230,-108.33
2026-08-31T08:30:00.000Z,SYNTH_CELL_B,231,-111.38
2026-08-31T08:30:00.000Z,SYNTH_CELL_B,232,-112.47
2026-08-31T08:30:00.000Z,SYNTH_CELL_B,233,-110.73
2026-08-31T08:30:00.000Z,SYNTH_CELL_B,234,-109.75
2026-08-31T08:30:00.000Z,SYNTH_CELL_B,235,-111.02
2026-08-31T08:30:00.000Z,SYNTH_CELL_B,236,-109.32
2026-08-31T08:30:00.000Z,SYNTH_CELL_B,237,-108.58
2026-08-31T08:30:00.000Z,SYNTH_CELL_B,238,-109.18
2026-08-31T08:30:00.000Z,SYNTH_CELL_B,239,-111.25
2026-08-31T08:30:00.000Z,SYNTH_CELL_B,240,-109.51
2026-08-31T08:30:00.000Z,SYNTH_CELL_B,241,-110.96
2026-08-31T08:30:00.000Z,SYNTH_CELL_B,242,-112.13
2026-08-31T08:30:00.000Z,SYNTH_CELL_B,243,-112.27
2026-08-31T08:30:00.000Z,SYNTH_CELL_B,244,-112.98
2026-08-31T08:30:00.000Z,SYNTH_CELL_B,245,-111.82
2026-08-31T08:30:00.000Z,SYNTH_CELL_B,246,-108.78
2026-08-31T08:30:00.000Z,SYNTH_CELL_B,247,-112.64
2026-08-31T08:30:00.000Z,SYNTH_CELL_B,248,-110.65
2026-08-31T08:30:00.000Z,SYNTH_CELL_B,249,-110.48
2026-08-31T08:30:00.000Z,SYNTH_CELL_B,250,-108.95
2026-08-31T08:30:00.000Z,SYNTH_CELL_B,251,-107.92
2026-08-31T08:30:00.000Z,SYNTH_CELL_B,252,-108.14
2026-08-31T08:30:00.000Z,SYNTH_CELL_B,253,-107.49
2026-08-31T08:30:00.000Z,SYNTH_CELL_B,254,-112.71
2026-08-31T08:30:00.000Z,SYNTH_CELL_B,255,-111.61
2026-08-31T08:30:00.000Z,SYNTH_CELL_B,256,-113.33
2026-08-31T08:30:00.000Z,SYNTH_CELL_B,257,-108.53
2026-08-31T08:30:00.000Z,SYNTH_CELL_B,258,-107.92
2026-08-31T08:30:00.000Z,SYNTH_CELL_B,259,-107.08
2026-08-31T08:30:00.000Z,SYNTH_CELL_B,260,-108.94
2026-08-31T08:30:00.000Z,SYNTH_CELL_B,261,-108.4
2026-08-31T08:30:00.000Z,SYNTH_CELL_B,262,-108.75
2026-08-31T08:30:00.000Z,SYNTH_CELL_B,263,-112.55
2026-08-31T08:30:00.000Z,SYNTH_CELL_B,264,-108
2026-08-31T08:30:00.000Z,SYNTH_CELL_B,265,-111.05
2026-08-31T08:30:00.000Z,SYNTH_CELL_B,266,-109.15
2026-08-31T08:30:00.000Z,SYNTH_CELL_B,267,-107.27
2026-08-31T08:30:00.000Z,SYNTH_CELL_B,268,-110.12
2026-08-31T08:30:00.000Z,SYNTH_CELL_B,269,-108.88
2026-08-31T08:30:00.000Z,SYNTH_CELL_B,270,-111.88
2026-08-31T08:30:00.000Z,SYNTH_CELL_B,271,-113.06
2026-08-31T08:30:00.000Z,SYNTH_CELL_B,272,-112.26
2026-08-31T08:35:00.000Z,SYNTH_CELL_B,0,-110.85
2026-08-31T08:35:00.000Z,SYNTH_CELL_B,1,-111.16
2026-08-31T08:35:00.000Z,SYNTH_CELL_B,2,-109.55
2026-08-31T08:35:00.000Z,SYNTH_CELL_B,3,-111.5
2026-08-31T08:35:00.000Z,SYNTH_CELL_B,4,-109.84
2026-08-31T08:35:00.000Z,SYNTH_CELL_B,5,-109.59
2026-08-31T08:35:00.000Z,SYNTH_CELL_B,6,-108.73
2026-08-31T08:35:00.000Z,SYNTH_CELL_B,7,-109.95
2026-08-31T08:35:00.000Z,SYNTH_CELL_B,8,-107.34
2026-08-31T08:35:00.000Z,SYNTH_CELL_B,9,-112.66
2026-08-31T08:35:00.000Z,SYNTH_CELL_B,10,-111.55
2026-08-31T08:35:00.000Z,SYNTH_CELL_B,11,-112.73
2026-08-31T08:35:00.000Z,SYNTH_CELL_B,12,-111.58
2026-08-31T08:35:00.000Z,SYNTH_CELL_B,13,-113.6
2026-08-31T08:35:00.000Z,SYNTH_CELL_B,14,-110.46
2026-08-31T08:35:00.000Z,SYNTH_CELL_B,15,-112.67
2026-08-31T08:35:00.000Z,SYNTH_CELL_B,16,-110.45
2026-08-31T08:35:00.000Z,SYNTH_CELL_B,17,-107.93
2026-08-31T08:35:00.000Z,SYNTH_CELL_B,18,-113.35
2026-08-31T08:35:00.000Z,SYNTH_CELL_B,19,-111.71
2026-08-31T08:35:00.000Z,SYNTH_CELL_B,20,-113.76
2026-08-31T08:35:00.000Z,SYNTH_CELL_B,21,-108.5
2026-08-31T08:35:00.000Z,SYNTH_CELL_B,22,-113.12
2026-08-31T08:35:00.000Z,SYNTH_CELL_B,23,-110.87
2026-08-31T08:35:00.000Z,SYNTH_CELL_B,24,-112.87
2026-08-31T08:35:00.000Z,SYNTH_CELL_B,25,-110.44
2026-08-31T08:35:00.000Z,SYNTH_CELL_B,26,-107.28
2026-08-31T08:35:00.000Z,SYNTH_CELL_B,27,-113.04
2026-08-31T08:35:00.000Z,SYNTH_CELL_B,28,-111.37
2026-08-31T08:35:00.000Z,SYNTH_CELL_B,29,-110.88
2026-08-31T08:35:00.000Z,SYNTH_CELL_B,30,-111.64
2026-08-31T08:35:00.000Z,SYNTH_CELL_B,31,-110.83
2026-08-31T08:35:00.000Z,SYNTH_CELL_B,32,-107.74
2026-08-31T08:35:00.000Z,SYNTH_CELL_B,33,-113.82
2026-08-31T08:35:00.000Z,SYNTH_CELL_B,34,-112.07
2026-08-31T08:35:00.000Z,SYNTH_CELL_B,35,-108.27
2026-08-31T08:35:00.000Z,SYNTH_CELL_B,36,-107.22
2026-08-31T08:35:00.000Z,SYNTH_CELL_B,37,-112.7
2026-08-31T08:35:00.000Z,SYNTH_CELL_B,38,-108.42
2026-08-31T08:35:00.000Z,SYNTH_CELL_B,39,-113.3
2026-08-31T08:35:00.000Z,SYNTH_CELL_B,40,-113.88
2026-08-31T08:35:00.000Z,SYNTH_CELL_B,41,-113.67
2026-08-31T08:35:00.000Z,SYNTH_CELL_B,42,-111
2026-08-31T08:35:00.000Z,SYNTH_CELL_B,43,-107.6
2026-08-31T08:35:00.000Z,SYNTH_CELL_B,44,-110.59
2026-08-31T08:35:00.000Z,SYNTH_CELL_B,45,-107.88
2026-08-31T08:35:00.000Z,SYNTH_CELL_B,46,-111.02
2026-08-31T08:35:00.000Z,SYNTH_CELL_B,47,-112.25
2026-08-31T08:35:00.000Z,SYNTH_CELL_B,48,-111.21
2026-08-31T08:35:00.000Z,SYNTH_CELL_B,49,-111.34
2026-08-31T08:35:00.000Z,SYNTH_CELL_B,50,-109.72
2026-08-31T08:35:00.000Z,SYNTH_CELL_B,51,-110.68
2026-08-31T08:35:00.000Z,SYNTH_CELL_B,52,-110.68
2026-08-31T08:35:00.000Z,SYNTH_CELL_B,53,-110.73
2026-08-31T08:35:00.000Z,SYNTH_CELL_B,54,-108.76
2026-08-31T08:35:00.000Z,SYNTH_CELL_B,55,-107.99
2026-08-31T08:35:00.000Z,SYNTH_CELL_B,56,-109.02
2026-08-31T08:35:00.000Z,SYNTH_CELL_B,57,-110.1
2026-08-31T08:35:00.000Z,SYNTH_CELL_B,58,-111.83
2026-08-31T08:35:00.000Z,SYNTH_CELL_B,59,-108.96
2026-08-31T08:35:00.000Z,SYNTH_CELL_B,60,-111.73
2026-08-31T08:35:00.000Z,SYNTH_CELL_B,61,-109.89
2026-08-31T08:35:00.000Z,SYNTH_CELL_B,62,-110.28
2026-08-31T08:35:00.000Z,SYNTH_CELL_B,63,-111.75
2026-08-31T08:35:00.000Z,SYNTH_CELL_B,64,-107.89
2026-08-31T08:35:00.000Z,SYNTH_CELL_B,65,-108.11
2026-08-31T08:35:00.000Z,SYNTH_CELL_B,66,-109.74
2026-08-31T08:35:00.000Z,SYNTH_CELL_B,67,-109.34
2026-08-31T08:35:00.000Z,SYNTH_CELL_B,68,-110.62
2026-08-31T08:35:00.000Z,SYNTH_CELL_B,69,-108.75
2026-08-31T08:35:00.000Z,SYNTH_CELL_B,70,-107.84
2026-08-31T08:35:00.000Z,SYNTH_CELL_B,71,-111.69
2026-08-31T08:35:00.000Z,SYNTH_CELL_B,72,-107.16
2026-08-31T08:35:00.000Z,SYNTH_CELL_B,73,-108.55
2026-08-31T08:35:00.000Z,SYNTH_CELL_B,74,-107.77
2026-08-31T08:35:00.000Z,SYNTH_CELL_B,75,-110.81
2026-08-31T08:35:00.000Z,SYNTH_CELL_B,76,-108.28
2026-08-31T08:35:00.000Z,SYNTH_CELL_B,77,-109.98
2026-08-31T08:35:00.000Z,SYNTH_CELL_B,78,-112.83
2026-08-31T08:35:00.000Z,SYNTH_CELL_B,79,-113.51
2026-08-31T08:35:00.000Z,SYNTH_CELL_B,80,-109.16
2026-08-31T08:35:00.000Z,SYNTH_CELL_B,81,-110.66
2026-08-31T08:35:00.000Z,SYNTH_CELL_B,82,-109.83
2026-08-31T08:35:00.000Z,SYNTH_CELL_B,83,-108.26
2026-08-31T08:35:00.000Z,SYNTH_CELL_B,84,-109.46
2026-08-31T08:35:00.000Z,SYNTH_CELL_B,85,-110.39
2026-08-31T08:35:00.000Z,SYNTH_CELL_B,86,-112.06
2026-08-31T08:35:00.000Z,SYNTH_CELL_B,87,-112.09
2026-08-31T08:35:00.000Z,SYNTH_CELL_B,88,-109.45
2026-08-31T08:35:00.000Z,SYNTH_CELL_B,89,-113.84
2026-08-31T08:35:00.000Z,SYNTH_CELL_B,90,-108.72
2026-08-31T08:35:00.000Z,SYNTH_CELL_B,91,-108.05
2026-08-31T08:35:00.000Z,SYNTH_CELL_B,92,-110.83
2026-08-31T08:35:00.000Z,SYNTH_CELL_B,93,-107.48
2026-08-31T08:35:00.000Z,SYNTH_CELL_B,94,-110.27
2026-08-31T08:35:00.000Z,SYNTH_CELL_B,95,-110.48
2026-08-31T08:35:00.000Z,SYNTH_CELL_B,96,-108.8
2026-08-31T08:35:00.000Z,SYNTH_CELL_B,97,-108.2
2026-08-31T08:35:00.000Z,SYNTH_CELL_B,98,-108.31
2026-08-31T08:35:00.000Z,SYNTH_CELL_B,99,-112.73
2026-08-31T08:35:00.000Z,SYNTH_CELL_B,100,-110.74
2026-08-31T08:35:00.000Z,SYNTH_CELL_B,101,-108.08
2026-08-31T08:35:00.000Z,SYNTH_CELL_B,102,-111.14
2026-08-31T08:35:00.000Z,SYNTH_CELL_B,103,-113.1
2026-08-31T08:35:00.000Z,SYNTH_CELL_B,104,-111.8
2026-08-31T08:35:00.000Z,SYNTH_CELL_B,105,-111.34
2026-08-31T08:35:00.000Z,SYNTH_CELL_B,106,-108.44
2026-08-31T08:35:00.000Z,SYNTH_CELL_B,107,-113.72
2026-08-31T08:35:00.000Z,SYNTH_CELL_B,108,-111.54
2026-08-31T08:35:00.000Z,SYNTH_CELL_B,109,-109.24
2026-08-31T08:35:00.000Z,SYNTH_CELL_B,110,-111.74
2026-08-31T08:35:00.000Z,SYNTH_CELL_B,111,-113.5
2026-08-31T08:35:00.000Z,SYNTH_CELL_B,112,-108.33
2026-08-31T08:35:00.000Z,SYNTH_CELL_B,113,-112.18
2026-08-31T08:35:00.000Z,SYNTH_CELL_B,114,-109.84
2026-08-31T08:35:00.000Z,SYNTH_CELL_B,115,-109.4
2026-08-31T08:35:00.000Z,SYNTH_CELL_B,116,-113.64
2026-08-31T08:35:00.000Z,SYNTH_CELL_B,117,-113.09
2026-08-31T08:35:00.000Z,SYNTH_CELL_B,118,-113.72
2026-08-31T08:35:00.000Z,SYNTH_CELL_B,119,-113.17
2026-08-31T08:35:00.000Z,SYNTH_CELL_B,120,-108.45
2026-08-31T08:35:00.000Z,SYNTH_CELL_B,121,-108.74
2026-08-31T08:35:00.000Z,SYNTH_CELL_B,122,-108.46
2026-08-31T08:35:00.000Z,SYNTH_CELL_B,123,-107.22
2026-08-31T08:35:00.000Z,SYNTH_CELL_B,124,-109.54
2026-08-31T08:35:00.000Z,SYNTH_CELL_B,125,-109.35
2026-08-31T08:35:00.000Z,SYNTH_CELL_B,126,-107.66
2026-08-31T08:35:00.000Z,SYNTH_CELL_B,127,-108.23
2026-08-31T08:35:00.000Z,SYNTH_CELL_B,128,-113.92
2026-08-31T08:35:00.000Z,SYNTH_CELL_B,129,-109.26
2026-08-31T08:35:00.000Z,SYNTH_CELL_B,130,-113.65
2026-08-31T08:35:00.000Z,SYNTH_CELL_B,131,-108.11
2026-08-31T08:35:00.000Z,SYNTH_CELL_B,132,-109.52
2026-08-31T08:35:00.000Z,SYNTH_CELL_B,133,-110.53
2026-08-31T08:35:00.000Z,SYNTH_CELL_B,134,-108.6
2026-08-31T08:35:00.000Z,SYNTH_CELL_B,135,-110.3
2026-08-31T08:35:00.000Z,SYNTH_CELL_B,136,-109.53
2026-08-31T08:35:00.000Z,SYNTH_CELL_B,137,-109.09
2026-08-31T08:35:00.000Z,SYNTH_CELL_B,138,-110.66
2026-08-31T08:35:00.000Z,SYNTH_CELL_B,139,-108.26
2026-08-31T08:35:00.000Z,SYNTH_CELL_B,140,-111.19
2026-08-31T08:35:00.000Z,SYNTH_CELL_B,141,-107.76
2026-08-31T08:35:00.000Z,SYNTH_CELL_B,142,-112.29
2026-08-31T08:35:00.000Z,SYNTH_CELL_B,143,-112
2026-08-31T08:35:00.000Z,SYNTH_CELL_B,144,-111.26
2026-08-31T08:35:00.000Z,SYNTH_CELL_B,145,-107.71
2026-08-31T08:35:00.000Z,SYNTH_CELL_B,146,-109.62
2026-08-31T08:35:00.000Z,SYNTH_CELL_B,147,-111.86
2026-08-31T08:35:00.000Z,SYNTH_CELL_B,148,-107.16
2026-08-31T08:35:00.000Z,SYNTH_CELL_B,149,-107.61
2026-08-31T08:35:00.000Z,SYNTH_CELL_B,150,-110.01
2026-08-31T08:35:00.000Z,SYNTH_CELL_B,151,-113.29
2026-08-31T08:35:00.000Z,SYNTH_CELL_B,152,-110.66
2026-08-31T08:35:00.000Z,SYNTH_CELL_B,153,-111.4
2026-08-31T08:35:00.000Z,SYNTH_CELL_B,154,-109.83
2026-08-31T08:35:00.000Z,SYNTH_CELL_B,155,-110.73
2026-08-31T08:35:00.000Z,SYNTH_CELL_B,156,-110.45
2026-08-31T08:35:00.000Z,SYNTH_CELL_B,157,-110.45
2026-08-31T08:35:00.000Z,SYNTH_CELL_B,158,-111.43
2026-08-31T08:35:00.000Z,SYNTH_CELL_B,159,-113.37
2026-08-31T08:35:00.000Z,SYNTH_CELL_B,160,-108.43
2026-08-31T08:35:00.000Z,SYNTH_CELL_B,161,-111.17
2026-08-31T08:35:00.000Z,SYNTH_CELL_B,162,-108.6
2026-08-31T08:35:00.000Z,SYNTH_CELL_B,163,-111.75
2026-08-31T08:35:00.000Z,SYNTH_CELL_B,164,-110.12
2026-08-31T08:35:00.000Z,SYNTH_CELL_B,165,-110.68
2026-08-31T08:35:00.000Z,SYNTH_CELL_B,166,-109.8
2026-08-31T08:35:00.000Z,SYNTH_CELL_B,167,-111.69
2026-08-31T08:35:00.000Z,SYNTH_CELL_B,168,-110.46
2026-08-31T08:35:00.000Z,SYNTH_CELL_B,169,-112.3
2026-08-31T08:35:00.000Z,SYNTH_CELL_B,170,-107.34
2026-08-31T08:35:00.000Z,SYNTH_CELL_B,171,-110.45
2026-08-31T08:35:00.000Z,SYNTH_CELL_B,172,-109.36
2026-08-31T08:35:00.000Z,SYNTH_CELL_B,173,-111.32
2026-08-31T08:35:00.000Z,SYNTH_CELL_B,174,-111.28
2026-08-31T08:35:00.000Z,SYNTH_CELL_B,175,-113.19
2026-08-31T08:35:00.000Z,SYNTH_CELL_B,176,-107.78
2026-08-31T08:35:00.000Z,SYNTH_CELL_B,177,-107.42
2026-08-31T08:35:00.000Z,SYNTH_CELL_B,178,-107.46
2026-08-31T08:35:00.000Z,SYNTH_CELL_B,179,-113.47
2026-08-31T08:35:00.000Z,SYNTH_CELL_B,180,-111.74
2026-08-31T08:35:00.000Z,SYNTH_CELL_B,181,-109.09
2026-08-31T08:35:00.000Z,SYNTH_CELL_B,182,-107.67
2026-08-31T08:35:00.000Z,SYNTH_CELL_B,183,-107.53
2026-08-31T08:35:00.000Z,SYNTH_CELL_B,184,-109.58
2026-08-31T08:35:00.000Z,SYNTH_CELL_B,185,-108.93
2026-08-31T08:35:00.000Z,SYNTH_CELL_B,186,-109.78
2026-08-31T08:35:00.000Z,SYNTH_CELL_B,187,-107.67
2026-08-31T08:35:00.000Z,SYNTH_CELL_B,188,-113.06
2026-08-31T08:35:00.000Z,SYNTH_CELL_B,189,-113.94
2026-08-31T08:35:00.000Z,SYNTH_CELL_B,190,-108.1
2026-08-31T08:35:00.000Z,SYNTH_CELL_B,191,-112.32
2026-08-31T08:35:00.000Z,SYNTH_CELL_B,192,-108.92
2026-08-31T08:35:00.000Z,SYNTH_CELL_B,193,-111.42
2026-08-31T08:35:00.000Z,SYNTH_CELL_B,194,-112.07
2026-08-31T08:35:00.000Z,SYNTH_CELL_B,195,-109.65
2026-08-31T08:35:00.000Z,SYNTH_CELL_B,196,-109.96
2026-08-31T08:35:00.000Z,SYNTH_CELL_B,197,-110.04
2026-08-31T08:35:00.000Z,SYNTH_CELL_B,198,-110.92
2026-08-31T08:35:00.000Z,SYNTH_CELL_B,199,-107.11
2026-08-31T08:35:00.000Z,SYNTH_CELL_B,200,-110.35
2026-08-31T08:35:00.000Z,SYNTH_CELL_B,201,-108.79
2026-08-31T08:35:00.000Z,SYNTH_CELL_B,202,-110.74
2026-08-31T08:35:00.000Z,SYNTH_CELL_B,203,-109.42
2026-08-31T08:35:00.000Z,SYNTH_CELL_B,204,-113.67
2026-08-31T08:35:00.000Z,SYNTH_CELL_B,205,-111.77
2026-08-31T08:35:00.000Z,SYNTH_CELL_B,206,-111.74
2026-08-31T08:35:00.000Z,SYNTH_CELL_B,207,-107.11
2026-08-31T08:35:00.000Z,SYNTH_CELL_B,208,-108.52
2026-08-31T08:35:00.000Z,SYNTH_CELL_B,209,-111.34
2026-08-31T08:35:00.000Z,SYNTH_CELL_B,210,-110.41
2026-08-31T08:35:00.000Z,SYNTH_CELL_B,211,-110.04
2026-08-31T08:35:00.000Z,SYNTH_CELL_B,212,-111.52
2026-08-31T08:35:00.000Z,SYNTH_CELL_B,213,-108.68
2026-08-31T08:35:00.000Z,SYNTH_CELL_B,214,-113.55
2026-08-31T08:35:00.000Z,SYNTH_CELL_B,215,-112.7
2026-08-31T08:35:00.000Z,SYNTH_CELL_B,216,-110.6
2026-08-31T08:35:00.000Z,SYNTH_CELL_B,217,-107.71
2026-08-31T08:35:00.000Z,SYNTH_CELL_B,218,-109.07
2026-08-31T08:35:00.000Z,SYNTH_CELL_B,219,-109.59
2026-08-31T08:35:00.000Z,SYNTH_CELL_B,220,-112.53
2026-08-31T08:35:00.000Z,SYNTH_CELL_B,221,-109.62
2026-08-31T08:35:00.000Z,SYNTH_CELL_B,222,-113.58
2026-08-31T08:35:00.000Z,SYNTH_CELL_B,223,-110.58
2026-08-31T08:35:00.000Z,SYNTH_CELL_B,224,-113.79
2026-08-31T08:35:00.000Z,SYNTH_CELL_B,225,-113.81
2026-08-31T08:35:00.000Z,SYNTH_CELL_B,226,-108.65
2026-08-31T08:35:00.000Z,SYNTH_CELL_B,227,-113.25
2026-08-31T08:35:00.000Z,SYNTH_CELL_B,228,-107.55
2026-08-31T08:35:00.000Z,SYNTH_CELL_B,229,-110.42
2026-08-31T08:35:00.000Z,SYNTH_CELL_B,230,-111.81
2026-08-31T08:35:00.000Z,SYNTH_CELL_B,231,-108.36
2026-08-31T08:35:00.000Z,SYNTH_CELL_B,232,-113.83
2026-08-31T08:35:00.000Z,SYNTH_CELL_B,233,-112.48
2026-08-31T08:35:00.000Z,SYNTH_CELL_B,234,-110.17
2026-08-31T08:35:00.000Z,SYNTH_CELL_B,235,-110.42
2026-08-31T08:35:00.000Z,SYNTH_CELL_B,236,-107.82
2026-08-31T08:35:00.000Z,SYNTH_CELL_B,237,-107.75
2026-08-31T08:35:00.000Z,SYNTH_CELL_B,238,-109.47
2026-08-31T08:35:00.000Z,SYNTH_CELL_B,239,-107.67
2026-08-31T08:35:00.000Z,SYNTH_CELL_B,240,-112.89
2026-08-31T08:35:00.000Z,SYNTH_CELL_B,241,-111.58
2026-08-31T08:35:00.000Z,SYNTH_CELL_B,242,-110.37
2026-08-31T08:35:00.000Z,SYNTH_CELL_B,243,-112.62
2026-08-31T08:35:00.000Z,SYNTH_CELL_B,244,-109.25
2026-08-31T08:35:00.000Z,SYNTH_CELL_B,245,-110.06
2026-08-31T08:35:00.000Z,SYNTH_CELL_B,246,-110.56
2026-08-31T08:35:00.000Z,SYNTH_CELL_B,247,-109.65
2026-08-31T08:35:00.000Z,SYNTH_CELL_B,248,-108.7
2026-08-31T08:35:00.000Z,SYNTH_CELL_B,249,-109.88
2026-08-31T08:35:00.000Z,SYNTH_CELL_B,250,-112.26
2026-08-31T08:35:00.000Z,SYNTH_CELL_B,251,-109.1
2026-08-31T08:35:00.000Z,SYNTH_CELL_B,252,-108.93
2026-08-31T08:35:00.000Z,SYNTH_CELL_B,253,-112.61
2026-08-31T08:35:00.000Z,SYNTH_CELL_B,254,-107.44
2026-08-31T08:35:00.000Z,SYNTH_CELL_B,255,-111.6
2026-08-31T08:35:00.000Z,SYNTH_CELL_B,256,-109.71
2026-08-31T08:35:00.000Z,SYNTH_CELL_B,257,-111.03
2026-08-31T08:35:00.000Z,SYNTH_CELL_B,258,-110.95
2026-08-31T08:35:00.000Z,SYNTH_CELL_B,259,-108.42
2026-08-31T08:35:00.000Z,SYNTH_CELL_B,260,-113.99
2026-08-31T08:35:00.000Z,SYNTH_CELL_B,261,-107.51
2026-08-31T08:35:00.000Z,SYNTH_CELL_B,262,-108.62
2026-08-31T08:35:00.000Z,SYNTH_CELL_B,263,-110.87
2026-08-31T08:35:00.000Z,SYNTH_CELL_B,264,-107.02
2026-08-31T08:35:00.000Z,SYNTH_CELL_B,265,-112.44
2026-08-31T08:35:00.000Z,SYNTH_CELL_B,266,-109.31
2026-08-31T08:35:00.000Z,SYNTH_CELL_B,267,-110.89
2026-08-31T08:35:00.000Z,SYNTH_CELL_B,268,-111.15
2026-08-31T08:35:00.000Z,SYNTH_CELL_B,269,-109.03
2026-08-31T08:35:00.000Z,SYNTH_CELL_B,270,-111.46
2026-08-31T08:35:00.000Z,SYNTH_CELL_B,271,-113.06
2026-08-31T08:35:00.000Z,SYNTH_CELL_B,272,-113.14
2026-08-31T08:40:00.000Z,SYNTH_CELL_B,0,-108.49
2026-08-31T08:40:00.000Z,SYNTH_CELL_B,1,-112.14
2026-08-31T08:40:00.000Z,SYNTH_CELL_B,2,-111.11
2026-08-31T08:40:00.000Z,SYNTH_CELL_B,3,-112.99
2026-08-31T08:40:00.000Z,SYNTH_CELL_B,4,-113.98
2026-08-31T08:40:00.000Z,SYNTH_CELL_B,5,-111.88
2026-08-31T08:40:00.000Z,SYNTH_CELL_B,6,-109.26
2026-08-31T08:40:00.000Z,SYNTH_CELL_B,7,-111.09
2026-08-31T08:40:00.000Z,SYNTH_CELL_B,8,-107.36
2026-08-31T08:40:00.000Z,SYNTH_CELL_B,9,-108.35
2026-08-31T08:40:00.000Z,SYNTH_CELL_B,10,-109.58
2026-08-31T08:40:00.000Z,SYNTH_CELL_B,11,-110.23
2026-08-31T08:40:00.000Z,SYNTH_CELL_B,12,-108.64
2026-08-31T08:40:00.000Z,SYNTH_CELL_B,13,-110.58
2026-08-31T08:40:00.000Z,SYNTH_CELL_B,14,-110.18
2026-08-31T08:40:00.000Z,SYNTH_CELL_B,15,-111.16
2026-08-31T08:40:00.000Z,SYNTH_CELL_B,16,-112.15
2026-08-31T08:40:00.000Z,SYNTH_CELL_B,17,-107.28
2026-08-31T08:40:00.000Z,SYNTH_CELL_B,18,-112.06
2026-08-31T08:40:00.000Z,SYNTH_CELL_B,19,-108.51
2026-08-31T08:40:00.000Z,SYNTH_CELL_B,20,-107.25
2026-08-31T08:40:00.000Z,SYNTH_CELL_B,21,-110.58
2026-08-31T08:40:00.000Z,SYNTH_CELL_B,22,-108.98
2026-08-31T08:40:00.000Z,SYNTH_CELL_B,23,-109.26
2026-08-31T08:40:00.000Z,SYNTH_CELL_B,24,-107.41
2026-08-31T08:40:00.000Z,SYNTH_CELL_B,25,-107.45
2026-08-31T08:40:00.000Z,SYNTH_CELL_B,26,-113.59
2026-08-31T08:40:00.000Z,SYNTH_CELL_B,27,-108.22
2026-08-31T08:40:00.000Z,SYNTH_CELL_B,28,-110.23
2026-08-31T08:40:00.000Z,SYNTH_CELL_B,29,-108.12
2026-08-31T08:40:00.000Z,SYNTH_CELL_B,30,-107.49
2026-08-31T08:40:00.000Z,SYNTH_CELL_B,31,-111.39
2026-08-31T08:40:00.000Z,SYNTH_CELL_B,32,-107.59
2026-08-31T08:40:00.000Z,SYNTH_CELL_B,33,-109.44
2026-08-31T08:40:00.000Z,SYNTH_CELL_B,34,-111.39
2026-08-31T08:40:00.000Z,SYNTH_CELL_B,35,-109.29
2026-08-31T08:40:00.000Z,SYNTH_CELL_B,36,-110.86
2026-08-31T08:40:00.000Z,SYNTH_CELL_B,37,-113.13
2026-08-31T08:40:00.000Z,SYNTH_CELL_B,38,-109.46
2026-08-31T08:40:00.000Z,SYNTH_CELL_B,39,-112
2026-08-31T08:40:00.000Z,SYNTH_CELL_B,40,-107.49
2026-08-31T08:40:00.000Z,SYNTH_CELL_B,41,-107.47
2026-08-31T08:40:00.000Z,SYNTH_CELL_B,42,-108.3
2026-08-31T08:40:00.000Z,SYNTH_CELL_B,43,-112.47
2026-08-31T08:40:00.000Z,SYNTH_CELL_B,44,-110.47
2026-08-31T08:40:00.000Z,SYNTH_CELL_B,45,-110.13
2026-08-31T08:40:00.000Z,SYNTH_CELL_B,46,-113.94
2026-08-31T08:40:00.000Z,SYNTH_CELL_B,47,-110.69
2026-08-31T08:40:00.000Z,SYNTH_CELL_B,48,-112.04
2026-08-31T08:40:00.000Z,SYNTH_CELL_B,49,-110.47
2026-08-31T08:40:00.000Z,SYNTH_CELL_B,50,-111.53
2026-08-31T08:40:00.000Z,SYNTH_CELL_B,51,-113.92
2026-08-31T08:40:00.000Z,SYNTH_CELL_B,52,-110.52
2026-08-31T08:40:00.000Z,SYNTH_CELL_B,53,-113.62
2026-08-31T08:40:00.000Z,SYNTH_CELL_B,54,-111.43
2026-08-31T08:40:00.000Z,SYNTH_CELL_B,55,-112.41
2026-08-31T08:40:00.000Z,SYNTH_CELL_B,56,-112.9
2026-08-31T08:40:00.000Z,SYNTH_CELL_B,57,-110.5
2026-08-31T08:40:00.000Z,SYNTH_CELL_B,58,-108.6
2026-08-31T08:40:00.000Z,SYNTH_CELL_B,59,-113.58
2026-08-31T08:40:00.000Z,SYNTH_CELL_B,60,-107.17
2026-08-31T08:40:00.000Z,SYNTH_CELL_B,61,-112.98
2026-08-31T08:40:00.000Z,SYNTH_CELL_B,62,-110.03
2026-08-31T08:40:00.000Z,SYNTH_CELL_B,63,-107.82
2026-08-31T08:40:00.000Z,SYNTH_CELL_B,64,-110.25
2026-08-31T08:40:00.000Z,SYNTH_CELL_B,65,-113.13
2026-08-31T08:40:00.000Z,SYNTH_CELL_B,66,-112.42
2026-08-31T08:40:00.000Z,SYNTH_CELL_B,67,-111.98
2026-08-31T08:40:00.000Z,SYNTH_CELL_B,68,-110.51
2026-08-31T08:40:00.000Z,SYNTH_CELL_B,69,-112.6
2026-08-31T08:40:00.000Z,SYNTH_CELL_B,70,-107.83
2026-08-31T08:40:00.000Z,SYNTH_CELL_B,71,-107.45
2026-08-31T08:40:00.000Z,SYNTH_CELL_B,72,-108.89
2026-08-31T08:40:00.000Z,SYNTH_CELL_B,73,-109.27
2026-08-31T08:40:00.000Z,SYNTH_CELL_B,74,-111.47
2026-08-31T08:40:00.000Z,SYNTH_CELL_B,75,-110.04
2026-08-31T08:40:00.000Z,SYNTH_CELL_B,76,-112.56
2026-08-31T08:40:00.000Z,SYNTH_CELL_B,77,-109.99
2026-08-31T08:40:00.000Z,SYNTH_CELL_B,78,-107.49
2026-08-31T08:40:00.000Z,SYNTH_CELL_B,79,-111.47
2026-08-31T08:40:00.000Z,SYNTH_CELL_B,80,-110.04
2026-08-31T08:40:00.000Z,SYNTH_CELL_B,81,-112.77
2026-08-31T08:40:00.000Z,SYNTH_CELL_B,82,-109.65
2026-08-31T08:40:00.000Z,SYNTH_CELL_B,83,-108.89
2026-08-31T08:40:00.000Z,SYNTH_CELL_B,84,-112.69
2026-08-31T08:40:00.000Z,SYNTH_CELL_B,85,-113.28
2026-08-31T08:40:00.000Z,SYNTH_CELL_B,86,-113.77
2026-08-31T08:40:00.000Z,SYNTH_CELL_B,87,-109.38
2026-08-31T08:40:00.000Z,SYNTH_CELL_B,88,-109.23
2026-08-31T08:40:00.000Z,SYNTH_CELL_B,89,-107.22
2026-08-31T08:40:00.000Z,SYNTH_CELL_B,90,-110.58
2026-08-31T08:40:00.000Z,SYNTH_CELL_B,91,-108.86
2026-08-31T08:40:00.000Z,SYNTH_CELL_B,92,-109.11
2026-08-31T08:40:00.000Z,SYNTH_CELL_B,93,-108.71
2026-08-31T08:40:00.000Z,SYNTH_CELL_B,94,-110.6
2026-08-31T08:40:00.000Z,SYNTH_CELL_B,95,-107.87
2026-08-31T08:40:00.000Z,SYNTH_CELL_B,96,-107.06
2026-08-31T08:40:00.000Z,SYNTH_CELL_B,97,-107.27
2026-08-31T08:40:00.000Z,SYNTH_CELL_B,98,-111.6
2026-08-31T08:40:00.000Z,SYNTH_CELL_B,99,-107.75
2026-08-31T08:40:00.000Z,SYNTH_CELL_B,100,-109.4
2026-08-31T08:40:00.000Z,SYNTH_CELL_B,101,-110.1
2026-08-31T08:40:00.000Z,SYNTH_CELL_B,102,-113.75
2026-08-31T08:40:00.000Z,SYNTH_CELL_B,103,-107.91
2026-08-31T08:40:00.000Z,SYNTH_CELL_B,104,-110.22
2026-08-31T08:40:00.000Z,SYNTH_CELL_B,105,-108.4
2026-08-31T08:40:00.000Z,SYNTH_CELL_B,106,-112.86
2026-08-31T08:40:00.000Z,SYNTH_CELL_B,107,-111.15
2026-08-31T08:40:00.000Z,SYNTH_CELL_B,108,-108.58
2026-08-31T08:40:00.000Z,SYNTH_CELL_B,109,-107.7
2026-08-31T08:40:00.000Z,SYNTH_CELL_B,110,-113.5
2026-08-31T08:40:00.000Z,SYNTH_CELL_B,111,-109.09
2026-08-31T08:40:00.000Z,SYNTH_CELL_B,112,-110.53
2026-08-31T08:40:00.000Z,SYNTH_CELL_B,113,-110.33
2026-08-31T08:40:00.000Z,SYNTH_CELL_B,114,-112.93
2026-08-31T08:40:00.000Z,SYNTH_CELL_B,115,-110.76
2026-08-31T08:40:00.000Z,SYNTH_CELL_B,116,-108.93
2026-08-31T08:40:00.000Z,SYNTH_CELL_B,117,-113.34
2026-08-31T08:40:00.000Z,SYNTH_CELL_B,118,-111.54
2026-08-31T08:40:00.000Z,SYNTH_CELL_B,119,-109.9
2026-08-31T08:40:00.000Z,SYNTH_CELL_B,120,-95.33
2026-08-31T08:40:00.000Z,SYNTH_CELL_B,121,-93.27
2026-08-31T08:40:00.000Z,SYNTH_CELL_B,122,-92.3
2026-08-31T08:40:00.000Z,SYNTH_CELL_B,123,-95.4
2026-08-31T08:40:00.000Z,SYNTH_CELL_B,124,-95.79
2026-08-31T08:40:00.000Z,SYNTH_CELL_B,125,-96.37
2026-08-31T08:40:00.000Z,SYNTH_CELL_B,126,-93.52
2026-08-31T08:40:00.000Z,SYNTH_CELL_B,127,-97.43
2026-08-31T08:40:00.000Z,SYNTH_CELL_B,128,-95.57
2026-08-31T08:40:00.000Z,SYNTH_CELL_B,129,-97.92
2026-08-31T08:40:00.000Z,SYNTH_CELL_B,130,-93.44
2026-08-31T08:40:00.000Z,SYNTH_CELL_B,131,-94.19
2026-08-31T08:40:00.000Z,SYNTH_CELL_B,132,-96.19
2026-08-31T08:40:00.000Z,SYNTH_CELL_B,133,-92.51
2026-08-31T08:40:00.000Z,SYNTH_CELL_B,134,-96.52
2026-08-31T08:40:00.000Z,SYNTH_CELL_B,135,-93.92
2026-08-31T08:40:00.000Z,SYNTH_CELL_B,136,-92.93
2026-08-31T08:40:00.000Z,SYNTH_CELL_B,137,-93.11
2026-08-31T08:40:00.000Z,SYNTH_CELL_B,138,-97.83
2026-08-31T08:40:00.000Z,SYNTH_CELL_B,139,-98.26
2026-08-31T08:40:00.000Z,SYNTH_CELL_B,140,-96.73
2026-08-31T08:40:00.000Z,SYNTH_CELL_B,141,-94.9
2026-08-31T08:40:00.000Z,SYNTH_CELL_B,142,-98.35
2026-08-31T08:40:00.000Z,SYNTH_CELL_B,143,-93.79
2026-08-31T08:40:00.000Z,SYNTH_CELL_B,144,-93.71
2026-08-31T08:40:00.000Z,SYNTH_CELL_B,145,-94.81
2026-08-31T08:40:00.000Z,SYNTH_CELL_B,146,-92.32
2026-08-31T08:40:00.000Z,SYNTH_CELL_B,147,-92.85
2026-08-31T08:40:00.000Z,SYNTH_CELL_B,148,-95.14
2026-08-31T08:40:00.000Z,SYNTH_CELL_B,149,-97.8
2026-08-31T08:40:00.000Z,SYNTH_CELL_B,150,-95.7
2026-08-31T08:40:00.000Z,SYNTH_CELL_B,151,-98.49
2026-08-31T08:40:00.000Z,SYNTH_CELL_B,152,-95.03
2026-08-31T08:40:00.000Z,SYNTH_CELL_B,153,-96.78
2026-08-31T08:40:00.000Z,SYNTH_CELL_B,154,-95.63
2026-08-31T08:40:00.000Z,SYNTH_CELL_B,155,-92.59
2026-08-31T08:40:00.000Z,SYNTH_CELL_B,156,-95.35
2026-08-31T08:40:00.000Z,SYNTH_CELL_B,157,-97.11
2026-08-31T08:40:00.000Z,SYNTH_CELL_B,158,-95.18
2026-08-31T08:40:00.000Z,SYNTH_CELL_B,159,-96.97
2026-08-31T08:40:00.000Z,SYNTH_CELL_B,160,-93.01
2026-08-31T08:40:00.000Z,SYNTH_CELL_B,161,-95.57
2026-08-31T08:40:00.000Z,SYNTH_CELL_B,162,-98.35
2026-08-31T08:40:00.000Z,SYNTH_CELL_B,163,-98.39
2026-08-31T08:40:00.000Z,SYNTH_CELL_B,164,-97.85
2026-08-31T08:40:00.000Z,SYNTH_CELL_B,165,-98.49
2026-08-31T08:40:00.000Z,SYNTH_CELL_B,166,-97.86
2026-08-31T08:40:00.000Z,SYNTH_CELL_B,167,-97
2026-08-31T08:40:00.000Z,SYNTH_CELL_B,168,-96.86
2026-08-31T08:40:00.000Z,SYNTH_CELL_B,169,-95.75
2026-08-31T08:40:00.000Z,SYNTH_CELL_B,170,-92.81
2026-08-31T08:40:00.000Z,SYNTH_CELL_B,171,-96.96
2026-08-31T08:40:00.000Z,SYNTH_CELL_B,172,-97.34
2026-08-31T08:40:00.000Z,SYNTH_CELL_B,173,-96.05
2026-08-31T08:40:00.000Z,SYNTH_CELL_B,174,-94
2026-08-31T08:40:00.000Z,SYNTH_CELL_B,175,-95.53
2026-08-31T08:40:00.000Z,SYNTH_CELL_B,176,-94.23
2026-08-31T08:40:00.000Z,SYNTH_CELL_B,177,-97.99
2026-08-31T08:40:00.000Z,SYNTH_CELL_B,178,-95.41
2026-08-31T08:40:00.000Z,SYNTH_CELL_B,179,-92.14
2026-08-31T08:40:00.000Z,SYNTH_CELL_B,180,-94.67
2026-08-31T08:40:00.000Z,SYNTH_CELL_B,181,-95.02
2026-08-31T08:40:00.000Z,SYNTH_CELL_B,182,-95.74
2026-08-31T08:40:00.000Z,SYNTH_CELL_B,183,-96.25
2026-08-31T08:40:00.000Z,SYNTH_CELL_B,184,-94.58
2026-08-31T08:40:00.000Z,SYNTH_CELL_B,185,-93.38
2026-08-31T08:40:00.000Z,SYNTH_CELL_B,186,-93.01
2026-08-31T08:40:00.000Z,SYNTH_CELL_B,187,-92.34
2026-08-31T08:40:00.000Z,SYNTH_CELL_B,188,-98.22
2026-08-31T08:40:00.000Z,SYNTH_CELL_B,189,-93.95
2026-08-31T08:40:00.000Z,SYNTH_CELL_B,190,-94.22
2026-08-31T08:40:00.000Z,SYNTH_CELL_B,191,-109.54
2026-08-31T08:40:00.000Z,SYNTH_CELL_B,192,-112.17
2026-08-31T08:40:00.000Z,SYNTH_CELL_B,193,-108.63
2026-08-31T08:40:00.000Z,SYNTH_CELL_B,194,-113.67
2026-08-31T08:40:00.000Z,SYNTH_CELL_B,195,-109.72
2026-08-31T08:40:00.000Z,SYNTH_CELL_B,196,-107.95
2026-08-31T08:40:00.000Z,SYNTH_CELL_B,197,-107.05
2026-08-31T08:40:00.000Z,SYNTH_CELL_B,198,-112.03
2026-08-31T08:40:00.000Z,SYNTH_CELL_B,199,-107.56
2026-08-31T08:40:00.000Z,SYNTH_CELL_B,200,-108.81
2026-08-31T08:40:00.000Z,SYNTH_CELL_B,201,-110.79
2026-08-31T08:40:00.000Z,SYNTH_CELL_B,202,-109.06
2026-08-31T08:40:00.000Z,SYNTH_CELL_B,203,-109.89
2026-08-31T08:40:00.000Z,SYNTH_CELL_B,204,-108.44
2026-08-31T08:40:00.000Z,SYNTH_CELL_B,205,-113.64
2026-08-31T08:40:00.000Z,SYNTH_CELL_B,206,-107.44
2026-08-31T08:40:00.000Z,SYNTH_CELL_B,207,-112.57
2026-08-31T08:40:00.000Z,SYNTH_CELL_B,208,-110.27
2026-08-31T08:40:00.000Z,SYNTH_CELL_B,209,-108
2026-08-31T08:40:00.000Z,SYNTH_CELL_B,210,-109.77
2026-08-31T08:40:00.000Z,SYNTH_CELL_B,211,-113.22
2026-08-31T08:40:00.000Z,SYNTH_CELL_B,212,-107.26
2026-08-31T08:40:00.000Z,SYNTH_CELL_B,213,-112.59
2026-08-31T08:40:00.000Z,SYNTH_CELL_B,214,-111.4
2026-08-31T08:40:00.000Z,SYNTH_CELL_B,215,-111.71
2026-08-31T08:40:00.000Z,SYNTH_CELL_B,216,-109.05
2026-08-31T08:40:00.000Z,SYNTH_CELL_B,217,-110.53
2026-08-31T08:40:00.000Z,SYNTH_CELL_B,218,-113.15
2026-08-31T08:40:00.000Z,SYNTH_CELL_B,219,-111.53
2026-08-31T08:40:00.000Z,SYNTH_CELL_B,220,-112.55
2026-08-31T08:40:00.000Z,SYNTH_CELL_B,221,-113.79
2026-08-31T08:40:00.000Z,SYNTH_CELL_B,222,-112.94
2026-08-31T08:40:00.000Z,SYNTH_CELL_B,223,-107.13
2026-08-31T08:40:00.000Z,SYNTH_CELL_B,224,-107.76
2026-08-31T08:40:00.000Z,SYNTH_CELL_B,225,-108.1
2026-08-31T08:40:00.000Z,SYNTH_CELL_B,226,-112.16
2026-08-31T08:40:00.000Z,SYNTH_CELL_B,227,-112.09
2026-08-31T08:40:00.000Z,SYNTH_CELL_B,228,-113
2026-08-31T08:40:00.000Z,SYNTH_CELL_B,229,-108.24
2026-08-31T08:40:00.000Z,SYNTH_CELL_B,230,-109.92
2026-08-31T08:40:00.000Z,SYNTH_CELL_B,231,-108.38
2026-08-31T08:40:00.000Z,SYNTH_CELL_B,232,-107.4
2026-08-31T08:40:00.000Z,SYNTH_CELL_B,233,-112.89
2026-08-31T08:40:00.000Z,SYNTH_CELL_B,234,-113.96
2026-08-31T08:40:00.000Z,SYNTH_CELL_B,235,-111.54
2026-08-31T08:40:00.000Z,SYNTH_CELL_B,236,-113.4
2026-08-31T08:40:00.000Z,SYNTH_CELL_B,237,-112.16
2026-08-31T08:40:00.000Z,SYNTH_CELL_B,238,-113.08
2026-08-31T08:40:00.000Z,SYNTH_CELL_B,239,-113.34
2026-08-31T08:40:00.000Z,SYNTH_CELL_B,240,-108.34
2026-08-31T08:40:00.000Z,SYNTH_CELL_B,241,-111.96
2026-08-31T08:40:00.000Z,SYNTH_CELL_B,242,-109.91
2026-08-31T08:40:00.000Z,SYNTH_CELL_B,243,-110.76
2026-08-31T08:40:00.000Z,SYNTH_CELL_B,244,-108.52
2026-08-31T08:40:00.000Z,SYNTH_CELL_B,245,-111.65
2026-08-31T08:40:00.000Z,SYNTH_CELL_B,246,-109.5
2026-08-31T08:40:00.000Z,SYNTH_CELL_B,247,-109.12
2026-08-31T08:40:00.000Z,SYNTH_CELL_B,248,-111.52
2026-08-31T08:40:00.000Z,SYNTH_CELL_B,249,-111.4
2026-08-31T08:40:00.000Z,SYNTH_CELL_B,250,-113.42
2026-08-31T08:40:00.000Z,SYNTH_CELL_B,251,-112.61
2026-08-31T08:40:00.000Z,SYNTH_CELL_B,252,-107.09
2026-08-31T08:40:00.000Z,SYNTH_CELL_B,253,-113.82
2026-08-31T08:40:00.000Z,SYNTH_CELL_B,254,-112.51
2026-08-31T08:40:00.000Z,SYNTH_CELL_B,255,-108.98
2026-08-31T08:40:00.000Z,SYNTH_CELL_B,256,-107.84
2026-08-31T08:40:00.000Z,SYNTH_CELL_B,257,-112.77
2026-08-31T08:40:00.000Z,SYNTH_CELL_B,258,-113.63
2026-08-31T08:40:00.000Z,SYNTH_CELL_B,259,-111.36
2026-08-31T08:40:00.000Z,SYNTH_CELL_B,260,-109.06
2026-08-31T08:40:00.000Z,SYNTH_CELL_B,261,-111.1
2026-08-31T08:40:00.000Z,SYNTH_CELL_B,262,-109.38
2026-08-31T08:40:00.000Z,SYNTH_CELL_B,263,-110.04
2026-08-31T08:40:00.000Z,SYNTH_CELL_B,264,-110.33
2026-08-31T08:40:00.000Z,SYNTH_CELL_B,265,-111.51
2026-08-31T08:40:00.000Z,SYNTH_CELL_B,266,-109.7
2026-08-31T08:40:00.000Z,SYNTH_CELL_B,267,-109.46
2026-08-31T08:40:00.000Z,SYNTH_CELL_B,268,-107.95
2026-08-31T08:40:00.000Z,SYNTH_CELL_B,269,-108.81
2026-08-31T08:40:00.000Z,SYNTH_CELL_B,270,-108.93
2026-08-31T08:40:00.000Z,SYNTH_CELL_B,271,-110.75
2026-08-31T08:40:00.000Z,SYNTH_CELL_B,272,-113.66
2026-08-31T08:45:00.000Z,SYNTH_CELL_B,0,-111.88
2026-08-31T08:45:00.000Z,SYNTH_CELL_B,1,-109.72
2026-08-31T08:45:00.000Z,SYNTH_CELL_B,2,-113.81
2026-08-31T08:45:00.000Z,SYNTH_CELL_B,3,-108.49
2026-08-31T08:45:00.000Z,SYNTH_CELL_B,4,-108.06
2026-08-31T08:45:00.000Z,SYNTH_CELL_B,5,-112.14
2026-08-31T08:45:00.000Z,SYNTH_CELL_B,6,-109.98
2026-08-31T08:45:00.000Z,SYNTH_CELL_B,7,-113.73
2026-08-31T08:45:00.000Z,SYNTH_CELL_B,8,-111.3
2026-08-31T08:45:00.000Z,SYNTH_CELL_B,9,-108.58
2026-08-31T08:45:00.000Z,SYNTH_CELL_B,10,-108.74
2026-08-31T08:45:00.000Z,SYNTH_CELL_B,11,-107.79
2026-08-31T08:45:00.000Z,SYNTH_CELL_B,12,-111.56
2026-08-31T08:45:00.000Z,SYNTH_CELL_B,13,-109.63
2026-08-31T08:45:00.000Z,SYNTH_CELL_B,14,-107.03
2026-08-31T08:45:00.000Z,SYNTH_CELL_B,15,-113.21
2026-08-31T08:45:00.000Z,SYNTH_CELL_B,16,-109.75
2026-08-31T08:45:00.000Z,SYNTH_CELL_B,17,-111.12
2026-08-31T08:45:00.000Z,SYNTH_CELL_B,18,-113
2026-08-31T08:45:00.000Z,SYNTH_CELL_B,19,-110.19
2026-08-31T08:45:00.000Z,SYNTH_CELL_B,20,-109.88
2026-08-31T08:45:00.000Z,SYNTH_CELL_B,21,-110.36
2026-08-31T08:45:00.000Z,SYNTH_CELL_B,22,-107.4
2026-08-31T08:45:00.000Z,SYNTH_CELL_B,23,-111.65
2026-08-31T08:45:00.000Z,SYNTH_CELL_B,24,-112.52
2026-08-31T08:45:00.000Z,SYNTH_CELL_B,25,-107.18
2026-08-31T08:45:00.000Z,SYNTH_CELL_B,26,-111
2026-08-31T08:45:00.000Z,SYNTH_CELL_B,27,-111.33
2026-08-31T08:45:00.000Z,SYNTH_CELL_B,28,-109.27
2026-08-31T08:45:00.000Z,SYNTH_CELL_B,29,-110.95
2026-08-31T08:45:00.000Z,SYNTH_CELL_B,30,-113.1
2026-08-31T08:45:00.000Z,SYNTH_CELL_B,31,-107.71
2026-08-31T08:45:00.000Z,SYNTH_CELL_B,32,-113.28
2026-08-31T08:45:00.000Z,SYNTH_CELL_B,33,-111.5
2026-08-31T08:45:00.000Z,SYNTH_CELL_B,34,-113.12
2026-08-31T08:45:00.000Z,SYNTH_CELL_B,35,-112.94
2026-08-31T08:45:00.000Z,SYNTH_CELL_B,36,-113.93
2026-08-31T08:45:00.000Z,SYNTH_CELL_B,37,-111.96
2026-08-31T08:45:00.000Z,SYNTH_CELL_B,38,-107.38
2026-08-31T08:45:00.000Z,SYNTH_CELL_B,39,-111.44
2026-08-31T08:45:00.000Z,SYNTH_CELL_B,40,-109.83
2026-08-31T08:45:00.000Z,SYNTH_CELL_B,41,-110.97
2026-08-31T08:45:00.000Z,SYNTH_CELL_B,42,-112.55
2026-08-31T08:45:00.000Z,SYNTH_CELL_B,43,-107.67
2026-08-31T08:45:00.000Z,SYNTH_CELL_B,44,-108.84
2026-08-31T08:45:00.000Z,SYNTH_CELL_B,45,-111.01
2026-08-31T08:45:00.000Z,SYNTH_CELL_B,46,-107.19
2026-08-31T08:45:00.000Z,SYNTH_CELL_B,47,-108.77
2026-08-31T08:45:00.000Z,SYNTH_CELL_B,48,-109.3
2026-08-31T08:45:00.000Z,SYNTH_CELL_B,49,-110.04
2026-08-31T08:45:00.000Z,SYNTH_CELL_B,50,-109.07
2026-08-31T08:45:00.000Z,SYNTH_CELL_B,51,-111.2
2026-08-31T08:45:00.000Z,SYNTH_CELL_B,52,-112.56
2026-08-31T08:45:00.000Z,SYNTH_CELL_B,53,-111.01
2026-08-31T08:45:00.000Z,SYNTH_CELL_B,54,-108.92
2026-08-31T08:45:00.000Z,SYNTH_CELL_B,55,-111.68
2026-08-31T08:45:00.000Z,SYNTH_CELL_B,56,-111.28
2026-08-31T08:45:00.000Z,SYNTH_CELL_B,57,-113.04
2026-08-31T08:45:00.000Z,SYNTH_CELL_B,58,-113.59
2026-08-31T08:45:00.000Z,SYNTH_CELL_B,59,-113.61
2026-08-31T08:45:00.000Z,SYNTH_CELL_B,60,-110.55
2026-08-31T08:45:00.000Z,SYNTH_CELL_B,61,-111.79
2026-08-31T08:45:00.000Z,SYNTH_CELL_B,62,-110.39
2026-08-31T08:45:00.000Z,SYNTH_CELL_B,63,-113.99
2026-08-31T08:45:00.000Z,SYNTH_CELL_B,64,-112.78
2026-08-31T08:45:00.000Z,SYNTH_CELL_B,65,-107.75
2026-08-31T08:45:00.000Z,SYNTH_CELL_B,66,-107.68
2026-08-31T08:45:00.000Z,SYNTH_CELL_B,67,-111.89
2026-08-31T08:45:00.000Z,SYNTH_CELL_B,68,-109.22
2026-08-31T08:45:00.000Z,SYNTH_CELL_B,69,-107.6
2026-08-31T08:45:00.000Z,SYNTH_CELL_B,70,-112.64
2026-08-31T08:45:00.000Z,SYNTH_CELL_B,71,-109.49
2026-08-31T08:45:00.000Z,SYNTH_CELL_B,72,-107.18
2026-08-31T08:45:00.000Z,SYNTH_CELL_B,73,-110.66
2026-08-31T08:45:00.000Z,SYNTH_CELL_B,74,-110.16
2026-08-31T08:45:00.000Z,SYNTH_CELL_B,75,-111.69
2026-08-31T08:45:00.000Z,SYNTH_CELL_B,76,-109.91
2026-08-31T08:45:00.000Z,SYNTH_CELL_B,77,-107.53
2026-08-31T08:45:00.000Z,SYNTH_CELL_B,78,-113.93
2026-08-31T08:45:00.000Z,SYNTH_CELL_B,79,-109.44
2026-08-31T08:45:00.000Z,SYNTH_CELL_B,80,-113
2026-08-31T08:45:00.000Z,SYNTH_CELL_B,81,-110.8
2026-08-31T08:45:00.000Z,SYNTH_CELL_B,82,-108.41
2026-08-31T08:45:00.000Z,SYNTH_CELL_B,83,-108.83
2026-08-31T08:45:00.000Z,SYNTH_CELL_B,84,-111.25
2026-08-31T08:45:00.000Z,SYNTH_CELL_B,85,-112.31
2026-08-31T08:45:00.000Z,SYNTH_CELL_B,86,-113.73
2026-08-31T08:45:00.000Z,SYNTH_CELL_B,87,-107.16
2026-08-31T08:45:00.000Z,SYNTH_CELL_B,88,-109.66
2026-08-31T08:45:00.000Z,SYNTH_CELL_B,89,-112.97
2026-08-31T08:45:00.000Z,SYNTH_CELL_B,90,-107.96
2026-08-31T08:45:00.000Z,SYNTH_CELL_B,91,-113.41
2026-08-31T08:45:00.000Z,SYNTH_CELL_B,92,-111.25
2026-08-31T08:45:00.000Z,SYNTH_CELL_B,93,-112.62
2026-08-31T08:45:00.000Z,SYNTH_CELL_B,94,-108.58
2026-08-31T08:45:00.000Z,SYNTH_CELL_B,95,-107.43
2026-08-31T08:45:00.000Z,SYNTH_CELL_B,96,-110.21
2026-08-31T08:45:00.000Z,SYNTH_CELL_B,97,-108.53
2026-08-31T08:45:00.000Z,SYNTH_CELL_B,98,-112.47
2026-08-31T08:45:00.000Z,SYNTH_CELL_B,99,-112.55
2026-08-31T08:45:00.000Z,SYNTH_CELL_B,100,-111.78
2026-08-31T08:45:00.000Z,SYNTH_CELL_B,101,-109.03
2026-08-31T08:45:00.000Z,SYNTH_CELL_B,102,-111.68
2026-08-31T08:45:00.000Z,SYNTH_CELL_B,103,-108.3
2026-08-31T08:45:00.000Z,SYNTH_CELL_B,104,-109.01
2026-08-31T08:45:00.000Z,SYNTH_CELL_B,105,-113.26
2026-08-31T08:45:00.000Z,SYNTH_CELL_B,106,-108.2
2026-08-31T08:45:00.000Z,SYNTH_CELL_B,107,-112.1
2026-08-31T08:45:00.000Z,SYNTH_CELL_B,108,-107.56
2026-08-31T08:45:00.000Z,SYNTH_CELL_B,109,-112.88
2026-08-31T08:45:00.000Z,SYNTH_CELL_B,110,-113.75
2026-08-31T08:45:00.000Z,SYNTH_CELL_B,111,-108.09
2026-08-31T08:45:00.000Z,SYNTH_CELL_B,112,-107.31
2026-08-31T08:45:00.000Z,SYNTH_CELL_B,113,-109.03
2026-08-31T08:45:00.000Z,SYNTH_CELL_B,114,-113.24
2026-08-31T08:45:00.000Z,SYNTH_CELL_B,115,-110.21
2026-08-31T08:45:00.000Z,SYNTH_CELL_B,116,-110.68
2026-08-31T08:45:00.000Z,SYNTH_CELL_B,117,-109.63
2026-08-31T08:45:00.000Z,SYNTH_CELL_B,118,-110.71
2026-08-31T08:45:00.000Z,SYNTH_CELL_B,119,-107.98
2026-08-31T08:45:00.000Z,SYNTH_CELL_B,120,-93.09
2026-08-31T08:45:00.000Z,SYNTH_CELL_B,121,-92.78
2026-08-31T08:45:00.000Z,SYNTH_CELL_B,122,-95.24
2026-08-31T08:45:00.000Z,SYNTH_CELL_B,123,-97.46
2026-08-31T08:45:00.000Z,SYNTH_CELL_B,124,-95.11
2026-08-31T08:45:00.000Z,SYNTH_CELL_B,125,-96.43
2026-08-31T08:45:00.000Z,SYNTH_CELL_B,126,-93.19
2026-08-31T08:45:00.000Z,SYNTH_CELL_B,127,-92.03
2026-08-31T08:45:00.000Z,SYNTH_CELL_B,128,-98.58
2026-08-31T08:45:00.000Z,SYNTH_CELL_B,129,-98.49
2026-08-31T08:45:00.000Z,SYNTH_CELL_B,130,-95.01
2026-08-31T08:45:00.000Z,SYNTH_CELL_B,131,-98.82
2026-08-31T08:45:00.000Z,SYNTH_CELL_B,132,-97.98
2026-08-31T08:45:00.000Z,SYNTH_CELL_B,133,-92.74
2026-08-31T08:45:00.000Z,SYNTH_CELL_B,134,-92.84
2026-08-31T08:45:00.000Z,SYNTH_CELL_B,135,-95.51
2026-08-31T08:45:00.000Z,SYNTH_CELL_B,136,-92
2026-08-31T08:45:00.000Z,SYNTH_CELL_B,137,-94.8
2026-08-31T08:45:00.000Z,SYNTH_CELL_B,138,-94
2026-08-31T08:45:00.000Z,SYNTH_CELL_B,139,-98.57
2026-08-31T08:45:00.000Z,SYNTH_CELL_B,140,-98.69
2026-08-31T08:45:00.000Z,SYNTH_CELL_B,141,-98.87
2026-08-31T08:45:00.000Z,SYNTH_CELL_B,142,-94.35
2026-08-31T08:45:00.000Z,SYNTH_CELL_B,143,-98.8
2026-08-31T08:45:00.000Z,SYNTH_CELL_B,144,-93.83
2026-08-31T08:45:00.000Z,SYNTH_CELL_B,145,-97.3
2026-08-31T08:45:00.000Z,SYNTH_CELL_B,146,-93.62
2026-08-31T08:45:00.000Z,SYNTH_CELL_B,147,-95.18
2026-08-31T08:45:00.000Z,SYNTH_CELL_B,148,-95.92
2026-08-31T08:45:00.000Z,SYNTH_CELL_B,149,-93.98
2026-08-31T08:45:00.000Z,SYNTH_CELL_B,150,-95.67
2026-08-31T08:45:00.000Z,SYNTH_CELL_B,151,-95.04
2026-08-31T08:45:00.000Z,SYNTH_CELL_B,152,-95.51
2026-08-31T08:45:00.000Z,SYNTH_CELL_B,153,-98.49
2026-08-31T08:45:00.000Z,SYNTH_CELL_B,154,-92.74
2026-08-31T08:45:00.000Z,SYNTH_CELL_B,155,-95.39
2026-08-31T08:45:00.000Z,SYNTH_CELL_B,156,-94.16
2026-08-31T08:45:00.000Z,SYNTH_CELL_B,157,-94.89
2026-08-31T08:45:00.000Z,SYNTH_CELL_B,158,-95.87
2026-08-31T08:45:00.000Z,SYNTH_CELL_B,159,-95.44
2026-08-31T08:45:00.000Z,SYNTH_CELL_B,160,-98.04
2026-08-31T08:45:00.000Z,SYNTH_CELL_B,161,-98.1
2026-08-31T08:45:00.000Z,SYNTH_CELL_B,162,-98.52
2026-08-31T08:45:00.000Z,SYNTH_CELL_B,163,-98.95
2026-08-31T08:45:00.000Z,SYNTH_CELL_B,164,-93.46
2026-08-31T08:45:00.000Z,SYNTH_CELL_B,165,-95.48
2026-08-31T08:45:00.000Z,SYNTH_CELL_B,166,-98.81
2026-08-31T08:45:00.000Z,SYNTH_CELL_B,167,-93.22
2026-08-31T08:45:00.000Z,SYNTH_CELL_B,168,-94.69
2026-08-31T08:45:00.000Z,SYNTH_CELL_B,169,-98.31
2026-08-31T08:45:00.000Z,SYNTH_CELL_B,170,-95.77
2026-08-31T08:45:00.000Z,SYNTH_CELL_B,171,-96.22
2026-08-31T08:45:00.000Z,SYNTH_CELL_B,172,-95.44
2026-08-31T08:45:00.000Z,SYNTH_CELL_B,173,-93.64
2026-08-31T08:45:00.000Z,SYNTH_CELL_B,174,-94.01
2026-08-31T08:45:00.000Z,SYNTH_CELL_B,175,-97.28
2026-08-31T08:45:00.000Z,SYNTH_CELL_B,176,-98.71
2026-08-31T08:45:00.000Z,SYNTH_CELL_B,177,-92.96
2026-08-31T08:45:00.000Z,SYNTH_CELL_B,178,-95.65
2026-08-31T08:45:00.000Z,SYNTH_CELL_B,179,-94.67
2026-08-31T08:45:00.000Z,SYNTH_CELL_B,180,-98.71
2026-08-31T08:45:00.000Z,SYNTH_CELL_B,181,-95.74
2026-08-31T08:45:00.000Z,SYNTH_CELL_B,182,-93.27
2026-08-31T08:45:00.000Z,SYNTH_CELL_B,183,-97.16
2026-08-31T08:45:00.000Z,SYNTH_CELL_B,184,-98.87
2026-08-31T08:45:00.000Z,SYNTH_CELL_B,185,-93.94
2026-08-31T08:45:00.000Z,SYNTH_CELL_B,186,-98.86
2026-08-31T08:45:00.000Z,SYNTH_CELL_B,187,-96.54
2026-08-31T08:45:00.000Z,SYNTH_CELL_B,188,-95.81
2026-08-31T08:45:00.000Z,SYNTH_CELL_B,189,-96.44
2026-08-31T08:45:00.000Z,SYNTH_CELL_B,190,-97.02
2026-08-31T08:45:00.000Z,SYNTH_CELL_B,191,-109.79
2026-08-31T08:45:00.000Z,SYNTH_CELL_B,192,-107.78
2026-08-31T08:45:00.000Z,SYNTH_CELL_B,193,-111.03
2026-08-31T08:45:00.000Z,SYNTH_CELL_B,194,-112.66
2026-08-31T08:45:00.000Z,SYNTH_CELL_B,195,-109.75
2026-08-31T08:45:00.000Z,SYNTH_CELL_B,196,-108.72
2026-08-31T08:45:00.000Z,SYNTH_CELL_B,197,-112.47
2026-08-31T08:45:00.000Z,SYNTH_CELL_B,198,-107.63
2026-08-31T08:45:00.000Z,SYNTH_CELL_B,199,-110.58
2026-08-31T08:45:00.000Z,SYNTH_CELL_B,200,-107.72
2026-08-31T08:45:00.000Z,SYNTH_CELL_B,201,-109.26
2026-08-31T08:45:00.000Z,SYNTH_CELL_B,202,-107.03
2026-08-31T08:45:00.000Z,SYNTH_CELL_B,203,-107.51
2026-08-31T08:45:00.000Z,SYNTH_CELL_B,204,-109.27
2026-08-31T08:45:00.000Z,SYNTH_CELL_B,205,-113.19
2026-08-31T08:45:00.000Z,SYNTH_CELL_B,206,-108.74
2026-08-31T08:45:00.000Z,SYNTH_CELL_B,207,-109.09
2026-08-31T08:45:00.000Z,SYNTH_CELL_B,208,-110.28
2026-08-31T08:45:00.000Z,SYNTH_CELL_B,209,-110.04
2026-08-31T08:45:00.000Z,SYNTH_CELL_B,210,-107.1
2026-08-31T08:45:00.000Z,SYNTH_CELL_B,211,-108.06
2026-08-31T08:45:00.000Z,SYNTH_CELL_B,212,-107.69
2026-08-31T08:45:00.000Z,SYNTH_CELL_B,213,-108.45
2026-08-31T08:45:00.000Z,SYNTH_CELL_B,214,-113.64
2026-08-31T08:45:00.000Z,SYNTH_CELL_B,215,-110
2026-08-31T08:45:00.000Z,SYNTH_CELL_B,216,-111.52
2026-08-31T08:45:00.000Z,SYNTH_CELL_B,217,-113.07
2026-08-31T08:45:00.000Z,SYNTH_CELL_B,218,-113.74
2026-08-31T08:45:00.000Z,SYNTH_CELL_B,219,-113.77
2026-08-31T08:45:00.000Z,SYNTH_CELL_B,220,-108.41
2026-08-31T08:45:00.000Z,SYNTH_CELL_B,221,-112.04
2026-08-31T08:45:00.000Z,SYNTH_CELL_B,222,-107.25
2026-08-31T08:45:00.000Z,SYNTH_CELL_B,223,-112.75
2026-08-31T08:45:00.000Z,SYNTH_CELL_B,224,-109.55
2026-08-31T08:45:00.000Z,SYNTH_CELL_B,225,-112.74
2026-08-31T08:45:00.000Z,SYNTH_CELL_B,226,-108.07
2026-08-31T08:45:00.000Z,SYNTH_CELL_B,227,-108.85
2026-08-31T08:45:00.000Z,SYNTH_CELL_B,228,-109.13
2026-08-31T08:45:00.000Z,SYNTH_CELL_B,229,-112.89
2026-08-31T08:45:00.000Z,SYNTH_CELL_B,230,-110.59
2026-08-31T08:45:00.000Z,SYNTH_CELL_B,231,-110.53
2026-08-31T08:45:00.000Z,SYNTH_CELL_B,232,-108.02
2026-08-31T08:45:00.000Z,SYNTH_CELL_B,233,-111.15
2026-08-31T08:45:00.000Z,SYNTH_CELL_B,234,-107.88
2026-08-31T08:45:00.000Z,SYNTH_CELL_B,235,-113.66
2026-08-31T08:45:00.000Z,SYNTH_CELL_B,236,-112.73
2026-08-31T08:45:00.000Z,SYNTH_CELL_B,237,-107.19
2026-08-31T08:45:00.000Z,SYNTH_CELL_B,238,-113.59
2026-08-31T08:45:00.000Z,SYNTH_CELL_B,239,-113.72
2026-08-31T08:45:00.000Z,SYNTH_CELL_B,240,-110.32
2026-08-31T08:45:00.000Z,SYNTH_CELL_B,241,-111.66
2026-08-31T08:45:00.000Z,SYNTH_CELL_B,242,-111.12
2026-08-31T08:45:00.000Z,SYNTH_CELL_B,243,-113.35
2026-08-31T08:45:00.000Z,SYNTH_CELL_B,244,-111.06
2026-08-31T08:45:00.000Z,SYNTH_CELL_B,245,-109.37
2026-08-31T08:45:00.000Z,SYNTH_CELL_B,246,-112.77
2026-08-31T08:45:00.000Z,SYNTH_CELL_B,247,-110.93
2026-08-31T08:45:00.000Z,SYNTH_CELL_B,248,-112.19
2026-08-31T08:45:00.000Z,SYNTH_CELL_B,249,-108.02
2026-08-31T08:45:00.000Z,SYNTH_CELL_B,250,-112.37
2026-08-31T08:45:00.000Z,SYNTH_CELL_B,251,-111.54
2026-08-31T08:45:00.000Z,SYNTH_CELL_B,252,-109.44
2026-08-31T08:45:00.000Z,SYNTH_CELL_B,253,-111.33
2026-08-31T08:45:00.000Z,SYNTH_CELL_B,254,-113.62
2026-08-31T08:45:00.000Z,SYNTH_CELL_B,255,-111.08
2026-08-31T08:45:00.000Z,SYNTH_CELL_B,256,-107.35
2026-08-31T08:45:00.000Z,SYNTH_CELL_B,257,-107.17
2026-08-31T08:45:00.000Z,SYNTH_CELL_B,258,-108.47
2026-08-31T08:45:00.000Z,SYNTH_CELL_B,259,-109.44
2026-08-31T08:45:00.000Z,SYNTH_CELL_B,260,-107.57
2026-08-31T08:45:00.000Z,SYNTH_CELL_B,261,-112.8
2026-08-31T08:45:00.000Z,SYNTH_CELL_B,262,-110.37
2026-08-31T08:45:00.000Z,SYNTH_CELL_B,263,-110.78
2026-08-31T08:45:00.000Z,SYNTH_CELL_B,264,-110.17
2026-08-31T08:45:00.000Z,SYNTH_CELL_B,265,-109.07
2026-08-31T08:45:00.000Z,SYNTH_CELL_B,266,-109.47
2026-08-31T08:45:00.000Z,SYNTH_CELL_B,267,-110.87
2026-08-31T08:45:00.000Z,SYNTH_CELL_B,268,-113.55
2026-08-31T08:45:00.000Z,SYNTH_CELL_B,269,-109.21
2026-08-31T08:45:00.000Z,SYNTH_CELL_B,270,-110.26
2026-08-31T08:45:00.000Z,SYNTH_CELL_B,271,-107.2
2026-08-31T08:45:00.000Z,SYNTH_CELL_B,272,-112.73
2026-08-31T08:50:00.000Z,SYNTH_CELL_B,0,-113.07
2026-08-31T08:50:00.000Z,SYNTH_CELL_B,1,-111.82
2026-08-31T08:50:00.000Z,SYNTH_CELL_B,2,-109.78
2026-08-31T08:50:00.000Z,SYNTH_CELL_B,3,-112.83
2026-08-31T08:50:00.000Z,SYNTH_CELL_B,4,-112.31
2026-08-31T08:50:00.000Z,SYNTH_CELL_B,5,-111.14
2026-08-31T08:50:00.000Z,SYNTH_CELL_B,6,-110.22
2026-08-31T08:50:00.000Z,SYNTH_CELL_B,7,-111.51
2026-08-31T08:50:00.000Z,SYNTH_CELL_B,8,-111.57
2026-08-31T08:50:00.000Z,SYNTH_CELL_B,9,-113.9
2026-08-31T08:50:00.000Z,SYNTH_CELL_B,10,-108.54
2026-08-31T08:50:00.000Z,SYNTH_CELL_B,11,-112.86
2026-08-31T08:50:00.000Z,SYNTH_CELL_B,12,-112.95
2026-08-31T08:50:00.000Z,SYNTH_CELL_B,13,-111.11
2026-08-31T08:50:00.000Z,SYNTH_CELL_B,14,-107.7
2026-08-31T08:50:00.000Z,SYNTH_CELL_B,15,-112.05
2026-08-31T08:50:00.000Z,SYNTH_CELL_B,16,-110.09
2026-08-31T08:50:00.000Z,SYNTH_CELL_B,17,-112.58
2026-08-31T08:50:00.000Z,SYNTH_CELL_B,18,-109.13
2026-08-31T08:50:00.000Z,SYNTH_CELL_B,19,-109.75
2026-08-31T08:50:00.000Z,SYNTH_CELL_B,20,-107.69
2026-08-31T08:50:00.000Z,SYNTH_CELL_B,21,-107.75
2026-08-31T08:50:00.000Z,SYNTH_CELL_B,22,-108.57
2026-08-31T08:50:00.000Z,SYNTH_CELL_B,23,-110.82
2026-08-31T08:50:00.000Z,SYNTH_CELL_B,24,-107.46
2026-08-31T08:50:00.000Z,SYNTH_CELL_B,25,-109.33
2026-08-31T08:50:00.000Z,SYNTH_CELL_B,26,-113.89
2026-08-31T08:50:00.000Z,SYNTH_CELL_B,27,-107.94
2026-08-31T08:50:00.000Z,SYNTH_CELL_B,28,-108.95
2026-08-31T08:50:00.000Z,SYNTH_CELL_B,29,-111.85
2026-08-31T08:50:00.000Z,SYNTH_CELL_B,30,-108.05
2026-08-31T08:50:00.000Z,SYNTH_CELL_B,31,-113.16
2026-08-31T08:50:00.000Z,SYNTH_CELL_B,32,-111.49
2026-08-31T08:50:00.000Z,SYNTH_CELL_B,33,-112.27
2026-08-31T08:50:00.000Z,SYNTH_CELL_B,34,-111.03
2026-08-31T08:50:00.000Z,SYNTH_CELL_B,35,-111.42
2026-08-31T08:50:00.000Z,SYNTH_CELL_B,36,-110.28
2026-08-31T08:50:00.000Z,SYNTH_CELL_B,37,-108.29
2026-08-31T08:50:00.000Z,SYNTH_CELL_B,38,-110.12
2026-08-31T08:50:00.000Z,SYNTH_CELL_B,39,-110.64
2026-08-31T08:50:00.000Z,SYNTH_CELL_B,40,-107.92
2026-08-31T08:50:00.000Z,SYNTH_CELL_B,41,-109.13
2026-08-31T08:50:00.000Z,SYNTH_CELL_B,42,-110.82
2026-08-31T08:50:00.000Z,SYNTH_CELL_B,43,-113.07
2026-08-31T08:50:00.000Z,SYNTH_CELL_B,44,-113.84
2026-08-31T08:50:00.000Z,SYNTH_CELL_B,45,-109.33
2026-08-31T08:50:00.000Z,SYNTH_CELL_B,46,-112.97
2026-08-31T08:50:00.000Z,SYNTH_CELL_B,47,-112.29
2026-08-31T08:50:00.000Z,SYNTH_CELL_B,48,-111.23
2026-08-31T08:50:00.000Z,SYNTH_CELL_B,49,-108.8
2026-08-31T08:50:00.000Z,SYNTH_CELL_B,50,-110.62
2026-08-31T08:50:00.000Z,SYNTH_CELL_B,51,-108.24
2026-08-31T08:50:00.000Z,SYNTH_CELL_B,52,-111.12
2026-08-31T08:50:00.000Z,SYNTH_CELL_B,53,-108.58
2026-08-31T08:50:00.000Z,SYNTH_CELL_B,54,-109.55
2026-08-31T08:50:00.000Z,SYNTH_CELL_B,55,-111.47
2026-08-31T08:50:00.000Z,SYNTH_CELL_B,56,-112.49
2026-08-31T08:50:00.000Z,SYNTH_CELL_B,57,-109.38
2026-08-31T08:50:00.000Z,SYNTH_CELL_B,58,-107.14
2026-08-31T08:50:00.000Z,SYNTH_CELL_B,59,-107.72
2026-08-31T08:50:00.000Z,SYNTH_CELL_B,60,-109.2
2026-08-31T08:50:00.000Z,SYNTH_CELL_B,61,-112
2026-08-31T08:50:00.000Z,SYNTH_CELL_B,62,-112.66
2026-08-31T08:50:00.000Z,SYNTH_CELL_B,63,-107.96
2026-08-31T08:50:00.000Z,SYNTH_CELL_B,64,-109.77
2026-08-31T08:50:00.000Z,SYNTH_CELL_B,65,-111.71
2026-08-31T08:50:00.000Z,SYNTH_CELL_B,66,-110.79
2026-08-31T08:50:00.000Z,SYNTH_CELL_B,67,-107.85
2026-08-31T08:50:00.000Z,SYNTH_CELL_B,68,-107.97
2026-08-31T08:50:00.000Z,SYNTH_CELL_B,69,-113.55
2026-08-31T08:50:00.000Z,SYNTH_CELL_B,70,-109.44
2026-08-31T08:50:00.000Z,SYNTH_CELL_B,71,-109.66
2026-08-31T08:50:00.000Z,SYNTH_CELL_B,72,-110.15
2026-08-31T08:50:00.000Z,SYNTH_CELL_B,73,-111.67
2026-08-31T08:50:00.000Z,SYNTH_CELL_B,74,-111.88
2026-08-31T08:50:00.000Z,SYNTH_CELL_B,75,-107.75
2026-08-31T08:50:00.000Z,SYNTH_CELL_B,76,-108.31
2026-08-31T08:50:00.000Z,SYNTH_CELL_B,77,-108.65
2026-08-31T08:50:00.000Z,SYNTH_CELL_B,78,-112.04
2026-08-31T08:50:00.000Z,SYNTH_CELL_B,79,-113.58
2026-08-31T08:50:00.000Z,SYNTH_CELL_B,80,-111.85
2026-08-31T08:50:00.000Z,SYNTH_CELL_B,81,-111
2026-08-31T08:50:00.000Z,SYNTH_CELL_B,82,-113.83
2026-08-31T08:50:00.000Z,SYNTH_CELL_B,83,-107.4
2026-08-31T08:50:00.000Z,SYNTH_CELL_B,84,-112.77
2026-08-31T08:50:00.000Z,SYNTH_CELL_B,85,-113.93
2026-08-31T08:50:00.000Z,SYNTH_CELL_B,86,-112.45
2026-08-31T08:50:00.000Z,SYNTH_CELL_B,87,-111.97
2026-08-31T08:50:00.000Z,SYNTH_CELL_B,88,-111.14
2026-08-31T08:50:00.000Z,SYNTH_CELL_B,89,-109.7
2026-08-31T08:50:00.000Z,SYNTH_CELL_B,90,-108.16
2026-08-31T08:50:00.000Z,SYNTH_CELL_B,91,-107.45
2026-08-31T08:50:00.000Z,SYNTH_CELL_B,92,-110.44
2026-08-31T08:50:00.000Z,SYNTH_CELL_B,93,-112.06
2026-08-31T08:50:00.000Z,SYNTH_CELL_B,94,-111.3
2026-08-31T08:50:00.000Z,SYNTH_CELL_B,95,-109.11
2026-08-31T08:50:00.000Z,SYNTH_CELL_B,96,-111.23
2026-08-31T08:50:00.000Z,SYNTH_CELL_B,97,-112.06
2026-08-31T08:50:00.000Z,SYNTH_CELL_B,98,-110.8
2026-08-31T08:50:00.000Z,SYNTH_CELL_B,99,-113.31
2026-08-31T08:50:00.000Z,SYNTH_CELL_B,100,-110.64
2026-08-31T08:50:00.000Z,SYNTH_CELL_B,101,-112.17
2026-08-31T08:50:00.000Z,SYNTH_CELL_B,102,-111.57
2026-08-31T08:50:00.000Z,SYNTH_CELL_B,103,-107.68
2026-08-31T08:50:00.000Z,SYNTH_CELL_B,104,-107.73
2026-08-31T08:50:00.000Z,SYNTH_CELL_B,105,-112.41
2026-08-31T08:50:00.000Z,SYNTH_CELL_B,106,-107.9
2026-08-31T08:50:00.000Z,SYNTH_CELL_B,107,-110.15
2026-08-31T08:50:00.000Z,SYNTH_CELL_B,108,-107.84
2026-08-31T08:50:00.000Z,SYNTH_CELL_B,109,-111.49
2026-08-31T08:50:00.000Z,SYNTH_CELL_B,110,-111.76
2026-08-31T08:50:00.000Z,SYNTH_CELL_B,111,-111.28
2026-08-31T08:50:00.000Z,SYNTH_CELL_B,112,-111.84
2026-08-31T08:50:00.000Z,SYNTH_CELL_B,113,-109.14
2026-08-31T08:50:00.000Z,SYNTH_CELL_B,114,-109.86
2026-08-31T08:50:00.000Z,SYNTH_CELL_B,115,-108.72
2026-08-31T08:50:00.000Z,SYNTH_CELL_B,116,-110.92
2026-08-31T08:50:00.000Z,SYNTH_CELL_B,117,-110.01
2026-08-31T08:50:00.000Z,SYNTH_CELL_B,118,-110.15
2026-08-31T08:50:00.000Z,SYNTH_CELL_B,119,-108.51
2026-08-31T08:50:00.000Z,SYNTH_CELL_B,120,-92.6
2026-08-31T08:50:00.000Z,SYNTH_CELL_B,121,-93.42
2026-08-31T08:50:00.000Z,SYNTH_CELL_B,122,-94.1
2026-08-31T08:50:00.000Z,SYNTH_CELL_B,123,-92.62
2026-08-31T08:50:00.000Z,SYNTH_CELL_B,124,-98.26
2026-08-31T08:50:00.000Z,SYNTH_CELL_B,125,-95.79
2026-08-31T08:50:00.000Z,SYNTH_CELL_B,126,-97.4
2026-08-31T08:50:00.000Z,SYNTH_CELL_B,127,-92.32
2026-08-31T08:50:00.000Z,SYNTH_CELL_B,128,-92.67
2026-08-31T08:50:00.000Z,SYNTH_CELL_B,129,-97.28
2026-08-31T08:50:00.000Z,SYNTH_CELL_B,130,-95.05
2026-08-31T08:50:00.000Z,SYNTH_CELL_B,131,-94.31
2026-08-31T08:50:00.000Z,SYNTH_CELL_B,132,-98.54
2026-08-31T08:50:00.000Z,SYNTH_CELL_B,133,-97.54
2026-08-31T08:50:00.000Z,SYNTH_CELL_B,134,-95.22
2026-08-31T08:50:00.000Z,SYNTH_CELL_B,135,-94.39
2026-08-31T08:50:00.000Z,SYNTH_CELL_B,136,-97.42
2026-08-31T08:50:00.000Z,SYNTH_CELL_B,137,-93.49
2026-08-31T08:50:00.000Z,SYNTH_CELL_B,138,-96.85
2026-08-31T08:50:00.000Z,SYNTH_CELL_B,139,-95.49
2026-08-31T08:50:00.000Z,SYNTH_CELL_B,140,-93.75
2026-08-31T08:50:00.000Z,SYNTH_CELL_B,141,-98.97
2026-08-31T08:50:00.000Z,SYNTH_CELL_B,142,-98.04
2026-08-31T08:50:00.000Z,SYNTH_CELL_B,143,-92.26
2026-08-31T08:50:00.000Z,SYNTH_CELL_B,144,-95.39
2026-08-31T08:50:00.000Z,SYNTH_CELL_B,145,-94.4
2026-08-31T08:50:00.000Z,SYNTH_CELL_B,146,-97.35
2026-08-31T08:50:00.000Z,SYNTH_CELL_B,147,-98
2026-08-31T08:50:00.000Z,SYNTH_CELL_B,148,-93.38
2026-08-31T08:50:00.000Z,SYNTH_CELL_B,149,-96.25
2026-08-31T08:50:00.000Z,SYNTH_CELL_B,150,-93.87
2026-08-31T08:50:00.000Z,SYNTH_CELL_B,151,-95.95
2026-08-31T08:50:00.000Z,SYNTH_CELL_B,152,-96.13
2026-08-31T08:50:00.000Z,SYNTH_CELL_B,153,-95.48
2026-08-31T08:50:00.000Z,SYNTH_CELL_B,154,-92.26
2026-08-31T08:50:00.000Z,SYNTH_CELL_B,155,-97.99
2026-08-31T08:50:00.000Z,SYNTH_CELL_B,156,-98.06
2026-08-31T08:50:00.000Z,SYNTH_CELL_B,157,-96.57
2026-08-31T08:50:00.000Z,SYNTH_CELL_B,158,-97.78
2026-08-31T08:50:00.000Z,SYNTH_CELL_B,159,-94.46
2026-08-31T08:50:00.000Z,SYNTH_CELL_B,160,-93.86
2026-08-31T08:50:00.000Z,SYNTH_CELL_B,161,-97.37
2026-08-31T08:50:00.000Z,SYNTH_CELL_B,162,-93.55
2026-08-31T08:50:00.000Z,SYNTH_CELL_B,163,-98.91
2026-08-31T08:50:00.000Z,SYNTH_CELL_B,164,-95.53
2026-08-31T08:50:00.000Z,SYNTH_CELL_B,165,-94.04
2026-08-31T08:50:00.000Z,SYNTH_CELL_B,166,-97.31
2026-08-31T08:50:00.000Z,SYNTH_CELL_B,167,-92.64
2026-08-31T08:50:00.000Z,SYNTH_CELL_B,168,-95.71
2026-08-31T08:50:00.000Z,SYNTH_CELL_B,169,-98.15
2026-08-31T08:50:00.000Z,SYNTH_CELL_B,170,-94.11
2026-08-31T08:50:00.000Z,SYNTH_CELL_B,171,-93.32
2026-08-31T08:50:00.000Z,SYNTH_CELL_B,172,-95.65
2026-08-31T08:50:00.000Z,SYNTH_CELL_B,173,-96.04
2026-08-31T08:50:00.000Z,SYNTH_CELL_B,174,-96.42
2026-08-31T08:50:00.000Z,SYNTH_CELL_B,175,-96.28
2026-08-31T08:50:00.000Z,SYNTH_CELL_B,176,-92.42
2026-08-31T08:50:00.000Z,SYNTH_CELL_B,177,-98.08
2026-08-31T08:50:00.000Z,SYNTH_CELL_B,178,-93.51
2026-08-31T08:50:00.000Z,SYNTH_CELL_B,179,-98.69
2026-08-31T08:50:00.000Z,SYNTH_CELL_B,180,-95.29
2026-08-31T08:50:00.000Z,SYNTH_CELL_B,181,-95.77
2026-08-31T08:50:00.000Z,SYNTH_CELL_B,182,-92.77
2026-08-31T08:50:00.000Z,SYNTH_CELL_B,183,-94.69
2026-08-31T08:50:00.000Z,SYNTH_CELL_B,184,-94.09
2026-08-31T08:50:00.000Z,SYNTH_CELL_B,185,-94.92
2026-08-31T08:50:00.000Z,SYNTH_CELL_B,186,-92.06
2026-08-31T08:50:00.000Z,SYNTH_CELL_B,187,-97.49
2026-08-31T08:50:00.000Z,SYNTH_CELL_B,188,-98.66
2026-08-31T08:50:00.000Z,SYNTH_CELL_B,189,-98.58
2026-08-31T08:50:00.000Z,SYNTH_CELL_B,190,-95.4
2026-08-31T08:50:00.000Z,SYNTH_CELL_B,191,-112.14
2026-08-31T08:50:00.000Z,SYNTH_CELL_B,192,-110.7
2026-08-31T08:50:00.000Z,SYNTH_CELL_B,193,-110.59
2026-08-31T08:50:00.000Z,SYNTH_CELL_B,194,-110.08
2026-08-31T08:50:00.000Z,SYNTH_CELL_B,195,-108.65
2026-08-31T08:50:00.000Z,SYNTH_CELL_B,196,-113.38
2026-08-31T08:50:00.000Z,SYNTH_CELL_B,197,-111.15
2026-08-31T08:50:00.000Z,SYNTH_CELL_B,198,-112.88
2026-08-31T08:50:00.000Z,SYNTH_CELL_B,199,-107.96
2026-08-31T08:50:00.000Z,SYNTH_CELL_B,200,-108.31
2026-08-31T08:50:00.000Z,SYNTH_CELL_B,201,-109.95
2026-08-31T08:50:00.000Z,SYNTH_CELL_B,202,-112.94
2026-08-31T08:50:00.000Z,SYNTH_CELL_B,203,-108.02
2026-08-31T08:50:00.000Z,SYNTH_CELL_B,204,-110.46
2026-08-31T08:50:00.000Z,SYNTH_CELL_B,205,-109.11
2026-08-31T08:50:00.000Z,SYNTH_CELL_B,206,-109.98
2026-08-31T08:50:00.000Z,SYNTH_CELL_B,207,-109.36
2026-08-31T08:50:00.000Z,SYNTH_CELL_B,208,-109.89
2026-08-31T08:50:00.000Z,SYNTH_CELL_B,209,-109.13
2026-08-31T08:50:00.000Z,SYNTH_CELL_B,210,-110.76
2026-08-31T08:50:00.000Z,SYNTH_CELL_B,211,-107.21
2026-08-31T08:50:00.000Z,SYNTH_CELL_B,212,-107.17
2026-08-31T08:50:00.000Z,SYNTH_CELL_B,213,-108.92
2026-08-31T08:50:00.000Z,SYNTH_CELL_B,214,-107.61
2026-08-31T08:50:00.000Z,SYNTH_CELL_B,215,-113.26
2026-08-31T08:50:00.000Z,SYNTH_CELL_B,216,-112.31
2026-08-31T08:50:00.000Z,SYNTH_CELL_B,217,-107.04
2026-08-31T08:50:00.000Z,SYNTH_CELL_B,218,-112.11
2026-08-31T08:50:00.000Z,SYNTH_CELL_B,219,-108.06
2026-08-31T08:50:00.000Z,SYNTH_CELL_B,220,-108.33
2026-08-31T08:50:00.000Z,SYNTH_CELL_B,221,-110.15
2026-08-31T08:50:00.000Z,SYNTH_CELL_B,222,-111.71
2026-08-31T08:50:00.000Z,SYNTH_CELL_B,223,-112.28
2026-08-31T08:50:00.000Z,SYNTH_CELL_B,224,-113.3
2026-08-31T08:50:00.000Z,SYNTH_CELL_B,225,-112.61
2026-08-31T08:50:00.000Z,SYNTH_CELL_B,226,-111.48
2026-08-31T08:50:00.000Z,SYNTH_CELL_B,227,-109.49
2026-08-31T08:50:00.000Z,SYNTH_CELL_B,228,-110.93
2026-08-31T08:50:00.000Z,SYNTH_CELL_B,229,-109.42
2026-08-31T08:50:00.000Z,SYNTH_CELL_B,230,-107.75
2026-08-31T08:50:00.000Z,SYNTH_CELL_B,231,-113.93
2026-08-31T08:50:00.000Z,SYNTH_CELL_B,232,-109.56
2026-08-31T08:50:00.000Z,SYNTH_CELL_B,233,-113.45
2026-08-31T08:50:00.000Z,SYNTH_CELL_B,234,-113.69
2026-08-31T08:50:00.000Z,SYNTH_CELL_B,235,-109.06
2026-08-31T08:50:00.000Z,SYNTH_CELL_B,236,-113.48
2026-08-31T08:50:00.000Z,SYNTH_CELL_B,237,-113.2
2026-08-31T08:50:00.000Z,SYNTH_CELL_B,238,-111.57
2026-08-31T08:50:00.000Z,SYNTH_CELL_B,239,-108.29
2026-08-31T08:50:00.000Z,SYNTH_CELL_B,240,-112.33
2026-08-31T08:50:00.000Z,SYNTH_CELL_B,241,-110.28
2026-08-31T08:50:00.000Z,SYNTH_CELL_B,242,-107.37
2026-08-31T08:50:00.000Z,SYNTH_CELL_B,243,-113.09
2026-08-31T08:50:00.000Z,SYNTH_CELL_B,244,-110.13
2026-08-31T08:50:00.000Z,SYNTH_CELL_B,245,-110.02
2026-08-31T08:50:00.000Z,SYNTH_CELL_B,246,-113.53
2026-08-31T08:50:00.000Z,SYNTH_CELL_B,247,-108
2026-08-31T08:50:00.000Z,SYNTH_CELL_B,248,-110.74
2026-08-31T08:50:00.000Z,SYNTH_CELL_B,249,-113.78
2026-08-31T08:50:00.000Z,SYNTH_CELL_B,250,-109.05
2026-08-31T08:50:00.000Z,SYNTH_CELL_B,251,-113.04
2026-08-31T08:50:00.000Z,SYNTH_CELL_B,252,-108.82
2026-08-31T08:50:00.000Z,SYNTH_CELL_B,253,-112.38
2026-08-31T08:50:00.000Z,SYNTH_CELL_B,254,-110.51
2026-08-31T08:50:00.000Z,SYNTH_CELL_B,255,-111.23
2026-08-31T08:50:00.000Z,SYNTH_CELL_B,256,-107.83
2026-08-31T08:50:00.000Z,SYNTH_CELL_B,257,-108.69
2026-08-31T08:50:00.000Z,SYNTH_CELL_B,258,-108.97
2026-08-31T08:50:00.000Z,SYNTH_CELL_B,259,-110.21
2026-08-31T08:50:00.000Z,SYNTH_CELL_B,260,-108.92
2026-08-31T08:50:00.000Z,SYNTH_CELL_B,261,-113.26
2026-08-31T08:50:00.000Z,SYNTH_CELL_B,262,-110.87
2026-08-31T08:50:00.000Z,SYNTH_CELL_B,263,-113.83
2026-08-31T08:50:00.000Z,SYNTH_CELL_B,264,-112.75
2026-08-31T08:50:00.000Z,SYNTH_CELL_B,265,-112.97
2026-08-31T08:50:00.000Z,SYNTH_CELL_B,266,-107.75
2026-08-31T08:50:00.000Z,SYNTH_CELL_B,267,-109.06
2026-08-31T08:50:00.000Z,SYNTH_CELL_B,268,-113.02
2026-08-31T08:50:00.000Z,SYNTH_CELL_B,269,-111.22
2026-08-31T08:50:00.000Z,SYNTH_CELL_B,270,-107.42
2026-08-31T08:50:00.000Z,SYNTH_CELL_B,271,-110.46
2026-08-31T08:50:00.000Z,SYNTH_CELL_B,272,-109.25
2026-08-31T08:55:00.000Z,SYNTH_CELL_B,0,-111.13
2026-08-31T08:55:00.000Z,SYNTH_CELL_B,1,-112.33
2026-08-31T08:55:00.000Z,SYNTH_CELL_B,2,-112.17
2026-08-31T08:55:00.000Z,SYNTH_CELL_B,3,-112.81
2026-08-31T08:55:00.000Z,SYNTH_CELL_B,4,-111.96
2026-08-31T08:55:00.000Z,SYNTH_CELL_B,5,-109.57
2026-08-31T08:55:00.000Z,SYNTH_CELL_B,6,-109.28
2026-08-31T08:55:00.000Z,SYNTH_CELL_B,7,-112.06
2026-08-31T08:55:00.000Z,SYNTH_CELL_B,8,-107.58
2026-08-31T08:55:00.000Z,SYNTH_CELL_B,9,-110.82
2026-08-31T08:55:00.000Z,SYNTH_CELL_B,10,-108.51
2026-08-31T08:55:00.000Z,SYNTH_CELL_B,11,-111.87
2026-08-31T08:55:00.000Z,SYNTH_CELL_B,12,-112.45
2026-08-31T08:55:00.000Z,SYNTH_CELL_B,13,-108.31
2026-08-31T08:55:00.000Z,SYNTH_CELL_B,14,-111.93
2026-08-31T08:55:00.000Z,SYNTH_CELL_B,15,-107.89
2026-08-31T08:55:00.000Z,SYNTH_CELL_B,16,-113
2026-08-31T08:55:00.000Z,SYNTH_CELL_B,17,-111.75
2026-08-31T08:55:00.000Z,SYNTH_CELL_B,18,-107.39
2026-08-31T08:55:00.000Z,SYNTH_CELL_B,19,-107.2
2026-08-31T08:55:00.000Z,SYNTH_CELL_B,20,-107.75
2026-08-31T08:55:00.000Z,SYNTH_CELL_B,21,-109.64
2026-08-31T08:55:00.000Z,SYNTH_CELL_B,22,-112.64
2026-08-31T08:55:00.000Z,SYNTH_CELL_B,23,-113.55
2026-08-31T08:55:00.000Z,SYNTH_CELL_B,24,-113.53
2026-08-31T08:55:00.000Z,SYNTH_CELL_B,25,-113.55
2026-08-31T08:55:00.000Z,SYNTH_CELL_B,26,-108.65
2026-08-31T08:55:00.000Z,SYNTH_CELL_B,27,-111.61
2026-08-31T08:55:00.000Z,SYNTH_CELL_B,28,-109.78
2026-08-31T08:55:00.000Z,SYNTH_CELL_B,29,-110.28
2026-08-31T08:55:00.000Z,SYNTH_CELL_B,30,-113.92
2026-08-31T08:55:00.000Z,SYNTH_CELL_B,31,-113.1
2026-08-31T08:55:00.000Z,SYNTH_CELL_B,32,-109.91
2026-08-31T08:55:00.000Z,SYNTH_CELL_B,33,-111.01
2026-08-31T08:55:00.000Z,SYNTH_CELL_B,34,-112.89
2026-08-31T08:55:00.000Z,SYNTH_CELL_B,35,-110.9
2026-08-31T08:55:00.000Z,SYNTH_CELL_B,36,-107.79
2026-08-31T08:55:00.000Z,SYNTH_CELL_B,37,-108.2
2026-08-31T08:55:00.000Z,SYNTH_CELL_B,38,-111.62
2026-08-31T08:55:00.000Z,SYNTH_CELL_B,39,-108.63
2026-08-31T08:55:00.000Z,SYNTH_CELL_B,40,-109.77
2026-08-31T08:55:00.000Z,SYNTH_CELL_B,41,-107.9
2026-08-31T08:55:00.000Z,SYNTH_CELL_B,42,-111.21
2026-08-31T08:55:00.000Z,SYNTH_CELL_B,43,-113.56
2026-08-31T08:55:00.000Z,SYNTH_CELL_B,44,-112.62
2026-08-31T08:55:00.000Z,SYNTH_CELL_B,45,-110.94
2026-08-31T08:55:00.000Z,SYNTH_CELL_B,46,-111.48
2026-08-31T08:55:00.000Z,SYNTH_CELL_B,47,-113.01
2026-08-31T08:55:00.000Z,SYNTH_CELL_B,48,-112.06
2026-08-31T08:55:00.000Z,SYNTH_CELL_B,49,-112.48
2026-08-31T08:55:00.000Z,SYNTH_CELL_B,50,-110.47
2026-08-31T08:55:00.000Z,SYNTH_CELL_B,51,-110.74
2026-08-31T08:55:00.000Z,SYNTH_CELL_B,52,-107.51
2026-08-31T08:55:00.000Z,SYNTH_CELL_B,53,-112.02
2026-08-31T08:55:00.000Z,SYNTH_CELL_B,54,-107.64
2026-08-31T08:55:00.000Z,SYNTH_CELL_B,55,-110.44
2026-08-31T08:55:00.000Z,SYNTH_CELL_B,56,-110.88
2026-08-31T08:55:00.000Z,SYNTH_CELL_B,57,-112.18
2026-08-31T08:55:00.000Z,SYNTH_CELL_B,58,-111.6
2026-08-31T08:55:00.000Z,SYNTH_CELL_B,59,-108.58
2026-08-31T08:55:00.000Z,SYNTH_CELL_B,60,-111.44
2026-08-31T08:55:00.000Z,SYNTH_CELL_B,61,-112.29
2026-08-31T08:55:00.000Z,SYNTH_CELL_B,62,-111.16
2026-08-31T08:55:00.000Z,SYNTH_CELL_B,63,-109.43
2026-08-31T08:55:00.000Z,SYNTH_CELL_B,64,-109.49
2026-08-31T08:55:00.000Z,SYNTH_CELL_B,65,-109.73
2026-08-31T08:55:00.000Z,SYNTH_CELL_B,66,-108.98
2026-08-31T08:55:00.000Z,SYNTH_CELL_B,67,-112.61
2026-08-31T08:55:00.000Z,SYNTH_CELL_B,68,-107.95
2026-08-31T08:55:00.000Z,SYNTH_CELL_B,69,-108.28
2026-08-31T08:55:00.000Z,SYNTH_CELL_B,70,-113.37
2026-08-31T08:55:00.000Z,SYNTH_CELL_B,71,-113.84
2026-08-31T08:55:00.000Z,SYNTH_CELL_B,72,-111.87
2026-08-31T08:55:00.000Z,SYNTH_CELL_B,73,-111.22
2026-08-31T08:55:00.000Z,SYNTH_CELL_B,74,-110.67
2026-08-31T08:55:00.000Z,SYNTH_CELL_B,75,-111.24
2026-08-31T08:55:00.000Z,SYNTH_CELL_B,76,-108.7
2026-08-31T08:55:00.000Z,SYNTH_CELL_B,77,-112.46
2026-08-31T08:55:00.000Z,SYNTH_CELL_B,78,-109.7
2026-08-31T08:55:00.000Z,SYNTH_CELL_B,79,-109.05
2026-08-31T08:55:00.000Z,SYNTH_CELL_B,80,-107.37
2026-08-31T08:55:00.000Z,SYNTH_CELL_B,81,-112.64
2026-08-31T08:55:00.000Z,SYNTH_CELL_B,82,-112.6
2026-08-31T08:55:00.000Z,SYNTH_CELL_B,83,-110.97
2026-08-31T08:55:00.000Z,SYNTH_CELL_B,84,-110.84
2026-08-31T08:55:00.000Z,SYNTH_CELL_B,85,-110.57
2026-08-31T08:55:00.000Z,SYNTH_CELL_B,86,-110.42
2026-08-31T08:55:00.000Z,SYNTH_CELL_B,87,-109.36
2026-08-31T08:55:00.000Z,SYNTH_CELL_B,88,-107.07
2026-08-31T08:55:00.000Z,SYNTH_CELL_B,89,-111.09
2026-08-31T08:55:00.000Z,SYNTH_CELL_B,90,-111.47
2026-08-31T08:55:00.000Z,SYNTH_CELL_B,91,-111.75
2026-08-31T08:55:00.000Z,SYNTH_CELL_B,92,-113.86
2026-08-31T08:55:00.000Z,SYNTH_CELL_B,93,-113.91
2026-08-31T08:55:00.000Z,SYNTH_CELL_B,94,-111.82
2026-08-31T08:55:00.000Z,SYNTH_CELL_B,95,-112.9
2026-08-31T08:55:00.000Z,SYNTH_CELL_B,96,-110.08
2026-08-31T08:55:00.000Z,SYNTH_CELL_B,97,-110.95
2026-08-31T08:55:00.000Z,SYNTH_CELL_B,98,-113.42
2026-08-31T08:55:00.000Z,SYNTH_CELL_B,99,-110.25
2026-08-31T08:55:00.000Z,SYNTH_CELL_B,100,-112.73
2026-08-31T08:55:00.000Z,SYNTH_CELL_B,101,-112.83
2026-08-31T08:55:00.000Z,SYNTH_CELL_B,102,-113.06
2026-08-31T08:55:00.000Z,SYNTH_CELL_B,103,-113.46
2026-08-31T08:55:00.000Z,SYNTH_CELL_B,104,-112.9
2026-08-31T08:55:00.000Z,SYNTH_CELL_B,105,-113.38
2026-08-31T08:55:00.000Z,SYNTH_CELL_B,106,-111.39
2026-08-31T08:55:00.000Z,SYNTH_CELL_B,107,-112.94
2026-08-31T08:55:00.000Z,SYNTH_CELL_B,108,-108.75
2026-08-31T08:55:00.000Z,SYNTH_CELL_B,109,-111.22
2026-08-31T08:55:00.000Z,SYNTH_CELL_B,110,-113.75
2026-08-31T08:55:00.000Z,SYNTH_CELL_B,111,-112.48
2026-08-31T08:55:00.000Z,SYNTH_CELL_B,112,-109.26
2026-08-31T08:55:00.000Z,SYNTH_CELL_B,113,-111.56
2026-08-31T08:55:00.000Z,SYNTH_CELL_B,114,-108.87
2026-08-31T08:55:00.000Z,SYNTH_CELL_B,115,-107.25
2026-08-31T08:55:00.000Z,SYNTH_CELL_B,116,-108.63
2026-08-31T08:55:00.000Z,SYNTH_CELL_B,117,-108.49
2026-08-31T08:55:00.000Z,SYNTH_CELL_B,118,-108.8
2026-08-31T08:55:00.000Z,SYNTH_CELL_B,119,-112.6
2026-08-31T08:55:00.000Z,SYNTH_CELL_B,120,-92.71
2026-08-31T08:55:00.000Z,SYNTH_CELL_B,121,-96.35
2026-08-31T08:55:00.000Z,SYNTH_CELL_B,122,-94.69
2026-08-31T08:55:00.000Z,SYNTH_CELL_B,123,-96.09
2026-08-31T08:55:00.000Z,SYNTH_CELL_B,124,-97.01
2026-08-31T08:55:00.000Z,SYNTH_CELL_B,125,-95.69
2026-08-31T08:55:00.000Z,SYNTH_CELL_B,126,-97.87
2026-08-31T08:55:00.000Z,SYNTH_CELL_B,127,-92.57
2026-08-31T08:55:00.000Z,SYNTH_CELL_B,128,-97.51
2026-08-31T08:55:00.000Z,SYNTH_CELL_B,129,-95.6
2026-08-31T08:55:00.000Z,SYNTH_CELL_B,130,-92.23
2026-08-31T08:55:00.000Z,SYNTH_CELL_B,131,-96.01
2026-08-31T08:55:00.000Z,SYNTH_CELL_B,132,-96.56
2026-08-31T08:55:00.000Z,SYNTH_CELL_B,133,-94.26
2026-08-31T08:55:00.000Z,SYNTH_CELL_B,134,-95.33
2026-08-31T08:55:00.000Z,SYNTH_CELL_B,135,-98.91
2026-08-31T08:55:00.000Z,SYNTH_CELL_B,136,-93.85
2026-08-31T08:55:00.000Z,SYNTH_CELL_B,137,-97.5
2026-08-31T08:55:00.000Z,SYNTH_CELL_B,138,-98.06
2026-08-31T08:55:00.000Z,SYNTH_CELL_B,139,-97.34
2026-08-31T08:55:00.000Z,SYNTH_CELL_B,140,-94.64
2026-08-31T08:55:00.000Z,SYNTH_CELL_B,141,-96.46
2026-08-31T08:55:00.000Z,SYNTH_CELL_B,142,-94.15
2026-08-31T08:55:00.000Z,SYNTH_CELL_B,143,-96.43
2026-08-31T08:55:00.000Z,SYNTH_CELL_B,144,-97.17
2026-08-31T08:55:00.000Z,SYNTH_CELL_B,145,-94.28
2026-08-31T08:55:00.000Z,SYNTH_CELL_B,146,-95.34
2026-08-31T08:55:00.000Z,SYNTH_CELL_B,147,-95.43
2026-08-31T08:55:00.000Z,SYNTH_CELL_B,148,-93.4
2026-08-31T08:55:00.000Z,SYNTH_CELL_B,149,-98.69
2026-08-31T08:55:00.000Z,SYNTH_CELL_B,150,-96.26
2026-08-31T08:55:00.000Z,SYNTH_CELL_B,151,-95.23
2026-08-31T08:55:00.000Z,SYNTH_CELL_B,152,-95.9
2026-08-31T08:55:00.000Z,SYNTH_CELL_B,153,-95.68
2026-08-31T08:55:00.000Z,SYNTH_CELL_B,154,-93.3
2026-08-31T08:55:00.000Z,SYNTH_CELL_B,155,-94.25
2026-08-31T08:55:00.000Z,SYNTH_CELL_B,156,-92.25
2026-08-31T08:55:00.000Z,SYNTH_CELL_B,157,-95.93
2026-08-31T08:55:00.000Z,SYNTH_CELL_B,158,-93.19
2026-08-31T08:55:00.000Z,SYNTH_CELL_B,159,-94.7
2026-08-31T08:55:00.000Z,SYNTH_CELL_B,160,-93.86
2026-08-31T08:55:00.000Z,SYNTH_CELL_B,161,-93.93
2026-08-31T08:55:00.000Z,SYNTH_CELL_B,162,-96.94
2026-08-31T08:55:00.000Z,SYNTH_CELL_B,163,-98.74
2026-08-31T08:55:00.000Z,SYNTH_CELL_B,164,-96.62
2026-08-31T08:55:00.000Z,SYNTH_CELL_B,165,-94.53
2026-08-31T08:55:00.000Z,SYNTH_CELL_B,166,-93.06
2026-08-31T08:55:00.000Z,SYNTH_CELL_B,167,-95.51
2026-08-31T08:55:00.000Z,SYNTH_CELL_B,168,-92.72
2026-08-31T08:55:00.000Z,SYNTH_CELL_B,169,-95.43
2026-08-31T08:55:00.000Z,SYNTH_CELL_B,170,-94.72
2026-08-31T08:55:00.000Z,SYNTH_CELL_B,171,-95.28
2026-08-31T08:55:00.000Z,SYNTH_CELL_B,172,-97.98
2026-08-31T08:55:00.000Z,SYNTH_CELL_B,173,-96.19
2026-08-31T08:55:00.000Z,SYNTH_CELL_B,174,-94.35
2026-08-31T08:55:00.000Z,SYNTH_CELL_B,175,-92.35
2026-08-31T08:55:00.000Z,SYNTH_CELL_B,176,-96.59
2026-08-31T08:55:00.000Z,SYNTH_CELL_B,177,-92.05
2026-08-31T08:55:00.000Z,SYNTH_CELL_B,178,-96.33
2026-08-31T08:55:00.000Z,SYNTH_CELL_B,179,-96.81
2026-08-31T08:55:00.000Z,SYNTH_CELL_B,180,-98.84
2026-08-31T08:55:00.000Z,SYNTH_CELL_B,181,-94.61
2026-08-31T08:55:00.000Z,SYNTH_CELL_B,182,-94.78
2026-08-31T08:55:00.000Z,SYNTH_CELL_B,183,-95.23
2026-08-31T08:55:00.000Z,SYNTH_CELL_B,184,-94.86
2026-08-31T08:55:00.000Z,SYNTH_CELL_B,185,-95.62
2026-08-31T08:55:00.000Z,SYNTH_CELL_B,186,-94.35
2026-08-31T08:55:00.000Z,SYNTH_CELL_B,187,-94.41
2026-08-31T08:55:00.000Z,SYNTH_CELL_B,188,-93.57
2026-08-31T08:55:00.000Z,SYNTH_CELL_B,189,-92.49
2026-08-31T08:55:00.000Z,SYNTH_CELL_B,190,-97.27
2026-08-31T08:55:00.000Z,SYNTH_CELL_B,191,-108.64
2026-08-31T08:55:00.000Z,SYNTH_CELL_B,192,-107.92
2026-08-31T08:55:00.000Z,SYNTH_CELL_B,193,-113.3
2026-08-31T08:55:00.000Z,SYNTH_CELL_B,194,-113.99
2026-08-31T08:55:00.000Z,SYNTH_CELL_B,195,-112.35
2026-08-31T08:55:00.000Z,SYNTH_CELL_B,196,-109.06
2026-08-31T08:55:00.000Z,SYNTH_CELL_B,197,-108.95
2026-08-31T08:55:00.000Z,SYNTH_CELL_B,198,-107.95
2026-08-31T08:55:00.000Z,SYNTH_CELL_B,199,-112.5
2026-08-31T08:55:00.000Z,SYNTH_CELL_B,200,-111.81
2026-08-31T08:55:00.000Z,SYNTH_CELL_B,201,-111.62
2026-08-31T08:55:00.000Z,SYNTH_CELL_B,202,-107.04
2026-08-31T08:55:00.000Z,SYNTH_CELL_B,203,-110.11
2026-08-31T08:55:00.000Z,SYNTH_CELL_B,204,-113.31
2026-08-31T08:55:00.000Z,SYNTH_CELL_B,205,-107.09
2026-08-31T08:55:00.000Z,SYNTH_CELL_B,206,-112.47
2026-08-31T08:55:00.000Z,SYNTH_CELL_B,207,-112.04
2026-08-31T08:55:00.000Z,SYNTH_CELL_B,208,-110.44
2026-08-31T08:55:00.000Z,SYNTH_CELL_B,209,-110.93
2026-08-31T08:55:00.000Z,SYNTH_CELL_B,210,-108.06
2026-08-31T08:55:00.000Z,SYNTH_CELL_B,211,-109.35
2026-08-31T08:55:00.000Z,SYNTH_CELL_B,212,-107.02
2026-08-31T08:55:00.000Z,SYNTH_CELL_B,213,-112.68
2026-08-31T08:55:00.000Z,SYNTH_CELL_B,214,-108.62
2026-08-31T08:55:00.000Z,SYNTH_CELL_B,215,-113.17
2026-08-31T08:55:00.000Z,SYNTH_CELL_B,216,-112.71
2026-08-31T08:55:00.000Z,SYNTH_CELL_B,217,-112.17
2026-08-31T08:55:00.000Z,SYNTH_CELL_B,218,-109.52
2026-08-31T08:55:00.000Z,SYNTH_CELL_B,219,-107.16
2026-08-31T08:55:00.000Z,SYNTH_CELL_B,220,-113.56
2026-08-31T08:55:00.000Z,SYNTH_CELL_B,221,-113.91
2026-08-31T08:55:00.000Z,SYNTH_CELL_B,222,-113.49
2026-08-31T08:55:00.000Z,SYNTH_CELL_B,223,-111.56
2026-08-31T08:55:00.000Z,SYNTH_CELL_B,224,-113.14
2026-08-31T08:55:00.000Z,SYNTH_CELL_B,225,-113.62
2026-08-31T08:55:00.000Z,SYNTH_CELL_B,226,-109.42
2026-08-31T08:55:00.000Z,SYNTH_CELL_B,227,-112.98
2026-08-31T08:55:00.000Z,SYNTH_CELL_B,228,-112.39
2026-08-31T08:55:00.000Z,SYNTH_CELL_B,229,-110.86
2026-08-31T08:55:00.000Z,SYNTH_CELL_B,230,-109.31
2026-08-31T08:55:00.000Z,SYNTH_CELL_B,231,-110.71
2026-08-31T08:55:00.000Z,SYNTH_CELL_B,232,-112.83
2026-08-31T08:55:00.000Z,SYNTH_CELL_B,233,-112.01
2026-08-31T08:55:00.000Z,SYNTH_CELL_B,234,-111.14
2026-08-31T08:55:00.000Z,SYNTH_CELL_B,235,-111.06
2026-08-31T08:55:00.000Z,SYNTH_CELL_B,236,-109.31
2026-08-31T08:55:00.000Z,SYNTH_CELL_B,237,-108.62
2026-08-31T08:55:00.000Z,SYNTH_CELL_B,238,-107.56
2026-08-31T08:55:00.000Z,SYNTH_CELL_B,239,-110.57
2026-08-31T08:55:00.000Z,SYNTH_CELL_B,240,-107.79
2026-08-31T08:55:00.000Z,SYNTH_CELL_B,241,-107.41
2026-08-31T08:55:00.000Z,SYNTH_CELL_B,242,-113
2026-08-31T08:55:00.000Z,SYNTH_CELL_B,243,-109.7
2026-08-31T08:55:00.000Z,SYNTH_CELL_B,244,-112.96
2026-08-31T08:55:00.000Z,SYNTH_CELL_B,245,-113.43
2026-08-31T08:55:00.000Z,SYNTH_CELL_B,246,-111.88
2026-08-31T08:55:00.000Z,SYNTH_CELL_B,247,-107.26
2026-08-31T08:55:00.000Z,SYNTH_CELL_B,248,-107.17
2026-08-31T08:55:00.000Z,SYNTH_CELL_B,249,-107.71
2026-08-31T08:55:00.000Z,SYNTH_CELL_B,250,-110.35
2026-08-31T08:55:00.000Z,SYNTH_CELL_B,251,-110.25
2026-08-31T08:55:00.000Z,SYNTH_CELL_B,252,-112.01
2026-08-31T08:55:00.000Z,SYNTH_CELL_B,253,-110.23
2026-08-31T08:55:00.000Z,SYNTH_CELL_B,254,-109.85
2026-08-31T08:55:00.000Z,SYNTH_CELL_B,255,-109.82
2026-08-31T08:55:00.000Z,SYNTH_CELL_B,256,-108.87
2026-08-31T08:55:00.000Z,SYNTH_CELL_B,257,-110.8
2026-08-31T08:55:00.000Z,SYNTH_CELL_B,258,-107.61
2026-08-31T08:55:00.000Z,SYNTH_CELL_B,259,-107.24
2026-08-31T08:55:00.000Z,SYNTH_CELL_B,260,-112.48
2026-08-31T08:55:00.000Z,SYNTH_CELL_B,261,-113.15
2026-08-31T08:55:00.000Z,SYNTH_CELL_B,262,-110.18
2026-08-31T08:55:00.000Z,SYNTH_CELL_B,263,-112.97
2026-08-31T08:55:00.000Z,SYNTH_CELL_B,264,-110.25
2026-08-31T08:55:00.000Z,SYNTH_CELL_B,265,-110.03
2026-08-31T08:55:00.000Z,SYNTH_CELL_B,266,-110.64
2026-08-31T08:55:00.000Z,SYNTH_CELL_B,267,-111.94
2026-08-31T08:55:00.000Z,SYNTH_CELL_B,268,-112.38
2026-08-31T08:55:00.000Z,SYNTH_CELL_B,269,-108.84
2026-08-31T08:55:00.000Z,SYNTH_CELL_B,270,-113.37
2026-08-31T08:55:00.000Z,SYNTH_CELL_B,271,-107.61
2026-08-31T08:55:00.000Z,SYNTH_CELL_B,272,-109.12
2026-08-31T09:00:00.000Z,SYNTH_CELL_B,0,-112.13
2026-08-31T09:00:00.000Z,SYNTH_CELL_B,1,-112.12
2026-08-31T09:00:00.000Z,SYNTH_CELL_B,2,-113.14
2026-08-31T09:00:00.000Z,SYNTH_CELL_B,3,-109.24
2026-08-31T09:00:00.000Z,SYNTH_CELL_B,4,-113.25
2026-08-31T09:00:00.000Z,SYNTH_CELL_B,5,-108.15
2026-08-31T09:00:00.000Z,SYNTH_CELL_B,6,-113.53
2026-08-31T09:00:00.000Z,SYNTH_CELL_B,7,-108.99
2026-08-31T09:00:00.000Z,SYNTH_CELL_B,8,-112.79
2026-08-31T09:00:00.000Z,SYNTH_CELL_B,9,-113.85
2026-08-31T09:00:00.000Z,SYNTH_CELL_B,10,-108.19
2026-08-31T09:00:00.000Z,SYNTH_CELL_B,11,-112.21
2026-08-31T09:00:00.000Z,SYNTH_CELL_B,12,-109.69
2026-08-31T09:00:00.000Z,SYNTH_CELL_B,13,-108.55
2026-08-31T09:00:00.000Z,SYNTH_CELL_B,14,-112.5
2026-08-31T09:00:00.000Z,SYNTH_CELL_B,15,-107.91
2026-08-31T09:00:00.000Z,SYNTH_CELL_B,16,-111.36
2026-08-31T09:00:00.000Z,SYNTH_CELL_B,17,-108.71
2026-08-31T09:00:00.000Z,SYNTH_CELL_B,18,-107.77
2026-08-31T09:00:00.000Z,SYNTH_CELL_B,19,-109.49
2026-08-31T09:00:00.000Z,SYNTH_CELL_B,20,-110.14
2026-08-31T09:00:00.000Z,SYNTH_CELL_B,21,-108.88
2026-08-31T09:00:00.000Z,SYNTH_CELL_B,22,-112.81
2026-08-31T09:00:00.000Z,SYNTH_CELL_B,23,-112.58
2026-08-31T09:00:00.000Z,SYNTH_CELL_B,24,-110.01
2026-08-31T09:00:00.000Z,SYNTH_CELL_B,25,-112.49
2026-08-31T09:00:00.000Z,SYNTH_CELL_B,26,-109.68
2026-08-31T09:00:00.000Z,SYNTH_CELL_B,27,-107.88
2026-08-31T09:00:00.000Z,SYNTH_CELL_B,28,-112.26
2026-08-31T09:00:00.000Z,SYNTH_CELL_B,29,-112.68
2026-08-31T09:00:00.000Z,SYNTH_CELL_B,30,-110.34
2026-08-31T09:00:00.000Z,SYNTH_CELL_B,31,-113.88
2026-08-31T09:00:00.000Z,SYNTH_CELL_B,32,-109.24
2026-08-31T09:00:00.000Z,SYNTH_CELL_B,33,-113.98
2026-08-31T09:00:00.000Z,SYNTH_CELL_B,34,-112.51
2026-08-31T09:00:00.000Z,SYNTH_CELL_B,35,-110.53
2026-08-31T09:00:00.000Z,SYNTH_CELL_B,36,-107.34
2026-08-31T09:00:00.000Z,SYNTH_CELL_B,37,-110.78
2026-08-31T09:00:00.000Z,SYNTH_CELL_B,38,-112.85
2026-08-31T09:00:00.000Z,SYNTH_CELL_B,39,-111.4
2026-08-31T09:00:00.000Z,SYNTH_CELL_B,40,-109.42
2026-08-31T09:00:00.000Z,SYNTH_CELL_B,41,-113.19
2026-08-31T09:00:00.000Z,SYNTH_CELL_B,42,-107.82
2026-08-31T09:00:00.000Z,SYNTH_CELL_B,43,-108.01
2026-08-31T09:00:00.000Z,SYNTH_CELL_B,44,-113.35
2026-08-31T09:00:00.000Z,SYNTH_CELL_B,45,-107.63
2026-08-31T09:00:00.000Z,SYNTH_CELL_B,46,-110.93
2026-08-31T09:00:00.000Z,SYNTH_CELL_B,47,-109.71
2026-08-31T09:00:00.000Z,SYNTH_CELL_B,48,-113.07
2026-08-31T09:00:00.000Z,SYNTH_CELL_B,49,-112.8
2026-08-31T09:00:00.000Z,SYNTH_CELL_B,50,-109.9
2026-08-31T09:00:00.000Z,SYNTH_CELL_B,51,-110.39
2026-08-31T09:00:00.000Z,SYNTH_CELL_B,52,-110.03
2026-08-31T09:00:00.000Z,SYNTH_CELL_B,53,-112.99
2026-08-31T09:00:00.000Z,SYNTH_CELL_B,54,-111.54
2026-08-31T09:00:00.000Z,SYNTH_CELL_B,55,-107.26
2026-08-31T09:00:00.000Z,SYNTH_CELL_B,56,-107.78
2026-08-31T09:00:00.000Z,SYNTH_CELL_B,57,-113.11
2026-08-31T09:00:00.000Z,SYNTH_CELL_B,58,-107.29
2026-08-31T09:00:00.000Z,SYNTH_CELL_B,59,-107.85
2026-08-31T09:00:00.000Z,SYNTH_CELL_B,60,-111.61
2026-08-31T09:00:00.000Z,SYNTH_CELL_B,61,-111.33
2026-08-31T09:00:00.000Z,SYNTH_CELL_B,62,-107.2
2026-08-31T09:00:00.000Z,SYNTH_CELL_B,63,-110.11
2026-08-31T09:00:00.000Z,SYNTH_CELL_B,64,-113.22
2026-08-31T09:00:00.000Z,SYNTH_CELL_B,65,-107.56
2026-08-31T09:00:00.000Z,SYNTH_CELL_B,66,-110.5
2026-08-31T09:00:00.000Z,SYNTH_CELL_B,67,-110.96
2026-08-31T09:00:00.000Z,SYNTH_CELL_B,68,-110.36
2026-08-31T09:00:00.000Z,SYNTH_CELL_B,69,-111.62
2026-08-31T09:00:00.000Z,SYNTH_CELL_B,70,-111.6
2026-08-31T09:00:00.000Z,SYNTH_CELL_B,71,-113.92
2026-08-31T09:00:00.000Z,SYNTH_CELL_B,72,-113.43
2026-08-31T09:00:00.000Z,SYNTH_CELL_B,73,-108.28
2026-08-31T09:00:00.000Z,SYNTH_CELL_B,74,-107.52
2026-08-31T09:00:00.000Z,SYNTH_CELL_B,75,-107.18
2026-08-31T09:00:00.000Z,SYNTH_CELL_B,76,-112.03
2026-08-31T09:00:00.000Z,SYNTH_CELL_B,77,-111.04
2026-08-31T09:00:00.000Z,SYNTH_CELL_B,78,-107.77
2026-08-31T09:00:00.000Z,SYNTH_CELL_B,79,-109.05
2026-08-31T09:00:00.000Z,SYNTH_CELL_B,80,-107.33
2026-08-31T09:00:00.000Z,SYNTH_CELL_B,81,-107.99
2026-08-31T09:00:00.000Z,SYNTH_CELL_B,82,-112.39
2026-08-31T09:00:00.000Z,SYNTH_CELL_B,83,-111.89
2026-08-31T09:00:00.000Z,SYNTH_CELL_B,84,-113.04
2026-08-31T09:00:00.000Z,SYNTH_CELL_B,85,-108.72
2026-08-31T09:00:00.000Z,SYNTH_CELL_B,86,-108.13
2026-08-31T09:00:00.000Z,SYNTH_CELL_B,87,-112.91
2026-08-31T09:00:00.000Z,SYNTH_CELL_B,88,-111.83
2026-08-31T09:00:00.000Z,SYNTH_CELL_B,89,-109.81
2026-08-31T09:00:00.000Z,SYNTH_CELL_B,90,-111.16
2026-08-31T09:00:00.000Z,SYNTH_CELL_B,91,-112.1
2026-08-31T09:00:00.000Z,SYNTH_CELL_B,92,-107.68
2026-08-31T09:00:00.000Z,SYNTH_CELL_B,93,-111.07
2026-08-31T09:00:00.000Z,SYNTH_CELL_B,94,-110.21
2026-08-31T09:00:00.000Z,SYNTH_CELL_B,95,-111.81
2026-08-31T09:00:00.000Z,SYNTH_CELL_B,96,-113.7
2026-08-31T09:00:00.000Z,SYNTH_CELL_B,97,-112.33
2026-08-31T09:00:00.000Z,SYNTH_CELL_B,98,-113.18
2026-08-31T09:00:00.000Z,SYNTH_CELL_B,99,-110.57
2026-08-31T09:00:00.000Z,SYNTH_CELL_B,100,-110.76
2026-08-31T09:00:00.000Z,SYNTH_CELL_B,101,-111.34
2026-08-31T09:00:00.000Z,SYNTH_CELL_B,102,-108.78
2026-08-31T09:00:00.000Z,SYNTH_CELL_B,103,-112.09
2026-08-31T09:00:00.000Z,SYNTH_CELL_B,104,-110.04
2026-08-31T09:00:00.000Z,SYNTH_CELL_B,105,-109.69
2026-08-31T09:00:00.000Z,SYNTH_CELL_B,106,-111.07
2026-08-31T09:00:00.000Z,SYNTH_CELL_B,107,-107.09
2026-08-31T09:00:00.000Z,SYNTH_CELL_B,108,-109.6
2026-08-31T09:00:00.000Z,SYNTH_CELL_B,109,-112.82
2026-08-31T09:00:00.000Z,SYNTH_CELL_B,110,-111.95
2026-08-31T09:00:00.000Z,SYNTH_CELL_B,111,-112.5
2026-08-31T09:00:00.000Z,SYNTH_CELL_B,112,-112.71
2026-08-31T09:00:00.000Z,SYNTH_CELL_B,113,-110.2
2026-08-31T09:00:00.000Z,SYNTH_CELL_B,114,-109.32
2026-08-31T09:00:00.000Z,SYNTH_CELL_B,115,-113.79
2026-08-31T09:00:00.000Z,SYNTH_CELL_B,116,-109.79
2026-08-31T09:00:00.000Z,SYNTH_CELL_B,117,-113.16
2026-08-31T09:00:00.000Z,SYNTH_CELL_B,118,-112.56
2026-08-31T09:00:00.000Z,SYNTH_CELL_B,119,-107.36
2026-08-31T09:00:00.000Z,SYNTH_CELL_B,120,-92.29
2026-08-31T09:00:00.000Z,SYNTH_CELL_B,121,-95.76
2026-08-31T09:00:00.000Z,SYNTH_CELL_B,122,-95.81
2026-08-31T09:00:00.000Z,SYNTH_CELL_B,123,-95.09
2026-08-31T09:00:00.000Z,SYNTH_CELL_B,124,-97.11
2026-08-31T09:00:00.000Z,SYNTH_CELL_B,125,-97.4
2026-08-31T09:00:00.000Z,SYNTH_CELL_B,126,-93.32
2026-08-31T09:00:00.000Z,SYNTH_CELL_B,127,-94.09
2026-08-31T09:00:00.000Z,SYNTH_CELL_B,128,-97.8
2026-08-31T09:00:00.000Z,SYNTH_CELL_B,129,-94.78
2026-08-31T09:00:00.000Z,SYNTH_CELL_B,130,-92.23
2026-08-31T09:00:00.000Z,SYNTH_CELL_B,131,-98.23
2026-08-31T09:00:00.000Z,SYNTH_CELL_B,132,-97.68
2026-08-31T09:00:00.000Z,SYNTH_CELL_B,133,-98.23
2026-08-31T09:00:00.000Z,SYNTH_CELL_B,134,-98.81
2026-08-31T09:00:00.000Z,SYNTH_CELL_B,135,-96.41
2026-08-31T09:00:00.000Z,SYNTH_CELL_B,136,-93.96
2026-08-31T09:00:00.000Z,SYNTH_CELL_B,137,-94.15
2026-08-31T09:00:00.000Z,SYNTH_CELL_B,138,-96.32
2026-08-31T09:00:00.000Z,SYNTH_CELL_B,139,-98.42
2026-08-31T09:00:00.000Z,SYNTH_CELL_B,140,-93.05
2026-08-31T09:00:00.000Z,SYNTH_CELL_B,141,-92.63
2026-08-31T09:00:00.000Z,SYNTH_CELL_B,142,-95.44
2026-08-31T09:00:00.000Z,SYNTH_CELL_B,143,-98.53
2026-08-31T09:00:00.000Z,SYNTH_CELL_B,144,-97.98
2026-08-31T09:00:00.000Z,SYNTH_CELL_B,145,-98.14
2026-08-31T09:00:00.000Z,SYNTH_CELL_B,146,-93.43
2026-08-31T09:00:00.000Z,SYNTH_CELL_B,147,-95.62
2026-08-31T09:00:00.000Z,SYNTH_CELL_B,148,-94.9
2026-08-31T09:00:00.000Z,SYNTH_CELL_B,149,-95.35
2026-08-31T09:00:00.000Z,SYNTH_CELL_B,150,-94.81
2026-08-31T09:00:00.000Z,SYNTH_CELL_B,151,-93.88
2026-08-31T09:00:00.000Z,SYNTH_CELL_B,152,-93.88
2026-08-31T09:00:00.000Z,SYNTH_CELL_B,153,-93.01
2026-08-31T09:00:00.000Z,SYNTH_CELL_B,154,-94.96
2026-08-31T09:00:00.000Z,SYNTH_CELL_B,155,-92.01
2026-08-31T09:00:00.000Z,SYNTH_CELL_B,156,-96.93
2026-08-31T09:00:00.000Z,SYNTH_CELL_B,157,-93.7
2026-08-31T09:00:00.000Z,SYNTH_CELL_B,158,-95.39
2026-08-31T09:00:00.000Z,SYNTH_CELL_B,159,-96.82
2026-08-31T09:00:00.000Z,SYNTH_CELL_B,160,-97.43
2026-08-31T09:00:00.000Z,SYNTH_CELL_B,161,-95.35
2026-08-31T09:00:00.000Z,SYNTH_CELL_B,162,-94.17
2026-08-31T09:00:00.000Z,SYNTH_CELL_B,163,-98.91
2026-08-31T09:00:00.000Z,SYNTH_CELL_B,164,-96.35
2026-08-31T09:00:00.000Z,SYNTH_CELL_B,165,-97.29
2026-08-31T09:00:00.000Z,SYNTH_CELL_B,166,-92.75
2026-08-31T09:00:00.000Z,SYNTH_CELL_B,167,-95.07
2026-08-31T09:00:00.000Z,SYNTH_CELL_B,168,-92.53
2026-08-31T09:00:00.000Z,SYNTH_CELL_B,169,-97.27
2026-08-31T09:00:00.000Z,SYNTH_CELL_B,170,-97.54
2026-08-31T09:00:00.000Z,SYNTH_CELL_B,171,-95.13
2026-08-31T09:00:00.000Z,SYNTH_CELL_B,172,-95.47
2026-08-31T09:00:00.000Z,SYNTH_CELL_B,173,-94
2026-08-31T09:00:00.000Z,SYNTH_CELL_B,174,-94.94
2026-08-31T09:00:00.000Z,SYNTH_CELL_B,175,-92.3
2026-08-31T09:00:00.000Z,SYNTH_CELL_B,176,-97.49
2026-08-31T09:00:00.000Z,SYNTH_CELL_B,177,-95.57
2026-08-31T09:00:00.000Z,SYNTH_CELL_B,178,-97.46
2026-08-31T09:00:00.000Z,SYNTH_CELL_B,179,-95.61
2026-08-31T09:00:00.000Z,SYNTH_CELL_B,180,-95.83
2026-08-31T09:00:00.000Z,SYNTH_CELL_B,181,-98.75
2026-08-31T09:00:00.000Z,SYNTH_CELL_B,182,-92.89
2026-08-31T09:00:00.000Z,SYNTH_CELL_B,183,-98.18
2026-08-31T09:00:00.000Z,SYNTH_CELL_B,184,-94.87
2026-08-31T09:00:00.000Z,SYNTH_CELL_B,185,-95.35
2026-08-31T09:00:00.000Z,SYNTH_CELL_B,186,-92.5
2026-08-31T09:00:00.000Z,SYNTH_CELL_B,187,-93.51
2026-08-31T09:00:00.000Z,SYNTH_CELL_B,188,-95.41
2026-08-31T09:00:00.000Z,SYNTH_CELL_B,189,-98.28
2026-08-31T09:00:00.000Z,SYNTH_CELL_B,190,-96.56
2026-08-31T09:00:00.000Z,SYNTH_CELL_B,191,-112.32
2026-08-31T09:00:00.000Z,SYNTH_CELL_B,192,-107.46
2026-08-31T09:00:00.000Z,SYNTH_CELL_B,193,-111.12
2026-08-31T09:00:00.000Z,SYNTH_CELL_B,194,-111.47
2026-08-31T09:00:00.000Z,SYNTH_CELL_B,195,-112.72
2026-08-31T09:00:00.000Z,SYNTH_CELL_B,196,-110.88
2026-08-31T09:00:00.000Z,SYNTH_CELL_B,197,-111.69
2026-08-31T09:00:00.000Z,SYNTH_CELL_B,198,-108.05
2026-08-31T09:00:00.000Z,SYNTH_CELL_B,199,-109
2026-08-31T09:00:00.000Z,SYNTH_CELL_B,200,-112.44
2026-08-31T09:00:00.000Z,SYNTH_CELL_B,201,-113
2026-08-31T09:00:00.000Z,SYNTH_CELL_B,202,-111.61
2026-08-31T09:00:00.000Z,SYNTH_CELL_B,203,-112.51
2026-08-31T09:00:00.000Z,SYNTH_CELL_B,204,-112.12
2026-08-31T09:00:00.000Z,SYNTH_CELL_B,205,-112.81
2026-08-31T09:00:00.000Z,SYNTH_CELL_B,206,-110.54
2026-08-31T09:00:00.000Z,SYNTH_CELL_B,207,-108.81
2026-08-31T09:00:00.000Z,SYNTH_CELL_B,208,-113.25
2026-08-31T09:00:00.000Z,SYNTH_CELL_B,209,-107.09
2026-08-31T09:00:00.000Z,SYNTH_CELL_B,210,-107.37
2026-08-31T09:00:00.000Z,SYNTH_CELL_B,211,-113.14
2026-08-31T09:00:00.000Z,SYNTH_CELL_B,212,-108.57
2026-08-31T09:00:00.000Z,SYNTH_CELL_B,213,-111.39
2026-08-31T09:00:00.000Z,SYNTH_CELL_B,214,-110.98
2026-08-31T09:00:00.000Z,SYNTH_CELL_B,215,-108.44
2026-08-31T09:00:00.000Z,SYNTH_CELL_B,216,-107.02
2026-08-31T09:00:00.000Z,SYNTH_CELL_B,217,-113.16
2026-08-31T09:00:00.000Z,SYNTH_CELL_B,218,-107.25
2026-08-31T09:00:00.000Z,SYNTH_CELL_B,219,-109.81
2026-08-31T09:00:00.000Z,SYNTH_CELL_B,220,-111.3
2026-08-31T09:00:00.000Z,SYNTH_CELL_B,221,-108.14
2026-08-31T09:00:00.000Z,SYNTH_CELL_B,222,-113.77
2026-08-31T09:00:00.000Z,SYNTH_CELL_B,223,-109.47
2026-08-31T09:00:00.000Z,SYNTH_CELL_B,224,-110.19
2026-08-31T09:00:00.000Z,SYNTH_CELL_B,225,-107.69
2026-08-31T09:00:00.000Z,SYNTH_CELL_B,226,-109.96
2026-08-31T09:00:00.000Z,SYNTH_CELL_B,227,-111.3
2026-08-31T09:00:00.000Z,SYNTH_CELL_B,228,-107.48
2026-08-31T09:00:00.000Z,SYNTH_CELL_B,229,-109.28
2026-08-31T09:00:00.000Z,SYNTH_CELL_B,230,-109.17
2026-08-31T09:00:00.000Z,SYNTH_CELL_B,231,-107.01
2026-08-31T09:00:00.000Z,SYNTH_CELL_B,232,-111.64
2026-08-31T09:00:00.000Z,SYNTH_CELL_B,233,-113.07
2026-08-31T09:00:00.000Z,SYNTH_CELL_B,234,-107.94
2026-08-31T09:00:00.000Z,SYNTH_CELL_B,235,-111.96
2026-08-31T09:00:00.000Z,SYNTH_CELL_B,236,-107.82
2026-08-31T09:00:00.000Z,SYNTH_CELL_B,237,-113.85
2026-08-31T09:00:00.000Z,SYNTH_CELL_B,238,-109.1
2026-08-31T09:00:00.000Z,SYNTH_CELL_B,239,-113.07
2026-08-31T09:00:00.000Z,SYNTH_CELL_B,240,-111.13
2026-08-31T09:00:00.000Z,SYNTH_CELL_B,241,-109.68
2026-08-31T09:00:00.000Z,SYNTH_CELL_B,242,-107.32
2026-08-31T09:00:00.000Z,SYNTH_CELL_B,243,-109.9
2026-08-31T09:00:00.000Z,SYNTH_CELL_B,244,-112.77
2026-08-31T09:00:00.000Z,SYNTH_CELL_B,245,-112.42
2026-08-31T09:00:00.000Z,SYNTH_CELL_B,246,-107.93
2026-08-31T09:00:00.000Z,SYNTH_CELL_B,247,-108.65
2026-08-31T09:00:00.000Z,SYNTH_CELL_B,248,-108.48
2026-08-31T09:00:00.000Z,SYNTH_CELL_B,249,-110.88
2026-08-31T09:00:00.000Z,SYNTH_CELL_B,250,-109.16
2026-08-31T09:00:00.000Z,SYNTH_CELL_B,251,-110.34
2026-08-31T09:00:00.000Z,SYNTH_CELL_B,252,-111.78
2026-08-31T09:00:00.000Z,SYNTH_CELL_B,253,-112.16
2026-08-31T09:00:00.000Z,SYNTH_CELL_B,254,-111.31
2026-08-31T09:00:00.000Z,SYNTH_CELL_B,255,-107.22
2026-08-31T09:00:00.000Z,SYNTH_CELL_B,256,-110.03
2026-08-31T09:00:00.000Z,SYNTH_CELL_B,257,-113.98
2026-08-31T09:00:00.000Z,SYNTH_CELL_B,258,-110.85
2026-08-31T09:00:00.000Z,SYNTH_CELL_B,259,-108.13
2026-08-31T09:00:00.000Z,SYNTH_CELL_B,260,-110.61
2026-08-31T09:00:00.000Z,SYNTH_CELL_B,261,-113.17
2026-08-31T09:00:00.000Z,SYNTH_CELL_B,262,-107.55
2026-08-31T09:00:00.000Z,SYNTH_CELL_B,263,-108.96
2026-08-31T09:00:00.000Z,SYNTH_CELL_B,264,-108.85
2026-08-31T09:00:00.000Z,SYNTH_CELL_B,265,-108.15
2026-08-31T09:00:00.000Z,SYNTH_CELL_B,266,-110.23
2026-08-31T09:00:00.000Z,SYNTH_CELL_B,267,-113.48
2026-08-31T09:00:00.000Z,SYNTH_CELL_B,268,-110.64
2026-08-31T09:00:00.000Z,SYNTH_CELL_B,269,-110.09
2026-08-31T09:00:00.000Z,SYNTH_CELL_B,270,-113.05
2026-08-31T09:00:00.000Z,SYNTH_CELL_B,271,-113.74
2026-08-31T09:00:00.000Z,SYNTH_CELL_B,272,-111.22
2026-08-31T09:05:00.000Z,SYNTH_CELL_B,0,-108.19
2026-08-31T09:05:00.000Z,SYNTH_CELL_B,1,-112.07
2026-08-31T09:05:00.000Z,SYNTH_CELL_B,2,-111.88
2026-08-31T09:05:00.000Z,SYNTH_CELL_B,3,-109.87
2026-08-31T09:05:00.000Z,SYNTH_CELL_B,4,-108.47
2026-08-31T09:05:00.000Z,SYNTH_CELL_B,5,-107.55
2026-08-31T09:05:00.000Z,SYNTH_CELL_B,6,-108.32
2026-08-31T09:05:00.000Z,SYNTH_CELL_B,7,-109.88
2026-08-31T09:05:00.000Z,SYNTH_CELL_B,8,-112.66
2026-08-31T09:05:00.000Z,SYNTH_CELL_B,9,-109.47
2026-08-31T09:05:00.000Z,SYNTH_CELL_B,10,-107.14
2026-08-31T09:05:00.000Z,SYNTH_CELL_B,11,-107.27
2026-08-31T09:05:00.000Z,SYNTH_CELL_B,12,-111.36
2026-08-31T09:05:00.000Z,SYNTH_CELL_B,13,-112.08
2026-08-31T09:05:00.000Z,SYNTH_CELL_B,14,-109.17
2026-08-31T09:05:00.000Z,SYNTH_CELL_B,15,-112.28
2026-08-31T09:05:00.000Z,SYNTH_CELL_B,16,-112.05
2026-08-31T09:05:00.000Z,SYNTH_CELL_B,17,-110.51
2026-08-31T09:05:00.000Z,SYNTH_CELL_B,18,-110.26
2026-08-31T09:05:00.000Z,SYNTH_CELL_B,19,-109.57
2026-08-31T09:05:00.000Z,SYNTH_CELL_B,20,-107.97
2026-08-31T09:05:00.000Z,SYNTH_CELL_B,21,-112.3
2026-08-31T09:05:00.000Z,SYNTH_CELL_B,22,-109.31
2026-08-31T09:05:00.000Z,SYNTH_CELL_B,23,-107.64
2026-08-31T09:05:00.000Z,SYNTH_CELL_B,24,-111.24
2026-08-31T09:05:00.000Z,SYNTH_CELL_B,25,-112.77
2026-08-31T09:05:00.000Z,SYNTH_CELL_B,26,-110.42
2026-08-31T09:05:00.000Z,SYNTH_CELL_B,27,-110.26
2026-08-31T09:05:00.000Z,SYNTH_CELL_B,28,-109.93
2026-08-31T09:05:00.000Z,SYNTH_CELL_B,29,-111.46
2026-08-31T09:05:00.000Z,SYNTH_CELL_B,30,-111.93
2026-08-31T09:05:00.000Z,SYNTH_CELL_B,31,-107.81
2026-08-31T09:05:00.000Z,SYNTH_CELL_B,32,-110.22
2026-08-31T09:05:00.000Z,SYNTH_CELL_B,33,-113.39
2026-08-31T09:05:00.000Z,SYNTH_CELL_B,34,-110.71
2026-08-31T09:05:00.000Z,SYNTH_CELL_B,35,-109.45
2026-08-31T09:05:00.000Z,SYNTH_CELL_B,36,-109.83
2026-08-31T09:05:00.000Z,SYNTH_CELL_B,37,-108.09
2026-08-31T09:05:00.000Z,SYNTH_CELL_B,38,-107.8
2026-08-31T09:05:00.000Z,SYNTH_CELL_B,39,-110.92
2026-08-31T09:05:00.000Z,SYNTH_CELL_B,40,-107.93
2026-08-31T09:05:00.000Z,SYNTH_CELL_B,41,-109.92
2026-08-31T09:05:00.000Z,SYNTH_CELL_B,42,-108.77
2026-08-31T09:05:00.000Z,SYNTH_CELL_B,43,-109.26
2026-08-31T09:05:00.000Z,SYNTH_CELL_B,44,-110.21
2026-08-31T09:05:00.000Z,SYNTH_CELL_B,45,-112.21
2026-08-31T09:05:00.000Z,SYNTH_CELL_B,46,-112.55
2026-08-31T09:05:00.000Z,SYNTH_CELL_B,47,-108.13
2026-08-31T09:05:00.000Z,SYNTH_CELL_B,48,-108.51
2026-08-31T09:05:00.000Z,SYNTH_CELL_B,49,-108.48
2026-08-31T09:05:00.000Z,SYNTH_CELL_B,50,-110.2
2026-08-31T09:05:00.000Z,SYNTH_CELL_B,51,-112.88
2026-08-31T09:05:00.000Z,SYNTH_CELL_B,52,-113.02
2026-08-31T09:05:00.000Z,SYNTH_CELL_B,53,-110.18
2026-08-31T09:05:00.000Z,SYNTH_CELL_B,54,-108.57
2026-08-31T09:05:00.000Z,SYNTH_CELL_B,55,-107.59
2026-08-31T09:05:00.000Z,SYNTH_CELL_B,56,-111.53
2026-08-31T09:05:00.000Z,SYNTH_CELL_B,57,-110.82
2026-08-31T09:05:00.000Z,SYNTH_CELL_B,58,-109.55
2026-08-31T09:05:00.000Z,SYNTH_CELL_B,59,-111.19
2026-08-31T09:05:00.000Z,SYNTH_CELL_B,60,-111.03
2026-08-31T09:05:00.000Z,SYNTH_CELL_B,61,-107.82
2026-08-31T09:05:00.000Z,SYNTH_CELL_B,62,-109.06
2026-08-31T09:05:00.000Z,SYNTH_CELL_B,63,-108.71
2026-08-31T09:05:00.000Z,SYNTH_CELL_B,64,-108.25
2026-08-31T09:05:00.000Z,SYNTH_CELL_B,65,-110.93
2026-08-31T09:05:00.000Z,SYNTH_CELL_B,66,-109.59
2026-08-31T09:05:00.000Z,SYNTH_CELL_B,67,-108.69
2026-08-31T09:05:00.000Z,SYNTH_CELL_B,68,-109.39
2026-08-31T09:05:00.000Z,SYNTH_CELL_B,69,-108.41
2026-08-31T09:05:00.000Z,SYNTH_CELL_B,70,-112.24
2026-08-31T09:05:00.000Z,SYNTH_CELL_B,71,-108.79
2026-08-31T09:05:00.000Z,SYNTH_CELL_B,72,-108.9
2026-08-31T09:05:00.000Z,SYNTH_CELL_B,73,-108.8
2026-08-31T09:05:00.000Z,SYNTH_CELL_B,74,-110.44
2026-08-31T09:05:00.000Z,SYNTH_CELL_B,75,-108.61
2026-08-31T09:05:00.000Z,SYNTH_CELL_B,76,-112.22
2026-08-31T09:05:00.000Z,SYNTH_CELL_B,77,-110.52
2026-08-31T09:05:00.000Z,SYNTH_CELL_B,78,-107.07
2026-08-31T09:05:00.000Z,SYNTH_CELL_B,79,-112.78
2026-08-31T09:05:00.000Z,SYNTH_CELL_B,80,-112.48
2026-08-31T09:05:00.000Z,SYNTH_CELL_B,81,-110.33
2026-08-31T09:05:00.000Z,SYNTH_CELL_B,82,-113.87
2026-08-31T09:05:00.000Z,SYNTH_CELL_B,83,-109.57
2026-08-31T09:05:00.000Z,SYNTH_CELL_B,84,-112.93
2026-08-31T09:05:00.000Z,SYNTH_CELL_B,85,-107.87
2026-08-31T09:05:00.000Z,SYNTH_CELL_B,86,-113.03
2026-08-31T09:05:00.000Z,SYNTH_CELL_B,87,-108.21
2026-08-31T09:05:00.000Z,SYNTH_CELL_B,88,-111.76
2026-08-31T09:05:00.000Z,SYNTH_CELL_B,89,-112.56
2026-08-31T09:05:00.000Z,SYNTH_CELL_B,90,-107.48
2026-08-31T09:05:00.000Z,SYNTH_CELL_B,91,-108.31
2026-08-31T09:05:00.000Z,SYNTH_CELL_B,92,-113.02
2026-08-31T09:05:00.000Z,SYNTH_CELL_B,93,-110.45
2026-08-31T09:05:00.000Z,SYNTH_CELL_B,94,-113.47
2026-08-31T09:05:00.000Z,SYNTH_CELL_B,95,-112.86
2026-08-31T09:05:00.000Z,SYNTH_CELL_B,96,-108.01
2026-08-31T09:05:00.000Z,SYNTH_CELL_B,97,-109.32
2026-08-31T09:05:00.000Z,SYNTH_CELL_B,98,-109.87
2026-08-31T09:05:00.000Z,SYNTH_CELL_B,99,-107.54
2026-08-31T09:05:00.000Z,SYNTH_CELL_B,100,-111.43
2026-08-31T09:05:00.000Z,SYNTH_CELL_B,101,-108.05
2026-08-31T09:05:00.000Z,SYNTH_CELL_B,102,-112.31
2026-08-31T09:05:00.000Z,SYNTH_CELL_B,103,-111.01
2026-08-31T09:05:00.000Z,SYNTH_CELL_B,104,-112.63
2026-08-31T09:05:00.000Z,SYNTH_CELL_B,105,-108.93
2026-08-31T09:05:00.000Z,SYNTH_CELL_B,106,-113.35
2026-08-31T09:05:00.000Z,SYNTH_CELL_B,107,-107.28
2026-08-31T09:05:00.000Z,SYNTH_CELL_B,108,-109.68
2026-08-31T09:05:00.000Z,SYNTH_CELL_B,109,-110.04
2026-08-31T09:05:00.000Z,SYNTH_CELL_B,110,-112.57
2026-08-31T09:05:00.000Z,SYNTH_CELL_B,111,-112.18
2026-08-31T09:05:00.000Z,SYNTH_CELL_B,112,-107.32
2026-08-31T09:05:00.000Z,SYNTH_CELL_B,113,-112.98
2026-08-31T09:05:00.000Z,SYNTH_CELL_B,114,-110.24
2026-08-31T09:05:00.000Z,SYNTH_CELL_B,115,-108.34
2026-08-31T09:05:00.000Z,SYNTH_CELL_B,116,-113.38
2026-08-31T09:05:00.000Z,SYNTH_CELL_B,117,-111.06
2026-08-31T09:05:00.000Z,SYNTH_CELL_B,118,-113.34
2026-08-31T09:05:00.000Z,SYNTH_CELL_B,119,-107.92
2026-08-31T09:05:00.000Z,SYNTH_CELL_B,120,-97.16
2026-08-31T09:05:00.000Z,SYNTH_CELL_B,121,-92.83
2026-08-31T09:05:00.000Z,SYNTH_CELL_B,122,-96.24
2026-08-31T09:05:00.000Z,SYNTH_CELL_B,123,-97.85
2026-08-31T09:05:00.000Z,SYNTH_CELL_B,124,-97.3
2026-08-31T09:05:00.000Z,SYNTH_CELL_B,125,-95.2
2026-08-31T09:05:00.000Z,SYNTH_CELL_B,126,-96.46
2026-08-31T09:05:00.000Z,SYNTH_CELL_B,127,-98.18
2026-08-31T09:05:00.000Z,SYNTH_CELL_B,128,-92.24
2026-08-31T09:05:00.000Z,SYNTH_CELL_B,129,-96.14
2026-08-31T09:05:00.000Z,SYNTH_CELL_B,130,-93.71
2026-08-31T09:05:00.000Z,SYNTH_CELL_B,131,-95.33
2026-08-31T09:05:00.000Z,SYNTH_CELL_B,132,-93.58
2026-08-31T09:05:00.000Z,SYNTH_CELL_B,133,-96.79
2026-08-31T09:05:00.000Z,SYNTH_CELL_B,134,-97.34
2026-08-31T09:05:00.000Z,SYNTH_CELL_B,135,-95.21
2026-08-31T09:05:00.000Z,SYNTH_CELL_B,136,-96.43
2026-08-31T09:05:00.000Z,SYNTH_CELL_B,137,-98.77
2026-08-31T09:05:00.000Z,SYNTH_CELL_B,138,-97.32
2026-08-31T09:05:00.000Z,SYNTH_CELL_B,139,-93.01
2026-08-31T09:05:00.000Z,SYNTH_CELL_B,140,-94.73
2026-08-31T09:05:00.000Z,SYNTH_CELL_B,141,-95.72
2026-08-31T09:05:00.000Z,SYNTH_CELL_B,142,-93.67
2026-08-31T09:05:00.000Z,SYNTH_CELL_B,143,-92.79
2026-08-31T09:05:00.000Z,SYNTH_CELL_B,144,-96.6
2026-08-31T09:05:00.000Z,SYNTH_CELL_B,145,-93.14
2026-08-31T09:05:00.000Z,SYNTH_CELL_B,146,-97.47
2026-08-31T09:05:00.000Z,SYNTH_CELL_B,147,-92.68
2026-08-31T09:05:00.000Z,SYNTH_CELL_B,148,-96.78
2026-08-31T09:05:00.000Z,SYNTH_CELL_B,149,-94.29
2026-08-31T09:05:00.000Z,SYNTH_CELL_B,150,-95.51
2026-08-31T09:05:00.000Z,SYNTH_CELL_B,151,-92.87
2026-08-31T09:05:00.000Z,SYNTH_CELL_B,152,-96.12
2026-08-31T09:05:00.000Z,SYNTH_CELL_B,153,-95.38
2026-08-31T09:05:00.000Z,SYNTH_CELL_B,154,-96.41
2026-08-31T09:05:00.000Z,SYNTH_CELL_B,155,-92.06
2026-08-31T09:05:00.000Z,SYNTH_CELL_B,156,-97.32
2026-08-31T09:05:00.000Z,SYNTH_CELL_B,157,-97.6
2026-08-31T09:05:00.000Z,SYNTH_CELL_B,158,-96.71
2026-08-31T09:05:00.000Z,SYNTH_CELL_B,159,-94.45
2026-08-31T09:05:00.000Z,SYNTH_CELL_B,160,-96.99
2026-08-31T09:05:00.000Z,SYNTH_CELL_B,161,-95.15
2026-08-31T09:05:00.000Z,SYNTH_CELL_B,162,-98.77
2026-08-31T09:05:00.000Z,SYNTH_CELL_B,163,-92.82
2026-08-31T09:05:00.000Z,SYNTH_CELL_B,164,-94.34
2026-08-31T09:05:00.000Z,SYNTH_CELL_B,165,-95.66
2026-08-31T09:05:00.000Z,SYNTH_CELL_B,166,-96.12
2026-08-31T09:05:00.000Z,SYNTH_CELL_B,167,-98.55
2026-08-31T09:05:00.000Z,SYNTH_CELL_B,168,-94.98
2026-08-31T09:05:00.000Z,SYNTH_CELL_B,169,-96.79
2026-08-31T09:05:00.000Z,SYNTH_CELL_B,170,-95.52
2026-08-31T09:05:00.000Z,SYNTH_CELL_B,171,-92.87
2026-08-31T09:05:00.000Z,SYNTH_CELL_B,172,-95.18
2026-08-31T09:05:00.000Z,SYNTH_CELL_B,173,-96.36
2026-08-31T09:05:00.000Z,SYNTH_CELL_B,174,-98.37
2026-08-31T09:05:00.000Z,SYNTH_CELL_B,175,-95.91
2026-08-31T09:05:00.000Z,SYNTH_CELL_B,176,-95.38
2026-08-31T09:05:00.000Z,SYNTH_CELL_B,177,-94.31
2026-08-31T09:05:00.000Z,SYNTH_CELL_B,178,-97.3
2026-08-31T09:05:00.000Z,SYNTH_CELL_B,179,-94.67
2026-08-31T09:05:00.000Z,SYNTH_CELL_B,180,-93.76
2026-08-31T09:05:00.000Z,SYNTH_CELL_B,181,-93.66
2026-08-31T09:05:00.000Z,SYNTH_CELL_B,182,-94.67
2026-08-31T09:05:00.000Z,SYNTH_CELL_B,183,-95.9
2026-08-31T09:05:00.000Z,SYNTH_CELL_B,184,-94.79
2026-08-31T09:05:00.000Z,SYNTH_CELL_B,185,-93.37
2026-08-31T09:05:00.000Z,SYNTH_CELL_B,186,-94.26
2026-08-31T09:05:00.000Z,SYNTH_CELL_B,187,-93.96
2026-08-31T09:05:00.000Z,SYNTH_CELL_B,188,-98.03
2026-08-31T09:05:00.000Z,SYNTH_CELL_B,189,-94.04
2026-08-31T09:05:00.000Z,SYNTH_CELL_B,190,-94.21
2026-08-31T09:05:00.000Z,SYNTH_CELL_B,191,-108.21
2026-08-31T09:05:00.000Z,SYNTH_CELL_B,192,-110.33
2026-08-31T09:05:00.000Z,SYNTH_CELL_B,193,-109.98
2026-08-31T09:05:00.000Z,SYNTH_CELL_B,194,-110.6
2026-08-31T09:05:00.000Z,SYNTH_CELL_B,195,-108.66
2026-08-31T09:05:00.000Z,SYNTH_CELL_B,196,-112.99
2026-08-31T09:05:00.000Z,SYNTH_CELL_B,197,-111.21
2026-08-31T09:05:00.000Z,SYNTH_CELL_B,198,-107.36
2026-08-31T09:05:00.000Z,SYNTH_CELL_B,199,-110.22
2026-08-31T09:05:00.000Z,SYNTH_CELL_B,200,-111.46
2026-08-31T09:05:00.000Z,SYNTH_CELL_B,201,-112.85
2026-08-31T09:05:00.000Z,SYNTH_CELL_B,202,-113.92
2026-08-31T09:05:00.000Z,SYNTH_CELL_B,203,-113.91
2026-08-31T09:05:00.000Z,SYNTH_CELL_B,204,-108.21
2026-08-31T09:05:00.000Z,SYNTH_CELL_B,205,-110.96
2026-08-31T09:05:00.000Z,SYNTH_CELL_B,206,-112.52
2026-08-31T09:05:00.000Z,SYNTH_CELL_B,207,-112.32
2026-08-31T09:05:00.000Z,SYNTH_CELL_B,208,-112.68
2026-08-31T09:05:00.000Z,SYNTH_CELL_B,209,-110.29
2026-08-31T09:05:00.000Z,SYNTH_CELL_B,210,-110
2026-08-31T09:05:00.000Z,SYNTH_CELL_B,211,-110.23
2026-08-31T09:05:00.000Z,SYNTH_CELL_B,212,-113.16
2026-08-31T09:05:00.000Z,SYNTH_CELL_B,213,-110.74
2026-08-31T09:05:00.000Z,SYNTH_CELL_B,214,-109.02
2026-08-31T09:05:00.000Z,SYNTH_CELL_B,215,-111.76
2026-08-31T09:05:00.000Z,SYNTH_CELL_B,216,-110.52
2026-08-31T09:05:00.000Z,SYNTH_CELL_B,217,-108.76
2026-08-31T09:05:00.000Z,SYNTH_CELL_B,218,-113.53
2026-08-31T09:05:00.000Z,SYNTH_CELL_B,219,-107.79
2026-08-31T09:05:00.000Z,SYNTH_CELL_B,220,-109.77
2026-08-31T09:05:00.000Z,SYNTH_CELL_B,221,-112.64
2026-08-31T09:05:00.000Z,SYNTH_CELL_B,222,-113.71
2026-08-31T09:05:00.000Z,SYNTH_CELL_B,223,-111.86
2026-08-31T09:05:00.000Z,SYNTH_CELL_B,224,-112.53
2026-08-31T09:05:00.000Z,SYNTH_CELL_B,225,-107.77
2026-08-31T09:05:00.000Z,SYNTH_CELL_B,226,-107.13
2026-08-31T09:05:00.000Z,SYNTH_CELL_B,227,-110.48
2026-08-31T09:05:00.000Z,SYNTH_CELL_B,228,-111.17
2026-08-31T09:05:00.000Z,SYNTH_CELL_B,229,-110.77
2026-08-31T09:05:00.000Z,SYNTH_CELL_B,230,-108.21
2026-08-31T09:05:00.000Z,SYNTH_CELL_B,231,-109
2026-08-31T09:05:00.000Z,SYNTH_CELL_B,232,-113.8
2026-08-31T09:05:00.000Z,SYNTH_CELL_B,233,-108.86
2026-08-31T09:05:00.000Z,SYNTH_CELL_B,234,-111.8
2026-08-31T09:05:00.000Z,SYNTH_CELL_B,235,-111.13
2026-08-31T09:05:00.000Z,SYNTH_CELL_B,236,-109.64
2026-08-31T09:05:00.000Z,SYNTH_CELL_B,237,-107.34
2026-08-31T09:05:00.000Z,SYNTH_CELL_B,238,-109.68
2026-08-31T09:05:00.000Z,SYNTH_CELL_B,239,-108.33
2026-08-31T09:05:00.000Z,SYNTH_CELL_B,240,-108.75
2026-08-31T09:05:00.000Z,SYNTH_CELL_B,241,-109.75
2026-08-31T09:05:00.000Z,SYNTH_CELL_B,242,-111.64
2026-08-31T09:05:00.000Z,SYNTH_CELL_B,243,-113.46
2026-08-31T09:05:00.000Z,SYNTH_CELL_B,244,-109.73
2026-08-31T09:05:00.000Z,SYNTH_CELL_B,245,-113.88
2026-08-31T09:05:00.000Z,SYNTH_CELL_B,246,-108.77
2026-08-31T09:05:00.000Z,SYNTH_CELL_B,247,-112.16
2026-08-31T09:05:00.000Z,SYNTH_CELL_B,248,-107.65
2026-08-31T09:05:00.000Z,SYNTH_CELL_B,249,-109.38
2026-08-31T09:05:00.000Z,SYNTH_CELL_B,250,-112.34
2026-08-31T09:05:00.000Z,SYNTH_CELL_B,251,-113.52
2026-08-31T09:05:00.000Z,SYNTH_CELL_B,252,-107.89
2026-08-31T09:05:00.000Z,SYNTH_CELL_B,253,-111.47
2026-08-31T09:05:00.000Z,SYNTH_CELL_B,254,-107.52
2026-08-31T09:05:00.000Z,SYNTH_CELL_B,255,-110.85
2026-08-31T09:05:00.000Z,SYNTH_CELL_B,256,-110.85
2026-08-31T09:05:00.000Z,SYNTH_CELL_B,257,-111.76
2026-08-31T09:05:00.000Z,SYNTH_CELL_B,258,-111.13
2026-08-31T09:05:00.000Z,SYNTH_CELL_B,259,-113.47
2026-08-31T09:05:00.000Z,SYNTH_CELL_B,260,-109.66
2026-08-31T09:05:00.000Z,SYNTH_CELL_B,261,-107.01
2026-08-31T09:05:00.000Z,SYNTH_CELL_B,262,-109.24
2026-08-31T09:05:00.000Z,SYNTH_CELL_B,263,-109.61
2026-08-31T09:05:00.000Z,SYNTH_CELL_B,264,-107.71
2026-08-31T09:05:00.000Z,SYNTH_CELL_B,265,-108.19
2026-08-31T09:05:00.000Z,SYNTH_CELL_B,266,-112.6
2026-08-31T09:05:00.000Z,SYNTH_CELL_B,267,-107.62
2026-08-31T09:05:00.000Z,SYNTH_CELL_B,268,-113.81
2026-08-31T09:05:00.000Z,SYNTH_CELL_B,269,-109.03
2026-08-31T09:05:00.000Z,SYNTH_CELL_B,270,-112.39
2026-08-31T09:05:00.000Z,SYNTH_CELL_B,271,-108.96
2026-08-31T09:05:00.000Z,SYNTH_CELL_B,272,-107.41
2026-08-31T09:10:00.000Z,SYNTH_CELL_B,0,-112.4
2026-08-31T09:10:00.000Z,SYNTH_CELL_B,1,-113
2026-08-31T09:10:00.000Z,SYNTH_CELL_B,2,-107.58
2026-08-31T09:10:00.000Z,SYNTH_CELL_B,3,-108.48
2026-08-31T09:10:00.000Z,SYNTH_CELL_B,4,-110.91
2026-08-31T09:10:00.000Z,SYNTH_CELL_B,5,-108.44
2026-08-31T09:10:00.000Z,SYNTH_CELL_B,6,-107.05
2026-08-31T09:10:00.000Z,SYNTH_CELL_B,7,-108.29
2026-08-31T09:10:00.000Z,SYNTH_CELL_B,8,-113.67
2026-08-31T09:10:00.000Z,SYNTH_CELL_B,9,-112.15
2026-08-31T09:10:00.000Z,SYNTH_CELL_B,10,-111.97
2026-08-31T09:10:00.000Z,SYNTH_CELL_B,11,-111.39
2026-08-31T09:10:00.000Z,SYNTH_CELL_B,12,-110.15
2026-08-31T09:10:00.000Z,SYNTH_CELL_B,13,-112.17
2026-08-31T09:10:00.000Z,SYNTH_CELL_B,14,-108.75
2026-08-31T09:10:00.000Z,SYNTH_CELL_B,15,-107.14
2026-08-31T09:10:00.000Z,SYNTH_CELL_B,16,-107.99
2026-08-31T09:10:00.000Z,SYNTH_CELL_B,17,-110.19
2026-08-31T09:10:00.000Z,SYNTH_CELL_B,18,-107.88
2026-08-31T09:10:00.000Z,SYNTH_CELL_B,19,-107.36
2026-08-31T09:10:00.000Z,SYNTH_CELL_B,20,-108.38
2026-08-31T09:10:00.000Z,SYNTH_CELL_B,21,-112.71
2026-08-31T09:10:00.000Z,SYNTH_CELL_B,22,-109.38
2026-08-31T09:10:00.000Z,SYNTH_CELL_B,23,-112.44
2026-08-31T09:10:00.000Z,SYNTH_CELL_B,24,-110.57
2026-08-31T09:10:00.000Z,SYNTH_CELL_B,25,-113.98
2026-08-31T09:10:00.000Z,SYNTH_CELL_B,26,-111.32
2026-08-31T09:10:00.000Z,SYNTH_CELL_B,27,-111.26
2026-08-31T09:10:00.000Z,SYNTH_CELL_B,28,-110.34
2026-08-31T09:10:00.000Z,SYNTH_CELL_B,29,-113.01
2026-08-31T09:10:00.000Z,SYNTH_CELL_B,30,-112.34
2026-08-31T09:10:00.000Z,SYNTH_CELL_B,31,-108.18
2026-08-31T09:10:00.000Z,SYNTH_CELL_B,32,-113.59
2026-08-31T09:10:00.000Z,SYNTH_CELL_B,33,-108.45
2026-08-31T09:10:00.000Z,SYNTH_CELL_B,34,-108.32
2026-08-31T09:10:00.000Z,SYNTH_CELL_B,35,-113.79
2026-08-31T09:10:00.000Z,SYNTH_CELL_B,36,-109.17
2026-08-31T09:10:00.000Z,SYNTH_CELL_B,37,-113.16
2026-08-31T09:10:00.000Z,SYNTH_CELL_B,38,-111.45
2026-08-31T09:10:00.000Z,SYNTH_CELL_B,39,-113.18
2026-08-31T09:10:00.000Z,SYNTH_CELL_B,40,-113.36
2026-08-31T09:10:00.000Z,SYNTH_CELL_B,41,-111
2026-08-31T09:10:00.000Z,SYNTH_CELL_B,42,-108.18
2026-08-31T09:10:00.000Z,SYNTH_CELL_B,43,-109.16
2026-08-31T09:10:00.000Z,SYNTH_CELL_B,44,-111.36
2026-08-31T09:10:00.000Z,SYNTH_CELL_B,45,-109.46
2026-08-31T09:10:00.000Z,SYNTH_CELL_B,46,-110.56
2026-08-31T09:10:00.000Z,SYNTH_CELL_B,47,-107.02
2026-08-31T09:10:00.000Z,SYNTH_CELL_B,48,-113.66
2026-08-31T09:10:00.000Z,SYNTH_CELL_B,49,-112.24
2026-08-31T09:10:00.000Z,SYNTH_CELL_B,50,-112.69
2026-08-31T09:10:00.000Z,SYNTH_CELL_B,51,-109.91
2026-08-31T09:10:00.000Z,SYNTH_CELL_B,52,-110.79
2026-08-31T09:10:00.000Z,SYNTH_CELL_B,53,-109.25
2026-08-31T09:10:00.000Z,SYNTH_CELL_B,54,-107.06
2026-08-31T09:10:00.000Z,SYNTH_CELL_B,55,-110.1
2026-08-31T09:10:00.000Z,SYNTH_CELL_B,56,-109.48
2026-08-31T09:10:00.000Z,SYNTH_CELL_B,57,-110.98
2026-08-31T09:10:00.000Z,SYNTH_CELL_B,58,-112.71
2026-08-31T09:10:00.000Z,SYNTH_CELL_B,59,-110.3
2026-08-31T09:10:00.000Z,SYNTH_CELL_B,60,-111.02
2026-08-31T09:10:00.000Z,SYNTH_CELL_B,61,-107.44
2026-08-31T09:10:00.000Z,SYNTH_CELL_B,62,-111.06
2026-08-31T09:10:00.000Z,SYNTH_CELL_B,63,-110.94
2026-08-31T09:10:00.000Z,SYNTH_CELL_B,64,-109.83
2026-08-31T09:10:00.000Z,SYNTH_CELL_B,65,-111.61
2026-08-31T09:10:00.000Z,SYNTH_CELL_B,66,-107.46
2026-08-31T09:10:00.000Z,SYNTH_CELL_B,67,-111.6
2026-08-31T09:10:00.000Z,SYNTH_CELL_B,68,-113.22
2026-08-31T09:10:00.000Z,SYNTH_CELL_B,69,-111.5
2026-08-31T09:10:00.000Z,SYNTH_CELL_B,70,-109.41
2026-08-31T09:10:00.000Z,SYNTH_CELL_B,71,-111.38
2026-08-31T09:10:00.000Z,SYNTH_CELL_B,72,-113.34
2026-08-31T09:10:00.000Z,SYNTH_CELL_B,73,-111.76
2026-08-31T09:10:00.000Z,SYNTH_CELL_B,74,-113.42
2026-08-31T09:10:00.000Z,SYNTH_CELL_B,75,-107.58
2026-08-31T09:10:00.000Z,SYNTH_CELL_B,76,-110.17
2026-08-31T09:10:00.000Z,SYNTH_CELL_B,77,-110.04
2026-08-31T09:10:00.000Z,SYNTH_CELL_B,78,-108.44
2026-08-31T09:10:00.000Z,SYNTH_CELL_B,79,-112.45
2026-08-31T09:10:00.000Z,SYNTH_CELL_B,80,-109.56
2026-08-31T09:10:00.000Z,SYNTH_CELL_B,81,-112
2026-08-31T09:10:00.000Z,SYNTH_CELL_B,82,-110.67
2026-08-31T09:10:00.000Z,SYNTH_CELL_B,83,-110.4
2026-08-31T09:10:00.000Z,SYNTH_CELL_B,84,-111.05
2026-08-31T09:10:00.000Z,SYNTH_CELL_B,85,-107.52
2026-08-31T09:10:00.000Z,SYNTH_CELL_B,86,-111.56
2026-08-31T09:10:00.000Z,SYNTH_CELL_B,87,-108.87
2026-08-31T09:10:00.000Z,SYNTH_CELL_B,88,-107.2
2026-08-31T09:10:00.000Z,SYNTH_CELL_B,89,-112.07
2026-08-31T09:10:00.000Z,SYNTH_CELL_B,90,-107.64
2026-08-31T09:10:00.000Z,SYNTH_CELL_B,91,-107.2
2026-08-31T09:10:00.000Z,SYNTH_CELL_B,92,-109.01
2026-08-31T09:10:00.000Z,SYNTH_CELL_B,93,-112
2026-08-31T09:10:00.000Z,SYNTH_CELL_B,94,-107.63
2026-08-31T09:10:00.000Z,SYNTH_CELL_B,95,-109.11
2026-08-31T09:10:00.000Z,SYNTH_CELL_B,96,-113.89
2026-08-31T09:10:00.000Z,SYNTH_CELL_B,97,-109.1
2026-08-31T09:10:00.000Z,SYNTH_CELL_B,98,-110.29
2026-08-31T09:10:00.000Z,SYNTH_CELL_B,99,-108.42
2026-08-31T09:10:00.000Z,SYNTH_CELL_B,100,-107.43
2026-08-31T09:10:00.000Z,SYNTH_CELL_B,101,-110.35
2026-08-31T09:10:00.000Z,SYNTH_CELL_B,102,-109.22
2026-08-31T09:10:00.000Z,SYNTH_CELL_B,103,-110.72
2026-08-31T09:10:00.000Z,SYNTH_CELL_B,104,-113.15
2026-08-31T09:10:00.000Z,SYNTH_CELL_B,105,-111.66
2026-08-31T09:10:00.000Z,SYNTH_CELL_B,106,-110.59
2026-08-31T09:10:00.000Z,SYNTH_CELL_B,107,-107.16
2026-08-31T09:10:00.000Z,SYNTH_CELL_B,108,-108.27
2026-08-31T09:10:00.000Z,SYNTH_CELL_B,109,-110.65
2026-08-31T09:10:00.000Z,SYNTH_CELL_B,110,-107.78
2026-08-31T09:10:00.000Z,SYNTH_CELL_B,111,-112.39
2026-08-31T09:10:00.000Z,SYNTH_CELL_B,112,-113.18
2026-08-31T09:10:00.000Z,SYNTH_CELL_B,113,-113.83
2026-08-31T09:10:00.000Z,SYNTH_CELL_B,114,-110.66
2026-08-31T09:10:00.000Z,SYNTH_CELL_B,115,-112.92
2026-08-31T09:10:00.000Z,SYNTH_CELL_B,116,-111.33
2026-08-31T09:10:00.000Z,SYNTH_CELL_B,117,-110.29
2026-08-31T09:10:00.000Z,SYNTH_CELL_B,118,-110.02
2026-08-31T09:10:00.000Z,SYNTH_CELL_B,119,-108.44
2026-08-31T09:10:00.000Z,SYNTH_CELL_B,120,-92.17
2026-08-31T09:10:00.000Z,SYNTH_CELL_B,121,-95.76
2026-08-31T09:10:00.000Z,SYNTH_CELL_B,122,-94.76
2026-08-31T09:10:00.000Z,SYNTH_CELL_B,123,-98.63
2026-08-31T09:10:00.000Z,SYNTH_CELL_B,124,-96.34
2026-08-31T09:10:00.000Z,SYNTH_CELL_B,125,-97.36
2026-08-31T09:10:00.000Z,SYNTH_CELL_B,126,-98.99
2026-08-31T09:10:00.000Z,SYNTH_CELL_B,127,-92.15
2026-08-31T09:10:00.000Z,SYNTH_CELL_B,128,-93.49
2026-08-31T09:10:00.000Z,SYNTH_CELL_B,129,-94
2026-08-31T09:10:00.000Z,SYNTH_CELL_B,130,-95.33
2026-08-31T09:10:00.000Z,SYNTH_CELL_B,131,-95.63
2026-08-31T09:10:00.000Z,SYNTH_CELL_B,132,-96.9
2026-08-31T09:10:00.000Z,SYNTH_CELL_B,133,-98.29
2026-08-31T09:10:00.000Z,SYNTH_CELL_B,134,-96.59
2026-08-31T09:10:00.000Z,SYNTH_CELL_B,135,-96.65
2026-08-31T09:10:00.000Z,SYNTH_CELL_B,136,-92.93
2026-08-31T09:10:00.000Z,SYNTH_CELL_B,137,-98.66
2026-08-31T09:10:00.000Z,SYNTH_CELL_B,138,-92.77
2026-08-31T09:10:00.000Z,SYNTH_CELL_B,139,-96.42
2026-08-31T09:10:00.000Z,SYNTH_CELL_B,140,-98.38
2026-08-31T09:10:00.000Z,SYNTH_CELL_B,141,-93
2026-08-31T09:10:00.000Z,SYNTH_CELL_B,142,-94.58
2026-08-31T09:10:00.000Z,SYNTH_CELL_B,143,-94.41
2026-08-31T09:10:00.000Z,SYNTH_CELL_B,144,-98.85
2026-08-31T09:10:00.000Z,SYNTH_CELL_B,145,-94.44
2026-08-31T09:10:00.000Z,SYNTH_CELL_B,146,-92.34
2026-08-31T09:10:00.000Z,SYNTH_CELL_B,147,-94.71
2026-08-31T09:10:00.000Z,SYNTH_CELL_B,148,-97.97
2026-08-31T09:10:00.000Z,SYNTH_CELL_B,149,-96.55
2026-08-31T09:10:00.000Z,SYNTH_CELL_B,150,-97.34
2026-08-31T09:10:00.000Z,SYNTH_CELL_B,151,-93.17
2026-08-31T09:10:00.000Z,SYNTH_CELL_B,152,-94.7
2026-08-31T09:10:00.000Z,SYNTH_CELL_B,153,-96.66
2026-08-31T09:10:00.000Z,SYNTH_CELL_B,154,-96.79
2026-08-31T09:10:00.000Z,SYNTH_CELL_B,155,-95.22
2026-08-31T09:10:00.000Z,SYNTH_CELL_B,156,-92.69
2026-08-31T09:10:00.000Z,SYNTH_CELL_B,157,-94.36
2026-08-31T09:10:00.000Z,SYNTH_CELL_B,158,-96.48
2026-08-31T09:10:00.000Z,SYNTH_CELL_B,159,-95.2
2026-08-31T09:10:00.000Z,SYNTH_CELL_B,160,-98.98
2026-08-31T09:10:00.000Z,SYNTH_CELL_B,161,-93.85
2026-08-31T09:10:00.000Z,SYNTH_CELL_B,162,-96.26
2026-08-31T09:10:00.000Z,SYNTH_CELL_B,163,-94.91
2026-08-31T09:10:00.000Z,SYNTH_CELL_B,164,-97.22
2026-08-31T09:10:00.000Z,SYNTH_CELL_B,165,-96.93
2026-08-31T09:10:00.000Z,SYNTH_CELL_B,166,-95.91
2026-08-31T09:10:00.000Z,SYNTH_CELL_B,167,-92.13
2026-08-31T09:10:00.000Z,SYNTH_CELL_B,168,-92.93
2026-08-31T09:10:00.000Z,SYNTH_CELL_B,169,-94.07
2026-08-31T09:10:00.000Z,SYNTH_CELL_B,170,-95.61
2026-08-31T09:10:00.000Z,SYNTH_CELL_B,171,-95.46
2026-08-31T09:10:00.000Z,SYNTH_CELL_B,172,-97.18
2026-08-31T09:10:00.000Z,SYNTH_CELL_B,173,-96.13
2026-08-31T09:10:00.000Z,SYNTH_CELL_B,174,-97.82
2026-08-31T09:10:00.000Z,SYNTH_CELL_B,175,-95.93
2026-08-31T09:10:00.000Z,SYNTH_CELL_B,176,-97.56
2026-08-31T09:10:00.000Z,SYNTH_CELL_B,177,-94.92
2026-08-31T09:10:00.000Z,SYNTH_CELL_B,178,-96.23
2026-08-31T09:10:00.000Z,SYNTH_CELL_B,179,-93.52
2026-08-31T09:10:00.000Z,SYNTH_CELL_B,180,-93.11
2026-08-31T09:10:00.000Z,SYNTH_CELL_B,181,-92.77
2026-08-31T09:10:00.000Z,SYNTH_CELL_B,182,-93.72
2026-08-31T09:10:00.000Z,SYNTH_CELL_B,183,-94.73
2026-08-31T09:10:00.000Z,SYNTH_CELL_B,184,-95.32
2026-08-31T09:10:00.000Z,SYNTH_CELL_B,185,-95.93
2026-08-31T09:10:00.000Z,SYNTH_CELL_B,186,-93.44
2026-08-31T09:10:00.000Z,SYNTH_CELL_B,187,-94.92
2026-08-31T09:10:00.000Z,SYNTH_CELL_B,188,-95.31
2026-08-31T09:10:00.000Z,SYNTH_CELL_B,189,-92.87
2026-08-31T09:10:00.000Z,SYNTH_CELL_B,190,-98.18
2026-08-31T09:10:00.000Z,SYNTH_CELL_B,191,-109.3
2026-08-31T09:10:00.000Z,SYNTH_CELL_B,192,-110.56
2026-08-31T09:10:00.000Z,SYNTH_CELL_B,193,-108.83
2026-08-31T09:10:00.000Z,SYNTH_CELL_B,194,-112.48
2026-08-31T09:10:00.000Z,SYNTH_CELL_B,195,-113.03
2026-08-31T09:10:00.000Z,SYNTH_CELL_B,196,-109.56
2026-08-31T09:10:00.000Z,SYNTH_CELL_B,197,-113.33
2026-08-31T09:10:00.000Z,SYNTH_CELL_B,198,-107.11
2026-08-31T09:10:00.000Z,SYNTH_CELL_B,199,-107.93
2026-08-31T09:10:00.000Z,SYNTH_CELL_B,200,-110.12
2026-08-31T09:10:00.000Z,SYNTH_CELL_B,201,-109.87
2026-08-31T09:10:00.000Z,SYNTH_CELL_B,202,-108.27
2026-08-31T09:10:00.000Z,SYNTH_CELL_B,203,-113.03
2026-08-31T09:10:00.000Z,SYNTH_CELL_B,204,-109.87
2026-08-31T09:10:00.000Z,SYNTH_CELL_B,205,-107.2
2026-08-31T09:10:00.000Z,SYNTH_CELL_B,206,-112.73
2026-08-31T09:10:00.000Z,SYNTH_CELL_B,207,-107.25
2026-08-31T09:10:00.000Z,SYNTH_CELL_B,208,-110.05
2026-08-31T09:10:00.000Z,SYNTH_CELL_B,209,-112.18
2026-08-31T09:10:00.000Z,SYNTH_CELL_B,210,-110.31
2026-08-31T09:10:00.000Z,SYNTH_CELL_B,211,-113.3
2026-08-31T09:10:00.000Z,SYNTH_CELL_B,212,-108.11
2026-08-31T09:10:00.000Z,SYNTH_CELL_B,213,-109.4
2026-08-31T09:10:00.000Z,SYNTH_CELL_B,214,-111.04
2026-08-31T09:10:00.000Z,SYNTH_CELL_B,215,-107.84
2026-08-31T09:10:00.000Z,SYNTH_CELL_B,216,-110.49
2026-08-31T09:10:00.000Z,SYNTH_CELL_B,217,-111.69
2026-08-31T09:10:00.000Z,SYNTH_CELL_B,218,-108.62
2026-08-31T09:10:00.000Z,SYNTH_CELL_B,219,-113.88
2026-08-31T09:10:00.000Z,SYNTH_CELL_B,220,-110.17
2026-08-31T09:10:00.000Z,SYNTH_CELL_B,221,-112.25
2026-08-31T09:10:00.000Z,SYNTH_CELL_B,222,-107.44
2026-08-31T09:10:00.000Z,SYNTH_CELL_B,223,-110.61
2026-08-31T09:10:00.000Z,SYNTH_CELL_B,224,-107.25
2026-08-31T09:10:00.000Z,SYNTH_CELL_B,225,-112.78
2026-08-31T09:10:00.000Z,SYNTH_CELL_B,226,-108.93
2026-08-31T09:10:00.000Z,SYNTH_CELL_B,227,-109.51
2026-08-31T09:10:00.000Z,SYNTH_CELL_B,228,-110.41
2026-08-31T09:10:00.000Z,SYNTH_CELL_B,229,-107.42
2026-08-31T09:10:00.000Z,SYNTH_CELL_B,230,-107.29
2026-08-31T09:10:00.000Z,SYNTH_CELL_B,231,-108.86
2026-08-31T09:10:00.000Z,SYNTH_CELL_B,232,-113.08
2026-08-31T09:10:00.000Z,SYNTH_CELL_B,233,-112.67
2026-08-31T09:10:00.000Z,SYNTH_CELL_B,234,-109.41
2026-08-31T09:10:00.000Z,SYNTH_CELL_B,235,-107.93
2026-08-31T09:10:00.000Z,SYNTH_CELL_B,236,-108.34
2026-08-31T09:10:00.000Z,SYNTH_CELL_B,237,-109.56
2026-08-31T09:10:00.000Z,SYNTH_CELL_B,238,-109.8
2026-08-31T09:10:00.000Z,SYNTH_CELL_B,239,-109.93
2026-08-31T09:10:00.000Z,SYNTH_CELL_B,240,-108.05
2026-08-31T09:10:00.000Z,SYNTH_CELL_B,241,-107.28
2026-08-31T09:10:00.000Z,SYNTH_CELL_B,242,-112.22
2026-08-31T09:10:00.000Z,SYNTH_CELL_B,243,-113.15
2026-08-31T09:10:00.000Z,SYNTH_CELL_B,244,-111.02
2026-08-31T09:10:00.000Z,SYNTH_CELL_B,245,-110.68
2026-08-31T09:10:00.000Z,SYNTH_CELL_B,246,-107.44
2026-08-31T09:10:00.000Z,SYNTH_CELL_B,247,-110.78
2026-08-31T09:10:00.000Z,SYNTH_CELL_B,248,-111.61
2026-08-31T09:10:00.000Z,SYNTH_CELL_B,249,-110.3
2026-08-31T09:10:00.000Z,SYNTH_CELL_B,250,-112.72
2026-08-31T09:10:00.000Z,SYNTH_CELL_B,251,-112.99
2026-08-31T09:10:00.000Z,SYNTH_CELL_B,252,-107.06
2026-08-31T09:10:00.000Z,SYNTH_CELL_B,253,-108.49
2026-08-31T09:10:00.000Z,SYNTH_CELL_B,254,-112.13
2026-08-31T09:10:00.000Z,SYNTH_CELL_B,255,-107.13
2026-08-31T09:10:00.000Z,SYNTH_CELL_B,256,-110.84
2026-08-31T09:10:00.000Z,SYNTH_CELL_B,257,-111.66
2026-08-31T09:10:00.000Z,SYNTH_CELL_B,258,-107.86
2026-08-31T09:10:00.000Z,SYNTH_CELL_B,259,-109.92
2026-08-31T09:10:00.000Z,SYNTH_CELL_B,260,-108.94
2026-08-31T09:10:00.000Z,SYNTH_CELL_B,261,-109.4
2026-08-31T09:10:00.000Z,SYNTH_CELL_B,262,-107.47
2026-08-31T09:10:00.000Z,SYNTH_CELL_B,263,-108.74
2026-08-31T09:10:00.000Z,SYNTH_CELL_B,264,-112.98
2026-08-31T09:10:00.000Z,SYNTH_CELL_B,265,-111.06
2026-08-31T09:10:00.000Z,SYNTH_CELL_B,266,-109.82
2026-08-31T09:10:00.000Z,SYNTH_CELL_B,267,-109.35
2026-08-31T09:10:00.000Z,SYNTH_CELL_B,268,-113.86
2026-08-31T09:10:00.000Z,SYNTH_CELL_B,269,-113.68
2026-08-31T09:10:00.000Z,SYNTH_CELL_B,270,-110.31
2026-08-31T09:10:00.000Z,SYNTH_CELL_B,271,-108.37
2026-08-31T09:10:00.000Z,SYNTH_CELL_B,272,-110.55
2026-08-31T09:15:00.000Z,SYNTH_CELL_B,0,-109.91
2026-08-31T09:15:00.000Z,SYNTH_CELL_B,1,-108.75
2026-08-31T09:15:00.000Z,SYNTH_CELL_B,2,-113.47
2026-08-31T09:15:00.000Z,SYNTH_CELL_B,3,-112.79
2026-08-31T09:15:00.000Z,SYNTH_CELL_B,4,-112.87
2026-08-31T09:15:00.000Z,SYNTH_CELL_B,5,-111.46
2026-08-31T09:15:00.000Z,SYNTH_CELL_B,6,-109.12
2026-08-31T09:15:00.000Z,SYNTH_CELL_B,7,-111.77
2026-08-31T09:15:00.000Z,SYNTH_CELL_B,8,-108.34
2026-08-31T09:15:00.000Z,SYNTH_CELL_B,9,-108.34
2026-08-31T09:15:00.000Z,SYNTH_CELL_B,10,-108.28
2026-08-31T09:15:00.000Z,SYNTH_CELL_B,11,-110.93
2026-08-31T09:15:00.000Z,SYNTH_CELL_B,12,-112.77
2026-08-31T09:15:00.000Z,SYNTH_CELL_B,13,-109.04
2026-08-31T09:15:00.000Z,SYNTH_CELL_B,14,-111.07
2026-08-31T09:15:00.000Z,SYNTH_CELL_B,15,-113.6
2026-08-31T09:15:00.000Z,SYNTH_CELL_B,16,-113.11
2026-08-31T09:15:00.000Z,SYNTH_CELL_B,17,-107.77
2026-08-31T09:15:00.000Z,SYNTH_CELL_B,18,-107.68
2026-08-31T09:15:00.000Z,SYNTH_CELL_B,19,-109.77
2026-08-31T09:15:00.000Z,SYNTH_CELL_B,20,-111.52
2026-08-31T09:15:00.000Z,SYNTH_CELL_B,21,-109.92
2026-08-31T09:15:00.000Z,SYNTH_CELL_B,22,-113.27
2026-08-31T09:15:00.000Z,SYNTH_CELL_B,23,-112.66
2026-08-31T09:15:00.000Z,SYNTH_CELL_B,24,-108.37
2026-08-31T09:15:00.000Z,SYNTH_CELL_B,25,-108.71
2026-08-31T09:15:00.000Z,SYNTH_CELL_B,26,-112.86
2026-08-31T09:15:00.000Z,SYNTH_CELL_B,27,-110.34
2026-08-31T09:15:00.000Z,SYNTH_CELL_B,28,-107.07
2026-08-31T09:15:00.000Z,SYNTH_CELL_B,29,-109.71
2026-08-31T09:15:00.000Z,SYNTH_CELL_B,30,-112.26
2026-08-31T09:15:00.000Z,SYNTH_CELL_B,31,-107.29
2026-08-31T09:15:00.000Z,SYNTH_CELL_B,32,-113.11
2026-08-31T09:15:00.000Z,SYNTH_CELL_B,33,-112.36
2026-08-31T09:15:00.000Z,SYNTH_CELL_B,34,-113.19
2026-08-31T09:15:00.000Z,SYNTH_CELL_B,35,-108.66
2026-08-31T09:15:00.000Z,SYNTH_CELL_B,36,-113.32
2026-08-31T09:15:00.000Z,SYNTH_CELL_B,37,-111.02
2026-08-31T09:15:00.000Z,SYNTH_CELL_B,38,-110.82
2026-08-31T09:15:00.000Z,SYNTH_CELL_B,39,-110.12
2026-08-31T09:15:00.000Z,SYNTH_CELL_B,40,-112.79
2026-08-31T09:15:00.000Z,SYNTH_CELL_B,41,-108.32
2026-08-31T09:15:00.000Z,SYNTH_CELL_B,42,-107.2
2026-08-31T09:15:00.000Z,SYNTH_CELL_B,43,-113.54
2026-08-31T09:15:00.000Z,SYNTH_CELL_B,44,-111.01
2026-08-31T09:15:00.000Z,SYNTH_CELL_B,45,-112.18
2026-08-31T09:15:00.000Z,SYNTH_CELL_B,46,-113.21
2026-08-31T09:15:00.000Z,SYNTH_CELL_B,47,-112.13
2026-08-31T09:15:00.000Z,SYNTH_CELL_B,48,-108.78
2026-08-31T09:15:00.000Z,SYNTH_CELL_B,49,-108.79
2026-08-31T09:15:00.000Z,SYNTH_CELL_B,50,-111.66
2026-08-31T09:15:00.000Z,SYNTH_CELL_B,51,-107.15
2026-08-31T09:15:00.000Z,SYNTH_CELL_B,52,-111.66
2026-08-31T09:15:00.000Z,SYNTH_CELL_B,53,-108.87
2026-08-31T09:15:00.000Z,SYNTH_CELL_B,54,-108.36
2026-08-31T09:15:00.000Z,SYNTH_CELL_B,55,-113.44
2026-08-31T09:15:00.000Z,SYNTH_CELL_B,56,-109.95
2026-08-31T09:15:00.000Z,SYNTH_CELL_B,57,-112.25
2026-08-31T09:15:00.000Z,SYNTH_CELL_B,58,-111.12
2026-08-31T09:15:00.000Z,SYNTH_CELL_B,59,-110.83
2026-08-31T09:15:00.000Z,SYNTH_CELL_B,60,-112.89
2026-08-31T09:15:00.000Z,SYNTH_CELL_B,61,-108.89
2026-08-31T09:15:00.000Z,SYNTH_CELL_B,62,-107.48
2026-08-31T09:15:00.000Z,SYNTH_CELL_B,63,-108.54
2026-08-31T09:15:00.000Z,SYNTH_CELL_B,64,-112.21
2026-08-31T09:15:00.000Z,SYNTH_CELL_B,65,-108.36
2026-08-31T09:15:00.000Z,SYNTH_CELL_B,66,-112.34
2026-08-31T09:15:00.000Z,SYNTH_CELL_B,67,-111.49
2026-08-31T09:15:00.000Z,SYNTH_CELL_B,68,-109.01
2026-08-31T09:15:00.000Z,SYNTH_CELL_B,69,-112.75
2026-08-31T09:15:00.000Z,SYNTH_CELL_B,70,-111.22
2026-08-31T09:15:00.000Z,SYNTH_CELL_B,71,-113.6
2026-08-31T09:15:00.000Z,SYNTH_CELL_B,72,-113.79
2026-08-31T09:15:00.000Z,SYNTH_CELL_B,73,-109.17
2026-08-31T09:15:00.000Z,SYNTH_CELL_B,74,-110.41
2026-08-31T09:15:00.000Z,SYNTH_CELL_B,75,-110.16
2026-08-31T09:15:00.000Z,SYNTH_CELL_B,76,-113.77
2026-08-31T09:15:00.000Z,SYNTH_CELL_B,77,-108.74
2026-08-31T09:15:00.000Z,SYNTH_CELL_B,78,-112.67
2026-08-31T09:15:00.000Z,SYNTH_CELL_B,79,-107.32
2026-08-31T09:15:00.000Z,SYNTH_CELL_B,80,-113.27
2026-08-31T09:15:00.000Z,SYNTH_CELL_B,81,-112.32
2026-08-31T09:15:00.000Z,SYNTH_CELL_B,82,-110.4
2026-08-31T09:15:00.000Z,SYNTH_CELL_B,83,-113.84
2026-08-31T09:15:00.000Z,SYNTH_CELL_B,84,-107.91
2026-08-31T09:15:00.000Z,SYNTH_CELL_B,85,-107.21
2026-08-31T09:15:00.000Z,SYNTH_CELL_B,86,-111.14
2026-08-31T09:15:00.000Z,SYNTH_CELL_B,87,-107.53
2026-08-31T09:15:00.000Z,SYNTH_CELL_B,88,-112.45
2026-08-31T09:15:00.000Z,SYNTH_CELL_B,89,-108.08
2026-08-31T09:15:00.000Z,SYNTH_CELL_B,90,-111.86
2026-08-31T09:15:00.000Z,SYNTH_CELL_B,91,-108.62
2026-08-31T09:15:00.000Z,SYNTH_CELL_B,92,-109.74
2026-08-31T09:15:00.000Z,SYNTH_CELL_B,93,-108.67
2026-08-31T09:15:00.000Z,SYNTH_CELL_B,94,-113.65
2026-08-31T09:15:00.000Z,SYNTH_CELL_B,95,-107.63
2026-08-31T09:15:00.000Z,SYNTH_CELL_B,96,-110.24
2026-08-31T09:15:00.000Z,SYNTH_CELL_B,97,-111.83
2026-08-31T09:15:00.000Z,SYNTH_CELL_B,98,-107.19
2026-08-31T09:15:00.000Z,SYNTH_CELL_B,99,-113.5
2026-08-31T09:15:00.000Z,SYNTH_CELL_B,100,-112.4
2026-08-31T09:15:00.000Z,SYNTH_CELL_B,101,-111.62
2026-08-31T09:15:00.000Z,SYNTH_CELL_B,102,-113.07
2026-08-31T09:15:00.000Z,SYNTH_CELL_B,103,-111.71
2026-08-31T09:15:00.000Z,SYNTH_CELL_B,104,-111.04
2026-08-31T09:15:00.000Z,SYNTH_CELL_B,105,-111.48
2026-08-31T09:15:00.000Z,SYNTH_CELL_B,106,-109.14
2026-08-31T09:15:00.000Z,SYNTH_CELL_B,107,-107.45
2026-08-31T09:15:00.000Z,SYNTH_CELL_B,108,-111.64
2026-08-31T09:15:00.000Z,SYNTH_CELL_B,109,-108.44
2026-08-31T09:15:00.000Z,SYNTH_CELL_B,110,-110.77
2026-08-31T09:15:00.000Z,SYNTH_CELL_B,111,-113.99
2026-08-31T09:15:00.000Z,SYNTH_CELL_B,112,-108.37
2026-08-31T09:15:00.000Z,SYNTH_CELL_B,113,-113.71
2026-08-31T09:15:00.000Z,SYNTH_CELL_B,114,-109.58
2026-08-31T09:15:00.000Z,SYNTH_CELL_B,115,-107.54
2026-08-31T09:15:00.000Z,SYNTH_CELL_B,116,-109.58
2026-08-31T09:15:00.000Z,SYNTH_CELL_B,117,-111.94
2026-08-31T09:15:00.000Z,SYNTH_CELL_B,118,-108.47
2026-08-31T09:15:00.000Z,SYNTH_CELL_B,119,-110.06
2026-08-31T09:15:00.000Z,SYNTH_CELL_B,120,-112.12
2026-08-31T09:15:00.000Z,SYNTH_CELL_B,121,-113.76
2026-08-31T09:15:00.000Z,SYNTH_CELL_B,122,-112.15
2026-08-31T09:15:00.000Z,SYNTH_CELL_B,123,-113.67
2026-08-31T09:15:00.000Z,SYNTH_CELL_B,124,-107.94
2026-08-31T09:15:00.000Z,SYNTH_CELL_B,125,-113.17
2026-08-31T09:15:00.000Z,SYNTH_CELL_B,126,-107.63
2026-08-31T09:15:00.000Z,SYNTH_CELL_B,127,-113.3
2026-08-31T09:15:00.000Z,SYNTH_CELL_B,128,-108.24
2026-08-31T09:15:00.000Z,SYNTH_CELL_B,129,-111.7
2026-08-31T09:15:00.000Z,SYNTH_CELL_B,130,-110.78
2026-08-31T09:15:00.000Z,SYNTH_CELL_B,131,-108.48
2026-08-31T09:15:00.000Z,SYNTH_CELL_B,132,-107.32
2026-08-31T09:15:00.000Z,SYNTH_CELL_B,133,-112.05
2026-08-31T09:15:00.000Z,SYNTH_CELL_B,134,-110.21
2026-08-31T09:15:00.000Z,SYNTH_CELL_B,135,-110.05
2026-08-31T09:15:00.000Z,SYNTH_CELL_B,136,-111.14
2026-08-31T09:15:00.000Z,SYNTH_CELL_B,137,-110.14
2026-08-31T09:15:00.000Z,SYNTH_CELL_B,138,-110.36
2026-08-31T09:15:00.000Z,SYNTH_CELL_B,139,-110.91
2026-08-31T09:15:00.000Z,SYNTH_CELL_B,140,-110.75
2026-08-31T09:15:00.000Z,SYNTH_CELL_B,141,-107.71
2026-08-31T09:15:00.000Z,SYNTH_CELL_B,142,-111.98
2026-08-31T09:15:00.000Z,SYNTH_CELL_B,143,-112.59
2026-08-31T09:15:00.000Z,SYNTH_CELL_B,144,-111.55
2026-08-31T09:15:00.000Z,SYNTH_CELL_B,145,-111.21
2026-08-31T09:15:00.000Z,SYNTH_CELL_B,146,-112.92
2026-08-31T09:15:00.000Z,SYNTH_CELL_B,147,-110.79
2026-08-31T09:15:00.000Z,SYNTH_CELL_B,148,-112.42
2026-08-31T09:15:00.000Z,SYNTH_CELL_B,149,-111.15
2026-08-31T09:15:00.000Z,SYNTH_CELL_B,150,-107.33
2026-08-31T09:15:00.000Z,SYNTH_CELL_B,151,-110.73
2026-08-31T09:15:00.000Z,SYNTH_CELL_B,152,-110.7
2026-08-31T09:15:00.000Z,SYNTH_CELL_B,153,-112.73
2026-08-31T09:15:00.000Z,SYNTH_CELL_B,154,-110.29
2026-08-31T09:15:00.000Z,SYNTH_CELL_B,155,-110.27
2026-08-31T09:15:00.000Z,SYNTH_CELL_B,156,-111.28
2026-08-31T09:15:00.000Z,SYNTH_CELL_B,157,-113.65
2026-08-31T09:15:00.000Z,SYNTH_CELL_B,158,-109.07
2026-08-31T09:15:00.000Z,SYNTH_CELL_B,159,-107.66
2026-08-31T09:15:00.000Z,SYNTH_CELL_B,160,-110.85
2026-08-31T09:15:00.000Z,SYNTH_CELL_B,161,-113.95
2026-08-31T09:15:00.000Z,SYNTH_CELL_B,162,-108.22
2026-08-31T09:15:00.000Z,SYNTH_CELL_B,163,-113.55
2026-08-31T09:15:00.000Z,SYNTH_CELL_B,164,-112.66
2026-08-31T09:15:00.000Z,SYNTH_CELL_B,165,-109.39
2026-08-31T09:15:00.000Z,SYNTH_CELL_B,166,-113.9
2026-08-31T09:15:00.000Z,SYNTH_CELL_B,167,-111.99
2026-08-31T09:15:00.000Z,SYNTH_CELL_B,168,-108.25
2026-08-31T09:15:00.000Z,SYNTH_CELL_B,169,-111.17
2026-08-31T09:15:00.000Z,SYNTH_CELL_B,170,-112.81
2026-08-31T09:15:00.000Z,SYNTH_CELL_B,171,-110.88
2026-08-31T09:15:00.000Z,SYNTH_CELL_B,172,-109.58
2026-08-31T09:15:00.000Z,SYNTH_CELL_B,173,-108.15
2026-08-31T09:15:00.000Z,SYNTH_CELL_B,174,-108.49
2026-08-31T09:15:00.000Z,SYNTH_CELL_B,175,-107.1
2026-08-31T09:15:00.000Z,SYNTH_CELL_B,176,-112.36
2026-08-31T09:15:00.000Z,SYNTH_CELL_B,177,-112.04
2026-08-31T09:15:00.000Z,SYNTH_CELL_B,178,-109.68
2026-08-31T09:15:00.000Z,SYNTH_CELL_B,179,-113.7
2026-08-31T09:15:00.000Z,SYNTH_CELL_B,180,-109.43
2026-08-31T09:15:00.000Z,SYNTH_CELL_B,181,-110.51
2026-08-31T09:15:00.000Z,SYNTH_CELL_B,182,-112.69
2026-08-31T09:15:00.000Z,SYNTH_CELL_B,183,-109
2026-08-31T09:15:00.000Z,SYNTH_CELL_B,184,-112.19
2026-08-31T09:15:00.000Z,SYNTH_CELL_B,185,-110.27
2026-08-31T09:15:00.000Z,SYNTH_CELL_B,186,-112.85
2026-08-31T09:15:00.000Z,SYNTH_CELL_B,187,-110.54
2026-08-31T09:15:00.000Z,SYNTH_CELL_B,188,-110.15
2026-08-31T09:15:00.000Z,SYNTH_CELL_B,189,-108.82
2026-08-31T09:15:00.000Z,SYNTH_CELL_B,190,-110.44
2026-08-31T09:15:00.000Z,SYNTH_CELL_B,191,-107.58
2026-08-31T09:15:00.000Z,SYNTH_CELL_B,192,-109.2
2026-08-31T09:15:00.000Z,SYNTH_CELL_B,193,-113.58
2026-08-31T09:15:00.000Z,SYNTH_CELL_B,194,-111.23
2026-08-31T09:15:00.000Z,SYNTH_CELL_B,195,-110.7
2026-08-31T09:15:00.000Z,SYNTH_CELL_B,196,-108.76
2026-08-31T09:15:00.000Z,SYNTH_CELL_B,197,-109.84
2026-08-31T09:15:00.000Z,SYNTH_CELL_B,198,-108.49
2026-08-31T09:15:00.000Z,SYNTH_CELL_B,199,-107.9
2026-08-31T09:15:00.000Z,SYNTH_CELL_B,200,-109.66
2026-08-31T09:15:00.000Z,SYNTH_CELL_B,201,-109.81
2026-08-31T09:15:00.000Z,SYNTH_CELL_B,202,-109.95
2026-08-31T09:15:00.000Z,SYNTH_CELL_B,203,-108.54
2026-08-31T09:15:00.000Z,SYNTH_CELL_B,204,-111.44
2026-08-31T09:15:00.000Z,SYNTH_CELL_B,205,-107.22
2026-08-31T09:15:00.000Z,SYNTH_CELL_B,206,-112.5
2026-08-31T09:15:00.000Z,SYNTH_CELL_B,207,-113.25
2026-08-31T09:15:00.000Z,SYNTH_CELL_B,208,-113.7
2026-08-31T09:15:00.000Z,SYNTH_CELL_B,209,-111.41
2026-08-31T09:15:00.000Z,SYNTH_CELL_B,210,-109.62
2026-08-31T09:15:00.000Z,SYNTH_CELL_B,211,-107.02
2026-08-31T09:15:00.000Z,SYNTH_CELL_B,212,-108.76
2026-08-31T09:15:00.000Z,SYNTH_CELL_B,213,-113.07
2026-08-31T09:15:00.000Z,SYNTH_CELL_B,214,-111.34
2026-08-31T09:15:00.000Z,SYNTH_CELL_B,215,-109.38
2026-08-31T09:15:00.000Z,SYNTH_CELL_B,216,-108.22
2026-08-31T09:15:00.000Z,SYNTH_CELL_B,217,-113.7
2026-08-31T09:15:00.000Z,SYNTH_CELL_B,218,-107.75
2026-08-31T09:15:00.000Z,SYNTH_CELL_B,219,-112.86
2026-08-31T09:15:00.000Z,SYNTH_CELL_B,220,-113.69
2026-08-31T09:15:00.000Z,SYNTH_CELL_B,221,-112.79
2026-08-31T09:15:00.000Z,SYNTH_CELL_B,222,-110.11
2026-08-31T09:15:00.000Z,SYNTH_CELL_B,223,-111.64
2026-08-31T09:15:00.000Z,SYNTH_CELL_B,224,-109.44
2026-08-31T09:15:00.000Z,SYNTH_CELL_B,225,-107.7
2026-08-31T09:15:00.000Z,SYNTH_CELL_B,226,-109.39
2026-08-31T09:15:00.000Z,SYNTH_CELL_B,227,-107.43
2026-08-31T09:15:00.000Z,SYNTH_CELL_B,228,-113.11
2026-08-31T09:15:00.000Z,SYNTH_CELL_B,229,-112.33
2026-08-31T09:15:00.000Z,SYNTH_CELL_B,230,-107.26
2026-08-31T09:15:00.000Z,SYNTH_CELL_B,231,-112.77
2026-08-31T09:15:00.000Z,SYNTH_CELL_B,232,-110.23
2026-08-31T09:15:00.000Z,SYNTH_CELL_B,233,-109.78
2026-08-31T09:15:00.000Z,SYNTH_CELL_B,234,-108.41
2026-08-31T09:15:00.000Z,SYNTH_CELL_B,235,-108.73
2026-08-31T09:15:00.000Z,SYNTH_CELL_B,236,-111.5
2026-08-31T09:15:00.000Z,SYNTH_CELL_B,237,-112.99
2026-08-31T09:15:00.000Z,SYNTH_CELL_B,238,-109.92
2026-08-31T09:15:00.000Z,SYNTH_CELL_B,239,-110.45
2026-08-31T09:15:00.000Z,SYNTH_CELL_B,240,-109.37
2026-08-31T09:15:00.000Z,SYNTH_CELL_B,241,-108.97
2026-08-31T09:15:00.000Z,SYNTH_CELL_B,242,-109.33
2026-08-31T09:15:00.000Z,SYNTH_CELL_B,243,-108.78
2026-08-31T09:15:00.000Z,SYNTH_CELL_B,244,-109.79
2026-08-31T09:15:00.000Z,SYNTH_CELL_B,245,-109.74
2026-08-31T09:15:00.000Z,SYNTH_CELL_B,246,-110.99
2026-08-31T09:15:00.000Z,SYNTH_CELL_B,247,-111.53
2026-08-31T09:15:00.000Z,SYNTH_CELL_B,248,-113.3
2026-08-31T09:15:00.000Z,SYNTH_CELL_B,249,-113.77
2026-08-31T09:15:00.000Z,SYNTH_CELL_B,250,-110.13
2026-08-31T09:15:00.000Z,SYNTH_CELL_B,251,-109
2026-08-31T09:15:00.000Z,SYNTH_CELL_B,252,-109.01
2026-08-31T09:15:00.000Z,SYNTH_CELL_B,253,-110.57
2026-08-31T09:15:00.000Z,SYNTH_CELL_B,254,-110.72
2026-08-31T09:15:00.000Z,SYNTH_CELL_B,255,-110.52
2026-08-31T09:15:00.000Z,SYNTH_CELL_B,256,-109.51
2026-08-31T09:15:00.000Z,SYNTH_CELL_B,257,-107.23
2026-08-31T09:15:00.000Z,SYNTH_CELL_B,258,-107.44
2026-08-31T09:15:00.000Z,SYNTH_CELL_B,259,-112.1
2026-08-31T09:15:00.000Z,SYNTH_CELL_B,260,-107.76
2026-08-31T09:15:00.000Z,SYNTH_CELL_B,261,-107.1
2026-08-31T09:15:00.000Z,SYNTH_CELL_B,262,-108.45
2026-08-31T09:15:00.000Z,SYNTH_CELL_B,263,-107.17
2026-08-31T09:15:00.000Z,SYNTH_CELL_B,264,-109.77
2026-08-31T09:15:00.000Z,SYNTH_CELL_B,265,-110.68
2026-08-31T09:15:00.000Z,SYNTH_CELL_B,266,-107.91
2026-08-31T09:15:00.000Z,SYNTH_CELL_B,267,-112.67
2026-08-31T09:15:00.000Z,SYNTH_CELL_B,268,-109.77
2026-08-31T09:15:00.000Z,SYNTH_CELL_B,269,-111.13
2026-08-31T09:15:00.000Z,SYNTH_CELL_B,270,-112.72
2026-08-31T09:15:00.000Z,SYNTH_CELL_B,271,-113.11
2026-08-31T09:15:00.000Z,SYNTH_CELL_B,272,-112.48
2026-08-31T09:20:00.000Z,SYNTH_CELL_B,0,-113.86
2026-08-31T09:20:00.000Z,SYNTH_CELL_B,1,-107.12
2026-08-31T09:20:00.000Z,SYNTH_CELL_B,2,-107.77
2026-08-31T09:20:00.000Z,SYNTH_CELL_B,3,-109.52
2026-08-31T09:20:00.000Z,SYNTH_CELL_B,4,-113.67
2026-08-31T09:20:00.000Z,SYNTH_CELL_B,5,-110.23
2026-08-31T09:20:00.000Z,SYNTH_CELL_B,6,-113.94
2026-08-31T09:20:00.000Z,SYNTH_CELL_B,7,-113.84
2026-08-31T09:20:00.000Z,SYNTH_CELL_B,8,-110.18
2026-08-31T09:20:00.000Z,SYNTH_CELL_B,9,-112.44
2026-08-31T09:20:00.000Z,SYNTH_CELL_B,10,-109.7
2026-08-31T09:20:00.000Z,SYNTH_CELL_B,11,-113.19
2026-08-31T09:20:00.000Z,SYNTH_CELL_B,12,-111.97
2026-08-31T09:20:00.000Z,SYNTH_CELL_B,13,-109.9
2026-08-31T09:20:00.000Z,SYNTH_CELL_B,14,-108.96
2026-08-31T09:20:00.000Z,SYNTH_CELL_B,15,-110.78
2026-08-31T09:20:00.000Z,SYNTH_CELL_B,16,-113.36
2026-08-31T09:20:00.000Z,SYNTH_CELL_B,17,-110.22
2026-08-31T09:20:00.000Z,SYNTH_CELL_B,18,-109.73
2026-08-31T09:20:00.000Z,SYNTH_CELL_B,19,-109.67
2026-08-31T09:20:00.000Z,SYNTH_CELL_B,20,-110.57
2026-08-31T09:20:00.000Z,SYNTH_CELL_B,21,-110.69
2026-08-31T09:20:00.000Z,SYNTH_CELL_B,22,-107.28
2026-08-31T09:20:00.000Z,SYNTH_CELL_B,23,-107.96
2026-08-31T09:20:00.000Z,SYNTH_CELL_B,24,-112.02
2026-08-31T09:20:00.000Z,SYNTH_CELL_B,25,-110.51
2026-08-31T09:20:00.000Z,SYNTH_CELL_B,26,-108.53
2026-08-31T09:20:00.000Z,SYNTH_CELL_B,27,-113.97
2026-08-31T09:20:00.000Z,SYNTH_CELL_B,28,-107.72
2026-08-31T09:20:00.000Z,SYNTH_CELL_B,29,-107.93
2026-08-31T09:20:00.000Z,SYNTH_CELL_B,30,-112.37
2026-08-31T09:20:00.000Z,SYNTH_CELL_B,31,-111.38
2026-08-31T09:20:00.000Z,SYNTH_CELL_B,32,-109.57
2026-08-31T09:20:00.000Z,SYNTH_CELL_B,33,-110.29
2026-08-31T09:20:00.000Z,SYNTH_CELL_B,34,-112.2
2026-08-31T09:20:00.000Z,SYNTH_CELL_B,35,-107.14
2026-08-31T09:20:00.000Z,SYNTH_CELL_B,36,-109.2
2026-08-31T09:20:00.000Z,SYNTH_CELL_B,37,-107.68
2026-08-31T09:20:00.000Z,SYNTH_CELL_B,38,-113.93
2026-08-31T09:20:00.000Z,SYNTH_CELL_B,39,-107.68
2026-08-31T09:20:00.000Z,SYNTH_CELL_B,40,-107.31
2026-08-31T09:20:00.000Z,SYNTH_CELL_B,41,-107.75
2026-08-31T09:20:00.000Z,SYNTH_CELL_B,42,-113.97
2026-08-31T09:20:00.000Z,SYNTH_CELL_B,43,-107.23
2026-08-31T09:20:00.000Z,SYNTH_CELL_B,44,-110.37
2026-08-31T09:20:00.000Z,SYNTH_CELL_B,45,-112.13
2026-08-31T09:20:00.000Z,SYNTH_CELL_B,46,-107.74
2026-08-31T09:20:00.000Z,SYNTH_CELL_B,47,-108.19
2026-08-31T09:20:00.000Z,SYNTH_CELL_B,48,-109.16
2026-08-31T09:20:00.000Z,SYNTH_CELL_B,49,-110.83
2026-08-31T09:20:00.000Z,SYNTH_CELL_B,50,-108.42
2026-08-31T09:20:00.000Z,SYNTH_CELL_B,51,-110.29
2026-08-31T09:20:00.000Z,SYNTH_CELL_B,52,-109.98
2026-08-31T09:20:00.000Z,SYNTH_CELL_B,53,-107.71
2026-08-31T09:20:00.000Z,SYNTH_CELL_B,54,-113.8
2026-08-31T09:20:00.000Z,SYNTH_CELL_B,55,-109.27
2026-08-31T09:20:00.000Z,SYNTH_CELL_B,56,-107.29
2026-08-31T09:20:00.000Z,SYNTH_CELL_B,57,-113.3
2026-08-31T09:20:00.000Z,SYNTH_CELL_B,58,-113.09
2026-08-31T09:20:00.000Z,SYNTH_CELL_B,59,-111.47
2026-08-31T09:20:00.000Z,SYNTH_CELL_B,60,-110.95
2026-08-31T09:20:00.000Z,SYNTH_CELL_B,61,-110.88
2026-08-31T09:20:00.000Z,SYNTH_CELL_B,62,-113.61
2026-08-31T09:20:00.000Z,SYNTH_CELL_B,63,-107.23
2026-08-31T09:20:00.000Z,SYNTH_CELL_B,64,-109.66
2026-08-31T09:20:00.000Z,SYNTH_CELL_B,65,-113.94
2026-08-31T09:20:00.000Z,SYNTH_CELL_B,66,-111.42
2026-08-31T09:20:00.000Z,SYNTH_CELL_B,67,-107.19
2026-08-31T09:20:00.000Z,SYNTH_CELL_B,68,-111.91
2026-08-31T09:20:00.000Z,SYNTH_CELL_B,69,-111.04
2026-08-31T09:20:00.000Z,SYNTH_CELL_B,70,-111.76
2026-08-31T09:20:00.000Z,SYNTH_CELL_B,71,-107.4
2026-08-31T09:20:00.000Z,SYNTH_CELL_B,72,-111.26
2026-08-31T09:20:00.000Z,SYNTH_CELL_B,73,-107.03
2026-08-31T09:20:00.000Z,SYNTH_CELL_B,74,-109.39
2026-08-31T09:20:00.000Z,SYNTH_CELL_B,75,-108.45
2026-08-31T09:20:00.000Z,SYNTH_CELL_B,76,-109.9
2026-08-31T09:20:00.000Z,SYNTH_CELL_B,77,-112.8
2026-08-31T09:20:00.000Z,SYNTH_CELL_B,78,-113.56
2026-08-31T09:20:00.000Z,SYNTH_CELL_B,79,-110.63
2026-08-31T09:20:00.000Z,SYNTH_CELL_B,80,-110.32
2026-08-31T09:20:00.000Z,SYNTH_CELL_B,81,-110.64
2026-08-31T09:20:00.000Z,SYNTH_CELL_B,82,-113.67
2026-08-31T09:20:00.000Z,SYNTH_CELL_B,83,-112.32
2026-08-31T09:20:00.000Z,SYNTH_CELL_B,84,-111.02
2026-08-31T09:20:00.000Z,SYNTH_CELL_B,85,-113.49
2026-08-31T09:20:00.000Z,SYNTH_CELL_B,86,-112.16
2026-08-31T09:20:00.000Z,SYNTH_CELL_B,87,-110.86
2026-08-31T09:20:00.000Z,SYNTH_CELL_B,88,-113.81
2026-08-31T09:20:00.000Z,SYNTH_CELL_B,89,-107.35
2026-08-31T09:20:00.000Z,SYNTH_CELL_B,90,-113.3
2026-08-31T09:20:00.000Z,SYNTH_CELL_B,91,-112.46
2026-08-31T09:20:00.000Z,SYNTH_CELL_B,92,-108.27
2026-08-31T09:20:00.000Z,SYNTH_CELL_B,93,-107.46
2026-08-31T09:20:00.000Z,SYNTH_CELL_B,94,-110.51
2026-08-31T09:20:00.000Z,SYNTH_CELL_B,95,-108.52
2026-08-31T09:20:00.000Z,SYNTH_CELL_B,96,-110.88
2026-08-31T09:20:00.000Z,SYNTH_CELL_B,97,-110.73
2026-08-31T09:20:00.000Z,SYNTH_CELL_B,98,-107.33
2026-08-31T09:20:00.000Z,SYNTH_CELL_B,99,-109.09
2026-08-31T09:20:00.000Z,SYNTH_CELL_B,100,-111.99
2026-08-31T09:20:00.000Z,SYNTH_CELL_B,101,-112.29
2026-08-31T09:20:00.000Z,SYNTH_CELL_B,102,-109.39
2026-08-31T09:20:00.000Z,SYNTH_CELL_B,103,-107.5
2026-08-31T09:20:00.000Z,SYNTH_CELL_B,104,-112.74
2026-08-31T09:20:00.000Z,SYNTH_CELL_B,105,-109.02
2026-08-31T09:20:00.000Z,SYNTH_CELL_B,106,-108.34
2026-08-31T09:20:00.000Z,SYNTH_CELL_B,107,-108.85
2026-08-31T09:20:00.000Z,SYNTH_CELL_B,108,-112.01
2026-08-31T09:20:00.000Z,SYNTH_CELL_B,109,-111.21
2026-08-31T09:20:00.000Z,SYNTH_CELL_B,110,-113.67
2026-08-31T09:20:00.000Z,SYNTH_CELL_B,111,-110.88
2026-08-31T09:20:00.000Z,SYNTH_CELL_B,112,-112.97
2026-08-31T09:20:00.000Z,SYNTH_CELL_B,113,-113.6
2026-08-31T09:20:00.000Z,SYNTH_CELL_B,114,-113
2026-08-31T09:20:00.000Z,SYNTH_CELL_B,115,-107.26
2026-08-31T09:20:00.000Z,SYNTH_CELL_B,116,-107.07
2026-08-31T09:20:00.000Z,SYNTH_CELL_B,117,-110.12
2026-08-31T09:20:00.000Z,SYNTH_CELL_B,118,-107.56
2026-08-31T09:20:00.000Z,SYNTH_CELL_B,119,-113.95
2026-08-31T09:20:00.000Z,SYNTH_CELL_B,120,-111.83
2026-08-31T09:20:00.000Z,SYNTH_CELL_B,121,-111.03
2026-08-31T09:20:00.000Z,SYNTH_CELL_B,122,-110.17
2026-08-31T09:20:00.000Z,SYNTH_CELL_B,123,-107.22
2026-08-31T09:20:00.000Z,SYNTH_CELL_B,124,-107.83
2026-08-31T09:20:00.000Z,SYNTH_CELL_B,125,-113.92
2026-08-31T09:20:00.000Z,SYNTH_CELL_B,126,-112.05
2026-08-31T09:20:00.000Z,SYNTH_CELL_B,127,-111.96
2026-08-31T09:20:00.000Z,SYNTH_CELL_B,128,-112.17
2026-08-31T09:20:00.000Z,SYNTH_CELL_B,129,-113.57
2026-08-31T09:20:00.000Z,SYNTH_CELL_B,130,-108.7
2026-08-31T09:20:00.000Z,SYNTH_CELL_B,131,-112.2
2026-08-31T09:20:00.000Z,SYNTH_CELL_B,132,-107.5
2026-08-31T09:20:00.000Z,SYNTH_CELL_B,133,-109.42
2026-08-31T09:20:00.000Z,SYNTH_CELL_B,134,-113.87
2026-08-31T09:20:00.000Z,SYNTH_CELL_B,135,-113.74
2026-08-31T09:20:00.000Z,SYNTH_CELL_B,136,-112.75
2026-08-31T09:20:00.000Z,SYNTH_CELL_B,137,-111.52
2026-08-31T09:20:00.000Z,SYNTH_CELL_B,138,-111.8
2026-08-31T09:20:00.000Z,SYNTH_CELL_B,139,-107.77
2026-08-31T09:20:00.000Z,SYNTH_CELL_B,140,-107.57
2026-08-31T09:20:00.000Z,SYNTH_CELL_B,141,-111.09
2026-08-31T09:20:00.000Z,SYNTH_CELL_B,142,-107.62
2026-08-31T09:20:00.000Z,SYNTH_CELL_B,143,-111.54
2026-08-31T09:20:00.000Z,SYNTH_CELL_B,144,-110.55
2026-08-31T09:20:00.000Z,SYNTH_CELL_B,145,-107.57
2026-08-31T09:20:00.000Z,SYNTH_CELL_B,146,-107.08
2026-08-31T09:20:00.000Z,SYNTH_CELL_B,147,-112.02
2026-08-31T09:20:00.000Z,SYNTH_CELL_B,148,-109.09
2026-08-31T09:20:00.000Z,SYNTH_CELL_B,149,-109.1
2026-08-31T09:20:00.000Z,SYNTH_CELL_B,150,-108.5
2026-08-31T09:20:00.000Z,SYNTH_CELL_B,151,-109.48
2026-08-31T09:20:00.000Z,SYNTH_CELL_B,152,-113.24
2026-08-31T09:20:00.000Z,SYNTH_CELL_B,153,-107.43
2026-08-31T09:20:00.000Z,SYNTH_CELL_B,154,-113.08
2026-08-31T09:20:00.000Z,SYNTH_CELL_B,155,-107.97
2026-08-31T09:20:00.000Z,SYNTH_CELL_B,156,-108.39
2026-08-31T09:20:00.000Z,SYNTH_CELL_B,157,-112.16
2026-08-31T09:20:00.000Z,SYNTH_CELL_B,158,-110.84
2026-08-31T09:20:00.000Z,SYNTH_CELL_B,159,-109.41
2026-08-31T09:20:00.000Z,SYNTH_CELL_B,160,-109.08
2026-08-31T09:20:00.000Z,SYNTH_CELL_B,161,-111.91
2026-08-31T09:20:00.000Z,SYNTH_CELL_B,162,-111.22
2026-08-31T09:20:00.000Z,SYNTH_CELL_B,163,-112.11
2026-08-31T09:20:00.000Z,SYNTH_CELL_B,164,-110.35
2026-08-31T09:20:00.000Z,SYNTH_CELL_B,165,-110.3
2026-08-31T09:20:00.000Z,SYNTH_CELL_B,166,-112.89
2026-08-31T09:20:00.000Z,SYNTH_CELL_B,167,-107.29
2026-08-31T09:20:00.000Z,SYNTH_CELL_B,168,-110.86
2026-08-31T09:20:00.000Z,SYNTH_CELL_B,169,-111.14
2026-08-31T09:20:00.000Z,SYNTH_CELL_B,170,-110.14
2026-08-31T09:20:00.000Z,SYNTH_CELL_B,171,-109.04
2026-08-31T09:20:00.000Z,SYNTH_CELL_B,172,-109.49
2026-08-31T09:20:00.000Z,SYNTH_CELL_B,173,-109.25
2026-08-31T09:20:00.000Z,SYNTH_CELL_B,174,-107.63
2026-08-31T09:20:00.000Z,SYNTH_CELL_B,175,-113.13
2026-08-31T09:20:00.000Z,SYNTH_CELL_B,176,-110.09
2026-08-31T09:20:00.000Z,SYNTH_CELL_B,177,-108.26
2026-08-31T09:20:00.000Z,SYNTH_CELL_B,178,-108.1
2026-08-31T09:20:00.000Z,SYNTH_CELL_B,179,-110.7
2026-08-31T09:20:00.000Z,SYNTH_CELL_B,180,-113.26
2026-08-31T09:20:00.000Z,SYNTH_CELL_B,181,-109.28
2026-08-31T09:20:00.000Z,SYNTH_CELL_B,182,-108.19
2026-08-31T09:20:00.000Z,SYNTH_CELL_B,183,-108.02
2026-08-31T09:20:00.000Z,SYNTH_CELL_B,184,-109.13
2026-08-31T09:20:00.000Z,SYNTH_CELL_B,185,-112.59
2026-08-31T09:20:00.000Z,SYNTH_CELL_B,186,-109.32
2026-08-31T09:20:00.000Z,SYNTH_CELL_B,187,-109.95
2026-08-31T09:20:00.000Z,SYNTH_CELL_B,188,-113.46
2026-08-31T09:20:00.000Z,SYNTH_CELL_B,189,-110.94
2026-08-31T09:20:00.000Z,SYNTH_CELL_B,190,-108.99
2026-08-31T09:20:00.000Z,SYNTH_CELL_B,191,-109.03
2026-08-31T09:20:00.000Z,SYNTH_CELL_B,192,-107.31
2026-08-31T09:20:00.000Z,SYNTH_CELL_B,193,-109.15
2026-08-31T09:20:00.000Z,SYNTH_CELL_B,194,-107.96
2026-08-31T09:20:00.000Z,SYNTH_CELL_B,195,-107.51
2026-08-31T09:20:00.000Z,SYNTH_CELL_B,196,-111.75
2026-08-31T09:20:00.000Z,SYNTH_CELL_B,197,-113.54
2026-08-31T09:20:00.000Z,SYNTH_CELL_B,198,-112.76
2026-08-31T09:20:00.000Z,SYNTH_CELL_B,199,-108.88
2026-08-31T09:20:00.000Z,SYNTH_CELL_B,200,-111.38
2026-08-31T09:20:00.000Z,SYNTH_CELL_B,201,-111.37
2026-08-31T09:20:00.000Z,SYNTH_CELL_B,202,-113.26
2026-08-31T09:20:00.000Z,SYNTH_CELL_B,203,-113.14
2026-08-31T09:20:00.000Z,SYNTH_CELL_B,204,-107.22
2026-08-31T09:20:00.000Z,SYNTH_CELL_B,205,-109.69
2026-08-31T09:20:00.000Z,SYNTH_CELL_B,206,-113.18
2026-08-31T09:20:00.000Z,SYNTH_CELL_B,207,-108
2026-08-31T09:20:00.000Z,SYNTH_CELL_B,208,-110.98
2026-08-31T09:20:00.000Z,SYNTH_CELL_B,209,-113.67
2026-08-31T09:20:00.000Z,SYNTH_CELL_B,210,-109.27
2026-08-31T09:20:00.000Z,SYNTH_CELL_B,211,-111.05
2026-08-31T09:20:00.000Z,SYNTH_CELL_B,212,-109.41
2026-08-31T09:20:00.000Z,SYNTH_CELL_B,213,-113.43
2026-08-31T09:20:00.000Z,SYNTH_CELL_B,214,-111.22
2026-08-31T09:20:00.000Z,SYNTH_CELL_B,215,-108.1
2026-08-31T09:20:00.000Z,SYNTH_CELL_B,216,-111.96
2026-08-31T09:20:00.000Z,SYNTH_CELL_B,217,-113.55
2026-08-31T09:20:00.000Z,SYNTH_CELL_B,218,-112.15
2026-08-31T09:20:00.000Z,SYNTH_CELL_B,219,-110.52
2026-08-31T09:20:00.000Z,SYNTH_CELL_B,220,-107.5
2026-08-31T09:20:00.000Z,SYNTH_CELL_B,221,-113.12
2026-08-31T09:20:00.000Z,SYNTH_CELL_B,222,-108.84
2026-08-31T09:20:00.000Z,SYNTH_CELL_B,223,-113.83
2026-08-31T09:20:00.000Z,SYNTH_CELL_B,224,-113.14
2026-08-31T09:20:00.000Z,SYNTH_CELL_B,225,-112.49
2026-08-31T09:20:00.000Z,SYNTH_CELL_B,226,-109.48
2026-08-31T09:20:00.000Z,SYNTH_CELL_B,227,-110.3
2026-08-31T09:20:00.000Z,SYNTH_CELL_B,228,-113.19
2026-08-31T09:20:00.000Z,SYNTH_CELL_B,229,-110.65
2026-08-31T09:20:00.000Z,SYNTH_CELL_B,230,-108.94
2026-08-31T09:20:00.000Z,SYNTH_CELL_B,231,-112.97
2026-08-31T09:20:00.000Z,SYNTH_CELL_B,232,-113
2026-08-31T09:20:00.000Z,SYNTH_CELL_B,233,-113.49
2026-08-31T09:20:00.000Z,SYNTH_CELL_B,234,-109.47
2026-08-31T09:20:00.000Z,SYNTH_CELL_B,235,-112.94
2026-08-31T09:20:00.000Z,SYNTH_CELL_B,236,-112.66
2026-08-31T09:20:00.000Z,SYNTH_CELL_B,237,-110.13
2026-08-31T09:20:00.000Z,SYNTH_CELL_B,238,-110.49
2026-08-31T09:20:00.000Z,SYNTH_CELL_B,239,-109.49
2026-08-31T09:20:00.000Z,SYNTH_CELL_B,240,-113.06
2026-08-31T09:20:00.000Z,SYNTH_CELL_B,241,-107.53
2026-08-31T09:20:00.000Z,SYNTH_CELL_B,242,-110.19
2026-08-31T09:20:00.000Z,SYNTH_CELL_B,243,-107.16
2026-08-31T09:20:00.000Z,SYNTH_CELL_B,244,-113.15
2026-08-31T09:20:00.000Z,SYNTH_CELL_B,245,-110.99
2026-08-31T09:20:00.000Z,SYNTH_CELL_B,246,-112.43
2026-08-31T09:20:00.000Z,SYNTH_CELL_B,247,-107.46
2026-08-31T09:20:00.000Z,SYNTH_CELL_B,248,-112.61
2026-08-31T09:20:00.000Z,SYNTH_CELL_B,249,-112.96
2026-08-31T09:20:00.000Z,SYNTH_CELL_B,250,-111.35
2026-08-31T09:20:00.000Z,SYNTH_CELL_B,251,-108.8
2026-08-31T09:20:00.000Z,SYNTH_CELL_B,252,-113.42
2026-08-31T09:20:00.000Z,SYNTH_CELL_B,253,-111.06
2026-08-31T09:20:00.000Z,SYNTH_CELL_B,254,-109.88
2026-08-31T09:20:00.000Z,SYNTH_CELL_B,255,-107.48
2026-08-31T09:20:00.000Z,SYNTH_CELL_B,256,-113.33
2026-08-31T09:20:00.000Z,SYNTH_CELL_B,257,-113.05
2026-08-31T09:20:00.000Z,SYNTH_CELL_B,258,-109.25
2026-08-31T09:20:00.000Z,SYNTH_CELL_B,259,-113.71
2026-08-31T09:20:00.000Z,SYNTH_CELL_B,260,-112.4
2026-08-31T09:20:00.000Z,SYNTH_CELL_B,261,-107.85
2026-08-31T09:20:00.000Z,SYNTH_CELL_B,262,-111.38
2026-08-31T09:20:00.000Z,SYNTH_CELL_B,263,-112.76
2026-08-31T09:20:00.000Z,SYNTH_CELL_B,264,-111.19
2026-08-31T09:20:00.000Z,SYNTH_CELL_B,265,-107.97
2026-08-31T09:20:00.000Z,SYNTH_CELL_B,266,-112.92
2026-08-31T09:20:00.000Z,SYNTH_CELL_B,267,-111.58
2026-08-31T09:20:00.000Z,SYNTH_CELL_B,268,-107.5
2026-08-31T09:20:00.000Z,SYNTH_CELL_B,269,-109.44
2026-08-31T09:20:00.000Z,SYNTH_CELL_B,270,-111.5
2026-08-31T09:20:00.000Z,SYNTH_CELL_B,271,-110.31
2026-08-31T09:20:00.000Z,SYNTH_CELL_B,272,-112.04
2026-08-31T09:25:00.000Z,SYNTH_CELL_B,0,-109.41
2026-08-31T09:25:00.000Z,SYNTH_CELL_B,1,-108.92
2026-08-31T09:25:00.000Z,SYNTH_CELL_B,2,-110.74
2026-08-31T09:25:00.000Z,SYNTH_CELL_B,3,-113.38
2026-08-31T09:25:00.000Z,SYNTH_CELL_B,4,-112.68
2026-08-31T09:25:00.000Z,SYNTH_CELL_B,5,-112.37
2026-08-31T09:25:00.000Z,SYNTH_CELL_B,6,-113.98
2026-08-31T09:25:00.000Z,SYNTH_CELL_B,7,-108.01
2026-08-31T09:25:00.000Z,SYNTH_CELL_B,8,-111.74
2026-08-31T09:25:00.000Z,SYNTH_CELL_B,9,-110.87
2026-08-31T09:25:00.000Z,SYNTH_CELL_B,10,-108.87
2026-08-31T09:25:00.000Z,SYNTH_CELL_B,11,-111.47
2026-08-31T09:25:00.000Z,SYNTH_CELL_B,12,-107.5
2026-08-31T09:25:00.000Z,SYNTH_CELL_B,13,-107.94
2026-08-31T09:25:00.000Z,SYNTH_CELL_B,14,-109.31
2026-08-31T09:25:00.000Z,SYNTH_CELL_B,15,-112.75
2026-08-31T09:25:00.000Z,SYNTH_CELL_B,16,-108.73
2026-08-31T09:25:00.000Z,SYNTH_CELL_B,17,-110.52
2026-08-31T09:25:00.000Z,SYNTH_CELL_B,18,-107.11
2026-08-31T09:25:00.000Z,SYNTH_CELL_B,19,-113.93
2026-08-31T09:25:00.000Z,SYNTH_CELL_B,20,-112.71
2026-08-31T09:25:00.000Z,SYNTH_CELL_B,21,-107.77
2026-08-31T09:25:00.000Z,SYNTH_CELL_B,22,-112.69
2026-08-31T09:25:00.000Z,SYNTH_CELL_B,23,-111.99
2026-08-31T09:25:00.000Z,SYNTH_CELL_B,24,-107.94
2026-08-31T09:25:00.000Z,SYNTH_CELL_B,25,-111.92
2026-08-31T09:25:00.000Z,SYNTH_CELL_B,26,-112.83
2026-08-31T09:25:00.000Z,SYNTH_CELL_B,27,-107.57
2026-08-31T09:25:00.000Z,SYNTH_CELL_B,28,-112.89
2026-08-31T09:25:00.000Z,SYNTH_CELL_B,29,-113.99
2026-08-31T09:25:00.000Z,SYNTH_CELL_B,30,-113.37
2026-08-31T09:25:00.000Z,SYNTH_CELL_B,31,-112.72
2026-08-31T09:25:00.000Z,SYNTH_CELL_B,32,-110.77
2026-08-31T09:25:00.000Z,SYNTH_CELL_B,33,-108.39
2026-08-31T09:25:00.000Z,SYNTH_CELL_B,34,-113.22
2026-08-31T09:25:00.000Z,SYNTH_CELL_B,35,-108.3
2026-08-31T09:25:00.000Z,SYNTH_CELL_B,36,-111.79
2026-08-31T09:25:00.000Z,SYNTH_CELL_B,37,-109.15
2026-08-31T09:25:00.000Z,SYNTH_CELL_B,38,-107.82
2026-08-31T09:25:00.000Z,SYNTH_CELL_B,39,-111.81
2026-08-31T09:25:00.000Z,SYNTH_CELL_B,40,-112.02
2026-08-31T09:25:00.000Z,SYNTH_CELL_B,41,-108.16
2026-08-31T09:25:00.000Z,SYNTH_CELL_B,42,-108.67
2026-08-31T09:25:00.000Z,SYNTH_CELL_B,43,-110.03
2026-08-31T09:25:00.000Z,SYNTH_CELL_B,44,-110.64
2026-08-31T09:25:00.000Z,SYNTH_CELL_B,45,-108.09
2026-08-31T09:25:00.000Z,SYNTH_CELL_B,46,-109.42
2026-08-31T09:25:00.000Z,SYNTH_CELL_B,47,-107.93
2026-08-31T09:25:00.000Z,SYNTH_CELL_B,48,-109.1
2026-08-31T09:25:00.000Z,SYNTH_CELL_B,49,-110.05
2026-08-31T09:25:00.000Z,SYNTH_CELL_B,50,-111.3
2026-08-31T09:25:00.000Z,SYNTH_CELL_B,51,-111
2026-08-31T09:25:00.000Z,SYNTH_CELL_B,52,-107.05
2026-08-31T09:25:00.000Z,SYNTH_CELL_B,53,-111.43
2026-08-31T09:25:00.000Z,SYNTH_CELL_B,54,-110.73
2026-08-31T09:25:00.000Z,SYNTH_CELL_B,55,-110.26
2026-08-31T09:25:00.000Z,SYNTH_CELL_B,56,-109.84
2026-08-31T09:25:00.000Z,SYNTH_CELL_B,57,-112.79
2026-08-31T09:25:00.000Z,SYNTH_CELL_B,58,-112.96
2026-08-31T09:25:00.000Z,SYNTH_CELL_B,59,-110.9
2026-08-31T09:25:00.000Z,SYNTH_CELL_B,60,-113.52
2026-08-31T09:25:00.000Z,SYNTH_CELL_B,61,-112.1
2026-08-31T09:25:00.000Z,SYNTH_CELL_B,62,-109.72
2026-08-31T09:25:00.000Z,SYNTH_CELL_B,63,-112.76
2026-08-31T09:25:00.000Z,SYNTH_CELL_B,64,-110.4
2026-08-31T09:25:00.000Z,SYNTH_CELL_B,65,-113.14
2026-08-31T09:25:00.000Z,SYNTH_CELL_B,66,-112.91
2026-08-31T09:25:00.000Z,SYNTH_CELL_B,67,-111.53
2026-08-31T09:25:00.000Z,SYNTH_CELL_B,68,-109.06
2026-08-31T09:25:00.000Z,SYNTH_CELL_B,69,-112.25
2026-08-31T09:25:00.000Z,SYNTH_CELL_B,70,-112.12
2026-08-31T09:25:00.000Z,SYNTH_CELL_B,71,-112.72
2026-08-31T09:25:00.000Z,SYNTH_CELL_B,72,-113.79
2026-08-31T09:25:00.000Z,SYNTH_CELL_B,73,-111.35
2026-08-31T09:25:00.000Z,SYNTH_CELL_B,74,-111.27
2026-08-31T09:25:00.000Z,SYNTH_CELL_B,75,-108.53
2026-08-31T09:25:00.000Z,SYNTH_CELL_B,76,-113.41
2026-08-31T09:25:00.000Z,SYNTH_CELL_B,77,-107.4
2026-08-31T09:25:00.000Z,SYNTH_CELL_B,78,-111.87
2026-08-31T09:25:00.000Z,SYNTH_CELL_B,79,-107.67
2026-08-31T09:25:00.000Z,SYNTH_CELL_B,80,-108.38
2026-08-31T09:25:00.000Z,SYNTH_CELL_B,81,-113.34
2026-08-31T09:25:00.000Z,SYNTH_CELL_B,82,-107.06
2026-08-31T09:25:00.000Z,SYNTH_CELL_B,83,-112.31
2026-08-31T09:25:00.000Z,SYNTH_CELL_B,84,-113.86
2026-08-31T09:25:00.000Z,SYNTH_CELL_B,85,-111.94
2026-08-31T09:25:00.000Z,SYNTH_CELL_B,86,-107.99
2026-08-31T09:25:00.000Z,SYNTH_CELL_B,87,-111.52
2026-08-31T09:25:00.000Z,SYNTH_CELL_B,88,-111.54
2026-08-31T09:25:00.000Z,SYNTH_CELL_B,89,-109.67
2026-08-31T09:25:00.000Z,SYNTH_CELL_B,90,-112.13
2026-08-31T09:25:00.000Z,SYNTH_CELL_B,91,-111.61
2026-08-31T09:25:00.000Z,SYNTH_CELL_B,92,-111.66
2026-08-31T09:25:00.000Z,SYNTH_CELL_B,93,-108.36
2026-08-31T09:25:00.000Z,SYNTH_CELL_B,94,-112.14
2026-08-31T09:25:00.000Z,SYNTH_CELL_B,95,-111.88
2026-08-31T09:25:00.000Z,SYNTH_CELL_B,96,-108.67
2026-08-31T09:25:00.000Z,SYNTH_CELL_B,97,-113.02
2026-08-31T09:25:00.000Z,SYNTH_CELL_B,98,-110.42
2026-08-31T09:25:00.000Z,SYNTH_CELL_B,99,-109.52
2026-08-31T09:25:00.000Z,SYNTH_CELL_B,100,-112.8
2026-08-31T09:25:00.000Z,SYNTH_CELL_B,101,-112.79
2026-08-31T09:25:00.000Z,SYNTH_CELL_B,102,-111.68
2026-08-31T09:25:00.000Z,SYNTH_CELL_B,103,-112.63
2026-08-31T09:25:00.000Z,SYNTH_CELL_B,104,-110.65
2026-08-31T09:25:00.000Z,SYNTH_CELL_B,105,-111.91
2026-08-31T09:25:00.000Z,SYNTH_CELL_B,106,-107.49
2026-08-31T09:25:00.000Z,SYNTH_CELL_B,107,-112.1
2026-08-31T09:25:00.000Z,SYNTH_CELL_B,108,-108.61
2026-08-31T09:25:00.000Z,SYNTH_CELL_B,109,-112.78
2026-08-31T09:25:00.000Z,SYNTH_CELL_B,110,-108.62
2026-08-31T09:25:00.000Z,SYNTH_CELL_B,111,-110.96
2026-08-31T09:25:00.000Z,SYNTH_CELL_B,112,-112.03
2026-08-31T09:25:00.000Z,SYNTH_CELL_B,113,-107.46
2026-08-31T09:25:00.000Z,SYNTH_CELL_B,114,-112.9
2026-08-31T09:25:00.000Z,SYNTH_CELL_B,115,-113.12
2026-08-31T09:25:00.000Z,SYNTH_CELL_B,116,-109.7
2026-08-31T09:25:00.000Z,SYNTH_CELL_B,117,-112.95
2026-08-31T09:25:00.000Z,SYNTH_CELL_B,118,-113.14
2026-08-31T09:25:00.000Z,SYNTH_CELL_B,119,-107.28
2026-08-31T09:25:00.000Z,SYNTH_CELL_B,120,-112.09
2026-08-31T09:25:00.000Z,SYNTH_CELL_B,121,-110.81
2026-08-31T09:25:00.000Z,SYNTH_CELL_B,122,-109.57
2026-08-31T09:25:00.000Z,SYNTH_CELL_B,123,-109.56
2026-08-31T09:25:00.000Z,SYNTH_CELL_B,124,-109.73
2026-08-31T09:25:00.000Z,SYNTH_CELL_B,125,-108.9
2026-08-31T09:25:00.000Z,SYNTH_CELL_B,126,-111.96
2026-08-31T09:25:00.000Z,SYNTH_CELL_B,127,-111.44
2026-08-31T09:25:00.000Z,SYNTH_CELL_B,128,-111.94
2026-08-31T09:25:00.000Z,SYNTH_CELL_B,129,-108.94
2026-08-31T09:25:00.000Z,SYNTH_CELL_B,130,-109.76
2026-08-31T09:25:00.000Z,SYNTH_CELL_B,131,-109.15
2026-08-31T09:25:00.000Z,SYNTH_CELL_B,132,-111.09
2026-08-31T09:25:00.000Z,SYNTH_CELL_B,133,-113.73
2026-08-31T09:25:00.000Z,SYNTH_CELL_B,134,-107.25
2026-08-31T09:25:00.000Z,SYNTH_CELL_B,135,-110.05
2026-08-31T09:25:00.000Z,SYNTH_CELL_B,136,-111.44
2026-08-31T09:25:00.000Z,SYNTH_CELL_B,137,-112.08
2026-08-31T09:25:00.000Z,SYNTH_CELL_B,138,-110.8
2026-08-31T09:25:00.000Z,SYNTH_CELL_B,139,-110.27
2026-08-31T09:25:00.000Z,SYNTH_CELL_B,140,-109.6
2026-08-31T09:25:00.000Z,SYNTH_CELL_B,141,-112.38
2026-08-31T09:25:00.000Z,SYNTH_CELL_B,142,-109.31
2026-08-31T09:25:00.000Z,SYNTH_CELL_B,143,-107.43
2026-08-31T09:25:00.000Z,SYNTH_CELL_B,144,-109.67
2026-08-31T09:25:00.000Z,SYNTH_CELL_B,145,-113.66
2026-08-31T09:25:00.000Z,SYNTH_CELL_B,146,-109.75
2026-08-31T09:25:00.000Z,SYNTH_CELL_B,147,-107.45
2026-08-31T09:25:00.000Z,SYNTH_CELL_B,148,-108.94
2026-08-31T09:25:00.000Z,SYNTH_CELL_B,149,-113.38
2026-08-31T09:25:00.000Z,SYNTH_CELL_B,150,-107.89
2026-08-31T09:25:00.000Z,SYNTH_CELL_B,151,-112.34
2026-08-31T09:25:00.000Z,SYNTH_CELL_B,152,-109.44
2026-08-31T09:25:00.000Z,SYNTH_CELL_B,153,-110.6
2026-08-31T09:25:00.000Z,SYNTH_CELL_B,154,-112.39
2026-08-31T09:25:00.000Z,SYNTH_CELL_B,155,-111.06
2026-08-31T09:25:00.000Z,SYNTH_CELL_B,156,-112.31
2026-08-31T09:25:00.000Z,SYNTH_CELL_B,157,-112.52
2026-08-31T09:25:00.000Z,SYNTH_CELL_B,158,-109.21
2026-08-31T09:25:00.000Z,SYNTH_CELL_B,159,-109
2026-08-31T09:25:00.000Z,SYNTH_CELL_B,160,-108.17
2026-08-31T09:25:00.000Z,SYNTH_CELL_B,161,-110.18
2026-08-31T09:25:00.000Z,SYNTH_CELL_B,162,-112.87
2026-08-31T09:25:00.000Z,SYNTH_CELL_B,163,-112.94
2026-08-31T09:25:00.000Z,SYNTH_CELL_B,164,-112
2026-08-31T09:25:00.000Z,SYNTH_CELL_B,165,-107.9
2026-08-31T09:25:00.000Z,SYNTH_CELL_B,166,-107.67
2026-08-31T09:25:00.000Z,SYNTH_CELL_B,167,-107.14
2026-08-31T09:25:00.000Z,SYNTH_CELL_B,168,-108.67
2026-08-31T09:25:00.000Z,SYNTH_CELL_B,169,-108.99
2026-08-31T09:25:00.000Z,SYNTH_CELL_B,170,-109.62
2026-08-31T09:25:00.000Z,SYNTH_CELL_B,171,-111.86
2026-08-31T09:25:00.000Z,SYNTH_CELL_B,172,-112.06
2026-08-31T09:25:00.000Z,SYNTH_CELL_B,173,-107.24
2026-08-31T09:25:00.000Z,SYNTH_CELL_B,174,-110.47
2026-08-31T09:25:00.000Z,SYNTH_CELL_B,175,-107.72
2026-08-31T09:25:00.000Z,SYNTH_CELL_B,176,-113.14
2026-08-31T09:25:00.000Z,SYNTH_CELL_B,177,-112.18
2026-08-31T09:25:00.000Z,SYNTH_CELL_B,178,-113.96
2026-08-31T09:25:00.000Z,SYNTH_CELL_B,179,-113.02
2026-08-31T09:25:00.000Z,SYNTH_CELL_B,180,-113.16
2026-08-31T09:25:00.000Z,SYNTH_CELL_B,181,-110.48
2026-08-31T09:25:00.000Z,SYNTH_CELL_B,182,-109.92
2026-08-31T09:25:00.000Z,SYNTH_CELL_B,183,-113.07
2026-08-31T09:25:00.000Z,SYNTH_CELL_B,184,-108.9
2026-08-31T09:25:00.000Z,SYNTH_CELL_B,185,-110.11
2026-08-31T09:25:00.000Z,SYNTH_CELL_B,186,-112.68
2026-08-31T09:25:00.000Z,SYNTH_CELL_B,187,-107.27
2026-08-31T09:25:00.000Z,SYNTH_CELL_B,188,-107.16
2026-08-31T09:25:00.000Z,SYNTH_CELL_B,189,-113.26
2026-08-31T09:25:00.000Z,SYNTH_CELL_B,190,-109.82
2026-08-31T09:25:00.000Z,SYNTH_CELL_B,191,-112.61
2026-08-31T09:25:00.000Z,SYNTH_CELL_B,192,-112.95
2026-08-31T09:25:00.000Z,SYNTH_CELL_B,193,-108.43
2026-08-31T09:25:00.000Z,SYNTH_CELL_B,194,-110.81
2026-08-31T09:25:00.000Z,SYNTH_CELL_B,195,-109.3
2026-08-31T09:25:00.000Z,SYNTH_CELL_B,196,-112.73
2026-08-31T09:25:00.000Z,SYNTH_CELL_B,197,-109.22
2026-08-31T09:25:00.000Z,SYNTH_CELL_B,198,-107.13
2026-08-31T09:25:00.000Z,SYNTH_CELL_B,199,-109.6
2026-08-31T09:25:00.000Z,SYNTH_CELL_B,200,-109.53
2026-08-31T09:25:00.000Z,SYNTH_CELL_B,201,-113.26
2026-08-31T09:25:00.000Z,SYNTH_CELL_B,202,-112.49
2026-08-31T09:25:00.000Z,SYNTH_CELL_B,203,-111.52
2026-08-31T09:25:00.000Z,SYNTH_CELL_B,204,-112.56
2026-08-31T09:25:00.000Z,SYNTH_CELL_B,205,-113.28
2026-08-31T09:25:00.000Z,SYNTH_CELL_B,206,-109.1
2026-08-31T09:25:00.000Z,SYNTH_CELL_B,207,-111.15
2026-08-31T09:25:00.000Z,SYNTH_CELL_B,208,-110.21
2026-08-31T09:25:00.000Z,SYNTH_CELL_B,209,-110.6
2026-08-31T09:25:00.000Z,SYNTH_CELL_B,210,-110.6
2026-08-31T09:25:00.000Z,SYNTH_CELL_B,211,-110.08
2026-08-31T09:25:00.000Z,SYNTH_CELL_B,212,-111.38
2026-08-31T09:25:00.000Z,SYNTH_CELL_B,213,-109.16
2026-08-31T09:25:00.000Z,SYNTH_CELL_B,214,-111.98
2026-08-31T09:25:00.000Z,SYNTH_CELL_B,215,-109.72
2026-08-31T09:25:00.000Z,SYNTH_CELL_B,216,-108.98
2026-08-31T09:25:00.000Z,SYNTH_CELL_B,217,-109.98
2026-08-31T09:25:00.000Z,SYNTH_CELL_B,218,-109.04
2026-08-31T09:25:00.000Z,SYNTH_CELL_B,219,-112.68
2026-08-31T09:25:00.000Z,SYNTH_CELL_B,220,-113.78
2026-08-31T09:25:00.000Z,SYNTH_CELL_B,221,-112.1
2026-08-31T09:25:00.000Z,SYNTH_CELL_B,222,-111.75
2026-08-31T09:25:00.000Z,SYNTH_CELL_B,223,-109.11
2026-08-31T09:25:00.000Z,SYNTH_CELL_B,224,-112.41
2026-08-31T09:25:00.000Z,SYNTH_CELL_B,225,-112.15
2026-08-31T09:25:00.000Z,SYNTH_CELL_B,226,-110.19
2026-08-31T09:25:00.000Z,SYNTH_CELL_B,227,-110.18
2026-08-31T09:25:00.000Z,SYNTH_CELL_B,228,-111.54
2026-08-31T09:25:00.000Z,SYNTH_CELL_B,229,-108.51
2026-08-31T09:25:00.000Z,SYNTH_CELL_B,230,-113.15
2026-08-31T09:25:00.000Z,SYNTH_CELL_B,231,-108.67
2026-08-31T09:25:00.000Z,SYNTH_CELL_B,232,-108.11
2026-08-31T09:25:00.000Z,SYNTH_CELL_B,233,-109.14
2026-08-31T09:25:00.000Z,SYNTH_CELL_B,234,-113.21
2026-08-31T09:25:00.000Z,SYNTH_CELL_B,235,-112.99
2026-08-31T09:25:00.000Z,SYNTH_CELL_B,236,-112.35
2026-08-31T09:25:00.000Z,SYNTH_CELL_B,237,-107.5
2026-08-31T09:25:00.000Z,SYNTH_CELL_B,238,-111.93
2026-08-31T09:25:00.000Z,SYNTH_CELL_B,239,-113.69
2026-08-31T09:25:00.000Z,SYNTH_CELL_B,240,-112.44
2026-08-31T09:25:00.000Z,SYNTH_CELL_B,241,-109.7
2026-08-31T09:25:00.000Z,SYNTH_CELL_B,242,-108.02
2026-08-31T09:25:00.000Z,SYNTH_CELL_B,243,-108.14
2026-08-31T09:25:00.000Z,SYNTH_CELL_B,244,-107.21
2026-08-31T09:25:00.000Z,SYNTH_CELL_B,245,-107.37
2026-08-31T09:25:00.000Z,SYNTH_CELL_B,246,-111.75
2026-08-31T09:25:00.000Z,SYNTH_CELL_B,247,-112.62
2026-08-31T09:25:00.000Z,SYNTH_CELL_B,248,-109.44
2026-08-31T09:25:00.000Z,SYNTH_CELL_B,249,-108.03
2026-08-31T09:25:00.000Z,SYNTH_CELL_B,250,-109.16
2026-08-31T09:25:00.000Z,SYNTH_CELL_B,251,-112.67
2026-08-31T09:25:00.000Z,SYNTH_CELL_B,252,-112.95
2026-08-31T09:25:00.000Z,SYNTH_CELL_B,253,-110.37
2026-08-31T09:25:00.000Z,SYNTH_CELL_B,254,-109.17
2026-08-31T09:25:00.000Z,SYNTH_CELL_B,255,-112.5
2026-08-31T09:25:00.000Z,SYNTH_CELL_B,256,-107.76
2026-08-31T09:25:00.000Z,SYNTH_CELL_B,257,-108.7
2026-08-31T09:25:00.000Z,SYNTH_CELL_B,258,-112.65
2026-08-31T09:25:00.000Z,SYNTH_CELL_B,259,-108.42
2026-08-31T09:25:00.000Z,SYNTH_CELL_B,260,-108.13
2026-08-31T09:25:00.000Z,SYNTH_CELL_B,261,-112.45
2026-08-31T09:25:00.000Z,SYNTH_CELL_B,262,-108.43
2026-08-31T09:25:00.000Z,SYNTH_CELL_B,263,-112.37
2026-08-31T09:25:00.000Z,SYNTH_CELL_B,264,-109.34
2026-08-31T09:25:00.000Z,SYNTH_CELL_B,265,-110.89
2026-08-31T09:25:00.000Z,SYNTH_CELL_B,266,-109.86
2026-08-31T09:25:00.000Z,SYNTH_CELL_B,267,-107.1
2026-08-31T09:25:00.000Z,SYNTH_CELL_B,268,-112.98
2026-08-31T09:25:00.000Z,SYNTH_CELL_B,269,-109.7
2026-08-31T09:25:00.000Z,SYNTH_CELL_B,270,-112.53
2026-08-31T09:25:00.000Z,SYNTH_CELL_B,271,-108.13
2026-08-31T09:25:00.000Z,SYNTH_CELL_B,272,-108.05
2026-08-31T09:30:00.000Z,SYNTH_CELL_B,0,-109.75
2026-08-31T09:30:00.000Z,SYNTH_CELL_B,1,-107.91
2026-08-31T09:30:00.000Z,SYNTH_CELL_B,2,-107.65
2026-08-31T09:30:00.000Z,SYNTH_CELL_B,3,-111.05
2026-08-31T09:30:00.000Z,SYNTH_CELL_B,4,-109.24
2026-08-31T09:30:00.000Z,SYNTH_CELL_B,5,-111.44
2026-08-31T09:30:00.000Z,SYNTH_CELL_B,6,-108.69
2026-08-31T09:30:00.000Z,SYNTH_CELL_B,7,-108.76
2026-08-31T09:30:00.000Z,SYNTH_CELL_B,8,-112.6
2026-08-31T09:30:00.000Z,SYNTH_CELL_B,9,-111
2026-08-31T09:30:00.000Z,SYNTH_CELL_B,10,-112.48
2026-08-31T09:30:00.000Z,SYNTH_CELL_B,11,-113.05
2026-08-31T09:30:00.000Z,SYNTH_CELL_B,12,-113.15
2026-08-31T09:30:00.000Z,SYNTH_CELL_B,13,-110.33
2026-08-31T09:30:00.000Z,SYNTH_CELL_B,14,-111.99
2026-08-31T09:30:00.000Z,SYNTH_CELL_B,15,-112.56
2026-08-31T09:30:00.000Z,SYNTH_CELL_B,16,-113.21
2026-08-31T09:30:00.000Z,SYNTH_CELL_B,17,-108.61
2026-08-31T09:30:00.000Z,SYNTH_CELL_B,18,-113.93
2026-08-31T09:30:00.000Z,SYNTH_CELL_B,19,-108.38
2026-08-31T09:30:00.000Z,SYNTH_CELL_B,20,-111.17
2026-08-31T09:30:00.000Z,SYNTH_CELL_B,21,-107.89
2026-08-31T09:30:00.000Z,SYNTH_CELL_B,22,-108.85
2026-08-31T09:30:00.000Z,SYNTH_CELL_B,23,-110.36
2026-08-31T09:30:00.000Z,SYNTH_CELL_B,24,-110.56
2026-08-31T09:30:00.000Z,SYNTH_CELL_B,25,-112.46
2026-08-31T09:30:00.000Z,SYNTH_CELL_B,26,-112.32
2026-08-31T09:30:00.000Z,SYNTH_CELL_B,27,-111.57
2026-08-31T09:30:00.000Z,SYNTH_CELL_B,28,-109.22
2026-08-31T09:30:00.000Z,SYNTH_CELL_B,29,-113.21
2026-08-31T09:30:00.000Z,SYNTH_CELL_B,30,-109.01
2026-08-31T09:30:00.000Z,SYNTH_CELL_B,31,-110.52
2026-08-31T09:30:00.000Z,SYNTH_CELL_B,32,-110.53
2026-08-31T09:30:00.000Z,SYNTH_CELL_B,33,-112.81
2026-08-31T09:30:00.000Z,SYNTH_CELL_B,34,-110.16
2026-08-31T09:30:00.000Z,SYNTH_CELL_B,35,-111.21
2026-08-31T09:30:00.000Z,SYNTH_CELL_B,36,-108.07
2026-08-31T09:30:00.000Z,SYNTH_CELL_B,37,-107.4
2026-08-31T09:30:00.000Z,SYNTH_CELL_B,38,-107.53
2026-08-31T09:30:00.000Z,SYNTH_CELL_B,39,-107.4
2026-08-31T09:30:00.000Z,SYNTH_CELL_B,40,-107.04
2026-08-31T09:30:00.000Z,SYNTH_CELL_B,41,-108.41
2026-08-31T09:30:00.000Z,SYNTH_CELL_B,42,-113.45
2026-08-31T09:30:00.000Z,SYNTH_CELL_B,43,-113.74
2026-08-31T09:30:00.000Z,SYNTH_CELL_B,44,-113.04
2026-08-31T09:30:00.000Z,SYNTH_CELL_B,45,-112.8
2026-08-31T09:30:00.000Z,SYNTH_CELL_B,46,-112.49
2026-08-31T09:30:00.000Z,SYNTH_CELL_B,47,-110.06
2026-08-31T09:30:00.000Z,SYNTH_CELL_B,48,-109.88
2026-08-31T09:30:00.000Z,SYNTH_CELL_B,49,-112.15
2026-08-31T09:30:00.000Z,SYNTH_CELL_B,50,-107.6
2026-08-31T09:30:00.000Z,SYNTH_CELL_B,51,-107.96
2026-08-31T09:30:00.000Z,SYNTH_CELL_B,52,-111.23
2026-08-31T09:30:00.000Z,SYNTH_CELL_B,53,-111.69
2026-08-31T09:30:00.000Z,SYNTH_CELL_B,54,-107.47
2026-08-31T09:30:00.000Z,SYNTH_CELL_B,55,-108.06
2026-08-31T09:30:00.000Z,SYNTH_CELL_B,56,-111.93
2026-08-31T09:30:00.000Z,SYNTH_CELL_B,57,-109.4
2026-08-31T09:30:00.000Z,SYNTH_CELL_B,58,-112.04
2026-08-31T09:30:00.000Z,SYNTH_CELL_B,59,-107.8
2026-08-31T09:30:00.000Z,SYNTH_CELL_B,60,-107.89
2026-08-31T09:30:00.000Z,SYNTH_CELL_B,61,-111.28
2026-08-31T09:30:00.000Z,SYNTH_CELL_B,62,-111.09
2026-08-31T09:30:00.000Z,SYNTH_CELL_B,63,-109.87
2026-08-31T09:30:00.000Z,SYNTH_CELL_B,64,-108.68
2026-08-31T09:30:00.000Z,SYNTH_CELL_B,65,-111.75
2026-08-31T09:30:00.000Z,SYNTH_CELL_B,66,-110.99
2026-08-31T09:30:00.000Z,SYNTH_CELL_B,67,-109.34
2026-08-31T09:30:00.000Z,SYNTH_CELL_B,68,-108.61
2026-08-31T09:30:00.000Z,SYNTH_CELL_B,69,-108.29
2026-08-31T09:30:00.000Z,SYNTH_CELL_B,70,-113.37
2026-08-31T09:30:00.000Z,SYNTH_CELL_B,71,-107.53
2026-08-31T09:30:00.000Z,SYNTH_CELL_B,72,-108.36
2026-08-31T09:30:00.000Z,SYNTH_CELL_B,73,-107.19
2026-08-31T09:30:00.000Z,SYNTH_CELL_B,74,-109.99
2026-08-31T09:30:00.000Z,SYNTH_CELL_B,75,-109.54
2026-08-31T09:30:00.000Z,SYNTH_CELL_B,76,-111.14
2026-08-31T09:30:00.000Z,SYNTH_CELL_B,77,-112.75
2026-08-31T09:30:00.000Z,SYNTH_CELL_B,78,-108.35
2026-08-31T09:30:00.000Z,SYNTH_CELL_B,79,-111.73
2026-08-31T09:30:00.000Z,SYNTH_CELL_B,80,-108.1
2026-08-31T09:30:00.000Z,SYNTH_CELL_B,81,-112.81
2026-08-31T09:30:00.000Z,SYNTH_CELL_B,82,-112.13
2026-08-31T09:30:00.000Z,SYNTH_CELL_B,83,-113.31
2026-08-31T09:30:00.000Z,SYNTH_CELL_B,84,-109.87
2026-08-31T09:30:00.000Z,SYNTH_CELL_B,85,-109.14
2026-08-31T09:30:00.000Z,SYNTH_CELL_B,86,-112.99
2026-08-31T09:30:00.000Z,SYNTH_CELL_B,87,-109.22
2026-08-31T09:30:00.000Z,SYNTH_CELL_B,88,-112.89
2026-08-31T09:30:00.000Z,SYNTH_CELL_B,89,-107.85
2026-08-31T09:30:00.000Z,SYNTH_CELL_B,90,-108.49
2026-08-31T09:30:00.000Z,SYNTH_CELL_B,91,-112.99
2026-08-31T09:30:00.000Z,SYNTH_CELL_B,92,-112.93
2026-08-31T09:30:00.000Z,SYNTH_CELL_B,93,-111.41
2026-08-31T09:30:00.000Z,SYNTH_CELL_B,94,-111.46
2026-08-31T09:30:00.000Z,SYNTH_CELL_B,95,-110.85
2026-08-31T09:30:00.000Z,SYNTH_CELL_B,96,-110.39
2026-08-31T09:30:00.000Z,SYNTH_CELL_B,97,-111.94
2026-08-31T09:30:00.000Z,SYNTH_CELL_B,98,-109.16
2026-08-31T09:30:00.000Z,SYNTH_CELL_B,99,-108.15
2026-08-31T09:30:00.000Z,SYNTH_CELL_B,100,-107.44
2026-08-31T09:30:00.000Z,SYNTH_CELL_B,101,-113.58
2026-08-31T09:30:00.000Z,SYNTH_CELL_B,102,-112.44
2026-08-31T09:30:00.000Z,SYNTH_CELL_B,103,-113.66
2026-08-31T09:30:00.000Z,SYNTH_CELL_B,104,-111.17
2026-08-31T09:30:00.000Z,SYNTH_CELL_B,105,-113.81
2026-08-31T09:30:00.000Z,SYNTH_CELL_B,106,-112.9
2026-08-31T09:30:00.000Z,SYNTH_CELL_B,107,-110.96
2026-08-31T09:30:00.000Z,SYNTH_CELL_B,108,-107.64
2026-08-31T09:30:00.000Z,SYNTH_CELL_B,109,-114
2026-08-31T09:30:00.000Z,SYNTH_CELL_B,110,-108.75
2026-08-31T09:30:00.000Z,SYNTH_CELL_B,111,-108.16
2026-08-31T09:30:00.000Z,SYNTH_CELL_B,112,-111.58
2026-08-31T09:30:00.000Z,SYNTH_CELL_B,113,-110.32
2026-08-31T09:30:00.000Z,SYNTH_CELL_B,114,-108.24
2026-08-31T09:30:00.000Z,SYNTH_CELL_B,115,-112.2
2026-08-31T09:30:00.000Z,SYNTH_CELL_B,116,-109.37
2026-08-31T09:30:00.000Z,SYNTH_CELL_B,117,-107.55
2026-08-31T09:30:00.000Z,SYNTH_CELL_B,118,-110.05
2026-08-31T09:30:00.000Z,SYNTH_CELL_B,119,-112.25
2026-08-31T09:30:00.000Z,SYNTH_CELL_B,120,-111.7
2026-08-31T09:30:00.000Z,SYNTH_CELL_B,121,-107.32
2026-08-31T09:30:00.000Z,SYNTH_CELL_B,122,-109.1
2026-08-31T09:30:00.000Z,SYNTH_CELL_B,123,-107.95
2026-08-31T09:30:00.000Z,SYNTH_CELL_B,124,-112.36
2026-08-31T09:30:00.000Z,SYNTH_CELL_B,125,-113.42
2026-08-31T09:30:00.000Z,SYNTH_CELL_B,126,-113.04
2026-08-31T09:30:00.000Z,SYNTH_CELL_B,127,-113.08
2026-08-31T09:30:00.000Z,SYNTH_CELL_B,128,-113.23
2026-08-31T09:30:00.000Z,SYNTH_CELL_B,129,-113.14
2026-08-31T09:30:00.000Z,SYNTH_CELL_B,130,-112.63
2026-08-31T09:30:00.000Z,SYNTH_CELL_B,131,-107.66
2026-08-31T09:30:00.000Z,SYNTH_CELL_B,132,-109.76
2026-08-31T09:30:00.000Z,SYNTH_CELL_B,133,-112.31
2026-08-31T09:30:00.000Z,SYNTH_CELL_B,134,-110.02
2026-08-31T09:30:00.000Z,SYNTH_CELL_B,135,-107.29
2026-08-31T09:30:00.000Z,SYNTH_CELL_B,136,-112.9
2026-08-31T09:30:00.000Z,SYNTH_CELL_B,137,-113.14
2026-08-31T09:30:00.000Z,SYNTH_CELL_B,138,-113.09
2026-08-31T09:30:00.000Z,SYNTH_CELL_B,139,-112.67
2026-08-31T09:30:00.000Z,SYNTH_CELL_B,140,-108.6
2026-08-31T09:30:00.000Z,SYNTH_CELL_B,141,-112.79
2026-08-31T09:30:00.000Z,SYNTH_CELL_B,142,-108.85
2026-08-31T09:30:00.000Z,SYNTH_CELL_B,143,-108.44
2026-08-31T09:30:00.000Z,SYNTH_CELL_B,144,-107.78
2026-08-31T09:30:00.000Z,SYNTH_CELL_B,145,-109.59
2026-08-31T09:30:00.000Z,SYNTH_CELL_B,146,-112.82
2026-08-31T09:30:00.000Z,SYNTH_CELL_B,147,-112.13
2026-08-31T09:30:00.000Z,SYNTH_CELL_B,148,-110.95
2026-08-31T09:30:00.000Z,SYNTH_CELL_B,149,-110.99
2026-08-31T09:30:00.000Z,SYNTH_CELL_B,150,-111.57
2026-08-31T09:30:00.000Z,SYNTH_CELL_B,151,-113.21
2026-08-31T09:30:00.000Z,SYNTH_CELL_B,152,-112.44
2026-08-31T09:30:00.000Z,SYNTH_CELL_B,153,-109.06
2026-08-31T09:30:00.000Z,SYNTH_CELL_B,154,-107.43
2026-08-31T09:30:00.000Z,SYNTH_CELL_B,155,-113.28
2026-08-31T09:30:00.000Z,SYNTH_CELL_B,156,-108.36
2026-08-31T09:30:00.000Z,SYNTH_CELL_B,157,-108.37
2026-08-31T09:30:00.000Z,SYNTH_CELL_B,158,-110.58
2026-08-31T09:30:00.000Z,SYNTH_CELL_B,159,-113.96
2026-08-31T09:30:00.000Z,SYNTH_CELL_B,160,-107.64
2026-08-31T09:30:00.000Z,SYNTH_CELL_B,161,-109.2
2026-08-31T09:30:00.000Z,SYNTH_CELL_B,162,-112.77
2026-08-31T09:30:00.000Z,SYNTH_CELL_B,163,-109.36
2026-08-31T09:30:00.000Z,SYNTH_CELL_B,164,-110.32
2026-08-31T09:30:00.000Z,SYNTH_CELL_B,165,-109.4
2026-08-31T09:30:00.000Z,SYNTH_CELL_B,166,-112.11
2026-08-31T09:30:00.000Z,SYNTH_CELL_B,167,-111.67
2026-08-31T09:30:00.000Z,SYNTH_CELL_B,168,-108.64
2026-08-31T09:30:00.000Z,SYNTH_CELL_B,169,-111.73
2026-08-31T09:30:00.000Z,SYNTH_CELL_B,170,-111.32
2026-08-31T09:30:00.000Z,SYNTH_CELL_B,171,-112.23
2026-08-31T09:30:00.000Z,SYNTH_CELL_B,172,-110.46
2026-08-31T09:30:00.000Z,SYNTH_CELL_B,173,-108.88
2026-08-31T09:30:00.000Z,SYNTH_CELL_B,174,-110.31
2026-08-31T09:30:00.000Z,SYNTH_CELL_B,175,-111.53
2026-08-31T09:30:00.000Z,SYNTH_CELL_B,176,-107.87
2026-08-31T09:30:00.000Z,SYNTH_CELL_B,177,-109.36
2026-08-31T09:30:00.000Z,SYNTH_CELL_B,178,-113.73
2026-08-31T09:30:00.000Z,SYNTH_CELL_B,179,-113.11
2026-08-31T09:30:00.000Z,SYNTH_CELL_B,180,-109.71
2026-08-31T09:30:00.000Z,SYNTH_CELL_B,181,-113.45
2026-08-31T09:30:00.000Z,SYNTH_CELL_B,182,-111.53
2026-08-31T09:30:00.000Z,SYNTH_CELL_B,183,-109.44
2026-08-31T09:30:00.000Z,SYNTH_CELL_B,184,-112.27
2026-08-31T09:30:00.000Z,SYNTH_CELL_B,185,-109
2026-08-31T09:30:00.000Z,SYNTH_CELL_B,186,-109.81
2026-08-31T09:30:00.000Z,SYNTH_CELL_B,187,-108.58
2026-08-31T09:30:00.000Z,SYNTH_CELL_B,188,-113.21
2026-08-31T09:30:00.000Z,SYNTH_CELL_B,189,-107.82
2026-08-31T09:30:00.000Z,SYNTH_CELL_B,190,-113.96
2026-08-31T09:30:00.000Z,SYNTH_CELL_B,191,-110.27
2026-08-31T09:30:00.000Z,SYNTH_CELL_B,192,-113.22
2026-08-31T09:30:00.000Z,SYNTH_CELL_B,193,-110.29
2026-08-31T09:30:00.000Z,SYNTH_CELL_B,194,-113.93
2026-08-31T09:30:00.000Z,SYNTH_CELL_B,195,-107.89
2026-08-31T09:30:00.000Z,SYNTH_CELL_B,196,-112.9
2026-08-31T09:30:00.000Z,SYNTH_CELL_B,197,-109.66
2026-08-31T09:30:00.000Z,SYNTH_CELL_B,198,-113.85
2026-08-31T09:30:00.000Z,SYNTH_CELL_B,199,-108.82
2026-08-31T09:30:00.000Z,SYNTH_CELL_B,200,-112.39
2026-08-31T09:30:00.000Z,SYNTH_CELL_B,201,-107.2
2026-08-31T09:30:00.000Z,SYNTH_CELL_B,202,-108.97
2026-08-31T09:30:00.000Z,SYNTH_CELL_B,203,-109.35
2026-08-31T09:30:00.000Z,SYNTH_CELL_B,204,-107.76
2026-08-31T09:30:00.000Z,SYNTH_CELL_B,205,-109.64
2026-08-31T09:30:00.000Z,SYNTH_CELL_B,206,-108.59
2026-08-31T09:30:00.000Z,SYNTH_CELL_B,207,-107.36
2026-08-31T09:30:00.000Z,SYNTH_CELL_B,208,-112.75
2026-08-31T09:30:00.000Z,SYNTH_CELL_B,209,-107.87
2026-08-31T09:30:00.000Z,SYNTH_CELL_B,210,-107.93
2026-08-31T09:30:00.000Z,SYNTH_CELL_B,211,-109.76
2026-08-31T09:30:00.000Z,SYNTH_CELL_B,212,-109
2026-08-31T09:30:00.000Z,SYNTH_CELL_B,213,-112.99
2026-08-31T09:30:00.000Z,SYNTH_CELL_B,214,-107.9
2026-08-31T09:30:00.000Z,SYNTH_CELL_B,215,-112.97
2026-08-31T09:30:00.000Z,SYNTH_CELL_B,216,-107.53
2026-08-31T09:30:00.000Z,SYNTH_CELL_B,217,-108.77
2026-08-31T09:30:00.000Z,SYNTH_CELL_B,218,-113.63
2026-08-31T09:30:00.000Z,SYNTH_CELL_B,219,-111.14
2026-08-31T09:30:00.000Z,SYNTH_CELL_B,220,-112.69
2026-08-31T09:30:00.000Z,SYNTH_CELL_B,221,-108.58
2026-08-31T09:30:00.000Z,SYNTH_CELL_B,222,-112.92
2026-08-31T09:30:00.000Z,SYNTH_CELL_B,223,-110.41
2026-08-31T09:30:00.000Z,SYNTH_CELL_B,224,-108.28
2026-08-31T09:30:00.000Z,SYNTH_CELL_B,225,-112.68
2026-08-31T09:30:00.000Z,SYNTH_CELL_B,226,-112.47
2026-08-31T09:30:00.000Z,SYNTH_CELL_B,227,-113.13
2026-08-31T09:30:00.000Z,SYNTH_CELL_B,228,-109.06
2026-08-31T09:30:00.000Z,SYNTH_CELL_B,229,-112.07
2026-08-31T09:30:00.000Z,SYNTH_CELL_B,230,-113.69
2026-08-31T09:30:00.000Z,SYNTH_CELL_B,231,-113.14
2026-08-31T09:30:00.000Z,SYNTH_CELL_B,232,-110.25
2026-08-31T09:30:00.000Z,SYNTH_CELL_B,233,-110.06
2026-08-31T09:30:00.000Z,SYNTH_CELL_B,234,-113.23
2026-08-31T09:30:00.000Z,SYNTH_CELL_B,235,-108.31
2026-08-31T09:30:00.000Z,SYNTH_CELL_B,236,-111.08
2026-08-31T09:30:00.000Z,SYNTH_CELL_B,237,-111.66
2026-08-31T09:30:00.000Z,SYNTH_CELL_B,238,-107.65
2026-08-31T09:30:00.000Z,SYNTH_CELL_B,239,-108.69
2026-08-31T09:30:00.000Z,SYNTH_CELL_B,240,-107.81
2026-08-31T09:30:00.000Z,SYNTH_CELL_B,241,-108.22
2026-08-31T09:30:00.000Z,SYNTH_CELL_B,242,-110.01
2026-08-31T09:30:00.000Z,SYNTH_CELL_B,243,-111.58
2026-08-31T09:30:00.000Z,SYNTH_CELL_B,244,-113.06
2026-08-31T09:30:00.000Z,SYNTH_CELL_B,245,-112.88
2026-08-31T09:30:00.000Z,SYNTH_CELL_B,246,-108.92
2026-08-31T09:30:00.000Z,SYNTH_CELL_B,247,-113.1
2026-08-31T09:30:00.000Z,SYNTH_CELL_B,248,-110.64
2026-08-31T09:30:00.000Z,SYNTH_CELL_B,249,-113.17
2026-08-31T09:30:00.000Z,SYNTH_CELL_B,250,-110.32
2026-08-31T09:30:00.000Z,SYNTH_CELL_B,251,-113.92
2026-08-31T09:30:00.000Z,SYNTH_CELL_B,252,-107.25
2026-08-31T09:30:00.000Z,SYNTH_CELL_B,253,-108.88
2026-08-31T09:30:00.000Z,SYNTH_CELL_B,254,-108.12
2026-08-31T09:30:00.000Z,SYNTH_CELL_B,255,-112.11
2026-08-31T09:30:00.000Z,SYNTH_CELL_B,256,-113.24
2026-08-31T09:30:00.000Z,SYNTH_CELL_B,257,-108.81
2026-08-31T09:30:00.000Z,SYNTH_CELL_B,258,-109.98
2026-08-31T09:30:00.000Z,SYNTH_CELL_B,259,-110.93
2026-08-31T09:30:00.000Z,SYNTH_CELL_B,260,-108.18
2026-08-31T09:30:00.000Z,SYNTH_CELL_B,261,-107.68
2026-08-31T09:30:00.000Z,SYNTH_CELL_B,262,-112.76
2026-08-31T09:30:00.000Z,SYNTH_CELL_B,263,-113.89
2026-08-31T09:30:00.000Z,SYNTH_CELL_B,264,-110.29
2026-08-31T09:30:00.000Z,SYNTH_CELL_B,265,-113.39
2026-08-31T09:30:00.000Z,SYNTH_CELL_B,266,-111.72
2026-08-31T09:30:00.000Z,SYNTH_CELL_B,267,-107.27
2026-08-31T09:30:00.000Z,SYNTH_CELL_B,268,-111.15
2026-08-31T09:30:00.000Z,SYNTH_CELL_B,269,-113.02
2026-08-31T09:30:00.000Z,SYNTH_CELL_B,270,-107.69
2026-08-31T09:30:00.000Z,SYNTH_CELL_B,271,-107.72
2026-08-31T09:30:00.000Z,SYNTH_CELL_B,272,-113.32
2026-08-31T09:35:00.000Z,SYNTH_CELL_B,0,-107.06
2026-08-31T09:35:00.000Z,SYNTH_CELL_B,1,-111.85
2026-08-31T09:35:00.000Z,SYNTH_CELL_B,2,-111.79
2026-08-31T09:35:00.000Z,SYNTH_CELL_B,3,-110.19
2026-08-31T09:35:00.000Z,SYNTH_CELL_B,4,-109.75
2026-08-31T09:35:00.000Z,SYNTH_CELL_B,5,-108.03
2026-08-31T09:35:00.000Z,SYNTH_CELL_B,6,-111.56
2026-08-31T09:35:00.000Z,SYNTH_CELL_B,7,-109.56
2026-08-31T09:35:00.000Z,SYNTH_CELL_B,8,-112.33
2026-08-31T09:35:00.000Z,SYNTH_CELL_B,9,-113.2
2026-08-31T09:35:00.000Z,SYNTH_CELL_B,10,-113.22
2026-08-31T09:35:00.000Z,SYNTH_CELL_B,11,-111.17
2026-08-31T09:35:00.000Z,SYNTH_CELL_B,12,-107.71
2026-08-31T09:35:00.000Z,SYNTH_CELL_B,13,-110.2
2026-08-31T09:35:00.000Z,SYNTH_CELL_B,14,-109.92
2026-08-31T09:35:00.000Z,SYNTH_CELL_B,15,-110.25
2026-08-31T09:35:00.000Z,SYNTH_CELL_B,16,-112.83
2026-08-31T09:35:00.000Z,SYNTH_CELL_B,17,-111.41
2026-08-31T09:35:00.000Z,SYNTH_CELL_B,18,-109.32
2026-08-31T09:35:00.000Z,SYNTH_CELL_B,19,-113.82
2026-08-31T09:35:00.000Z,SYNTH_CELL_B,20,-113.19
2026-08-31T09:35:00.000Z,SYNTH_CELL_B,21,-110.74
2026-08-31T09:35:00.000Z,SYNTH_CELL_B,22,-110.1
2026-08-31T09:35:00.000Z,SYNTH_CELL_B,23,-109.68
2026-08-31T09:35:00.000Z,SYNTH_CELL_B,24,-113.33
2026-08-31T09:35:00.000Z,SYNTH_CELL_B,25,-111.62
2026-08-31T09:35:00.000Z,SYNTH_CELL_B,26,-107.53
2026-08-31T09:35:00.000Z,SYNTH_CELL_B,27,-111.36
2026-08-31T09:35:00.000Z,SYNTH_CELL_B,28,-111.36
2026-08-31T09:35:00.000Z,SYNTH_CELL_B,29,-111.9
2026-08-31T09:35:00.000Z,SYNTH_CELL_B,30,-107.01
2026-08-31T09:35:00.000Z,SYNTH_CELL_B,31,-111
2026-08-31T09:35:00.000Z,SYNTH_CELL_B,32,-109.68
2026-08-31T09:35:00.000Z,SYNTH_CELL_B,33,-108.67
2026-08-31T09:35:00.000Z,SYNTH_CELL_B,34,-110.93
2026-08-31T09:35:00.000Z,SYNTH_CELL_B,35,-107.91
2026-08-31T09:35:00.000Z,SYNTH_CELL_B,36,-113.04
2026-08-31T09:35:00.000Z,SYNTH_CELL_B,37,-108.41
2026-08-31T09:35:00.000Z,SYNTH_CELL_B,38,-107.15
2026-08-31T09:35:00.000Z,SYNTH_CELL_B,39,-107.36
2026-08-31T09:35:00.000Z,SYNTH_CELL_B,40,-107.5
2026-08-31T09:35:00.000Z,SYNTH_CELL_B,41,-107.33
2026-08-31T09:35:00.000Z,SYNTH_CELL_B,42,-108.51
2026-08-31T09:35:00.000Z,SYNTH_CELL_B,43,-110.17
2026-08-31T09:35:00.000Z,SYNTH_CELL_B,44,-111.81
2026-08-31T09:35:00.000Z,SYNTH_CELL_B,45,-111.01
2026-08-31T09:35:00.000Z,SYNTH_CELL_B,46,-111.23
2026-08-31T09:35:00.000Z,SYNTH_CELL_B,47,-113.3
2026-08-31T09:35:00.000Z,SYNTH_CELL_B,48,-112.81
2026-08-31T09:35:00.000Z,SYNTH_CELL_B,49,-108.82
2026-08-31T09:35:00.000Z,SYNTH_CELL_B,50,-112.65
2026-08-31T09:35:00.000Z,SYNTH_CELL_B,51,-113.83
2026-08-31T09:35:00.000Z,SYNTH_CELL_B,52,-109.85
2026-08-31T09:35:00.000Z,SYNTH_CELL_B,53,-107.16
2026-08-31T09:35:00.000Z,SYNTH_CELL_B,54,-112.37
2026-08-31T09:35:00.000Z,SYNTH_CELL_B,55,-108.35
2026-08-31T09:35:00.000Z,SYNTH_CELL_B,56,-107.89
2026-08-31T09:35:00.000Z,SYNTH_CELL_B,57,-108.79
2026-08-31T09:35:00.000Z,SYNTH_CELL_B,58,-111.65
2026-08-31T09:35:00.000Z,SYNTH_CELL_B,59,-107.88
2026-08-31T09:35:00.000Z,SYNTH_CELL_B,60,-109.36
2026-08-31T09:35:00.000Z,SYNTH_CELL_B,61,-107.12
2026-08-31T09:35:00.000Z,SYNTH_CELL_B,62,-111.98
2026-08-31T09:35:00.000Z,SYNTH_CELL_B,63,-111.31
2026-08-31T09:35:00.000Z,SYNTH_CELL_B,64,-112.72
2026-08-31T09:35:00.000Z,SYNTH_CELL_B,65,-108.57
2026-08-31T09:35:00.000Z,SYNTH_CELL_B,66,-113.83
2026-08-31T09:35:00.000Z,SYNTH_CELL_B,67,-113.48
2026-08-31T09:35:00.000Z,SYNTH_CELL_B,68,-111.65
2026-08-31T09:35:00.000Z,SYNTH_CELL_B,69,-112.07
2026-08-31T09:35:00.000Z,SYNTH_CELL_B,70,-109.55
2026-08-31T09:35:00.000Z,SYNTH_CELL_B,71,-111.81
2026-08-31T09:35:00.000Z,SYNTH_CELL_B,72,-109.96
2026-08-31T09:35:00.000Z,SYNTH_CELL_B,73,-107.6
2026-08-31T09:35:00.000Z,SYNTH_CELL_B,74,-113.45
2026-08-31T09:35:00.000Z,SYNTH_CELL_B,75,-110.59
2026-08-31T09:35:00.000Z,SYNTH_CELL_B,76,-110.91
2026-08-31T09:35:00.000Z,SYNTH_CELL_B,77,-107.06
2026-08-31T09:35:00.000Z,SYNTH_CELL_B,78,-110.74
2026-08-31T09:35:00.000Z,SYNTH_CELL_B,79,-108.13
2026-08-31T09:35:00.000Z,SYNTH_CELL_B,80,-110.13
2026-08-31T09:35:00.000Z,SYNTH_CELL_B,81,-108.45
2026-08-31T09:35:00.000Z,SYNTH_CELL_B,82,-108.41
2026-08-31T09:35:00.000Z,SYNTH_CELL_B,83,-107.83
2026-08-31T09:35:00.000Z,SYNTH_CELL_B,84,-113.51
2026-08-31T09:35:00.000Z,SYNTH_CELL_B,85,-111.72
2026-08-31T09:35:00.000Z,SYNTH_CELL_B,86,-113.48
2026-08-31T09:35:00.000Z,SYNTH_CELL_B,87,-110.69
2026-08-31T09:35:00.000Z,SYNTH_CELL_B,88,-111.08
2026-08-31T09:35:00.000Z,SYNTH_CELL_B,89,-108.72
2026-08-31T09:35:00.000Z,SYNTH_CELL_B,90,-109.49
2026-08-31T09:35:00.000Z,SYNTH_CELL_B,91,-109.53
2026-08-31T09:35:00.000Z,SYNTH_CELL_B,92,-112.09
2026-08-31T09:35:00.000Z,SYNTH_CELL_B,93,-109.65
2026-08-31T09:35:00.000Z,SYNTH_CELL_B,94,-108.36
2026-08-31T09:35:00.000Z,SYNTH_CELL_B,95,-112.6
2026-08-31T09:35:00.000Z,SYNTH_CELL_B,96,-108.85
2026-08-31T09:35:00.000Z,SYNTH_CELL_B,97,-107.77
2026-08-31T09:35:00.000Z,SYNTH_CELL_B,98,-110.22
2026-08-31T09:35:00.000Z,SYNTH_CELL_B,99,-112.36
2026-08-31T09:35:00.000Z,SYNTH_CELL_B,100,-109.48
2026-08-31T09:35:00.000Z,SYNTH_CELL_B,101,-108.14
2026-08-31T09:35:00.000Z,SYNTH_CELL_B,102,-111.14
2026-08-31T09:35:00.000Z,SYNTH_CELL_B,103,-111.17
2026-08-31T09:35:00.000Z,SYNTH_CELL_B,104,-113.67
2026-08-31T09:35:00.000Z,SYNTH_CELL_B,105,-108.4
2026-08-31T09:35:00.000Z,SYNTH_CELL_B,106,-109.84
2026-08-31T09:35:00.000Z,SYNTH_CELL_B,107,-113.18
2026-08-31T09:35:00.000Z,SYNTH_CELL_B,108,-108.29
2026-08-31T09:35:00.000Z,SYNTH_CELL_B,109,-108.71
2026-08-31T09:35:00.000Z,SYNTH_CELL_B,110,-113.15
2026-08-31T09:35:00.000Z,SYNTH_CELL_B,111,-110.41
2026-08-31T09:35:00.000Z,SYNTH_CELL_B,112,-110.66
2026-08-31T09:35:00.000Z,SYNTH_CELL_B,113,-109.17
2026-08-31T09:35:00.000Z,SYNTH_CELL_B,114,-111.98
2026-08-31T09:35:00.000Z,SYNTH_CELL_B,115,-112.58
2026-08-31T09:35:00.000Z,SYNTH_CELL_B,116,-111.97
2026-08-31T09:35:00.000Z,SYNTH_CELL_B,117,-109.08
2026-08-31T09:35:00.000Z,SYNTH_CELL_B,118,-111.12
2026-08-31T09:35:00.000Z,SYNTH_CELL_B,119,-109.05
2026-08-31T09:35:00.000Z,SYNTH_CELL_B,120,-109.44
2026-08-31T09:35:00.000Z,SYNTH_CELL_B,121,-108.81
2026-08-31T09:35:00.000Z,SYNTH_CELL_B,122,-107.49
2026-08-31T09:35:00.000Z,SYNTH_CELL_B,123,-110.67
2026-08-31T09:35:00.000Z,SYNTH_CELL_B,124,-107.41
2026-08-31T09:35:00.000Z,SYNTH_CELL_B,125,-107.79
2026-08-31T09:35:00.000Z,SYNTH_CELL_B,126,-113.98
2026-08-31T09:35:00.000Z,SYNTH_CELL_B,127,-111.18
2026-08-31T09:35:00.000Z,SYNTH_CELL_B,128,-107.7
2026-08-31T09:35:00.000Z,SYNTH_CELL_B,129,-113.52
2026-08-31T09:35:00.000Z,SYNTH_CELL_B,130,-108.96
2026-08-31T09:35:00.000Z,SYNTH_CELL_B,131,-109.07
2026-08-31T09:35:00.000Z,SYNTH_CELL_B,132,-109.17
2026-08-31T09:35:00.000Z,SYNTH_CELL_B,133,-113.5
2026-08-31T09:35:00.000Z,SYNTH_CELL_B,134,-113.85
2026-08-31T09:35:00.000Z,SYNTH_CELL_B,135,-113.77
2026-08-31T09:35:00.000Z,SYNTH_CELL_B,136,-108.84
2026-08-31T09:35:00.000Z,SYNTH_CELL_B,137,-108.97
2026-08-31T09:35:00.000Z,SYNTH_CELL_B,138,-110.39
2026-08-31T09:35:00.000Z,SYNTH_CELL_B,139,-109.22
2026-08-31T09:35:00.000Z,SYNTH_CELL_B,140,-110.32
2026-08-31T09:35:00.000Z,SYNTH_CELL_B,141,-113.53
2026-08-31T09:35:00.000Z,SYNTH_CELL_B,142,-112.05
2026-08-31T09:35:00.000Z,SYNTH_CELL_B,143,-108.73
2026-08-31T09:35:00.000Z,SYNTH_CELL_B,144,-110.74
2026-08-31T09:35:00.000Z,SYNTH_CELL_B,145,-110.46
2026-08-31T09:35:00.000Z,SYNTH_CELL_B,146,-108.24
2026-08-31T09:35:00.000Z,SYNTH_CELL_B,147,-113.1
2026-08-31T09:35:00.000Z,SYNTH_CELL_B,148,-107.13
2026-08-31T09:35:00.000Z,SYNTH_CELL_B,149,-109.89
2026-08-31T09:35:00.000Z,SYNTH_CELL_B,150,-111.62
2026-08-31T09:35:00.000Z,SYNTH_CELL_B,151,-112.97
2026-08-31T09:35:00.000Z,SYNTH_CELL_B,152,-107.39
2026-08-31T09:35:00.000Z,SYNTH_CELL_B,153,-110.6
2026-08-31T09:35:00.000Z,SYNTH_CELL_B,154,-111.46
2026-08-31T09:35:00.000Z,SYNTH_CELL_B,155,-108.33
2026-08-31T09:35:00.000Z,SYNTH_CELL_B,156,-109.88
2026-08-31T09:35:00.000Z,SYNTH_CELL_B,157,-107.33
2026-08-31T09:35:00.000Z,SYNTH_CELL_B,158,-107.39
2026-08-31T09:35:00.000Z,SYNTH_CELL_B,159,-110.81
2026-08-31T09:35:00.000Z,SYNTH_CELL_B,160,-107.02
2026-08-31T09:35:00.000Z,SYNTH_CELL_B,161,-109.38
2026-08-31T09:35:00.000Z,SYNTH_CELL_B,162,-110.58
2026-08-31T09:35:00.000Z,SYNTH_CELL_B,163,-108.68
2026-08-31T09:35:00.000Z,SYNTH_CELL_B,164,-112.08
2026-08-31T09:35:00.000Z,SYNTH_CELL_B,165,-108
2026-08-31T09:35:00.000Z,SYNTH_CELL_B,166,-112.04
2026-08-31T09:35:00.000Z,SYNTH_CELL_B,167,-113.95
2026-08-31T09:35:00.000Z,SYNTH_CELL_B,168,-110.73
2026-08-31T09:35:00.000Z,SYNTH_CELL_B,169,-112.34
2026-08-31T09:35:00.000Z,SYNTH_CELL_B,170,-108.31
2026-08-31T09:35:00.000Z,SYNTH_CELL_B,171,-110.02
2026-08-31T09:35:00.000Z,SYNTH_CELL_B,172,-111.88
2026-08-31T09:35:00.000Z,SYNTH_CELL_B,173,-113.94
2026-08-31T09:35:00.000Z,SYNTH_CELL_B,174,-107.43
2026-08-31T09:35:00.000Z,SYNTH_CELL_B,175,-110.23
2026-08-31T09:35:00.000Z,SYNTH_CELL_B,176,-108.69
2026-08-31T09:35:00.000Z,SYNTH_CELL_B,177,-113.35
2026-08-31T09:35:00.000Z,SYNTH_CELL_B,178,-107.92
2026-08-31T09:35:00.000Z,SYNTH_CELL_B,179,-110.42
2026-08-31T09:35:00.000Z,SYNTH_CELL_B,180,-110.53
2026-08-31T09:35:00.000Z,SYNTH_CELL_B,181,-110.56
2026-08-31T09:35:00.000Z,SYNTH_CELL_B,182,-113.75
2026-08-31T09:35:00.000Z,SYNTH_CELL_B,183,-110.36
2026-08-31T09:35:00.000Z,SYNTH_CELL_B,184,-113.04
2026-08-31T09:35:00.000Z,SYNTH_CELL_B,185,-108.43
2026-08-31T09:35:00.000Z,SYNTH_CELL_B,186,-108.57
2026-08-31T09:35:00.000Z,SYNTH_CELL_B,187,-112.98
2026-08-31T09:35:00.000Z,SYNTH_CELL_B,188,-111.54
2026-08-31T09:35:00.000Z,SYNTH_CELL_B,189,-107.6
2026-08-31T09:35:00.000Z,SYNTH_CELL_B,190,-108.44
2026-08-31T09:35:00.000Z,SYNTH_CELL_B,191,-107.94
2026-08-31T09:35:00.000Z,SYNTH_CELL_B,192,-109.22
2026-08-31T09:35:00.000Z,SYNTH_CELL_B,193,-113.62
2026-08-31T09:35:00.000Z,SYNTH_CELL_B,194,-111.47
2026-08-31T09:35:00.000Z,SYNTH_CELL_B,195,-109.1
2026-08-31T09:35:00.000Z,SYNTH_CELL_B,196,-113.47
2026-08-31T09:35:00.000Z,SYNTH_CELL_B,197,-113.62
2026-08-31T09:35:00.000Z,SYNTH_CELL_B,198,-113.18
2026-08-31T09:35:00.000Z,SYNTH_CELL_B,199,-112.25
2026-08-31T09:35:00.000Z,SYNTH_CELL_B,200,-107.26
2026-08-31T09:35:00.000Z,SYNTH_CELL_B,201,-112.87
2026-08-31T09:35:00.000Z,SYNTH_CELL_B,202,-110.99
2026-08-31T09:35:00.000Z,SYNTH_CELL_B,203,-112.32
2026-08-31T09:35:00.000Z,SYNTH_CELL_B,204,-108.17
2026-08-31T09:35:00.000Z,SYNTH_CELL_B,205,-111.45
2026-08-31T09:35:00.000Z,SYNTH_CELL_B,206,-112.99
2026-08-31T09:35:00.000Z,SYNTH_CELL_B,207,-109.29
2026-08-31T09:35:00.000Z,SYNTH_CELL_B,208,-112.93
2026-08-31T09:35:00.000Z,SYNTH_CELL_B,209,-111.15
2026-08-31T09:35:00.000Z,SYNTH_CELL_B,210,-109.59
2026-08-31T09:35:00.000Z,SYNTH_CELL_B,211,-108.8
2026-08-31T09:35:00.000Z,SYNTH_CELL_B,212,-110.56
2026-08-31T09:35:00.000Z,SYNTH_CELL_B,213,-109.59
2026-08-31T09:35:00.000Z,SYNTH_CELL_B,214,-107.26
2026-08-31T09:35:00.000Z,SYNTH_CELL_B,215,-109.59
2026-08-31T09:35:00.000Z,SYNTH_CELL_B,216,-108.85
2026-08-31T09:35:00.000Z,SYNTH_CELL_B,217,-108.7
2026-08-31T09:35:00.000Z,SYNTH_CELL_B,218,-113.11
2026-08-31T09:35:00.000Z,SYNTH_CELL_B,219,-111.73
2026-08-31T09:35:00.000Z,SYNTH_CELL_B,220,-112.36
2026-08-31T09:35:00.000Z,SYNTH_CELL_B,221,-108.47
2026-08-31T09:35:00.000Z,SYNTH_CELL_B,222,-113.46
2026-08-31T09:35:00.000Z,SYNTH_CELL_B,223,-109.68
2026-08-31T09:35:00.000Z,SYNTH_CELL_B,224,-108.77
2026-08-31T09:35:00.000Z,SYNTH_CELL_B,225,-113.09
2026-08-31T09:35:00.000Z,SYNTH_CELL_B,226,-110.26
2026-08-31T09:35:00.000Z,SYNTH_CELL_B,227,-111.27
2026-08-31T09:35:00.000Z,SYNTH_CELL_B,228,-113.59
2026-08-31T09:35:00.000Z,SYNTH_CELL_B,229,-113.52
2026-08-31T09:35:00.000Z,SYNTH_CELL_B,230,-111.32
2026-08-31T09:35:00.000Z,SYNTH_CELL_B,231,-111.63
2026-08-31T09:35:00.000Z,SYNTH_CELL_B,232,-113.12
2026-08-31T09:35:00.000Z,SYNTH_CELL_B,233,-108.63
2026-08-31T09:35:00.000Z,SYNTH_CELL_B,234,-110.13
2026-08-31T09:35:00.000Z,SYNTH_CELL_B,235,-112.37
2026-08-31T09:35:00.000Z,SYNTH_CELL_B,236,-109.33
2026-08-31T09:35:00.000Z,SYNTH_CELL_B,237,-108.15
2026-08-31T09:35:00.000Z,SYNTH_CELL_B,238,-112.02
2026-08-31T09:35:00.000Z,SYNTH_CELL_B,239,-108.17
2026-08-31T09:35:00.000Z,SYNTH_CELL_B,240,-113.43
2026-08-31T09:35:00.000Z,SYNTH_CELL_B,241,-109.89
2026-08-31T09:35:00.000Z,SYNTH_CELL_B,242,-109.32
2026-08-31T09:35:00.000Z,SYNTH_CELL_B,243,-110.38
2026-08-31T09:35:00.000Z,SYNTH_CELL_B,244,-109.74
2026-08-31T09:35:00.000Z,SYNTH_CELL_B,245,-113.49
2026-08-31T09:35:00.000Z,SYNTH_CELL_B,246,-110.89
2026-08-31T09:35:00.000Z,SYNTH_CELL_B,247,-109
2026-08-31T09:35:00.000Z,SYNTH_CELL_B,248,-109.04
2026-08-31T09:35:00.000Z,SYNTH_CELL_B,249,-107.61
2026-08-31T09:35:00.000Z,SYNTH_CELL_B,250,-107.54
2026-08-31T09:35:00.000Z,SYNTH_CELL_B,251,-112.87
2026-08-31T09:35:00.000Z,SYNTH_CELL_B,252,-109.95
2026-08-31T09:35:00.000Z,SYNTH_CELL_B,253,-107.04
2026-08-31T09:35:00.000Z,SYNTH_CELL_B,254,-113.27
2026-08-31T09:35:00.000Z,SYNTH_CELL_B,255,-113.82
2026-08-31T09:35:00.000Z,SYNTH_CELL_B,256,-108.19
2026-08-31T09:35:00.000Z,SYNTH_CELL_B,257,-113.99
2026-08-31T09:35:00.000Z,SYNTH_CELL_B,258,-107.56
2026-08-31T09:35:00.000Z,SYNTH_CELL_B,259,-107.99
2026-08-31T09:35:00.000Z,SYNTH_CELL_B,260,-111.8
2026-08-31T09:35:00.000Z,SYNTH_CELL_B,261,-108.36
2026-08-31T09:35:00.000Z,SYNTH_CELL_B,262,-109.52
2026-08-31T09:35:00.000Z,SYNTH_CELL_B,263,-111.21
2026-08-31T09:35:00.000Z,SYNTH_CELL_B,264,-113.11
2026-08-31T09:35:00.000Z,SYNTH_CELL_B,265,-109.47
2026-08-31T09:35:00.000Z,SYNTH_CELL_B,266,-110.5
2026-08-31T09:35:00.000Z,SYNTH_CELL_B,267,-113.14
2026-08-31T09:35:00.000Z,SYNTH_CELL_B,268,-107.93
2026-08-31T09:35:00.000Z,SYNTH_CELL_B,269,-113.51
2026-08-31T09:35:00.000Z,SYNTH_CELL_B,270,-109.82
2026-08-31T09:35:00.000Z,SYNTH_CELL_B,271,-110.25
2026-08-31T09:35:00.000Z,SYNTH_CELL_B,272,-112.66
2026-08-31T09:40:00.000Z,SYNTH_CELL_B,0,-107.59
2026-08-31T09:40:00.000Z,SYNTH_CELL_B,1,-107.48
2026-08-31T09:40:00.000Z,SYNTH_CELL_B,2,-108.47
2026-08-31T09:40:00.000Z,SYNTH_CELL_B,3,-111.45
2026-08-31T09:40:00.000Z,SYNTH_CELL_B,4,-113.62
2026-08-31T09:40:00.000Z,SYNTH_CELL_B,5,-109.68
2026-08-31T09:40:00.000Z,SYNTH_CELL_B,6,-108.09
2026-08-31T09:40:00.000Z,SYNTH_CELL_B,7,-110.85
2026-08-31T09:40:00.000Z,SYNTH_CELL_B,8,-110.56
2026-08-31T09:40:00.000Z,SYNTH_CELL_B,9,-110.8
2026-08-31T09:40:00.000Z,SYNTH_CELL_B,10,-110.8
2026-08-31T09:40:00.000Z,SYNTH_CELL_B,11,-113.07
2026-08-31T09:40:00.000Z,SYNTH_CELL_B,12,-112
2026-08-31T09:40:00.000Z,SYNTH_CELL_B,13,-107.68
2026-08-31T09:40:00.000Z,SYNTH_CELL_B,14,-110.03
2026-08-31T09:40:00.000Z,SYNTH_CELL_B,15,-112.83
2026-08-31T09:40:00.000Z,SYNTH_CELL_B,16,-107.62
2026-08-31T09:40:00.000Z,SYNTH_CELL_B,17,-111.83
2026-08-31T09:40:00.000Z,SYNTH_CELL_B,18,-107.43
2026-08-31T09:40:00.000Z,SYNTH_CELL_B,19,-109.07
2026-08-31T09:40:00.000Z,SYNTH_CELL_B,20,-112.03
2026-08-31T09:40:00.000Z,SYNTH_CELL_B,21,-109.03
2026-08-31T09:40:00.000Z,SYNTH_CELL_B,22,-109.81
2026-08-31T09:40:00.000Z,SYNTH_CELL_B,23,-109.53
2026-08-31T09:40:00.000Z,SYNTH_CELL_B,24,-109.72
2026-08-31T09:40:00.000Z,SYNTH_CELL_B,25,-108.88
2026-08-31T09:40:00.000Z,SYNTH_CELL_B,26,-113.05
2026-08-31T09:40:00.000Z,SYNTH_CELL_B,27,-113.31
2026-08-31T09:40:00.000Z,SYNTH_CELL_B,28,-112.99
2026-08-31T09:40:00.000Z,SYNTH_CELL_B,29,-109.34
2026-08-31T09:40:00.000Z,SYNTH_CELL_B,30,-108.15
2026-08-31T09:40:00.000Z,SYNTH_CELL_B,31,-113.34
2026-08-31T09:40:00.000Z,SYNTH_CELL_B,32,-109.07
2026-08-31T09:40:00.000Z,SYNTH_CELL_B,33,-109.07
2026-08-31T09:40:00.000Z,SYNTH_CELL_B,34,-109.48
2026-08-31T09:40:00.000Z,SYNTH_CELL_B,35,-111.42
2026-08-31T09:40:00.000Z,SYNTH_CELL_B,36,-113.69
2026-08-31T09:40:00.000Z,SYNTH_CELL_B,37,-111.13
2026-08-31T09:40:00.000Z,SYNTH_CELL_B,38,-107.73
2026-08-31T09:40:00.000Z,SYNTH_CELL_B,39,-110.59
2026-08-31T09:40:00.000Z,SYNTH_CELL_B,40,-107.54
2026-08-31T09:40:00.000Z,SYNTH_CELL_B,41,-110.77
2026-08-31T09:40:00.000Z,SYNTH_CELL_B,42,-109.04
2026-08-31T09:40:00.000Z,SYNTH_CELL_B,43,-112.09
2026-08-31T09:40:00.000Z,SYNTH_CELL_B,44,-108.18
2026-08-31T09:40:00.000Z,SYNTH_CELL_B,45,-108.48
2026-08-31T09:40:00.000Z,SYNTH_CELL_B,46,-113.92
2026-08-31T09:40:00.000Z,SYNTH_CELL_B,47,-109.36
2026-08-31T09:40:00.000Z,SYNTH_CELL_B,48,-112.19
2026-08-31T09:40:00.000Z,SYNTH_CELL_B,49,-112.73
2026-08-31T09:40:00.000Z,SYNTH_CELL_B,50,-113.77
2026-08-31T09:40:00.000Z,SYNTH_CELL_B,51,-113.28
2026-08-31T09:40:00.000Z,SYNTH_CELL_B,52,-111.23
2026-08-31T09:40:00.000Z,SYNTH_CELL_B,53,-110.49
2026-08-31T09:40:00.000Z,SYNTH_CELL_B,54,-112.77
2026-08-31T09:40:00.000Z,SYNTH_CELL_B,55,-109.78
2026-08-31T09:40:00.000Z,SYNTH_CELL_B,56,-113.05
2026-08-31T09:40:00.000Z,SYNTH_CELL_B,57,-109.65
2026-08-31T09:40:00.000Z,SYNTH_CELL_B,58,-113.12
2026-08-31T09:40:00.000Z,SYNTH_CELL_B,59,-109.81
2026-08-31T09:40:00.000Z,SYNTH_CELL_B,60,-112.22
2026-08-31T09:40:00.000Z,SYNTH_CELL_B,61,-112.36
2026-08-31T09:40:00.000Z,SYNTH_CELL_B,62,-113.65
2026-08-31T09:40:00.000Z,SYNTH_CELL_B,63,-108.85
2026-08-31T09:40:00.000Z,SYNTH_CELL_B,64,-109.72
2026-08-31T09:40:00.000Z,SYNTH_CELL_B,65,-109.41
2026-08-31T09:40:00.000Z,SYNTH_CELL_B,66,-108.6
2026-08-31T09:40:00.000Z,SYNTH_CELL_B,67,-108.81
2026-08-31T09:40:00.000Z,SYNTH_CELL_B,68,-112.32
2026-08-31T09:40:00.000Z,SYNTH_CELL_B,69,-108.5
2026-08-31T09:40:00.000Z,SYNTH_CELL_B,70,-108.72
2026-08-31T09:40:00.000Z,SYNTH_CELL_B,71,-110.56
2026-08-31T09:40:00.000Z,SYNTH_CELL_B,72,-112.56
2026-08-31T09:40:00.000Z,SYNTH_CELL_B,73,-111.64
2026-08-31T09:40:00.000Z,SYNTH_CELL_B,74,-108.54
2026-08-31T09:40:00.000Z,SYNTH_CELL_B,75,-110.86
2026-08-31T09:40:00.000Z,SYNTH_CELL_B,76,-113.53
2026-08-31T09:40:00.000Z,SYNTH_CELL_B,77,-110.59
2026-08-31T09:40:00.000Z,SYNTH_CELL_B,78,-112.75
2026-08-31T09:40:00.000Z,SYNTH_CELL_B,79,-110.19
2026-08-31T09:40:00.000Z,SYNTH_CELL_B,80,-108.08
2026-08-31T09:40:00.000Z,SYNTH_CELL_B,81,-113.7
2026-08-31T09:40:00.000Z,SYNTH_CELL_B,82,-110.42
2026-08-31T09:40:00.000Z,SYNTH_CELL_B,83,-109.4
2026-08-31T09:40:00.000Z,SYNTH_CELL_B,84,-111.18
2026-08-31T09:40:00.000Z,SYNTH_CELL_B,85,-112.32
2026-08-31T09:40:00.000Z,SYNTH_CELL_B,86,-109.79
2026-08-31T09:40:00.000Z,SYNTH_CELL_B,87,-108.66
2026-08-31T09:40:00.000Z,SYNTH_CELL_B,88,-113.32
2026-08-31T09:40:00.000Z,SYNTH_CELL_B,89,-112.14
2026-08-31T09:40:00.000Z,SYNTH_CELL_B,90,-108.23
2026-08-31T09:40:00.000Z,SYNTH_CELL_B,91,-108.19
2026-08-31T09:40:00.000Z,SYNTH_CELL_B,92,-109.13
2026-08-31T09:40:00.000Z,SYNTH_CELL_B,93,-110.16
2026-08-31T09:40:00.000Z,SYNTH_CELL_B,94,-109.72
2026-08-31T09:40:00.000Z,SYNTH_CELL_B,95,-110.31
2026-08-31T09:40:00.000Z,SYNTH_CELL_B,96,-110.8
2026-08-31T09:40:00.000Z,SYNTH_CELL_B,97,-107.79
2026-08-31T09:40:00.000Z,SYNTH_CELL_B,98,-113.28
2026-08-31T09:40:00.000Z,SYNTH_CELL_B,99,-108.52
2026-08-31T09:40:00.000Z,SYNTH_CELL_B,100,-111.46
2026-08-31T09:40:00.000Z,SYNTH_CELL_B,101,-110.96
2026-08-31T09:40:00.000Z,SYNTH_CELL_B,102,-107.23
2026-08-31T09:40:00.000Z,SYNTH_CELL_B,103,-112.76
2026-08-31T09:40:00.000Z,SYNTH_CELL_B,104,-110.49
2026-08-31T09:40:00.000Z,SYNTH_CELL_B,105,-110.37
2026-08-31T09:40:00.000Z,SYNTH_CELL_B,106,-111.56
2026-08-31T09:40:00.000Z,SYNTH_CELL_B,107,-112.56
2026-08-31T09:40:00.000Z,SYNTH_CELL_B,108,-109.73
2026-08-31T09:40:00.000Z,SYNTH_CELL_B,109,-111.81
2026-08-31T09:40:00.000Z,SYNTH_CELL_B,110,-113.91
2026-08-31T09:40:00.000Z,SYNTH_CELL_B,111,-111.67
2026-08-31T09:40:00.000Z,SYNTH_CELL_B,112,-108.27
2026-08-31T09:40:00.000Z,SYNTH_CELL_B,113,-112.04
2026-08-31T09:40:00.000Z,SYNTH_CELL_B,114,-109.05
2026-08-31T09:40:00.000Z,SYNTH_CELL_B,115,-108.35
2026-08-31T09:40:00.000Z,SYNTH_CELL_B,116,-109.37
2026-08-31T09:40:00.000Z,SYNTH_CELL_B,117,-111.68
2026-08-31T09:40:00.000Z,SYNTH_CELL_B,118,-108.16
2026-08-31T09:40:00.000Z,SYNTH_CELL_B,119,-112.87
2026-08-31T09:40:00.000Z,SYNTH_CELL_B,120,-111.07
2026-08-31T09:40:00.000Z,SYNTH_CELL_B,121,-109.53
2026-08-31T09:40:00.000Z,SYNTH_CELL_B,122,-110.49
2026-08-31T09:40:00.000Z,SYNTH_CELL_B,123,-112.01
2026-08-31T09:40:00.000Z,SYNTH_CELL_B,124,-107.6
2026-08-31T09:40:00.000Z,SYNTH_CELL_B,125,-107.32
2026-08-31T09:40:00.000Z,SYNTH_CELL_B,126,-113.44
2026-08-31T09:40:00.000Z,SYNTH_CELL_B,127,-107.09
2026-08-31T09:40:00.000Z,SYNTH_CELL_B,128,-108.02
2026-08-31T09:40:00.000Z,SYNTH_CELL_B,129,-111.41
2026-08-31T09:40:00.000Z,SYNTH_CELL_B,130,-111.42
2026-08-31T09:40:00.000Z,SYNTH_CELL_B,131,-107.71
2026-08-31T09:40:00.000Z,SYNTH_CELL_B,132,-107.99
2026-08-31T09:40:00.000Z,SYNTH_CELL_B,133,-111.62
2026-08-31T09:40:00.000Z,SYNTH_CELL_B,134,-110.42
2026-08-31T09:40:00.000Z,SYNTH_CELL_B,135,-109.81
2026-08-31T09:40:00.000Z,SYNTH_CELL_B,136,-111.95
2026-08-31T09:40:00.000Z,SYNTH_CELL_B,137,-107.86
2026-08-31T09:40:00.000Z,SYNTH_CELL_B,138,-108.44
2026-08-31T09:40:00.000Z,SYNTH_CELL_B,139,-108.18
2026-08-31T09:40:00.000Z,SYNTH_CELL_B,140,-113.54
2026-08-31T09:40:00.000Z,SYNTH_CELL_B,141,-108.81
2026-08-31T09:40:00.000Z,SYNTH_CELL_B,142,-110.74
2026-08-31T09:40:00.000Z,SYNTH_CELL_B,143,-109.45
2026-08-31T09:40:00.000Z,SYNTH_CELL_B,144,-110.43
2026-08-31T09:40:00.000Z,SYNTH_CELL_B,145,-110.36
2026-08-31T09:40:00.000Z,SYNTH_CELL_B,146,-108.94
2026-08-31T09:40:00.000Z,SYNTH_CELL_B,147,-111.38
2026-08-31T09:40:00.000Z,SYNTH_CELL_B,148,-110.49
2026-08-31T09:40:00.000Z,SYNTH_CELL_B,149,-111.02
2026-08-31T09:40:00.000Z,SYNTH_CELL_B,150,-107.11
2026-08-31T09:40:00.000Z,SYNTH_CELL_B,151,-112.5
2026-08-31T09:40:00.000Z,SYNTH_CELL_B,152,-107.47
2026-08-31T09:40:00.000Z,SYNTH_CELL_B,153,-109.01
2026-08-31T09:40:00.000Z,SYNTH_CELL_B,154,-109.74
2026-08-31T09:40:00.000Z,SYNTH_CELL_B,155,-110.89
2026-08-31T09:40:00.000Z,SYNTH_CELL_B,156,-109.23
2026-08-31T09:40:00.000Z,SYNTH_CELL_B,157,-109.99
2026-08-31T09:40:00.000Z,SYNTH_CELL_B,158,-113.1
2026-08-31T09:40:00.000Z,SYNTH_CELL_B,159,-107.03
2026-08-31T09:40:00.000Z,SYNTH_CELL_B,160,-112.87
2026-08-31T09:40:00.000Z,SYNTH_CELL_B,161,-111.1
2026-08-31T09:40:00.000Z,SYNTH_CELL_B,162,-112.96
2026-08-31T09:40:00.000Z,SYNTH_CELL_B,163,-111.19
2026-08-31T09:40:00.000Z,SYNTH_CELL_B,164,-110.04
2026-08-31T09:40:00.000Z,SYNTH_CELL_B,165,-110.88
2026-08-31T09:40:00.000Z,SYNTH_CELL_B,166,-107.35
2026-08-31T09:40:00.000Z,SYNTH_CELL_B,167,-107.06
2026-08-31T09:40:00.000Z,SYNTH_CELL_B,168,-107.92
2026-08-31T09:40:00.000Z,SYNTH_CELL_B,169,-110.76
2026-08-31T09:40:00.000Z,SYNTH_CELL_B,170,-107.69
2026-08-31T09:40:00.000Z,SYNTH_CELL_B,171,-112.07
2026-08-31T09:40:00.000Z,SYNTH_CELL_B,172,-109.52
2026-08-31T09:40:00.000Z,SYNTH_CELL_B,173,-108.16
2026-08-31T09:40:00.000Z,SYNTH_CELL_B,174,-109.15
2026-08-31T09:40:00.000Z,SYNTH_CELL_B,175,-110.44
2026-08-31T09:40:00.000Z,SYNTH_CELL_B,176,-109.03
2026-08-31T09:40:00.000Z,SYNTH_CELL_B,177,-109.67
2026-08-31T09:40:00.000Z,SYNTH_CELL_B,178,-111.06
2026-08-31T09:40:00.000Z,SYNTH_CELL_B,179,-111.37
2026-08-31T09:40:00.000Z,SYNTH_CELL_B,180,-109.24
2026-08-31T09:40:00.000Z,SYNTH_CELL_B,181,-108.12
2026-08-31T09:40:00.000Z,SYNTH_CELL_B,182,-110.28
2026-08-31T09:40:00.000Z,SYNTH_CELL_B,183,-108.08
2026-08-31T09:40:00.000Z,SYNTH_CELL_B,184,-112.01
2026-08-31T09:40:00.000Z,SYNTH_CELL_B,185,-107.53
2026-08-31T09:40:00.000Z,SYNTH_CELL_B,186,-109.87
2026-08-31T09:40:00.000Z,SYNTH_CELL_B,187,-112.53
2026-08-31T09:40:00.000Z,SYNTH_CELL_B,188,-110.15
2026-08-31T09:40:00.000Z,SYNTH_CELL_B,189,-111.6
2026-08-31T09:40:00.000Z,SYNTH_CELL_B,190,-108.29
2026-08-31T09:40:00.000Z,SYNTH_CELL_B,191,-111.54
2026-08-31T09:40:00.000Z,SYNTH_CELL_B,192,-109.05
2026-08-31T09:40:00.000Z,SYNTH_CELL_B,193,-110.27
2026-08-31T09:40:00.000Z,SYNTH_CELL_B,194,-111.61
2026-08-31T09:40:00.000Z,SYNTH_CELL_B,195,-111.74
2026-08-31T09:40:00.000Z,SYNTH_CELL_B,196,-108.66
2026-08-31T09:40:00.000Z,SYNTH_CELL_B,197,-112.87
2026-08-31T09:40:00.000Z,SYNTH_CELL_B,198,-113.37
2026-08-31T09:40:00.000Z,SYNTH_CELL_B,199,-111.62
2026-08-31T09:40:00.000Z,SYNTH_CELL_B,200,-109.43
2026-08-31T09:40:00.000Z,SYNTH_CELL_B,201,-107.98
2026-08-31T09:40:00.000Z,SYNTH_CELL_B,202,-112.89
2026-08-31T09:40:00.000Z,SYNTH_CELL_B,203,-112.09
2026-08-31T09:40:00.000Z,SYNTH_CELL_B,204,-108.11
2026-08-31T09:40:00.000Z,SYNTH_CELL_B,205,-110.38
2026-08-31T09:40:00.000Z,SYNTH_CELL_B,206,-109.64
2026-08-31T09:40:00.000Z,SYNTH_CELL_B,207,-108.61
2026-08-31T09:40:00.000Z,SYNTH_CELL_B,208,-112.08
2026-08-31T09:40:00.000Z,SYNTH_CELL_B,209,-112.11
2026-08-31T09:40:00.000Z,SYNTH_CELL_B,210,-109.91
2026-08-31T09:40:00.000Z,SYNTH_CELL_B,211,-112.87
2026-08-31T09:40:00.000Z,SYNTH_CELL_B,212,-110.37
2026-08-31T09:40:00.000Z,SYNTH_CELL_B,213,-111.7
2026-08-31T09:40:00.000Z,SYNTH_CELL_B,214,-111.35
2026-08-31T09:40:00.000Z,SYNTH_CELL_B,215,-112.32
2026-08-31T09:40:00.000Z,SYNTH_CELL_B,216,-107.19
2026-08-31T09:40:00.000Z,SYNTH_CELL_B,217,-108.55
2026-08-31T09:40:00.000Z,SYNTH_CELL_B,218,-108.68
2026-08-31T09:40:00.000Z,SYNTH_CELL_B,219,-113.29
2026-08-31T09:40:00.000Z,SYNTH_CELL_B,220,-113.95
2026-08-31T09:40:00.000Z,SYNTH_CELL_B,221,-110.64
2026-08-31T09:40:00.000Z,SYNTH_CELL_B,222,-107.43
2026-08-31T09:40:00.000Z,SYNTH_CELL_B,223,-112.88
2026-08-31T09:40:00.000Z,SYNTH_CELL_B,224,-107.88
2026-08-31T09:40:00.000Z,SYNTH_CELL_B,225,-112.42
2026-08-31T09:40:00.000Z,SYNTH_CELL_B,226,-111.5
2026-08-31T09:40:00.000Z,SYNTH_CELL_B,227,-110.7
2026-08-31T09:40:00.000Z,SYNTH_CELL_B,228,-112
2026-08-31T09:40:00.000Z,SYNTH_CELL_B,229,-112.05
2026-08-31T09:40:00.000Z,SYNTH_CELL_B,230,-113.81
2026-08-31T09:40:00.000Z,SYNTH_CELL_B,231,-110.45
2026-08-31T09:40:00.000Z,SYNTH_CELL_B,232,-110.39
2026-08-31T09:40:00.000Z,SYNTH_CELL_B,233,-111.21
2026-08-31T09:40:00.000Z,SYNTH_CELL_B,234,-111.47
2026-08-31T09:40:00.000Z,SYNTH_CELL_B,235,-110.65
2026-08-31T09:40:00.000Z,SYNTH_CELL_B,236,-107.57
2026-08-31T09:40:00.000Z,SYNTH_CELL_B,237,-110.57
2026-08-31T09:40:00.000Z,SYNTH_CELL_B,238,-111.42
2026-08-31T09:40:00.000Z,SYNTH_CELL_B,239,-111.8
2026-08-31T09:40:00.000Z,SYNTH_CELL_B,240,-108.58
2026-08-31T09:40:00.000Z,SYNTH_CELL_B,241,-107.49
2026-08-31T09:40:00.000Z,SYNTH_CELL_B,242,-113.1
2026-08-31T09:40:00.000Z,SYNTH_CELL_B,243,-111.43
2026-08-31T09:40:00.000Z,SYNTH_CELL_B,244,-111.3
2026-08-31T09:40:00.000Z,SYNTH_CELL_B,245,-109.24
2026-08-31T09:40:00.000Z,SYNTH_CELL_B,246,-110.59
2026-08-31T09:40:00.000Z,SYNTH_CELL_B,247,-107.46
2026-08-31T09:40:00.000Z,SYNTH_CELL_B,248,-111.48
2026-08-31T09:40:00.000Z,SYNTH_CELL_B,249,-112.57
2026-08-31T09:40:00.000Z,SYNTH_CELL_B,250,-107.55
2026-08-31T09:40:00.000Z,SYNTH_CELL_B,251,-109.86
2026-08-31T09:40:00.000Z,SYNTH_CELL_B,252,-113.65
2026-08-31T09:40:00.000Z,SYNTH_CELL_B,253,-112.29
2026-08-31T09:40:00.000Z,SYNTH_CELL_B,254,-110.1
2026-08-31T09:40:00.000Z,SYNTH_CELL_B,255,-111.2
2026-08-31T09:40:00.000Z,SYNTH_CELL_B,256,-113
2026-08-31T09:40:00.000Z,SYNTH_CELL_B,257,-110.91
2026-08-31T09:40:00.000Z,SYNTH_CELL_B,258,-111.69
2026-08-31T09:40:00.000Z,SYNTH_CELL_B,259,-107.32
2026-08-31T09:40:00.000Z,SYNTH_CELL_B,260,-111.19
2026-08-31T09:40:00.000Z,SYNTH_CELL_B,261,-108.34
2026-08-31T09:40:00.000Z,SYNTH_CELL_B,262,-111.82
2026-08-31T09:40:00.000Z,SYNTH_CELL_B,263,-112.26
2026-08-31T09:40:00.000Z,SYNTH_CELL_B,264,-109.83
2026-08-31T09:40:00.000Z,SYNTH_CELL_B,265,-107.1
2026-08-31T09:40:00.000Z,SYNTH_CELL_B,266,-112.16
2026-08-31T09:40:00.000Z,SYNTH_CELL_B,267,-111.77
2026-08-31T09:40:00.000Z,SYNTH_CELL_B,268,-109.22
2026-08-31T09:40:00.000Z,SYNTH_CELL_B,269,-112.3
2026-08-31T09:40:00.000Z,SYNTH_CELL_B,270,-110.77
2026-08-31T09:40:00.000Z,SYNTH_CELL_B,271,-109.92
2026-08-31T09:40:00.000Z,SYNTH_CELL_B,272,-111.86
2026-08-31T09:45:00.000Z,SYNTH_CELL_B,0,-110.54
2026-08-31T09:45:00.000Z,SYNTH_CELL_B,1,-109.52
2026-08-31T09:45:00.000Z,SYNTH_CELL_B,2,-111.02
2026-08-31T09:45:00.000Z,SYNTH_CELL_B,3,-108.44
2026-08-31T09:45:00.000Z,SYNTH_CELL_B,4,-113.26
2026-08-31T09:45:00.000Z,SYNTH_CELL_B,5,-109.9
2026-08-31T09:45:00.000Z,SYNTH_CELL_B,6,-111.8
2026-08-31T09:45:00.000Z,SYNTH_CELL_B,7,-113.06
2026-08-31T09:45:00.000Z,SYNTH_CELL_B,8,-113.9
2026-08-31T09:45:00.000Z,SYNTH_CELL_B,9,-111.11
2026-08-31T09:45:00.000Z,SYNTH_CELL_B,10,-111.96
2026-08-31T09:45:00.000Z,SYNTH_CELL_B,11,-111.96
2026-08-31T09:45:00.000Z,SYNTH_CELL_B,12,-111.88
2026-08-31T09:45:00.000Z,SYNTH_CELL_B,13,-109.87
2026-08-31T09:45:00.000Z,SYNTH_CELL_B,14,-112.28
2026-08-31T09:45:00.000Z,SYNTH_CELL_B,15,-113.29
2026-08-31T09:45:00.000Z,SYNTH_CELL_B,16,-111.66
2026-08-31T09:45:00.000Z,SYNTH_CELL_B,17,-109.76
2026-08-31T09:45:00.000Z,SYNTH_CELL_B,18,-108.45
2026-08-31T09:45:00.000Z,SYNTH_CELL_B,19,-107.88
2026-08-31T09:45:00.000Z,SYNTH_CELL_B,20,-107.98
2026-08-31T09:45:00.000Z,SYNTH_CELL_B,21,-109.41
2026-08-31T09:45:00.000Z,SYNTH_CELL_B,22,-108.36
2026-08-31T09:45:00.000Z,SYNTH_CELL_B,23,-109.46
2026-08-31T09:45:00.000Z,SYNTH_CELL_B,24,-107.23
2026-08-31T09:45:00.000Z,SYNTH_CELL_B,25,-110.7
2026-08-31T09:45:00.000Z,SYNTH_CELL_B,26,-108.47
2026-08-31T09:45:00.000Z,SYNTH_CELL_B,27,-109.79
2026-08-31T09:45:00.000Z,SYNTH_CELL_B,28,-107.78
2026-08-31T09:45:00.000Z,SYNTH_CELL_B,29,-111.8
2026-08-31T09:45:00.000Z,SYNTH_CELL_B,30,-113.22
2026-08-31T09:45:00.000Z,SYNTH_CELL_B,31,-109.72
2026-08-31T09:45:00.000Z,SYNTH_CELL_B,32,-109.57
2026-08-31T09:45:00.000Z,SYNTH_CELL_B,33,-113.11
2026-08-31T09:45:00.000Z,SYNTH_CELL_B,34,-113.75
2026-08-31T09:45:00.000Z,SYNTH_CELL_B,35,-113.76
2026-08-31T09:45:00.000Z,SYNTH_CELL_B,36,-111.06
2026-08-31T09:45:00.000Z,SYNTH_CELL_B,37,-107.5
2026-08-31T09:45:00.000Z,SYNTH_CELL_B,38,-110.38
2026-08-31T09:45:00.000Z,SYNTH_CELL_B,39,-108.96
2026-08-31T09:45:00.000Z,SYNTH_CELL_B,40,-108.3
2026-08-31T09:45:00.000Z,SYNTH_CELL_B,41,-110.53
2026-08-31T09:45:00.000Z,SYNTH_CELL_B,42,-109.24
2026-08-31T09:45:00.000Z,SYNTH_CELL_B,43,-111.27
2026-08-31T09:45:00.000Z,SYNTH_CELL_B,44,-110.41
2026-08-31T09:45:00.000Z,SYNTH_CELL_B,45,-110.92
2026-08-31T09:45:00.000Z,SYNTH_CELL_B,46,-107.85
2026-08-31T09:45:00.000Z,SYNTH_CELL_B,47,-110.93
2026-08-31T09:45:00.000Z,SYNTH_CELL_B,48,-109.33
2026-08-31T09:45:00.000Z,SYNTH_CELL_B,49,-108.57
2026-08-31T09:45:00.000Z,SYNTH_CELL_B,50,-112.3
2026-08-31T09:45:00.000Z,SYNTH_CELL_B,51,-111.98
2026-08-31T09:45:00.000Z,SYNTH_CELL_B,52,-109.73
2026-08-31T09:45:00.000Z,SYNTH_CELL_B,53,-113.35
2026-08-31T09:45:00.000Z,SYNTH_CELL_B,54,-110
2026-08-31T09:45:00.000Z,SYNTH_CELL_B,55,-111.02
2026-08-31T09:45:00.000Z,SYNTH_CELL_B,56,-107.75
2026-08-31T09:45:00.000Z,SYNTH_CELL_B,57,-110.64
2026-08-31T09:45:00.000Z,SYNTH_CELL_B,58,-110.75
2026-08-31T09:45:00.000Z,SYNTH_CELL_B,59,-112.31
2026-08-31T09:45:00.000Z,SYNTH_CELL_B,60,-110.75
2026-08-31T09:45:00.000Z,SYNTH_CELL_B,61,-111.72
2026-08-31T09:45:00.000Z,SYNTH_CELL_B,62,-110.35
2026-08-31T09:45:00.000Z,SYNTH_CELL_B,63,-108.25
2026-08-31T09:45:00.000Z,SYNTH_CELL_B,64,-107.91
2026-08-31T09:45:00.000Z,SYNTH_CELL_B,65,-113.08
2026-08-31T09:45:00.000Z,SYNTH_CELL_B,66,-110.47
2026-08-31T09:45:00.000Z,SYNTH_CELL_B,67,-108.21
2026-08-31T09:45:00.000Z,SYNTH_CELL_B,68,-111.69
2026-08-31T09:45:00.000Z,SYNTH_CELL_B,69,-110.54
2026-08-31T09:45:00.000Z,SYNTH_CELL_B,70,-111.9
2026-08-31T09:45:00.000Z,SYNTH_CELL_B,71,-109.78
2026-08-31T09:45:00.000Z,SYNTH_CELL_B,72,-110.1
2026-08-31T09:45:00.000Z,SYNTH_CELL_B,73,-111.4
2026-08-31T09:45:00.000Z,SYNTH_CELL_B,74,-110.14
2026-08-31T09:45:00.000Z,SYNTH_CELL_B,75,-109.5
2026-08-31T09:45:00.000Z,SYNTH_CELL_B,76,-112.79
2026-08-31T09:45:00.000Z,SYNTH_CELL_B,77,-108.58
2026-08-31T09:45:00.000Z,SYNTH_CELL_B,78,-108.08
2026-08-31T09:45:00.000Z,SYNTH_CELL_B,79,-110.28
2026-08-31T09:45:00.000Z,SYNTH_CELL_B,80,-109.55
2026-08-31T09:45:00.000Z,SYNTH_CELL_B,81,-107.01
2026-08-31T09:45:00.000Z,SYNTH_CELL_B,82,-111.67
2026-08-31T09:45:00.000Z,SYNTH_CELL_B,83,-110.57
2026-08-31T09:45:00.000Z,SYNTH_CELL_B,84,-110.28
2026-08-31T09:45:00.000Z,SYNTH_CELL_B,85,-110.58
2026-08-31T09:45:00.000Z,SYNTH_CELL_B,86,-109.2
2026-08-31T09:45:00.000Z,SYNTH_CELL_B,87,-109.9
2026-08-31T09:45:00.000Z,SYNTH_CELL_B,88,-112.79
2026-08-31T09:45:00.000Z,SYNTH_CELL_B,89,-110.96
2026-08-31T09:45:00.000Z,SYNTH_CELL_B,90,-111.77
2026-08-31T09:45:00.000Z,SYNTH_CELL_B,91,-108.97
2026-08-31T09:45:00.000Z,SYNTH_CELL_B,92,-110.99
2026-08-31T09:45:00.000Z,SYNTH_CELL_B,93,-113.03
2026-08-31T09:45:00.000Z,SYNTH_CELL_B,94,-108.39
2026-08-31T09:45:00.000Z,SYNTH_CELL_B,95,-111.17
2026-08-31T09:45:00.000Z,SYNTH_CELL_B,96,-108.98
2026-08-31T09:45:00.000Z,SYNTH_CELL_B,97,-112.31
2026-08-31T09:45:00.000Z,SYNTH_CELL_B,98,-110.96
2026-08-31T09:45:00.000Z,SYNTH_CELL_B,99,-111.08
2026-08-31T09:45:00.000Z,SYNTH_CELL_B,100,-112.92
2026-08-31T09:45:00.000Z,SYNTH_CELL_B,101,-108.58
2026-08-31T09:45:00.000Z,SYNTH_CELL_B,102,-107.14
2026-08-31T09:45:00.000Z,SYNTH_CELL_B,103,-112.05
2026-08-31T09:45:00.000Z,SYNTH_CELL_B,104,-107.97
2026-08-31T09:45:00.000Z,SYNTH_CELL_B,105,-113.44
2026-08-31T09:45:00.000Z,SYNTH_CELL_B,106,-110.31
2026-08-31T09:45:00.000Z,SYNTH_CELL_B,107,-109.9
2026-08-31T09:45:00.000Z,SYNTH_CELL_B,108,-111.11
2026-08-31T09:45:00.000Z,SYNTH_CELL_B,109,-110.16
2026-08-31T09:45:00.000Z,SYNTH_CELL_B,110,-110.1
2026-08-31T09:45:00.000Z,SYNTH_CELL_B,111,-112.91
2026-08-31T09:45:00.000Z,SYNTH_CELL_B,112,-110.4
2026-08-31T09:45:00.000Z,SYNTH_CELL_B,113,-112.99
2026-08-31T09:45:00.000Z,SYNTH_CELL_B,114,-112.37
2026-08-31T09:45:00.000Z,SYNTH_CELL_B,115,-107.62
2026-08-31T09:45:00.000Z,SYNTH_CELL_B,116,-107.44
2026-08-31T09:45:00.000Z,SYNTH_CELL_B,117,-109.52
2026-08-31T09:45:00.000Z,SYNTH_CELL_B,118,-113.99
2026-08-31T09:45:00.000Z,SYNTH_CELL_B,119,-110.95
2026-08-31T09:45:00.000Z,SYNTH_CELL_B,120,-108.35
2026-08-31T09:45:00.000Z,SYNTH_CELL_B,121,-110.74
2026-08-31T09:45:00.000Z,SYNTH_CELL_B,122,-109.8
2026-08-31T09:45:00.000Z,SYNTH_CELL_B,123,-113.25
2026-08-31T09:45:00.000Z,SYNTH_CELL_B,124,-111.61
2026-08-31T09:45:00.000Z,SYNTH_CELL_B,125,-113.31
2026-08-31T09:45:00.000Z,SYNTH_CELL_B,126,-110.11
2026-08-31T09:45:00.000Z,SYNTH_CELL_B,127,-109.13
2026-08-31T09:45:00.000Z,SYNTH_CELL_B,128,-112.84
2026-08-31T09:45:00.000Z,SYNTH_CELL_B,129,-108.15
2026-08-31T09:45:00.000Z,SYNTH_CELL_B,130,-111.67
2026-08-31T09:45:00.000Z,SYNTH_CELL_B,131,-111.93
2026-08-31T09:45:00.000Z,SYNTH_CELL_B,132,-111.89
2026-08-31T09:45:00.000Z,SYNTH_CELL_B,133,-108
2026-08-31T09:45:00.000Z,SYNTH_CELL_B,134,-112.42
2026-08-31T09:45:00.000Z,SYNTH_CELL_B,135,-110.7
2026-08-31T09:45:00.000Z,SYNTH_CELL_B,136,-113.94
2026-08-31T09:45:00.000Z,SYNTH_CELL_B,137,-111.09
2026-08-31T09:45:00.000Z,SYNTH_CELL_B,138,-112.98
2026-08-31T09:45:00.000Z,SYNTH_CELL_B,139,-110.77
2026-08-31T09:45:00.000Z,SYNTH_CELL_B,140,-110.05
2026-08-31T09:45:00.000Z,SYNTH_CELL_B,141,-113.83
2026-08-31T09:45:00.000Z,SYNTH_CELL_B,142,-110.73
2026-08-31T09:45:00.000Z,SYNTH_CELL_B,143,-111.74
2026-08-31T09:45:00.000Z,SYNTH_CELL_B,144,-112.74
2026-08-31T09:45:00.000Z,SYNTH_CELL_B,145,-110.38
2026-08-31T09:45:00.000Z,SYNTH_CELL_B,146,-113.88
2026-08-31T09:45:00.000Z,SYNTH_CELL_B,147,-107.99
2026-08-31T09:45:00.000Z,SYNTH_CELL_B,148,-113.06
2026-08-31T09:45:00.000Z,SYNTH_CELL_B,149,-108.31
2026-08-31T09:45:00.000Z,SYNTH_CELL_B,150,-111.15
2026-08-31T09:45:00.000Z,SYNTH_CELL_B,151,-112.64
2026-08-31T09:45:00.000Z,SYNTH_CELL_B,152,-111.88
2026-08-31T09:45:00.000Z,SYNTH_CELL_B,153,-112.05
2026-08-31T09:45:00.000Z,SYNTH_CELL_B,154,-108.54
2026-08-31T09:45:00.000Z,SYNTH_CELL_B,155,-107.65
2026-08-31T09:45:00.000Z,SYNTH_CELL_B,156,-112.79
2026-08-31T09:45:00.000Z,SYNTH_CELL_B,157,-109.93
2026-08-31T09:45:00.000Z,SYNTH_CELL_B,158,-113.18
2026-08-31T09:45:00.000Z,SYNTH_CELL_B,159,-110.12
2026-08-31T09:45:00.000Z,SYNTH_CELL_B,160,-110.78
2026-08-31T09:45:00.000Z,SYNTH_CELL_B,161,-107.73
2026-08-31T09:45:00.000Z,SYNTH_CELL_B,162,-112.6
2026-08-31T09:45:00.000Z,SYNTH_CELL_B,163,-110.14
2026-08-31T09:45:00.000Z,SYNTH_CELL_B,164,-111
2026-08-31T09:45:00.000Z,SYNTH_CELL_B,165,-111.19
2026-08-31T09:45:00.000Z,SYNTH_CELL_B,166,-111.95
2026-08-31T09:45:00.000Z,SYNTH_CELL_B,167,-112.04
2026-08-31T09:45:00.000Z,SYNTH_CELL_B,168,-107.24
2026-08-31T09:45:00.000Z,SYNTH_CELL_B,169,-113.93
2026-08-31T09:45:00.000Z,SYNTH_CELL_B,170,-109.58
2026-08-31T09:45:00.000Z,SYNTH_CELL_B,171,-111.2
2026-08-31T09:45:00.000Z,SYNTH_CELL_B,172,-110.61
2026-08-31T09:45:00.000Z,SYNTH_CELL_B,173,-112.25
2026-08-31T09:45:00.000Z,SYNTH_CELL_B,174,-108.81
2026-08-31T09:45:00.000Z,SYNTH_CELL_B,175,-111.76
2026-08-31T09:45:00.000Z,SYNTH_CELL_B,176,-109.32
2026-08-31T09:45:00.000Z,SYNTH_CELL_B,177,-111.84
2026-08-31T09:45:00.000Z,SYNTH_CELL_B,178,-109.69
2026-08-31T09:45:00.000Z,SYNTH_CELL_B,179,-108.38
2026-08-31T09:45:00.000Z,SYNTH_CELL_B,180,-113.48
2026-08-31T09:45:00.000Z,SYNTH_CELL_B,181,-112.45
2026-08-31T09:45:00.000Z,SYNTH_CELL_B,182,-108.86
2026-08-31T09:45:00.000Z,SYNTH_CELL_B,183,-108.81
2026-08-31T09:45:00.000Z,SYNTH_CELL_B,184,-110.03
2026-08-31T09:45:00.000Z,SYNTH_CELL_B,185,-112.45
2026-08-31T09:45:00.000Z,SYNTH_CELL_B,186,-107.62
2026-08-31T09:45:00.000Z,SYNTH_CELL_B,187,-113.27
2026-08-31T09:45:00.000Z,SYNTH_CELL_B,188,-110.02
2026-08-31T09:45:00.000Z,SYNTH_CELL_B,189,-111.79
2026-08-31T09:45:00.000Z,SYNTH_CELL_B,190,-107.59
2026-08-31T09:45:00.000Z,SYNTH_CELL_B,191,-112.98
2026-08-31T09:45:00.000Z,SYNTH_CELL_B,192,-113.84
2026-08-31T09:45:00.000Z,SYNTH_CELL_B,193,-113.09
2026-08-31T09:45:00.000Z,SYNTH_CELL_B,194,-108.52
2026-08-31T09:45:00.000Z,SYNTH_CELL_B,195,-107.6
2026-08-31T09:45:00.000Z,SYNTH_CELL_B,196,-113.68
2026-08-31T09:45:00.000Z,SYNTH_CELL_B,197,-113.15
2026-08-31T09:45:00.000Z,SYNTH_CELL_B,198,-108.7
2026-08-31T09:45:00.000Z,SYNTH_CELL_B,199,-112.64
2026-08-31T09:45:00.000Z,SYNTH_CELL_B,200,-113.19
2026-08-31T09:45:00.000Z,SYNTH_CELL_B,201,-112.2
2026-08-31T09:45:00.000Z,SYNTH_CELL_B,202,-108.97
2026-08-31T09:45:00.000Z,SYNTH_CELL_B,203,-107.35
2026-08-31T09:45:00.000Z,SYNTH_CELL_B,204,-108.92
2026-08-31T09:45:00.000Z,SYNTH_CELL_B,205,-112.07
2026-08-31T09:45:00.000Z,SYNTH_CELL_B,206,-113.89
2026-08-31T09:45:00.000Z,SYNTH_CELL_B,207,-110.98
2026-08-31T09:45:00.000Z,SYNTH_CELL_B,208,-111.54
2026-08-31T09:45:00.000Z,SYNTH_CELL_B,209,-109.42
2026-08-31T09:45:00.000Z,SYNTH_CELL_B,210,-110.2
2026-08-31T09:45:00.000Z,SYNTH_CELL_B,211,-113.67
2026-08-31T09:45:00.000Z,SYNTH_CELL_B,212,-109.74
2026-08-31T09:45:00.000Z,SYNTH_CELL_B,213,-111.01
2026-08-31T09:45:00.000Z,SYNTH_CELL_B,214,-107.41
2026-08-31T09:45:00.000Z,SYNTH_CELL_B,215,-112.92
2026-08-31T09:45:00.000Z,SYNTH_CELL_B,216,-110.77
2026-08-31T09:45:00.000Z,SYNTH_CELL_B,217,-107.11
2026-08-31T09:45:00.000Z,SYNTH_CELL_B,218,-108.53
2026-08-31T09:45:00.000Z,SYNTH_CELL_B,219,-107.66
2026-08-31T09:45:00.000Z,SYNTH_CELL_B,220,-111.57
2026-08-31T09:45:00.000Z,SYNTH_CELL_B,221,-107.01
2026-08-31T09:45:00.000Z,SYNTH_CELL_B,222,-109.89
2026-08-31T09:45:00.000Z,SYNTH_CELL_B,223,-111.98
2026-08-31T09:45:00.000Z,SYNTH_CELL_B,224,-113.61
2026-08-31T09:45:00.000Z,SYNTH_CELL_B,225,-109.71
2026-08-31T09:45:00.000Z,SYNTH_CELL_B,226,-110.1
2026-08-31T09:45:00.000Z,SYNTH_CELL_B,227,-110.55
2026-08-31T09:45:00.000Z,SYNTH_CELL_B,228,-112.1
2026-08-31T09:45:00.000Z,SYNTH_CELL_B,229,-113.88
2026-08-31T09:45:00.000Z,SYNTH_CELL_B,230,-107.9
2026-08-31T09:45:00.000Z,SYNTH_CELL_B,231,-108.88
2026-08-31T09:45:00.000Z,SYNTH_CELL_B,232,-109.68
2026-08-31T09:45:00.000Z,SYNTH_CELL_B,233,-110.22
2026-08-31T09:45:00.000Z,SYNTH_CELL_B,234,-110.8
2026-08-31T09:45:00.000Z,SYNTH_CELL_B,235,-109.65
2026-08-31T09:45:00.000Z,SYNTH_CELL_B,236,-113.25
2026-08-31T09:45:00.000Z,SYNTH_CELL_B,237,-111.53
2026-08-31T09:45:00.000Z,SYNTH_CELL_B,238,-113.17
2026-08-31T09:45:00.000Z,SYNTH_CELL_B,239,-112.32
2026-08-31T09:45:00.000Z,SYNTH_CELL_B,240,-107.47
2026-08-31T09:45:00.000Z,SYNTH_CELL_B,241,-107.85
2026-08-31T09:45:00.000Z,SYNTH_CELL_B,242,-107.47
2026-08-31T09:45:00.000Z,SYNTH_CELL_B,243,-107.67
2026-08-31T09:45:00.000Z,SYNTH_CELL_B,244,-110.74
2026-08-31T09:45:00.000Z,SYNTH_CELL_B,245,-107.15
2026-08-31T09:45:00.000Z,SYNTH_CELL_B,246,-107.92
2026-08-31T09:45:00.000Z,SYNTH_CELL_B,247,-108.63
2026-08-31T09:45:00.000Z,SYNTH_CELL_B,248,-110.74
2026-08-31T09:45:00.000Z,SYNTH_CELL_B,249,-107.32
2026-08-31T09:45:00.000Z,SYNTH_CELL_B,250,-110.03
2026-08-31T09:45:00.000Z,SYNTH_CELL_B,251,-112.26
2026-08-31T09:45:00.000Z,SYNTH_CELL_B,252,-110.93
2026-08-31T09:45:00.000Z,SYNTH_CELL_B,253,-111.11
2026-08-31T09:45:00.000Z,SYNTH_CELL_B,254,-112.09
2026-08-31T09:45:00.000Z,SYNTH_CELL_B,255,-111.8
2026-08-31T09:45:00.000Z,SYNTH_CELL_B,256,-113.06
2026-08-31T09:45:00.000Z,SYNTH_CELL_B,257,-107.22
2026-08-31T09:45:00.000Z,SYNTH_CELL_B,258,-107.66
2026-08-31T09:45:00.000Z,SYNTH_CELL_B,259,-109.7
2026-08-31T09:45:00.000Z,SYNTH_CELL_B,260,-112.55
2026-08-31T09:45:00.000Z,SYNTH_CELL_B,261,-108.45
2026-08-31T09:45:00.000Z,SYNTH_CELL_B,262,-111.78
2026-08-31T09:45:00.000Z,SYNTH_CELL_B,263,-110.96
2026-08-31T09:45:00.000Z,SYNTH_CELL_B,264,-113.49
2026-08-31T09:45:00.000Z,SYNTH_CELL_B,265,-107.29
2026-08-31T09:45:00.000Z,SYNTH_CELL_B,266,-108.66
2026-08-31T09:45:00.000Z,SYNTH_CELL_B,267,-111.24
2026-08-31T09:45:00.000Z,SYNTH_CELL_B,268,-113.91
2026-08-31T09:45:00.000Z,SYNTH_CELL_B,269,-110.53
2026-08-31T09:45:00.000Z,SYNTH_CELL_B,270,-109.38
2026-08-31T09:45:00.000Z,SYNTH_CELL_B,271,-107.9
2026-08-31T09:45:00.000Z,SYNTH_CELL_B,272,-109.7
2026-08-31T09:50:00.000Z,SYNTH_CELL_B,0,-108.18
2026-08-31T09:50:00.000Z,SYNTH_CELL_B,1,-111.66
2026-08-31T09:50:00.000Z,SYNTH_CELL_B,2,-111.78
2026-08-31T09:50:00.000Z,SYNTH_CELL_B,3,-108.79
2026-08-31T09:50:00.000Z,SYNTH_CELL_B,4,-108.13
2026-08-31T09:50:00.000Z,SYNTH_CELL_B,5,-109.22
2026-08-31T09:50:00.000Z,SYNTH_CELL_B,6,-108.25
2026-08-31T09:50:00.000Z,SYNTH_CELL_B,7,-109.57
2026-08-31T09:50:00.000Z,SYNTH_CELL_B,8,-108.01
2026-08-31T09:50:00.000Z,SYNTH_CELL_B,9,-107.44
2026-08-31T09:50:00.000Z,SYNTH_CELL_B,10,-109.46
2026-08-31T09:50:00.000Z,SYNTH_CELL_B,11,-108.02
2026-08-31T09:50:00.000Z,SYNTH_CELL_B,12,-107.21
2026-08-31T09:50:00.000Z,SYNTH_CELL_B,13,-109.84
2026-08-31T09:50:00.000Z,SYNTH_CELL_B,14,-109.65
2026-08-31T09:50:00.000Z,SYNTH_CELL_B,15,-111.59
2026-08-31T09:50:00.000Z,SYNTH_CELL_B,16,-111.03
2026-08-31T09:50:00.000Z,SYNTH_CELL_B,17,-112.03
2026-08-31T09:50:00.000Z,SYNTH_CELL_B,18,-112.56
2026-08-31T09:50:00.000Z,SYNTH_CELL_B,19,-110
2026-08-31T09:50:00.000Z,SYNTH_CELL_B,20,-108.33
2026-08-31T09:50:00.000Z,SYNTH_CELL_B,21,-111.53
2026-08-31T09:50:00.000Z,SYNTH_CELL_B,22,-113.16
2026-08-31T09:50:00.000Z,SYNTH_CELL_B,23,-109.01
2026-08-31T09:50:00.000Z,SYNTH_CELL_B,24,-113.36
2026-08-31T09:50:00.000Z,SYNTH_CELL_B,25,-109.51
2026-08-31T09:50:00.000Z,SYNTH_CELL_B,26,-108.4
2026-08-31T09:50:00.000Z,SYNTH_CELL_B,27,-107.13
2026-08-31T09:50:00.000Z,SYNTH_CELL_B,28,-110.46
2026-08-31T09:50:00.000Z,SYNTH_CELL_B,29,-111.5
2026-08-31T09:50:00.000Z,SYNTH_CELL_B,30,-109
2026-08-31T09:50:00.000Z,SYNTH_CELL_B,31,-113.29
2026-08-31T09:50:00.000Z,SYNTH_CELL_B,32,-112.06
2026-08-31T09:50:00.000Z,SYNTH_CELL_B,33,-112.85
2026-08-31T09:50:00.000Z,SYNTH_CELL_B,34,-110.7
2026-08-31T09:50:00.000Z,SYNTH_CELL_B,35,-113.93
2026-08-31T09:50:00.000Z,SYNTH_CELL_B,36,-113.18
2026-08-31T09:50:00.000Z,SYNTH_CELL_B,37,-110.45
2026-08-31T09:50:00.000Z,SYNTH_CELL_B,38,-109.19
2026-08-31T09:50:00.000Z,SYNTH_CELL_B,39,-108.34
2026-08-31T09:50:00.000Z,SYNTH_CELL_B,40,-110.96
2026-08-31T09:50:00.000Z,SYNTH_CELL_B,41,-112.45
2026-08-31T09:50:00.000Z,SYNTH_CELL_B,42,-110.32
2026-08-31T09:50:00.000Z,SYNTH_CELL_B,43,-113.49
2026-08-31T09:50:00.000Z,SYNTH_CELL_B,44,-112.74
2026-08-31T09:50:00.000Z,SYNTH_CELL_B,45,-110.07
2026-08-31T09:50:00.000Z,SYNTH_CELL_B,46,-108.29
2026-08-31T09:50:00.000Z,SYNTH_CELL_B,47,-109.73
2026-08-31T09:50:00.000Z,SYNTH_CELL_B,48,-112.55
2026-08-31T09:50:00.000Z,SYNTH_CELL_B,49,-109.02
2026-08-31T09:50:00.000Z,SYNTH_CELL_B,50,-109.57
2026-08-31T09:50:00.000Z,SYNTH_CELL_B,51,-108.6
2026-08-31T09:50:00.000Z,SYNTH_CELL_B,52,-113.67
2026-08-31T09:50:00.000Z,SYNTH_CELL_B,53,-107.4
2026-08-31T09:50:00.000Z,SYNTH_CELL_B,54,-112.4
2026-08-31T09:50:00.000Z,SYNTH_CELL_B,55,-110.74
2026-08-31T09:50:00.000Z,SYNTH_CELL_B,56,-107.31
2026-08-31T09:50:00.000Z,SYNTH_CELL_B,57,-110.45
2026-08-31T09:50:00.000Z,SYNTH_CELL_B,58,-112.85
2026-08-31T09:50:00.000Z,SYNTH_CELL_B,59,-107.08
2026-08-31T09:50:00.000Z,SYNTH_CELL_B,60,-113.24
2026-08-31T09:50:00.000Z,SYNTH_CELL_B,61,-110.95
2026-08-31T09:50:00.000Z,SYNTH_CELL_B,62,-110.32
2026-08-31T09:50:00.000Z,SYNTH_CELL_B,63,-108.31
2026-08-31T09:50:00.000Z,SYNTH_CELL_B,64,-108.48
2026-08-31T09:50:00.000Z,SYNTH_CELL_B,65,-111.41
2026-08-31T09:50:00.000Z,SYNTH_CELL_B,66,-113.55
2026-08-31T09:50:00.000Z,SYNTH_CELL_B,67,-110.56
2026-08-31T09:50:00.000Z,SYNTH_CELL_B,68,-110.85
2026-08-31T09:50:00.000Z,SYNTH_CELL_B,69,-110.12
2026-08-31T09:50:00.000Z,SYNTH_CELL_B,70,-113.09
2026-08-31T09:50:00.000Z,SYNTH_CELL_B,71,-108.49
2026-08-31T09:50:00.000Z,SYNTH_CELL_B,72,-110.54
2026-08-31T09:50:00.000Z,SYNTH_CELL_B,73,-112.99
2026-08-31T09:50:00.000Z,SYNTH_CELL_B,74,-112.09
2026-08-31T09:50:00.000Z,SYNTH_CELL_B,75,-112.71
2026-08-31T09:50:00.000Z,SYNTH_CELL_B,76,-109.45
2026-08-31T09:50:00.000Z,SYNTH_CELL_B,77,-107.32
2026-08-31T09:50:00.000Z,SYNTH_CELL_B,78,-111.4
2026-08-31T09:50:00.000Z,SYNTH_CELL_B,79,-107.75
2026-08-31T09:50:00.000Z,SYNTH_CELL_B,80,-108.13
2026-08-31T09:50:00.000Z,SYNTH_CELL_B,81,-108.85
2026-08-31T09:50:00.000Z,SYNTH_CELL_B,82,-112.63
2026-08-31T09:50:00.000Z,SYNTH_CELL_B,83,-110.92
2026-08-31T09:50:00.000Z,SYNTH_CELL_B,84,-111.19
2026-08-31T09:50:00.000Z,SYNTH_CELL_B,85,-113.18
2026-08-31T09:50:00.000Z,SYNTH_CELL_B,86,-111.97
2026-08-31T09:50:00.000Z,SYNTH_CELL_B,87,-107.19
2026-08-31T09:50:00.000Z,SYNTH_CELL_B,88,-109.64
2026-08-31T09:50:00.000Z,SYNTH_CELL_B,89,-112.1
2026-08-31T09:50:00.000Z,SYNTH_CELL_B,90,-113.16
2026-08-31T09:50:00.000Z,SYNTH_CELL_B,91,-111.87
2026-08-31T09:50:00.000Z,SYNTH_CELL_B,92,-110.63
2026-08-31T09:50:00.000Z,SYNTH_CELL_B,93,-111.37
2026-08-31T09:50:00.000Z,SYNTH_CELL_B,94,-111.2
2026-08-31T09:50:00.000Z,SYNTH_CELL_B,95,-108.42
2026-08-31T09:50:00.000Z,SYNTH_CELL_B,96,-110.12
2026-08-31T09:50:00.000Z,SYNTH_CELL_B,97,-107.66
2026-08-31T09:50:00.000Z,SYNTH_CELL_B,98,-109.87
2026-08-31T09:50:00.000Z,SYNTH_CELL_B,99,-113.45
2026-08-31T09:50:00.000Z,SYNTH_CELL_B,100,-113.37
2026-08-31T09:50:00.000Z,SYNTH_CELL_B,101,-108.52
2026-08-31T09:50:00.000Z,SYNTH_CELL_B,102,-110.28
2026-08-31T09:50:00.000Z,SYNTH_CELL_B,103,-109.68
2026-08-31T09:50:00.000Z,SYNTH_CELL_B,104,-112.43
2026-08-31T09:50:00.000Z,SYNTH_CELL_B,105,-111.34
2026-08-31T09:50:00.000Z,SYNTH_CELL_B,106,-112.3
2026-08-31T09:50:00.000Z,SYNTH_CELL_B,107,-113.02
2026-08-31T09:50:00.000Z,SYNTH_CELL_B,108,-111.57
2026-08-31T09:50:00.000Z,SYNTH_CELL_B,109,-111.69
2026-08-31T09:50:00.000Z,SYNTH_CELL_B,110,-107.77
2026-08-31T09:50:00.000Z,SYNTH_CELL_B,111,-108.1
2026-08-31T09:50:00.000Z,SYNTH_CELL_B,112,-109.03
2026-08-31T09:50:00.000Z,SYNTH_CELL_B,113,-113.05
2026-08-31T09:50:00.000Z,SYNTH_CELL_B,114,-113.87
2026-08-31T09:50:00.000Z,SYNTH_CELL_B,115,-111.51
2026-08-31T09:50:00.000Z,SYNTH_CELL_B,116,-112.02
2026-08-31T09:50:00.000Z,SYNTH_CELL_B,117,-110.78
2026-08-31T09:50:00.000Z,SYNTH_CELL_B,118,-113.4
2026-08-31T09:50:00.000Z,SYNTH_CELL_B,119,-111.51
2026-08-31T09:50:00.000Z,SYNTH_CELL_B,120,-107.05
2026-08-31T09:50:00.000Z,SYNTH_CELL_B,121,-113.7
2026-08-31T09:50:00.000Z,SYNTH_CELL_B,122,-111.16
2026-08-31T09:50:00.000Z,SYNTH_CELL_B,123,-108.7
2026-08-31T09:50:00.000Z,SYNTH_CELL_B,124,-111.13
2026-08-31T09:50:00.000Z,SYNTH_CELL_B,125,-113.1
2026-08-31T09:50:00.000Z,SYNTH_CELL_B,126,-109.66
2026-08-31T09:50:00.000Z,SYNTH_CELL_B,127,-111.64
2026-08-31T09:50:00.000Z,SYNTH_CELL_B,128,-113.85
2026-08-31T09:50:00.000Z,SYNTH_CELL_B,129,-112.08
2026-08-31T09:50:00.000Z,SYNTH_CELL_B,130,-108.36
2026-08-31T09:50:00.000Z,SYNTH_CELL_B,131,-109.05
2026-08-31T09:50:00.000Z,SYNTH_CELL_B,132,-112.53
2026-08-31T09:50:00.000Z,SYNTH_CELL_B,133,-110.96
2026-08-31T09:50:00.000Z,SYNTH_CELL_B,134,-111.54
2026-08-31T09:50:00.000Z,SYNTH_CELL_B,135,-110.76
2026-08-31T09:50:00.000Z,SYNTH_CELL_B,136,-113.53
2026-08-31T09:50:00.000Z,SYNTH_CELL_B,137,-112.93
2026-08-31T09:50:00.000Z,SYNTH_CELL_B,138,-108.75
2026-08-31T09:50:00.000Z,SYNTH_CELL_B,139,-111.24
2026-08-31T09:50:00.000Z,SYNTH_CELL_B,140,-112.63
2026-08-31T09:50:00.000Z,SYNTH_CELL_B,141,-108.76
2026-08-31T09:50:00.000Z,SYNTH_CELL_B,142,-110.89
2026-08-31T09:50:00.000Z,SYNTH_CELL_B,143,-109.72
2026-08-31T09:50:00.000Z,SYNTH_CELL_B,144,-109.57
2026-08-31T09:50:00.000Z,SYNTH_CELL_B,145,-111.57
2026-08-31T09:50:00.000Z,SYNTH_CELL_B,146,-108.03
2026-08-31T09:50:00.000Z,SYNTH_CELL_B,147,-110.92
2026-08-31T09:50:00.000Z,SYNTH_CELL_B,148,-113.87
2026-08-31T09:50:00.000Z,SYNTH_CELL_B,149,-109.7
2026-08-31T09:50:00.000Z,SYNTH_CELL_B,150,-108.88
2026-08-31T09:50:00.000Z,SYNTH_CELL_B,151,-107.23
2026-08-31T09:50:00.000Z,SYNTH_CELL_B,152,-112.81
2026-08-31T09:50:00.000Z,SYNTH_CELL_B,153,-113.47
2026-08-31T09:50:00.000Z,SYNTH_CELL_B,154,-107.18
2026-08-31T09:50:00.000Z,SYNTH_CELL_B,155,-113.26
2026-08-31T09:50:00.000Z,SYNTH_CELL_B,156,-112.95
2026-08-31T09:50:00.000Z,SYNTH_CELL_B,157,-107.69
2026-08-31T09:50:00.000Z,SYNTH_CELL_B,158,-107.13
2026-08-31T09:50:00.000Z,SYNTH_CELL_B,159,-113.5
2026-08-31T09:50:00.000Z,SYNTH_CELL_B,160,-107.33
2026-08-31T09:50:00.000Z,SYNTH_CELL_B,161,-113.63
2026-08-31T09:50:00.000Z,SYNTH_CELL_B,162,-109.2
2026-08-31T09:50:00.000Z,SYNTH_CELL_B,163,-112.76
2026-08-31T09:50:00.000Z,SYNTH_CELL_B,164,-107.77
2026-08-31T09:50:00.000Z,SYNTH_CELL_B,165,-109.06
2026-08-31T09:50:00.000Z,SYNTH_CELL_B,166,-111.76
2026-08-31T09:50:00.000Z,SYNTH_CELL_B,167,-107.9
2026-08-31T09:50:00.000Z,SYNTH_CELL_B,168,-108.72
2026-08-31T09:50:00.000Z,SYNTH_CELL_B,169,-107.77
2026-08-31T09:50:00.000Z,SYNTH_CELL_B,170,-107.13
2026-08-31T09:50:00.000Z,SYNTH_CELL_B,171,-107.21
2026-08-31T09:50:00.000Z,SYNTH_CELL_B,172,-108.41
2026-08-31T09:50:00.000Z,SYNTH_CELL_B,173,-111.91
2026-08-31T09:50:00.000Z,SYNTH_CELL_B,174,-113.77
2026-08-31T09:50:00.000Z,SYNTH_CELL_B,175,-113.79
2026-08-31T09:50:00.000Z,SYNTH_CELL_B,176,-110.03
2026-08-31T09:50:00.000Z,SYNTH_CELL_B,177,-112.32
2026-08-31T09:50:00.000Z,SYNTH_CELL_B,178,-111.38
2026-08-31T09:50:00.000Z,SYNTH_CELL_B,179,-107.81
2026-08-31T09:50:00.000Z,SYNTH_CELL_B,180,-109.92
2026-08-31T09:50:00.000Z,SYNTH_CELL_B,181,-108.83
2026-08-31T09:50:00.000Z,SYNTH_CELL_B,182,-110.25
2026-08-31T09:50:00.000Z,SYNTH_CELL_B,183,-111.75
2026-08-31T09:50:00.000Z,SYNTH_CELL_B,184,-107.91
2026-08-31T09:50:00.000Z,SYNTH_CELL_B,185,-108.29
2026-08-31T09:50:00.000Z,SYNTH_CELL_B,186,-109.74
2026-08-31T09:50:00.000Z,SYNTH_CELL_B,187,-107.24
2026-08-31T09:50:00.000Z,SYNTH_CELL_B,188,-112.15
2026-08-31T09:50:00.000Z,SYNTH_CELL_B,189,-107.14
2026-08-31T09:50:00.000Z,SYNTH_CELL_B,190,-107.41
2026-08-31T09:50:00.000Z,SYNTH_CELL_B,191,-111.16
2026-08-31T09:50:00.000Z,SYNTH_CELL_B,192,-110.72
2026-08-31T09:50:00.000Z,SYNTH_CELL_B,193,-113.92
2026-08-31T09:50:00.000Z,SYNTH_CELL_B,194,-110.39
2026-08-31T09:50:00.000Z,SYNTH_CELL_B,195,-109.47
2026-08-31T09:50:00.000Z,SYNTH_CELL_B,196,-108.79
2026-08-31T09:50:00.000Z,SYNTH_CELL_B,197,-113.22
2026-08-31T09:50:00.000Z,SYNTH_CELL_B,198,-107.43
2026-08-31T09:50:00.000Z,SYNTH_CELL_B,199,-107.03
2026-08-31T09:50:00.000Z,SYNTH_CELL_B,200,-112.85
2026-08-31T09:50:00.000Z,SYNTH_CELL_B,201,-110.23
2026-08-31T09:50:00.000Z,SYNTH_CELL_B,202,-107.56
2026-08-31T09:50:00.000Z,SYNTH_CELL_B,203,-110.75
2026-08-31T09:50:00.000Z,SYNTH_CELL_B,204,-111.93
2026-08-31T09:50:00.000Z,SYNTH_CELL_B,205,-108.2
2026-08-31T09:50:00.000Z,SYNTH_CELL_B,206,-113.06
2026-08-31T09:50:00.000Z,SYNTH_CELL_B,207,-108.05
2026-08-31T09:50:00.000Z,SYNTH_CELL_B,208,-112.64
2026-08-31T09:50:00.000Z,SYNTH_CELL_B,209,-108.75
2026-08-31T09:50:00.000Z,SYNTH_CELL_B,210,-111.79
2026-08-31T09:50:00.000Z,SYNTH_CELL_B,211,-109.87
2026-08-31T09:50:00.000Z,SYNTH_CELL_B,212,-109.95
2026-08-31T09:50:00.000Z,SYNTH_CELL_B,213,-113.26
2026-08-31T09:50:00.000Z,SYNTH_CELL_B,214,-110.73
2026-08-31T09:50:00.000Z,SYNTH_CELL_B,215,-110.13
2026-08-31T09:50:00.000Z,SYNTH_CELL_B,216,-113.8
2026-08-31T09:50:00.000Z,SYNTH_CELL_B,217,-110.19
2026-08-31T09:50:00.000Z,SYNTH_CELL_B,218,-113.81
2026-08-31T09:50:00.000Z,SYNTH_CELL_B,219,-107.7
2026-08-31T09:50:00.000Z,SYNTH_CELL_B,220,-113.34
2026-08-31T09:50:00.000Z,SYNTH_CELL_B,221,-110.49
2026-08-31T09:50:00.000Z,SYNTH_CELL_B,222,-107.89
2026-08-31T09:50:00.000Z,SYNTH_CELL_B,223,-112.97
2026-08-31T09:50:00.000Z,SYNTH_CELL_B,224,-112.93
2026-08-31T09:50:00.000Z,SYNTH_CELL_B,225,-111.03
2026-08-31T09:50:00.000Z,SYNTH_CELL_B,226,-113.96
2026-08-31T09:50:00.000Z,SYNTH_CELL_B,227,-109.96
2026-08-31T09:50:00.000Z,SYNTH_CELL_B,228,-107.7
2026-08-31T09:50:00.000Z,SYNTH_CELL_B,229,-111.24
2026-08-31T09:50:00.000Z,SYNTH_CELL_B,230,-108.31
2026-08-31T09:50:00.000Z,SYNTH_CELL_B,231,-113.27
2026-08-31T09:50:00.000Z,SYNTH_CELL_B,232,-111.64
2026-08-31T09:50:00.000Z,SYNTH_CELL_B,233,-112.08
2026-08-31T09:50:00.000Z,SYNTH_CELL_B,234,-108.64
2026-08-31T09:50:00.000Z,SYNTH_CELL_B,235,-108.9
2026-08-31T09:50:00.000Z,SYNTH_CELL_B,236,-112.79
2026-08-31T09:50:00.000Z,SYNTH_CELL_B,237,-110.66
2026-08-31T09:50:00.000Z,SYNTH_CELL_B,238,-110.61
2026-08-31T09:50:00.000Z,SYNTH_CELL_B,239,-109.44
2026-08-31T09:50:00.000Z,SYNTH_CELL_B,240,-110.33
2026-08-31T09:50:00.000Z,SYNTH_CELL_B,241,-110.81
2026-08-31T09:50:00.000Z,SYNTH_CELL_B,242,-113.55
2026-08-31T09:50:00.000Z,SYNTH_CELL_B,243,-113.05
2026-08-31T09:50:00.000Z,SYNTH_CELL_B,244,-108.07
2026-08-31T09:50:00.000Z,SYNTH_CELL_B,245,-107.3
2026-08-31T09:50:00.000Z,SYNTH_CELL_B,246,-109.77
2026-08-31T09:50:00.000Z,SYNTH_CELL_B,247,-112.67
2026-08-31T09:50:00.000Z,SYNTH_CELL_B,248,-113.59
2026-08-31T09:50:00.000Z,SYNTH_CELL_B,249,-113.13
2026-08-31T09:50:00.000Z,SYNTH_CELL_B,250,-107.64
2026-08-31T09:50:00.000Z,SYNTH_CELL_B,251,-113.46
2026-08-31T09:50:00.000Z,SYNTH_CELL_B,252,-108.34
2026-08-31T09:50:00.000Z,SYNTH_CELL_B,253,-110.98
2026-08-31T09:50:00.000Z,SYNTH_CELL_B,254,-111.71
2026-08-31T09:50:00.000Z,SYNTH_CELL_B,255,-109.24
2026-08-31T09:50:00.000Z,SYNTH_CELL_B,256,-107.72
2026-08-31T09:50:00.000Z,SYNTH_CELL_B,257,-110.62
2026-08-31T09:50:00.000Z,SYNTH_CELL_B,258,-108.74
2026-08-31T09:50:00.000Z,SYNTH_CELL_B,259,-108.89
2026-08-31T09:50:00.000Z,SYNTH_CELL_B,260,-108.05
2026-08-31T09:50:00.000Z,SYNTH_CELL_B,261,-109.56
2026-08-31T09:50:00.000Z,SYNTH_CELL_B,262,-108.49
2026-08-31T09:50:00.000Z,SYNTH_CELL_B,263,-108.27
2026-08-31T09:50:00.000Z,SYNTH_CELL_B,264,-109.1
2026-08-31T09:50:00.000Z,SYNTH_CELL_B,265,-111.08
2026-08-31T09:50:00.000Z,SYNTH_CELL_B,266,-112.95
2026-08-31T09:50:00.000Z,SYNTH_CELL_B,267,-112.63
2026-08-31T09:50:00.000Z,SYNTH_CELL_B,268,-113.88
2026-08-31T09:50:00.000Z,SYNTH_CELL_B,269,-109.33
2026-08-31T09:50:00.000Z,SYNTH_CELL_B,270,-111.47
2026-08-31T09:50:00.000Z,SYNTH_CELL_B,271,-112.4
2026-08-31T09:50:00.000Z,SYNTH_CELL_B,272,-111.96
2026-08-31T09:55:00.000Z,SYNTH_CELL_B,0,-113.78
2026-08-31T09:55:00.000Z,SYNTH_CELL_B,1,-107.6
2026-08-31T09:55:00.000Z,SYNTH_CELL_B,2,-110.12
2026-08-31T09:55:00.000Z,SYNTH_CELL_B,3,-113.06
2026-08-31T09:55:00.000Z,SYNTH_CELL_B,4,-111.68
2026-08-31T09:55:00.000Z,SYNTH_CELL_B,5,-108.1
2026-08-31T09:55:00.000Z,SYNTH_CELL_B,6,-111.01
2026-08-31T09:55:00.000Z,SYNTH_CELL_B,7,-107.79
2026-08-31T09:55:00.000Z,SYNTH_CELL_B,8,-113.56
2026-08-31T09:55:00.000Z,SYNTH_CELL_B,9,-107.06
2026-08-31T09:55:00.000Z,SYNTH_CELL_B,10,-110.08
2026-08-31T09:55:00.000Z,SYNTH_CELL_B,11,-108.43
2026-08-31T09:55:00.000Z,SYNTH_CELL_B,12,-111.89
2026-08-31T09:55:00.000Z,SYNTH_CELL_B,13,-107.66
2026-08-31T09:55:00.000Z,SYNTH_CELL_B,14,-109.12
2026-08-31T09:55:00.000Z,SYNTH_CELL_B,15,-107.69
2026-08-31T09:55:00.000Z,SYNTH_CELL_B,16,-112.83
2026-08-31T09:55:00.000Z,SYNTH_CELL_B,17,-111.5
2026-08-31T09:55:00.000Z,SYNTH_CELL_B,18,-112.98
2026-08-31T09:55:00.000Z,SYNTH_CELL_B,19,-108.18
2026-08-31T09:55:00.000Z,SYNTH_CELL_B,20,-113.42
2026-08-31T09:55:00.000Z,SYNTH_CELL_B,21,-108
2026-08-31T09:55:00.000Z,SYNTH_CELL_B,22,-110.66
2026-08-31T09:55:00.000Z,SYNTH_CELL_B,23,-107.7
2026-08-31T09:55:00.000Z,SYNTH_CELL_B,24,-107.66
2026-08-31T09:55:00.000Z,SYNTH_CELL_B,25,-111.72
2026-08-31T09:55:00.000Z,SYNTH_CELL_B,26,-113.47
2026-08-31T09:55:00.000Z,SYNTH_CELL_B,27,-111.66
2026-08-31T09:55:00.000Z,SYNTH_CELL_B,28,-107.75
2026-08-31T09:55:00.000Z,SYNTH_CELL_B,29,-107.7
2026-08-31T09:55:00.000Z,SYNTH_CELL_B,30,-110.31
2026-08-31T09:55:00.000Z,SYNTH_CELL_B,31,-109.2
2026-08-31T09:55:00.000Z,SYNTH_CELL_B,32,-110.45
2026-08-31T09:55:00.000Z,SYNTH_CELL_B,33,-107.37
2026-08-31T09:55:00.000Z,SYNTH_CELL_B,34,-108.32
2026-08-31T09:55:00.000Z,SYNTH_CELL_B,35,-110.91
2026-08-31T09:55:00.000Z,SYNTH_CELL_B,36,-107.11
2026-08-31T09:55:00.000Z,SYNTH_CELL_B,37,-111.9
2026-08-31T09:55:00.000Z,SYNTH_CELL_B,38,-112.29
2026-08-31T09:55:00.000Z,SYNTH_CELL_B,39,-107.58
2026-08-31T09:55:00.000Z,SYNTH_CELL_B,40,-109.68
2026-08-31T09:55:00.000Z,SYNTH_CELL_B,41,-108.3
2026-08-31T09:55:00.000Z,SYNTH_CELL_B,42,-113.51
2026-08-31T09:55:00.000Z,SYNTH_CELL_B,43,-110.49
2026-08-31T09:55:00.000Z,SYNTH_CELL_B,44,-109.45
2026-08-31T09:55:00.000Z,SYNTH_CELL_B,45,-111.65
2026-08-31T09:55:00.000Z,SYNTH_CELL_B,46,-109.55
2026-08-31T09:55:00.000Z,SYNTH_CELL_B,47,-111.43
2026-08-31T09:55:00.000Z,SYNTH_CELL_B,48,-109.17
2026-08-31T09:55:00.000Z,SYNTH_CELL_B,49,-112.74
2026-08-31T09:55:00.000Z,SYNTH_CELL_B,50,-113.9
2026-08-31T09:55:00.000Z,SYNTH_CELL_B,51,-108.79
2026-08-31T09:55:00.000Z,SYNTH_CELL_B,52,-110.4
2026-08-31T09:55:00.000Z,SYNTH_CELL_B,53,-112.3
2026-08-31T09:55:00.000Z,SYNTH_CELL_B,54,-107.31
2026-08-31T09:55:00.000Z,SYNTH_CELL_B,55,-107.6
2026-08-31T09:55:00.000Z,SYNTH_CELL_B,56,-113.05
2026-08-31T09:55:00.000Z,SYNTH_CELL_B,57,-107.78
2026-08-31T09:55:00.000Z,SYNTH_CELL_B,58,-113.72
2026-08-31T09:55:00.000Z,SYNTH_CELL_B,59,-113.83
2026-08-31T09:55:00.000Z,SYNTH_CELL_B,60,-113.96
2026-08-31T09:55:00.000Z,SYNTH_CELL_B,61,-108.78
2026-08-31T09:55:00.000Z,SYNTH_CELL_B,62,-107.79
2026-08-31T09:55:00.000Z,SYNTH_CELL_B,63,-107.8
2026-08-31T09:55:00.000Z,SYNTH_CELL_B,64,-112.6
2026-08-31T09:55:00.000Z,SYNTH_CELL_B,65,-110.25
2026-08-31T09:55:00.000Z,SYNTH_CELL_B,66,-112
2026-08-31T09:55:00.000Z,SYNTH_CELL_B,67,-107.76
2026-08-31T09:55:00.000Z,SYNTH_CELL_B,68,-110.87
2026-08-31T09:55:00.000Z,SYNTH_CELL_B,69,-113.23
2026-08-31T09:55:00.000Z,SYNTH_CELL_B,70,-113.31
2026-08-31T09:55:00.000Z,SYNTH_CELL_B,71,-112.74
2026-08-31T09:55:00.000Z,SYNTH_CELL_B,72,-107.8
2026-08-31T09:55:00.000Z,SYNTH_CELL_B,73,-108.51
2026-08-31T09:55:00.000Z,SYNTH_CELL_B,74,-108.25
2026-08-31T09:55:00.000Z,SYNTH_CELL_B,75,-112.68
2026-08-31T09:55:00.000Z,SYNTH_CELL_B,76,-111.26
2026-08-31T09:55:00.000Z,SYNTH_CELL_B,77,-113.09
2026-08-31T09:55:00.000Z,SYNTH_CELL_B,78,-109.37
2026-08-31T09:55:00.000Z,SYNTH_CELL_B,79,-109.01
2026-08-31T09:55:00.000Z,SYNTH_CELL_B,80,-111.37
2026-08-31T09:55:00.000Z,SYNTH_CELL_B,81,-111.71
2026-08-31T09:55:00.000Z,SYNTH_CELL_B,82,-113.76
2026-08-31T09:55:00.000Z,SYNTH_CELL_B,83,-110.03
2026-08-31T09:55:00.000Z,SYNTH_CELL_B,84,-107.26
2026-08-31T09:55:00.000Z,SYNTH_CELL_B,85,-112.84
2026-08-31T09:55:00.000Z,SYNTH_CELL_B,86,-111.35
2026-08-31T09:55:00.000Z,SYNTH_CELL_B,87,-107.35
2026-08-31T09:55:00.000Z,SYNTH_CELL_B,88,-111.01
2026-08-31T09:55:00.000Z,SYNTH_CELL_B,89,-108.47
2026-08-31T09:55:00.000Z,SYNTH_CELL_B,90,-112.44
2026-08-31T09:55:00.000Z,SYNTH_CELL_B,91,-109.91
2026-08-31T09:55:00.000Z,SYNTH_CELL_B,92,-107.96
2026-08-31T09:55:00.000Z,SYNTH_CELL_B,93,-112.33
2026-08-31T09:55:00.000Z,SYNTH_CELL_B,94,-110.96
2026-08-31T09:55:00.000Z,SYNTH_CELL_B,95,-109.29
2026-08-31T09:55:00.000Z,SYNTH_CELL_B,96,-113.93
2026-08-31T09:55:00.000Z,SYNTH_CELL_B,97,-108.21
2026-08-31T09:55:00.000Z,SYNTH_CELL_B,98,-109.62
2026-08-31T09:55:00.000Z,SYNTH_CELL_B,99,-109.1
2026-08-31T09:55:00.000Z,SYNTH_CELL_B,100,-112.3
2026-08-31T09:55:00.000Z,SYNTH_CELL_B,101,-111.34
2026-08-31T09:55:00.000Z,SYNTH_CELL_B,102,-109.03
2026-08-31T09:55:00.000Z,SYNTH_CELL_B,103,-113.3
2026-08-31T09:55:00.000Z,SYNTH_CELL_B,104,-109.16
2026-08-31T09:55:00.000Z,SYNTH_CELL_B,105,-111.83
2026-08-31T09:55:00.000Z,SYNTH_CELL_B,106,-109.75
2026-08-31T09:55:00.000Z,SYNTH_CELL_B,107,-108.77
2026-08-31T09:55:00.000Z,SYNTH_CELL_B,108,-110.22
2026-08-31T09:55:00.000Z,SYNTH_CELL_B,109,-110.31
2026-08-31T09:55:00.000Z,SYNTH_CELL_B,110,-112.96
2026-08-31T09:55:00.000Z,SYNTH_CELL_B,111,-112.26
2026-08-31T09:55:00.000Z,SYNTH_CELL_B,112,-110.14
2026-08-31T09:55:00.000Z,SYNTH_CELL_B,113,-113.31
2026-08-31T09:55:00.000Z,SYNTH_CELL_B,114,-112.43
2026-08-31T09:55:00.000Z,SYNTH_CELL_B,115,-107.16
2026-08-31T09:55:00.000Z,SYNTH_CELL_B,116,-107.96
2026-08-31T09:55:00.000Z,SYNTH_CELL_B,117,-109.64
2026-08-31T09:55:00.000Z,SYNTH_CELL_B,118,-112.19
2026-08-31T09:55:00.000Z,SYNTH_CELL_B,119,-108.77
2026-08-31T09:55:00.000Z,SYNTH_CELL_B,120,-112.91
2026-08-31T09:55:00.000Z,SYNTH_CELL_B,121,-112.68
2026-08-31T09:55:00.000Z,SYNTH_CELL_B,122,-113.28
2026-08-31T09:55:00.000Z,SYNTH_CELL_B,123,-113.66
2026-08-31T09:55:00.000Z,SYNTH_CELL_B,124,-111.86
2026-08-31T09:55:00.000Z,SYNTH_CELL_B,125,-108.01
2026-08-31T09:55:00.000Z,SYNTH_CELL_B,126,-110.75
2026-08-31T09:55:00.000Z,SYNTH_CELL_B,127,-108.96
2026-08-31T09:55:00.000Z,SYNTH_CELL_B,128,-109.69
2026-08-31T09:55:00.000Z,SYNTH_CELL_B,129,-110.53
2026-08-31T09:55:00.000Z,SYNTH_CELL_B,130,-107.16
2026-08-31T09:55:00.000Z,SYNTH_CELL_B,131,-107.42
2026-08-31T09:55:00.000Z,SYNTH_CELL_B,132,-108.6
2026-08-31T09:55:00.000Z,SYNTH_CELL_B,133,-107.81
2026-08-31T09:55:00.000Z,SYNTH_CELL_B,134,-113.47
2026-08-31T09:55:00.000Z,SYNTH_CELL_B,135,-111.28
2026-08-31T09:55:00.000Z,SYNTH_CELL_B,136,-109.44
2026-08-31T09:55:00.000Z,SYNTH_CELL_B,137,-107.63
2026-08-31T09:55:00.000Z,SYNTH_CELL_B,138,-108.51
2026-08-31T09:55:00.000Z,SYNTH_CELL_B,139,-110.8
2026-08-31T09:55:00.000Z,SYNTH_CELL_B,140,-113.09
2026-08-31T09:55:00.000Z,SYNTH_CELL_B,141,-108.78
2026-08-31T09:55:00.000Z,SYNTH_CELL_B,142,-110.06
2026-08-31T09:55:00.000Z,SYNTH_CELL_B,143,-111.52
2026-08-31T09:55:00.000Z,SYNTH_CELL_B,144,-113.84
2026-08-31T09:55:00.000Z,SYNTH_CELL_B,145,-107.99
2026-08-31T09:55:00.000Z,SYNTH_CELL_B,146,-111.37
2026-08-31T09:55:00.000Z,SYNTH_CELL_B,147,-107.15
2026-08-31T09:55:00.000Z,SYNTH_CELL_B,148,-111.99
2026-08-31T09:55:00.000Z,SYNTH_CELL_B,149,-109.07
2026-08-31T09:55:00.000Z,SYNTH_CELL_B,150,-113.42
2026-08-31T09:55:00.000Z,SYNTH_CELL_B,151,-111.09
2026-08-31T09:55:00.000Z,SYNTH_CELL_B,152,-109.5
2026-08-31T09:55:00.000Z,SYNTH_CELL_B,153,-113.99
2026-08-31T09:55:00.000Z,SYNTH_CELL_B,154,-111.96
2026-08-31T09:55:00.000Z,SYNTH_CELL_B,155,-107.34
2026-08-31T09:55:00.000Z,SYNTH_CELL_B,156,-109.13
2026-08-31T09:55:00.000Z,SYNTH_CELL_B,157,-110.81
2026-08-31T09:55:00.000Z,SYNTH_CELL_B,158,-108.47
2026-08-31T09:55:00.000Z,SYNTH_CELL_B,159,-110.62
2026-08-31T09:55:00.000Z,SYNTH_CELL_B,160,-109.16
2026-08-31T09:55:00.000Z,SYNTH_CELL_B,161,-108.11
2026-08-31T09:55:00.000Z,SYNTH_CELL_B,162,-109.48
2026-08-31T09:55:00.000Z,SYNTH_CELL_B,163,-112.29
2026-08-31T09:55:00.000Z,SYNTH_CELL_B,164,-107.18
2026-08-31T09:55:00.000Z,SYNTH_CELL_B,165,-111.6
2026-08-31T09:55:00.000Z,SYNTH_CELL_B,166,-113.72
2026-08-31T09:55:00.000Z,SYNTH_CELL_B,167,-108.65
2026-08-31T09:55:00.000Z,SYNTH_CELL_B,168,-112.41
2026-08-31T09:55:00.000Z,SYNTH_CELL_B,169,-113.15
2026-08-31T09:55:00.000Z,SYNTH_CELL_B,170,-107.51
2026-08-31T09:55:00.000Z,SYNTH_CELL_B,171,-113.9
2026-08-31T09:55:00.000Z,SYNTH_CELL_B,172,-110.19
2026-08-31T09:55:00.000Z,SYNTH_CELL_B,173,-113.8
2026-08-31T09:55:00.000Z,SYNTH_CELL_B,174,-110.4
2026-08-31T09:55:00.000Z,SYNTH_CELL_B,175,-109.1
2026-08-31T09:55:00.000Z,SYNTH_CELL_B,176,-111.65
2026-08-31T09:55:00.000Z,SYNTH_CELL_B,177,-110.6
2026-08-31T09:55:00.000Z,SYNTH_CELL_B,178,-109.71
2026-08-31T09:55:00.000Z,SYNTH_CELL_B,179,-109.05
2026-08-31T09:55:00.000Z,SYNTH_CELL_B,180,-113.24
2026-08-31T09:55:00.000Z,SYNTH_CELL_B,181,-110.54
2026-08-31T09:55:00.000Z,SYNTH_CELL_B,182,-108.23
2026-08-31T09:55:00.000Z,SYNTH_CELL_B,183,-109.08
2026-08-31T09:55:00.000Z,SYNTH_CELL_B,184,-113.55
2026-08-31T09:55:00.000Z,SYNTH_CELL_B,185,-108.16
2026-08-31T09:55:00.000Z,SYNTH_CELL_B,186,-110.17
2026-08-31T09:55:00.000Z,SYNTH_CELL_B,187,-107.46
2026-08-31T09:55:00.000Z,SYNTH_CELL_B,188,-110.56
2026-08-31T09:55:00.000Z,SYNTH_CELL_B,189,-110.59
2026-08-31T09:55:00.000Z,SYNTH_CELL_B,190,-108.82
2026-08-31T09:55:00.000Z,SYNTH_CELL_B,191,-111.95
2026-08-31T09:55:00.000Z,SYNTH_CELL_B,192,-107.84
2026-08-31T09:55:00.000Z,SYNTH_CELL_B,193,-111.58
2026-08-31T09:55:00.000Z,SYNTH_CELL_B,194,-111.42
2026-08-31T09:55:00.000Z,SYNTH_CELL_B,195,-109.12
2026-08-31T09:55:00.000Z,SYNTH_CELL_B,196,-109.22
2026-08-31T09:55:00.000Z,SYNTH_CELL_B,197,-111.8
2026-08-31T09:55:00.000Z,SYNTH_CELL_B,198,-110.85
2026-08-31T09:55:00.000Z,SYNTH_CELL_B,199,-107.49
2026-08-31T09:55:00.000Z,SYNTH_CELL_B,200,-109.72
2026-08-31T09:55:00.000Z,SYNTH_CELL_B,201,-107.76
2026-08-31T09:55:00.000Z,SYNTH_CELL_B,202,-110
2026-08-31T09:55:00.000Z,SYNTH_CELL_B,203,-113.97
2026-08-31T09:55:00.000Z,SYNTH_CELL_B,204,-111.49
2026-08-31T09:55:00.000Z,SYNTH_CELL_B,205,-111.43
2026-08-31T09:55:00.000Z,SYNTH_CELL_B,206,-108.51
2026-08-31T09:55:00.000Z,SYNTH_CELL_B,207,-112.5
2026-08-31T09:55:00.000Z,SYNTH_CELL_B,208,-109.71
2026-08-31T09:55:00.000Z,SYNTH_CELL_B,209,-108.78
2026-08-31T09:55:00.000Z,SYNTH_CELL_B,210,-108.98
2026-08-31T09:55:00.000Z,SYNTH_CELL_B,211,-107.2
2026-08-31T09:55:00.000Z,SYNTH_CELL_B,212,-112.29
2026-08-31T09:55:00.000Z,SYNTH_CELL_B,213,-110.17
2026-08-31T09:55:00.000Z,SYNTH_CELL_B,214,-108.55
2026-08-31T09:55:00.000Z,SYNTH_CELL_B,215,-109.73
2026-08-31T09:55:00.000Z,SYNTH_CELL_B,216,-110.5
2026-08-31T09:55:00.000Z,SYNTH_CELL_B,217,-109.61
2026-08-31T09:55:00.000Z,SYNTH_CELL_B,218,-111.69
2026-08-31T09:55:00.000Z,SYNTH_CELL_B,219,-112.28
2026-08-31T09:55:00.000Z,SYNTH_CELL_B,220,-113.35
2026-08-31T09:55:00.000Z,SYNTH_CELL_B,221,-113.02
2026-08-31T09:55:00.000Z,SYNTH_CELL_B,222,-109.47
2026-08-31T09:55:00.000Z,SYNTH_CELL_B,223,-107.85
2026-08-31T09:55:00.000Z,SYNTH_CELL_B,224,-113.79
2026-08-31T09:55:00.000Z,SYNTH_CELL_B,225,-108.46
2026-08-31T09:55:00.000Z,SYNTH_CELL_B,226,-109.95
2026-08-31T09:55:00.000Z,SYNTH_CELL_B,227,-108.1
2026-08-31T09:55:00.000Z,SYNTH_CELL_B,228,-113.61
2026-08-31T09:55:00.000Z,SYNTH_CELL_B,229,-110.37
2026-08-31T09:55:00.000Z,SYNTH_CELL_B,230,-108.74
2026-08-31T09:55:00.000Z,SYNTH_CELL_B,231,-108.95
2026-08-31T09:55:00.000Z,SYNTH_CELL_B,232,-109.88
2026-08-31T09:55:00.000Z,SYNTH_CELL_B,233,-109.23
2026-08-31T09:55:00.000Z,SYNTH_CELL_B,234,-112.51
2026-08-31T09:55:00.000Z,SYNTH_CELL_B,235,-107.93
2026-08-31T09:55:00.000Z,SYNTH_CELL_B,236,-113.59
2026-08-31T09:55:00.000Z,SYNTH_CELL_B,237,-107.59
2026-08-31T09:55:00.000Z,SYNTH_CELL_B,238,-111.02
2026-08-31T09:55:00.000Z,SYNTH_CELL_B,239,-109.94
2026-08-31T09:55:00.000Z,SYNTH_CELL_B,240,-110.33
2026-08-31T09:55:00.000Z,SYNTH_CELL_B,241,-109.24
2026-08-31T09:55:00.000Z,SYNTH_CELL_B,242,-110.4
2026-08-31T09:55:00.000Z,SYNTH_CELL_B,243,-113.55
2026-08-31T09:55:00.000Z,SYNTH_CELL_B,244,-110.25
2026-08-31T09:55:00.000Z,SYNTH_CELL_B,245,-109.77
2026-08-31T09:55:00.000Z,SYNTH_CELL_B,246,-108.98
2026-08-31T09:55:00.000Z,SYNTH_CELL_B,247,-112.78
2026-08-31T09:55:00.000Z,SYNTH_CELL_B,248,-112.79
2026-08-31T09:55:00.000Z,SYNTH_CELL_B,249,-109.32
2026-08-31T09:55:00.000Z,SYNTH_CELL_B,250,-107.03
2026-08-31T09:55:00.000Z,SYNTH_CELL_B,251,-113.87
2026-08-31T09:55:00.000Z,SYNTH_CELL_B,252,-112.44
2026-08-31T09:55:00.000Z,SYNTH_CELL_B,253,-112.42
2026-08-31T09:55:00.000Z,SYNTH_CELL_B,254,-108.4
2026-08-31T09:55:00.000Z,SYNTH_CELL_B,255,-111.1
2026-08-31T09:55:00.000Z,SYNTH_CELL_B,256,-110.34
2026-08-31T09:55:00.000Z,SYNTH_CELL_B,257,-107.82
2026-08-31T09:55:00.000Z,SYNTH_CELL_B,258,-107.17
2026-08-31T09:55:00.000Z,SYNTH_CELL_B,259,-112.71
2026-08-31T09:55:00.000Z,SYNTH_CELL_B,260,-110.85
2026-08-31T09:55:00.000Z,SYNTH_CELL_B,261,-112.55
2026-08-31T09:55:00.000Z,SYNTH_CELL_B,262,-108.02
2026-08-31T09:55:00.000Z,SYNTH_CELL_B,263,-112.14
2026-08-31T09:55:00.000Z,SYNTH_CELL_B,264,-109.67
2026-08-31T09:55:00.000Z,SYNTH_CELL_B,265,-112.48
2026-08-31T09:55:00.000Z,SYNTH_CELL_B,266,-109.94
2026-08-31T09:55:00.000Z,SYNTH_CELL_B,267,-110.06
2026-08-31T09:55:00.000Z,SYNTH_CELL_B,268,-107.99
2026-08-31T09:55:00.000Z,SYNTH_CELL_B,269,-109.89
2026-08-31T09:55:00.000Z,SYNTH_CELL_B,270,-108.85
2026-08-31T09:55:00.000Z,SYNTH_CELL_B,271,-110.64
2026-08-31T09:55:00.000Z,SYNTH_CELL_B,272,-110.4
2026-08-31T08:00:00.000Z,SYNTH_CELL_C,0,-112.25
2026-08-31T08:00:00.000Z,SYNTH_CELL_C,1,-113.41
2026-08-31T08:00:00.000Z,SYNTH_CELL_C,2,-112.37
2026-08-31T08:00:00.000Z,SYNTH_CELL_C,3,-113.08
2026-08-31T08:00:00.000Z,SYNTH_CELL_C,4,-111.4
2026-08-31T08:00:00.000Z,SYNTH_CELL_C,5,-108.15
2026-08-31T08:00:00.000Z,SYNTH_CELL_C,6,-110.15
2026-08-31T08:00:00.000Z,SYNTH_CELL_C,7,-111.93
2026-08-31T08:00:00.000Z,SYNTH_CELL_C,8,-89.25
2026-08-31T08:00:00.000Z,SYNTH_CELL_C,9,-109.8
2026-08-31T08:00:00.000Z,SYNTH_CELL_C,10,-109.29
2026-08-31T08:00:00.000Z,SYNTH_CELL_C,11,-108.22
2026-08-31T08:00:00.000Z,SYNTH_CELL_C,12,-110.76
2026-08-31T08:00:00.000Z,SYNTH_CELL_C,13,-113.78
2026-08-31T08:00:00.000Z,SYNTH_CELL_C,14,-113.98
2026-08-31T08:00:00.000Z,SYNTH_CELL_C,15,-112.3
2026-08-31T08:00:00.000Z,SYNTH_CELL_C,16,-111.89
2026-08-31T08:00:00.000Z,SYNTH_CELL_C,17,-111.11
2026-08-31T08:00:00.000Z,SYNTH_CELL_C,18,-110.82
2026-08-31T08:00:00.000Z,SYNTH_CELL_C,19,-111.38
2026-08-31T08:00:00.000Z,SYNTH_CELL_C,20,-109.03
2026-08-31T08:00:00.000Z,SYNTH_CELL_C,21,-108.48
2026-08-31T08:00:00.000Z,SYNTH_CELL_C,22,-110.32
2026-08-31T08:00:00.000Z,SYNTH_CELL_C,23,-113.58
2026-08-31T08:00:00.000Z,SYNTH_CELL_C,24,-109.48
2026-08-31T08:00:00.000Z,SYNTH_CELL_C,25,-112.14
2026-08-31T08:00:00.000Z,SYNTH_CELL_C,26,-112.6
2026-08-31T08:00:00.000Z,SYNTH_CELL_C,27,-113.62
2026-08-31T08:00:00.000Z,SYNTH_CELL_C,28,-108.47
2026-08-31T08:00:00.000Z,SYNTH_CELL_C,29,-110.24
2026-08-31T08:00:00.000Z,SYNTH_CELL_C,30,-109.7
2026-08-31T08:00:00.000Z,SYNTH_CELL_C,31,-112.73
2026-08-31T08:00:00.000Z,SYNTH_CELL_C,32,-109.96
2026-08-31T08:00:00.000Z,SYNTH_CELL_C,33,-109.26
2026-08-31T08:00:00.000Z,SYNTH_CELL_C,34,-111.03
2026-08-31T08:00:00.000Z,SYNTH_CELL_C,35,-108.33
2026-08-31T08:00:00.000Z,SYNTH_CELL_C,36,-107.87
2026-08-31T08:00:00.000Z,SYNTH_CELL_C,37,-111.77
2026-08-31T08:00:00.000Z,SYNTH_CELL_C,38,-108.62
2026-08-31T08:00:00.000Z,SYNTH_CELL_C,39,-108.76
2026-08-31T08:00:00.000Z,SYNTH_CELL_C,40,-112.52
2026-08-31T08:00:00.000Z,SYNTH_CELL_C,41,-111.89
2026-08-31T08:00:00.000Z,SYNTH_CELL_C,42,-108.85
2026-08-31T08:00:00.000Z,SYNTH_CELL_C,43,-109.28
2026-08-31T08:00:00.000Z,SYNTH_CELL_C,44,-110.83
2026-08-31T08:00:00.000Z,SYNTH_CELL_C,45,-107.66
2026-08-31T08:00:00.000Z,SYNTH_CELL_C,46,-112.48
2026-08-31T08:00:00.000Z,SYNTH_CELL_C,47,-112.54
2026-08-31T08:00:00.000Z,SYNTH_CELL_C,48,-108.48
2026-08-31T08:00:00.000Z,SYNTH_CELL_C,49,-108.34
2026-08-31T08:00:00.000Z,SYNTH_CELL_C,50,-107.04
2026-08-31T08:00:00.000Z,SYNTH_CELL_C,51,-108.51
2026-08-31T08:00:00.000Z,SYNTH_CELL_C,52,-107.73
2026-08-31T08:00:00.000Z,SYNTH_CELL_C,53,-107.72
2026-08-31T08:00:00.000Z,SYNTH_CELL_C,54,-107.39
2026-08-31T08:00:00.000Z,SYNTH_CELL_C,55,-110.94
2026-08-31T08:00:00.000Z,SYNTH_CELL_C,56,-112.97
2026-08-31T08:00:00.000Z,SYNTH_CELL_C,57,-113.54
2026-08-31T08:00:00.000Z,SYNTH_CELL_C,58,-112.49
2026-08-31T08:00:00.000Z,SYNTH_CELL_C,59,-109.39
2026-08-31T08:00:00.000Z,SYNTH_CELL_C,60,-108.95
2026-08-31T08:00:00.000Z,SYNTH_CELL_C,61,-112.86
2026-08-31T08:00:00.000Z,SYNTH_CELL_C,62,-112.35
2026-08-31T08:00:00.000Z,SYNTH_CELL_C,63,-110.82
2026-08-31T08:00:00.000Z,SYNTH_CELL_C,64,-110.7
2026-08-31T08:00:00.000Z,SYNTH_CELL_C,65,-112.6
2026-08-31T08:00:00.000Z,SYNTH_CELL_C,66,-111.14
2026-08-31T08:00:00.000Z,SYNTH_CELL_C,67,-108.84
2026-08-31T08:00:00.000Z,SYNTH_CELL_C,68,-111.03
2026-08-31T08:00:00.000Z,SYNTH_CELL_C,69,-107.33
2026-08-31T08:00:00.000Z,SYNTH_CELL_C,70,-111.25
2026-08-31T08:00:00.000Z,SYNTH_CELL_C,71,-112.74
2026-08-31T08:00:00.000Z,SYNTH_CELL_C,72,-108.42
2026-08-31T08:00:00.000Z,SYNTH_CELL_C,73,-113.31
2026-08-31T08:00:00.000Z,SYNTH_CELL_C,74,-108.27
2026-08-31T08:00:00.000Z,SYNTH_CELL_C,75,-109.46
2026-08-31T08:00:00.000Z,SYNTH_CELL_C,76,-111.1
2026-08-31T08:00:00.000Z,SYNTH_CELL_C,77,-107.28
2026-08-31T08:00:00.000Z,SYNTH_CELL_C,78,-111.33
2026-08-31T08:00:00.000Z,SYNTH_CELL_C,79,-111.98
2026-08-31T08:00:00.000Z,SYNTH_CELL_C,80,-111.04
2026-08-31T08:00:00.000Z,SYNTH_CELL_C,81,-107.23
2026-08-31T08:00:00.000Z,SYNTH_CELL_C,82,-112.73
2026-08-31T08:00:00.000Z,SYNTH_CELL_C,83,-111.41
2026-08-31T08:00:00.000Z,SYNTH_CELL_C,84,-112.12
2026-08-31T08:00:00.000Z,SYNTH_CELL_C,85,-107.76
2026-08-31T08:00:00.000Z,SYNTH_CELL_C,86,-111.98
2026-08-31T08:00:00.000Z,SYNTH_CELL_C,87,-107.47
2026-08-31T08:00:00.000Z,SYNTH_CELL_C,88,-88.19
2026-08-31T08:00:00.000Z,SYNTH_CELL_C,89,-107.61
2026-08-31T08:00:00.000Z,SYNTH_CELL_C,90,-110.73
2026-08-31T08:00:00.000Z,SYNTH_CELL_C,91,-112.05
2026-08-31T08:00:00.000Z,SYNTH_CELL_C,92,-108.93
2026-08-31T08:00:00.000Z,SYNTH_CELL_C,93,-110.24
2026-08-31T08:00:00.000Z,SYNTH_CELL_C,94,-113.67
2026-08-31T08:00:00.000Z,SYNTH_CELL_C,95,-111.89
2026-08-31T08:00:00.000Z,SYNTH_CELL_C,96,-108.75
2026-08-31T08:00:00.000Z,SYNTH_CELL_C,97,-111.54
2026-08-31T08:00:00.000Z,SYNTH_CELL_C,98,-107.36
2026-08-31T08:00:00.000Z,SYNTH_CELL_C,99,-109.17
2026-08-31T08:00:00.000Z,SYNTH_CELL_C,100,-110.55
2026-08-31T08:00:00.000Z,SYNTH_CELL_C,101,-109.53
2026-08-31T08:00:00.000Z,SYNTH_CELL_C,102,-107.88
2026-08-31T08:00:00.000Z,SYNTH_CELL_C,103,-107.58
2026-08-31T08:00:00.000Z,SYNTH_CELL_C,104,-113.09
2026-08-31T08:00:00.000Z,SYNTH_CELL_C,105,-108.7
2026-08-31T08:00:00.000Z,SYNTH_CELL_C,106,-108.86
2026-08-31T08:00:00.000Z,SYNTH_CELL_C,107,-113.95
2026-08-31T08:00:00.000Z,SYNTH_CELL_C,108,-110.63
2026-08-31T08:00:00.000Z,SYNTH_CELL_C,109,-112.17
2026-08-31T08:00:00.000Z,SYNTH_CELL_C,110,-111.47
2026-08-31T08:00:00.000Z,SYNTH_CELL_C,111,-107.1
2026-08-31T08:00:00.000Z,SYNTH_CELL_C,112,-111.07
2026-08-31T08:00:00.000Z,SYNTH_CELL_C,113,-109.41
2026-08-31T08:00:00.000Z,SYNTH_CELL_C,114,-109.7
2026-08-31T08:00:00.000Z,SYNTH_CELL_C,115,-107.64
2026-08-31T08:00:00.000Z,SYNTH_CELL_C,116,-109.25
2026-08-31T08:00:00.000Z,SYNTH_CELL_C,117,-109.18
2026-08-31T08:00:00.000Z,SYNTH_CELL_C,118,-107.31
2026-08-31T08:00:00.000Z,SYNTH_CELL_C,119,-111.2
2026-08-31T08:00:00.000Z,SYNTH_CELL_C,120,-112.26
2026-08-31T08:00:00.000Z,SYNTH_CELL_C,121,-113.47
2026-08-31T08:00:00.000Z,SYNTH_CELL_C,122,-109.41
2026-08-31T08:00:00.000Z,SYNTH_CELL_C,123,-110.31
2026-08-31T08:00:00.000Z,SYNTH_CELL_C,124,-111.14
2026-08-31T08:00:00.000Z,SYNTH_CELL_C,125,-110.38
2026-08-31T08:00:00.000Z,SYNTH_CELL_C,126,-109.03
2026-08-31T08:00:00.000Z,SYNTH_CELL_C,127,-107.58
2026-08-31T08:00:00.000Z,SYNTH_CELL_C,128,-109.99
2026-08-31T08:00:00.000Z,SYNTH_CELL_C,129,-107.87
2026-08-31T08:00:00.000Z,SYNTH_CELL_C,130,-109.44
2026-08-31T08:00:00.000Z,SYNTH_CELL_C,131,-107.2
2026-08-31T08:00:00.000Z,SYNTH_CELL_C,132,-113.38
2026-08-31T08:00:00.000Z,SYNTH_CELL_C,133,-111.34
2026-08-31T08:00:00.000Z,SYNTH_CELL_C,134,-111.51
2026-08-31T08:00:00.000Z,SYNTH_CELL_C,135,-113.85
2026-08-31T08:00:00.000Z,SYNTH_CELL_C,136,-113.27
2026-08-31T08:00:00.000Z,SYNTH_CELL_C,137,-109.02
2026-08-31T08:00:00.000Z,SYNTH_CELL_C,138,-113.89
2026-08-31T08:00:00.000Z,SYNTH_CELL_C,139,-111.88
2026-08-31T08:00:00.000Z,SYNTH_CELL_C,140,-109.35
2026-08-31T08:00:00.000Z,SYNTH_CELL_C,141,-108.21
2026-08-31T08:00:00.000Z,SYNTH_CELL_C,142,-111.29
2026-08-31T08:00:00.000Z,SYNTH_CELL_C,143,-109.71
2026-08-31T08:00:00.000Z,SYNTH_CELL_C,144,-112.9
2026-08-31T08:00:00.000Z,SYNTH_CELL_C,145,-111.11
2026-08-31T08:00:00.000Z,SYNTH_CELL_C,146,-110.73
2026-08-31T08:00:00.000Z,SYNTH_CELL_C,147,-110.42
2026-08-31T08:00:00.000Z,SYNTH_CELL_C,148,-112.37
2026-08-31T08:00:00.000Z,SYNTH_CELL_C,149,-108.24
2026-08-31T08:00:00.000Z,SYNTH_CELL_C,150,-109.17
2026-08-31T08:00:00.000Z,SYNTH_CELL_C,151,-107.16
2026-08-31T08:00:00.000Z,SYNTH_CELL_C,152,-111.78
2026-08-31T08:00:00.000Z,SYNTH_CELL_C,153,-111.18
2026-08-31T08:00:00.000Z,SYNTH_CELL_C,154,-108.63
2026-08-31T08:00:00.000Z,SYNTH_CELL_C,155,-111.28
2026-08-31T08:00:00.000Z,SYNTH_CELL_C,156,-108.41
2026-08-31T08:00:00.000Z,SYNTH_CELL_C,157,-113.08
2026-08-31T08:00:00.000Z,SYNTH_CELL_C,158,-112.3
2026-08-31T08:00:00.000Z,SYNTH_CELL_C,159,-108.51
2026-08-31T08:00:00.000Z,SYNTH_CELL_C,160,-107.26
2026-08-31T08:00:00.000Z,SYNTH_CELL_C,161,-110.7
2026-08-31T08:00:00.000Z,SYNTH_CELL_C,162,-108.14
2026-08-31T08:00:00.000Z,SYNTH_CELL_C,163,-111.82
2026-08-31T08:00:00.000Z,SYNTH_CELL_C,164,-108.72
2026-08-31T08:00:00.000Z,SYNTH_CELL_C,165,-111.13
2026-08-31T08:00:00.000Z,SYNTH_CELL_C,166,-109.66
2026-08-31T08:00:00.000Z,SYNTH_CELL_C,167,-108.07
2026-08-31T08:00:00.000Z,SYNTH_CELL_C,168,-111.38
2026-08-31T08:00:00.000Z,SYNTH_CELL_C,169,-109.45
2026-08-31T08:00:00.000Z,SYNTH_CELL_C,170,-113.78
2026-08-31T08:00:00.000Z,SYNTH_CELL_C,171,-108.74
2026-08-31T08:00:00.000Z,SYNTH_CELL_C,172,-108.94
2026-08-31T08:00:00.000Z,SYNTH_CELL_C,173,-107.43
2026-08-31T08:00:00.000Z,SYNTH_CELL_C,174,-108.67
2026-08-31T08:00:00.000Z,SYNTH_CELL_C,175,-108.51
2026-08-31T08:00:00.000Z,SYNTH_CELL_C,176,-109.04
2026-08-31T08:00:00.000Z,SYNTH_CELL_C,177,-109.99
2026-08-31T08:00:00.000Z,SYNTH_CELL_C,178,-110.78
2026-08-31T08:00:00.000Z,SYNTH_CELL_C,179,-112.58
2026-08-31T08:00:00.000Z,SYNTH_CELL_C,180,-111.61
2026-08-31T08:00:00.000Z,SYNTH_CELL_C,181,-113.33
2026-08-31T08:00:00.000Z,SYNTH_CELL_C,182,-112.5
2026-08-31T08:00:00.000Z,SYNTH_CELL_C,183,-113.43
2026-08-31T08:00:00.000Z,SYNTH_CELL_C,184,-109.87
2026-08-31T08:00:00.000Z,SYNTH_CELL_C,185,-112.09
2026-08-31T08:00:00.000Z,SYNTH_CELL_C,186,-108.68
2026-08-31T08:00:00.000Z,SYNTH_CELL_C,187,-107.38
2026-08-31T08:00:00.000Z,SYNTH_CELL_C,188,-87.58
2026-08-31T08:00:00.000Z,SYNTH_CELL_C,189,-111.21
2026-08-31T08:00:00.000Z,SYNTH_CELL_C,190,-111.83
2026-08-31T08:00:00.000Z,SYNTH_CELL_C,191,-108.38
2026-08-31T08:00:00.000Z,SYNTH_CELL_C,192,-111.35
2026-08-31T08:00:00.000Z,SYNTH_CELL_C,193,-113.54
2026-08-31T08:00:00.000Z,SYNTH_CELL_C,194,-107.61
2026-08-31T08:00:00.000Z,SYNTH_CELL_C,195,-109.35
2026-08-31T08:00:00.000Z,SYNTH_CELL_C,196,-112.55
2026-08-31T08:00:00.000Z,SYNTH_CELL_C,197,-110.56
2026-08-31T08:00:00.000Z,SYNTH_CELL_C,198,-112.47
2026-08-31T08:00:00.000Z,SYNTH_CELL_C,199,-109.13
2026-08-31T08:00:00.000Z,SYNTH_CELL_C,200,-108.87
2026-08-31T08:00:00.000Z,SYNTH_CELL_C,201,-110.35
2026-08-31T08:00:00.000Z,SYNTH_CELL_C,202,-110.33
2026-08-31T08:00:00.000Z,SYNTH_CELL_C,203,-113.07
2026-08-31T08:00:00.000Z,SYNTH_CELL_C,204,-110.35
2026-08-31T08:00:00.000Z,SYNTH_CELL_C,205,-110.72
2026-08-31T08:00:00.000Z,SYNTH_CELL_C,206,-107.22
2026-08-31T08:00:00.000Z,SYNTH_CELL_C,207,-113.56
2026-08-31T08:00:00.000Z,SYNTH_CELL_C,208,-109.92
2026-08-31T08:00:00.000Z,SYNTH_CELL_C,209,-107.68
2026-08-31T08:00:00.000Z,SYNTH_CELL_C,210,-108.97
2026-08-31T08:00:00.000Z,SYNTH_CELL_C,211,-112.17
2026-08-31T08:00:00.000Z,SYNTH_CELL_C,212,-110.42
2026-08-31T08:00:00.000Z,SYNTH_CELL_C,213,-110.15
2026-08-31T08:00:00.000Z,SYNTH_CELL_C,214,-113.75
2026-08-31T08:00:00.000Z,SYNTH_CELL_C,215,-112.75
2026-08-31T08:00:00.000Z,SYNTH_CELL_C,216,-110.96
2026-08-31T08:00:00.000Z,SYNTH_CELL_C,217,-111.1
2026-08-31T08:00:00.000Z,SYNTH_CELL_C,218,-113.56
2026-08-31T08:00:00.000Z,SYNTH_CELL_C,219,-112.24
2026-08-31T08:00:00.000Z,SYNTH_CELL_C,220,-109.74
2026-08-31T08:00:00.000Z,SYNTH_CELL_C,221,-111.96
2026-08-31T08:00:00.000Z,SYNTH_CELL_C,222,-112.54
2026-08-31T08:00:00.000Z,SYNTH_CELL_C,223,-109.6
2026-08-31T08:00:00.000Z,SYNTH_CELL_C,224,-110.08
2026-08-31T08:00:00.000Z,SYNTH_CELL_C,225,-108.74
2026-08-31T08:00:00.000Z,SYNTH_CELL_C,226,-113.9
2026-08-31T08:00:00.000Z,SYNTH_CELL_C,227,-110.85
2026-08-31T08:00:00.000Z,SYNTH_CELL_C,228,-109.38
2026-08-31T08:00:00.000Z,SYNTH_CELL_C,229,-108.85
2026-08-31T08:00:00.000Z,SYNTH_CELL_C,230,-111.19
2026-08-31T08:00:00.000Z,SYNTH_CELL_C,231,-108.58
2026-08-31T08:00:00.000Z,SYNTH_CELL_C,232,-113.9
2026-08-31T08:00:00.000Z,SYNTH_CELL_C,233,-108.17
2026-08-31T08:00:00.000Z,SYNTH_CELL_C,234,-112.59
2026-08-31T08:00:00.000Z,SYNTH_CELL_C,235,-112.35
2026-08-31T08:00:00.000Z,SYNTH_CELL_C,236,-109.64
2026-08-31T08:00:00.000Z,SYNTH_CELL_C,237,-111.68
2026-08-31T08:00:00.000Z,SYNTH_CELL_C,238,-107.57
2026-08-31T08:00:00.000Z,SYNTH_CELL_C,239,-110.6
2026-08-31T08:00:00.000Z,SYNTH_CELL_C,240,-108.95
2026-08-31T08:00:00.000Z,SYNTH_CELL_C,241,-113.51
2026-08-31T08:00:00.000Z,SYNTH_CELL_C,242,-109.45
2026-08-31T08:00:00.000Z,SYNTH_CELL_C,243,-110.63
2026-08-31T08:00:00.000Z,SYNTH_CELL_C,244,-111.96
2026-08-31T08:00:00.000Z,SYNTH_CELL_C,245,-112.91
2026-08-31T08:00:00.000Z,SYNTH_CELL_C,246,-112.81
2026-08-31T08:00:00.000Z,SYNTH_CELL_C,247,-109.67
2026-08-31T08:00:00.000Z,SYNTH_CELL_C,248,-109.06
2026-08-31T08:00:00.000Z,SYNTH_CELL_C,249,-110.35
2026-08-31T08:00:00.000Z,SYNTH_CELL_C,250,-112.93
2026-08-31T08:00:00.000Z,SYNTH_CELL_C,251,-108.99
2026-08-31T08:00:00.000Z,SYNTH_CELL_C,252,-110.25
2026-08-31T08:00:00.000Z,SYNTH_CELL_C,253,-111.72
2026-08-31T08:00:00.000Z,SYNTH_CELL_C,254,-110.04
2026-08-31T08:00:00.000Z,SYNTH_CELL_C,255,-108.19
2026-08-31T08:00:00.000Z,SYNTH_CELL_C,256,-110.18
2026-08-31T08:00:00.000Z,SYNTH_CELL_C,257,-112.85
2026-08-31T08:00:00.000Z,SYNTH_CELL_C,258,-112.1
2026-08-31T08:00:00.000Z,SYNTH_CELL_C,259,-108.18
2026-08-31T08:00:00.000Z,SYNTH_CELL_C,260,-107.58
2026-08-31T08:00:00.000Z,SYNTH_CELL_C,261,-113.9
2026-08-31T08:00:00.000Z,SYNTH_CELL_C,262,-107.62
2026-08-31T08:00:00.000Z,SYNTH_CELL_C,263,-109.07
2026-08-31T08:00:00.000Z,SYNTH_CELL_C,264,-108.36
2026-08-31T08:00:00.000Z,SYNTH_CELL_C,265,-108.13
2026-08-31T08:00:00.000Z,SYNTH_CELL_C,266,-113.03
2026-08-31T08:00:00.000Z,SYNTH_CELL_C,267,-110.91
2026-08-31T08:00:00.000Z,SYNTH_CELL_C,268,-91.98
2026-08-31T08:00:00.000Z,SYNTH_CELL_C,269,-108.61
2026-08-31T08:00:00.000Z,SYNTH_CELL_C,270,-111.75
2026-08-31T08:00:00.000Z,SYNTH_CELL_C,271,-110.7
2026-08-31T08:00:00.000Z,SYNTH_CELL_C,272,-108.11
2026-08-31T08:05:00.000Z,SYNTH_CELL_C,0,-111.98
2026-08-31T08:05:00.000Z,SYNTH_CELL_C,1,-109.71
2026-08-31T08:05:00.000Z,SYNTH_CELL_C,2,-111.07
2026-08-31T08:05:00.000Z,SYNTH_CELL_C,3,-107
2026-08-31T08:05:00.000Z,SYNTH_CELL_C,4,-109.56
2026-08-31T08:05:00.000Z,SYNTH_CELL_C,5,-111.85
2026-08-31T08:05:00.000Z,SYNTH_CELL_C,6,-111
2026-08-31T08:05:00.000Z,SYNTH_CELL_C,7,-113.77
2026-08-31T08:05:00.000Z,SYNTH_CELL_C,8,-91.81
2026-08-31T08:05:00.000Z,SYNTH_CELL_C,9,-109.4
2026-08-31T08:05:00.000Z,SYNTH_CELL_C,10,-108.32
2026-08-31T08:05:00.000Z,SYNTH_CELL_C,11,-109.43
2026-08-31T08:05:00.000Z,SYNTH_CELL_C,12,-110.8
2026-08-31T08:05:00.000Z,SYNTH_CELL_C,13,-110.67
2026-08-31T08:05:00.000Z,SYNTH_CELL_C,14,-108.3
2026-08-31T08:05:00.000Z,SYNTH_CELL_C,15,-110.26
2026-08-31T08:05:00.000Z,SYNTH_CELL_C,16,-110.46
2026-08-31T08:05:00.000Z,SYNTH_CELL_C,17,-112.88
2026-08-31T08:05:00.000Z,SYNTH_CELL_C,18,-112.19
2026-08-31T08:05:00.000Z,SYNTH_CELL_C,19,-110.09
2026-08-31T08:05:00.000Z,SYNTH_CELL_C,20,-107.31
2026-08-31T08:05:00.000Z,SYNTH_CELL_C,21,-108.83
2026-08-31T08:05:00.000Z,SYNTH_CELL_C,22,-109.04
2026-08-31T08:05:00.000Z,SYNTH_CELL_C,23,-110.85
2026-08-31T08:05:00.000Z,SYNTH_CELL_C,24,-107.47
2026-08-31T08:05:00.000Z,SYNTH_CELL_C,25,-113.38
2026-08-31T08:05:00.000Z,SYNTH_CELL_C,26,-110.89
2026-08-31T08:05:00.000Z,SYNTH_CELL_C,27,-109.8
2026-08-31T08:05:00.000Z,SYNTH_CELL_C,28,-110.09
2026-08-31T08:05:00.000Z,SYNTH_CELL_C,29,-111.35
2026-08-31T08:05:00.000Z,SYNTH_CELL_C,30,-112.56
2026-08-31T08:05:00.000Z,SYNTH_CELL_C,31,-112.99
2026-08-31T08:05:00.000Z,SYNTH_CELL_C,32,-113.67
2026-08-31T08:05:00.000Z,SYNTH_CELL_C,33,-108.3
2026-08-31T08:05:00.000Z,SYNTH_CELL_C,34,-109.7
2026-08-31T08:05:00.000Z,SYNTH_CELL_C,35,-111.35
2026-08-31T08:05:00.000Z,SYNTH_CELL_C,36,-110.92
2026-08-31T08:05:00.000Z,SYNTH_CELL_C,37,-108.78
2026-08-31T08:05:00.000Z,SYNTH_CELL_C,38,-112.56
2026-08-31T08:05:00.000Z,SYNTH_CELL_C,39,-109.77
2026-08-31T08:05:00.000Z,SYNTH_CELL_C,40,-107.76
2026-08-31T08:05:00.000Z,SYNTH_CELL_C,41,-112.13
2026-08-31T08:05:00.000Z,SYNTH_CELL_C,42,-107.47
2026-08-31T08:05:00.000Z,SYNTH_CELL_C,43,-110.4
2026-08-31T08:05:00.000Z,SYNTH_CELL_C,44,-111.37
2026-08-31T08:05:00.000Z,SYNTH_CELL_C,45,-111
2026-08-31T08:05:00.000Z,SYNTH_CELL_C,46,-113.7
2026-08-31T08:05:00.000Z,SYNTH_CELL_C,47,-112.32
2026-08-31T08:05:00.000Z,SYNTH_CELL_C,48,-109.13
2026-08-31T08:05:00.000Z,SYNTH_CELL_C,49,-112.88
2026-08-31T08:05:00.000Z,SYNTH_CELL_C,50,-112.63
2026-08-31T08:05:00.000Z,SYNTH_CELL_C,51,-112.51
2026-08-31T08:05:00.000Z,SYNTH_CELL_C,52,-109.33
2026-08-31T08:05:00.000Z,SYNTH_CELL_C,53,-113.43
2026-08-31T08:05:00.000Z,SYNTH_CELL_C,54,-109.37
2026-08-31T08:05:00.000Z,SYNTH_CELL_C,55,-107.39
2026-08-31T08:05:00.000Z,SYNTH_CELL_C,56,-111.82
2026-08-31T08:05:00.000Z,SYNTH_CELL_C,57,-111.79
2026-08-31T08:05:00.000Z,SYNTH_CELL_C,58,-110.57
2026-08-31T08:05:00.000Z,SYNTH_CELL_C,59,-107.7
2026-08-31T08:05:00.000Z,SYNTH_CELL_C,60,-107.32
2026-08-31T08:05:00.000Z,SYNTH_CELL_C,61,-110.92
2026-08-31T08:05:00.000Z,SYNTH_CELL_C,62,-110.54
2026-08-31T08:05:00.000Z,SYNTH_CELL_C,63,-109.92
2026-08-31T08:05:00.000Z,SYNTH_CELL_C,64,-113.55
2026-08-31T08:05:00.000Z,SYNTH_CELL_C,65,-108.81
2026-08-31T08:05:00.000Z,SYNTH_CELL_C,66,-107.62
2026-08-31T08:05:00.000Z,SYNTH_CELL_C,67,-107.19
2026-08-31T08:05:00.000Z,SYNTH_CELL_C,68,-109.07
2026-08-31T08:05:00.000Z,SYNTH_CELL_C,69,-107.96
2026-08-31T08:05:00.000Z,SYNTH_CELL_C,70,-109.6
2026-08-31T08:05:00.000Z,SYNTH_CELL_C,71,-111.05
2026-08-31T08:05:00.000Z,SYNTH_CELL_C,72,-110.51
2026-08-31T08:05:00.000Z,SYNTH_CELL_C,73,-107.06
2026-08-31T08:05:00.000Z,SYNTH_CELL_C,74,-108.1
2026-08-31T08:05:00.000Z,SYNTH_CELL_C,75,-112.91
2026-08-31T08:05:00.000Z,SYNTH_CELL_C,76,-107.15
2026-08-31T08:05:00.000Z,SYNTH_CELL_C,77,-109.27
2026-08-31T08:05:00.000Z,SYNTH_CELL_C,78,-113.43
2026-08-31T08:05:00.000Z,SYNTH_CELL_C,79,-110.99
2026-08-31T08:05:00.000Z,SYNTH_CELL_C,80,-112.36
2026-08-31T08:05:00.000Z,SYNTH_CELL_C,81,-111.47
2026-08-31T08:05:00.000Z,SYNTH_CELL_C,82,-110.71
2026-08-31T08:05:00.000Z,SYNTH_CELL_C,83,-110.82
2026-08-31T08:05:00.000Z,SYNTH_CELL_C,84,-108.41
2026-08-31T08:05:00.000Z,SYNTH_CELL_C,85,-109.06
2026-08-31T08:05:00.000Z,SYNTH_CELL_C,86,-112.48
2026-08-31T08:05:00.000Z,SYNTH_CELL_C,87,-113.14
2026-08-31T08:05:00.000Z,SYNTH_CELL_C,88,-89.02
2026-08-31T08:05:00.000Z,SYNTH_CELL_C,89,-108.92
2026-08-31T08:05:00.000Z,SYNTH_CELL_C,90,-112.28
2026-08-31T08:05:00.000Z,SYNTH_CELL_C,91,-109.97
2026-08-31T08:05:00.000Z,SYNTH_CELL_C,92,-108.89
2026-08-31T08:05:00.000Z,SYNTH_CELL_C,93,-108.41
2026-08-31T08:05:00.000Z,SYNTH_CELL_C,94,-107.08
2026-08-31T08:05:00.000Z,SYNTH_CELL_C,95,-109.52
2026-08-31T08:05:00.000Z,SYNTH_CELL_C,96,-109.13
2026-08-31T08:05:00.000Z,SYNTH_CELL_C,97,-110.4
2026-08-31T08:05:00.000Z,SYNTH_CELL_C,98,-111.74
2026-08-31T08:05:00.000Z,SYNTH_CELL_C,99,-113.38
2026-08-31T08:05:00.000Z,SYNTH_CELL_C,100,-113.64
2026-08-31T08:05:00.000Z,SYNTH_CELL_C,101,-111.51
2026-08-31T08:05:00.000Z,SYNTH_CELL_C,102,-109.19
2026-08-31T08:05:00.000Z,SYNTH_CELL_C,103,-108.88
2026-08-31T08:05:00.000Z,SYNTH_CELL_C,104,-110.04
2026-08-31T08:05:00.000Z,SYNTH_CELL_C,105,-112.87
2026-08-31T08:05:00.000Z,SYNTH_CELL_C,106,-110.98
2026-08-31T08:05:00.000Z,SYNTH_CELL_C,107,-112.35
2026-08-31T08:05:00.000Z,SYNTH_CELL_C,108,-111.69
2026-08-31T08:05:00.000Z,SYNTH_CELL_C,109,-111.82
2026-08-31T08:05:00.000Z,SYNTH_CELL_C,110,-110.73
2026-08-31T08:05:00.000Z,SYNTH_CELL_C,111,-109.47
2026-08-31T08:05:00.000Z,SYNTH_CELL_C,112,-113.4
2026-08-31T08:05:00.000Z,SYNTH_CELL_C,113,-110.2
2026-08-31T08:05:00.000Z,SYNTH_CELL_C,114,-111.84
2026-08-31T08:05:00.000Z,SYNTH_CELL_C,115,-110.63
2026-08-31T08:05:00.000Z,SYNTH_CELL_C,116,-113.97
2026-08-31T08:05:00.000Z,SYNTH_CELL_C,117,-111.99
2026-08-31T08:05:00.000Z,SYNTH_CELL_C,118,-109.67
2026-08-31T08:05:00.000Z,SYNTH_CELL_C,119,-112.03
2026-08-31T08:05:00.000Z,SYNTH_CELL_C,120,-113.82
2026-08-31T08:05:00.000Z,SYNTH_CELL_C,121,-110.95
2026-08-31T08:05:00.000Z,SYNTH_CELL_C,122,-111.45
2026-08-31T08:05:00.000Z,SYNTH_CELL_C,123,-110.21
2026-08-31T08:05:00.000Z,SYNTH_CELL_C,124,-107.88
2026-08-31T08:05:00.000Z,SYNTH_CELL_C,125,-111.41
2026-08-31T08:05:00.000Z,SYNTH_CELL_C,126,-108.87
2026-08-31T08:05:00.000Z,SYNTH_CELL_C,127,-108.16
2026-08-31T08:05:00.000Z,SYNTH_CELL_C,128,-107.75
2026-08-31T08:05:00.000Z,SYNTH_CELL_C,129,-112.92
2026-08-31T08:05:00.000Z,SYNTH_CELL_C,130,-107.55
2026-08-31T08:05:00.000Z,SYNTH_CELL_C,131,-113.87
2026-08-31T08:05:00.000Z,SYNTH_CELL_C,132,-108.12
2026-08-31T08:05:00.000Z,SYNTH_CELL_C,133,-108.85
2026-08-31T08:05:00.000Z,SYNTH_CELL_C,134,-107.23
2026-08-31T08:05:00.000Z,SYNTH_CELL_C,135,-111.24
2026-08-31T08:05:00.000Z,SYNTH_CELL_C,136,-108.58
2026-08-31T08:05:00.000Z,SYNTH_CELL_C,137,-113.98
2026-08-31T08:05:00.000Z,SYNTH_CELL_C,138,-108.88
2026-08-31T08:05:00.000Z,SYNTH_CELL_C,139,-109.51
2026-08-31T08:05:00.000Z,SYNTH_CELL_C,140,-112.74
2026-08-31T08:05:00.000Z,SYNTH_CELL_C,141,-109.9
2026-08-31T08:05:00.000Z,SYNTH_CELL_C,142,-112.65
2026-08-31T08:05:00.000Z,SYNTH_CELL_C,143,-110.9
2026-08-31T08:05:00.000Z,SYNTH_CELL_C,144,-110.81
2026-08-31T08:05:00.000Z,SYNTH_CELL_C,145,-112.18
2026-08-31T08:05:00.000Z,SYNTH_CELL_C,146,-112.88
2026-08-31T08:05:00.000Z,SYNTH_CELL_C,147,-109.54
2026-08-31T08:05:00.000Z,SYNTH_CELL_C,148,-107.77
2026-08-31T08:05:00.000Z,SYNTH_CELL_C,149,-108.23
2026-08-31T08:05:00.000Z,SYNTH_CELL_C,150,-110.21
2026-08-31T08:05:00.000Z,SYNTH_CELL_C,151,-108.37
2026-08-31T08:05:00.000Z,SYNTH_CELL_C,152,-112.37
2026-08-31T08:05:00.000Z,SYNTH_CELL_C,153,-111.4
2026-08-31T08:05:00.000Z,SYNTH_CELL_C,154,-112.31
2026-08-31T08:05:00.000Z,SYNTH_CELL_C,155,-112.67
2026-08-31T08:05:00.000Z,SYNTH_CELL_C,156,-107.34
2026-08-31T08:05:00.000Z,SYNTH_CELL_C,157,-108.1
2026-08-31T08:05:00.000Z,SYNTH_CELL_C,158,-108.4
2026-08-31T08:05:00.000Z,SYNTH_CELL_C,159,-107.88
2026-08-31T08:05:00.000Z,SYNTH_CELL_C,160,-112.19
2026-08-31T08:05:00.000Z,SYNTH_CELL_C,161,-108.36
2026-08-31T08:05:00.000Z,SYNTH_CELL_C,162,-108.34
2026-08-31T08:05:00.000Z,SYNTH_CELL_C,163,-112.95
2026-08-31T08:05:00.000Z,SYNTH_CELL_C,164,-107.4
2026-08-31T08:05:00.000Z,SYNTH_CELL_C,165,-111.14
2026-08-31T08:05:00.000Z,SYNTH_CELL_C,166,-112.78
2026-08-31T08:05:00.000Z,SYNTH_CELL_C,167,-113.64
2026-08-31T08:05:00.000Z,SYNTH_CELL_C,168,-113.61
2026-08-31T08:05:00.000Z,SYNTH_CELL_C,169,-110.59
2026-08-31T08:05:00.000Z,SYNTH_CELL_C,170,-112.43
2026-08-31T08:05:00.000Z,SYNTH_CELL_C,171,-113.83
2026-08-31T08:05:00.000Z,SYNTH_CELL_C,172,-110.9
2026-08-31T08:05:00.000Z,SYNTH_CELL_C,173,-108.33
2026-08-31T08:05:00.000Z,SYNTH_CELL_C,174,-109.31
2026-08-31T08:05:00.000Z,SYNTH_CELL_C,175,-108.64
2026-08-31T08:05:00.000Z,SYNTH_CELL_C,176,-113.11
2026-08-31T08:05:00.000Z,SYNTH_CELL_C,177,-110.48
2026-08-31T08:05:00.000Z,SYNTH_CELL_C,178,-111.26
2026-08-31T08:05:00.000Z,SYNTH_CELL_C,179,-112.37
2026-08-31T08:05:00.000Z,SYNTH_CELL_C,180,-110.58
2026-08-31T08:05:00.000Z,SYNTH_CELL_C,181,-109.34
2026-08-31T08:05:00.000Z,SYNTH_CELL_C,182,-114
2026-08-31T08:05:00.000Z,SYNTH_CELL_C,183,-107.73
2026-08-31T08:05:00.000Z,SYNTH_CELL_C,184,-112.69
2026-08-31T08:05:00.000Z,SYNTH_CELL_C,185,-112.04
2026-08-31T08:05:00.000Z,SYNTH_CELL_C,186,-113.25
2026-08-31T08:05:00.000Z,SYNTH_CELL_C,187,-111.84
2026-08-31T08:05:00.000Z,SYNTH_CELL_C,188,-88.69
2026-08-31T08:05:00.000Z,SYNTH_CELL_C,189,-110.76
2026-08-31T08:05:00.000Z,SYNTH_CELL_C,190,-112.51
2026-08-31T08:05:00.000Z,SYNTH_CELL_C,191,-113.47
2026-08-31T08:05:00.000Z,SYNTH_CELL_C,192,-108.6
2026-08-31T08:05:00.000Z,SYNTH_CELL_C,193,-112.76
2026-08-31T08:05:00.000Z,SYNTH_CELL_C,194,-113.21
2026-08-31T08:05:00.000Z,SYNTH_CELL_C,195,-111.6
2026-08-31T08:05:00.000Z,SYNTH_CELL_C,196,-110.85
2026-08-31T08:05:00.000Z,SYNTH_CELL_C,197,-110.3
2026-08-31T08:05:00.000Z,SYNTH_CELL_C,198,-109.15
2026-08-31T08:05:00.000Z,SYNTH_CELL_C,199,-107.59
2026-08-31T08:05:00.000Z,SYNTH_CELL_C,200,-109.7
2026-08-31T08:05:00.000Z,SYNTH_CELL_C,201,-108.8
2026-08-31T08:05:00.000Z,SYNTH_CELL_C,202,-113.98
2026-08-31T08:05:00.000Z,SYNTH_CELL_C,203,-112.98
2026-08-31T08:05:00.000Z,SYNTH_CELL_C,204,-108.13
2026-08-31T08:05:00.000Z,SYNTH_CELL_C,205,-107.06
2026-08-31T08:05:00.000Z,SYNTH_CELL_C,206,-110.87
2026-08-31T08:05:00.000Z,SYNTH_CELL_C,207,-108.94
2026-08-31T08:05:00.000Z,SYNTH_CELL_C,208,-109.37
2026-08-31T08:05:00.000Z,SYNTH_CELL_C,209,-112.66
2026-08-31T08:05:00.000Z,SYNTH_CELL_C,210,-107.16
2026-08-31T08:05:00.000Z,SYNTH_CELL_C,211,-110.4
2026-08-31T08:05:00.000Z,SYNTH_CELL_C,212,-109.05
2026-08-31T08:05:00.000Z,SYNTH_CELL_C,213,-107.59
2026-08-31T08:05:00.000Z,SYNTH_CELL_C,214,-113.12
2026-08-31T08:05:00.000Z,SYNTH_CELL_C,215,-109.9
2026-08-31T08:05:00.000Z,SYNTH_CELL_C,216,-109.74
2026-08-31T08:05:00.000Z,SYNTH_CELL_C,217,-110.15
2026-08-31T08:05:00.000Z,SYNTH_CELL_C,218,-108.65
2026-08-31T08:05:00.000Z,SYNTH_CELL_C,219,-110.26
2026-08-31T08:05:00.000Z,SYNTH_CELL_C,220,-110.08
2026-08-31T08:05:00.000Z,SYNTH_CELL_C,221,-108.05
2026-08-31T08:05:00.000Z,SYNTH_CELL_C,222,-110.94
2026-08-31T08:05:00.000Z,SYNTH_CELL_C,223,-112.06
2026-08-31T08:05:00.000Z,SYNTH_CELL_C,224,-111.11
2026-08-31T08:05:00.000Z,SYNTH_CELL_C,225,-107.17
2026-08-31T08:05:00.000Z,SYNTH_CELL_C,226,-112.75
2026-08-31T08:05:00.000Z,SYNTH_CELL_C,227,-111.3
2026-08-31T08:05:00.000Z,SYNTH_CELL_C,228,-112.75
2026-08-31T08:05:00.000Z,SYNTH_CELL_C,229,-112.89
2026-08-31T08:05:00.000Z,SYNTH_CELL_C,230,-109.2
2026-08-31T08:05:00.000Z,SYNTH_CELL_C,231,-113.41
2026-08-31T08:05:00.000Z,SYNTH_CELL_C,232,-108.01
2026-08-31T08:05:00.000Z,SYNTH_CELL_C,233,-113.68
2026-08-31T08:05:00.000Z,SYNTH_CELL_C,234,-108.55
2026-08-31T08:05:00.000Z,SYNTH_CELL_C,235,-107.16
2026-08-31T08:05:00.000Z,SYNTH_CELL_C,236,-110.46
2026-08-31T08:05:00.000Z,SYNTH_CELL_C,237,-108.17
2026-08-31T08:05:00.000Z,SYNTH_CELL_C,238,-113.48
2026-08-31T08:05:00.000Z,SYNTH_CELL_C,239,-109.93
2026-08-31T08:05:00.000Z,SYNTH_CELL_C,240,-110.41
2026-08-31T08:05:00.000Z,SYNTH_CELL_C,241,-112.59
2026-08-31T08:05:00.000Z,SYNTH_CELL_C,242,-108.15
2026-08-31T08:05:00.000Z,SYNTH_CELL_C,243,-109.14
2026-08-31T08:05:00.000Z,SYNTH_CELL_C,244,-113.9
2026-08-31T08:05:00.000Z,SYNTH_CELL_C,245,-113.2
2026-08-31T08:05:00.000Z,SYNTH_CELL_C,246,-107.29
2026-08-31T08:05:00.000Z,SYNTH_CELL_C,247,-109.74
2026-08-31T08:05:00.000Z,SYNTH_CELL_C,248,-110.81
2026-08-31T08:05:00.000Z,SYNTH_CELL_C,249,-110.73
2026-08-31T08:05:00.000Z,SYNTH_CELL_C,250,-113.17
2026-08-31T08:05:00.000Z,SYNTH_CELL_C,251,-112.68
2026-08-31T08:05:00.000Z,SYNTH_CELL_C,252,-111.79
2026-08-31T08:05:00.000Z,SYNTH_CELL_C,253,-110.06
2026-08-31T08:05:00.000Z,SYNTH_CELL_C,254,-113.44
2026-08-31T08:05:00.000Z,SYNTH_CELL_C,255,-108.71
2026-08-31T08:05:00.000Z,SYNTH_CELL_C,256,-113.84
2026-08-31T08:05:00.000Z,SYNTH_CELL_C,257,-111.16
2026-08-31T08:05:00.000Z,SYNTH_CELL_C,258,-112.44
2026-08-31T08:05:00.000Z,SYNTH_CELL_C,259,-108.79
2026-08-31T08:05:00.000Z,SYNTH_CELL_C,260,-113.2
2026-08-31T08:05:00.000Z,SYNTH_CELL_C,261,-109.05
2026-08-31T08:05:00.000Z,SYNTH_CELL_C,262,-111.5
2026-08-31T08:05:00.000Z,SYNTH_CELL_C,263,-113.55
2026-08-31T08:05:00.000Z,SYNTH_CELL_C,264,-109
2026-08-31T08:05:00.000Z,SYNTH_CELL_C,265,-110.07
2026-08-31T08:05:00.000Z,SYNTH_CELL_C,266,-107.69
2026-08-31T08:05:00.000Z,SYNTH_CELL_C,267,-113.61
2026-08-31T08:05:00.000Z,SYNTH_CELL_C,268,-90.87
2026-08-31T08:05:00.000Z,SYNTH_CELL_C,269,-109.3
2026-08-31T08:05:00.000Z,SYNTH_CELL_C,270,-110.25
2026-08-31T08:05:00.000Z,SYNTH_CELL_C,271,-107.33
2026-08-31T08:05:00.000Z,SYNTH_CELL_C,272,-108
2026-08-31T08:10:00.000Z,SYNTH_CELL_C,0,-109.75
2026-08-31T08:10:00.000Z,SYNTH_CELL_C,1,-108.81
2026-08-31T08:10:00.000Z,SYNTH_CELL_C,2,-113.29
2026-08-31T08:10:00.000Z,SYNTH_CELL_C,3,-111.97
2026-08-31T08:10:00.000Z,SYNTH_CELL_C,4,-110.27
2026-08-31T08:10:00.000Z,SYNTH_CELL_C,5,-113.27
2026-08-31T08:10:00.000Z,SYNTH_CELL_C,6,-113.99
2026-08-31T08:10:00.000Z,SYNTH_CELL_C,7,-113.49
2026-08-31T08:10:00.000Z,SYNTH_CELL_C,8,-89.62
2026-08-31T08:10:00.000Z,SYNTH_CELL_C,9,-113.47
2026-08-31T08:10:00.000Z,SYNTH_CELL_C,10,-110.29
2026-08-31T08:10:00.000Z,SYNTH_CELL_C,11,-107.14
2026-08-31T08:10:00.000Z,SYNTH_CELL_C,12,-108.02
2026-08-31T08:10:00.000Z,SYNTH_CELL_C,13,-109.58
2026-08-31T08:10:00.000Z,SYNTH_CELL_C,14,-108.57
2026-08-31T08:10:00.000Z,SYNTH_CELL_C,15,-108.2
2026-08-31T08:10:00.000Z,SYNTH_CELL_C,16,-110.26
2026-08-31T08:10:00.000Z,SYNTH_CELL_C,17,-112.06
2026-08-31T08:10:00.000Z,SYNTH_CELL_C,18,-110.61
2026-08-31T08:10:00.000Z,SYNTH_CELL_C,19,-110.17
2026-08-31T08:10:00.000Z,SYNTH_CELL_C,20,-112.93
2026-08-31T08:10:00.000Z,SYNTH_CELL_C,21,-114
2026-08-31T08:10:00.000Z,SYNTH_CELL_C,22,-111.87
2026-08-31T08:10:00.000Z,SYNTH_CELL_C,23,-108.95
2026-08-31T08:10:00.000Z,SYNTH_CELL_C,24,-113.79
2026-08-31T08:10:00.000Z,SYNTH_CELL_C,25,-111.04
2026-08-31T08:10:00.000Z,SYNTH_CELL_C,26,-108.13
2026-08-31T08:10:00.000Z,SYNTH_CELL_C,27,-111.56
2026-08-31T08:10:00.000Z,SYNTH_CELL_C,28,-108.68
2026-08-31T08:10:00.000Z,SYNTH_CELL_C,29,-112.84
2026-08-31T08:10:00.000Z,SYNTH_CELL_C,30,-110.76
2026-08-31T08:10:00.000Z,SYNTH_CELL_C,31,-108.11
2026-08-31T08:10:00.000Z,SYNTH_CELL_C,32,-111.4
2026-08-31T08:10:00.000Z,SYNTH_CELL_C,33,-110.37
2026-08-31T08:10:00.000Z,SYNTH_CELL_C,34,-108.34
2026-08-31T08:10:00.000Z,SYNTH_CELL_C,35,-111.33
2026-08-31T08:10:00.000Z,SYNTH_CELL_C,36,-113.13
2026-08-31T08:10:00.000Z,SYNTH_CELL_C,37,-110.46
2026-08-31T08:10:00.000Z,SYNTH_CELL_C,38,-108.05
2026-08-31T08:10:00.000Z,SYNTH_CELL_C,39,-108.98
2026-08-31T08:10:00.000Z,SYNTH_CELL_C,40,-108.09
2026-08-31T08:10:00.000Z,SYNTH_CELL_C,41,-110.96
2026-08-31T08:10:00.000Z,SYNTH_CELL_C,42,-110.83
2026-08-31T08:10:00.000Z,SYNTH_CELL_C,43,-110.45
2026-08-31T08:10:00.000Z,SYNTH_CELL_C,44,-109.36
2026-08-31T08:10:00.000Z,SYNTH_CELL_C,45,-113.54
2026-08-31T08:10:00.000Z,SYNTH_CELL_C,46,-112.08
2026-08-31T08:10:00.000Z,SYNTH_CELL_C,47,-111.57
2026-08-31T08:10:00.000Z,SYNTH_CELL_C,48,-113.64
2026-08-31T08:10:00.000Z,SYNTH_CELL_C,49,-110.24
2026-08-31T08:10:00.000Z,SYNTH_CELL_C,50,-107.71
2026-08-31T08:10:00.000Z,SYNTH_CELL_C,51,-109.75
2026-08-31T08:10:00.000Z,SYNTH_CELL_C,52,-113.92
2026-08-31T08:10:00.000Z,SYNTH_CELL_C,53,-112.94
2026-08-31T08:10:00.000Z,SYNTH_CELL_C,54,-113.7
2026-08-31T08:10:00.000Z,SYNTH_CELL_C,55,-112.41
2026-08-31T08:10:00.000Z,SYNTH_CELL_C,56,-112.15
2026-08-31T08:10:00.000Z,SYNTH_CELL_C,57,-112.59
2026-08-31T08:10:00.000Z,SYNTH_CELL_C,58,-109.02
2026-08-31T08:10:00.000Z,SYNTH_CELL_C,59,-109.81
2026-08-31T08:10:00.000Z,SYNTH_CELL_C,60,-111.66
2026-08-31T08:10:00.000Z,SYNTH_CELL_C,61,-107.32
2026-08-31T08:10:00.000Z,SYNTH_CELL_C,62,-112.99
2026-08-31T08:10:00.000Z,SYNTH_CELL_C,63,-109.24
2026-08-31T08:10:00.000Z,SYNTH_CELL_C,64,-111.59
2026-08-31T08:10:00.000Z,SYNTH_CELL_C,65,-107.51
2026-08-31T08:10:00.000Z,SYNTH_CELL_C,66,-110.81
2026-08-31T08:10:00.000Z,SYNTH_CELL_C,67,-110.71
2026-08-31T08:10:00.000Z,SYNTH_CELL_C,68,-110.94
2026-08-31T08:10:00.000Z,SYNTH_CELL_C,69,-109.88
2026-08-31T08:10:00.000Z,SYNTH_CELL_C,70,-108.44
2026-08-31T08:10:00.000Z,SYNTH_CELL_C,71,-107.22
2026-08-31T08:10:00.000Z,SYNTH_CELL_C,72,-109.27
2026-08-31T08:10:00.000Z,SYNTH_CELL_C,73,-109.74
2026-08-31T08:10:00.000Z,SYNTH_CELL_C,74,-107.29
2026-08-31T08:10:00.000Z,SYNTH_CELL_C,75,-108.86
2026-08-31T08:10:00.000Z,SYNTH_CELL_C,76,-111.72
2026-08-31T08:10:00.000Z,SYNTH_CELL_C,77,-108.84
2026-08-31T08:10:00.000Z,SYNTH_CELL_C,78,-111.7
2026-08-31T08:10:00.000Z,SYNTH_CELL_C,79,-113.22
2026-08-31T08:10:00.000Z,SYNTH_CELL_C,80,-110.95
2026-08-31T08:10:00.000Z,SYNTH_CELL_C,81,-111.09
2026-08-31T08:10:00.000Z,SYNTH_CELL_C,82,-113.5
2026-08-31T08:10:00.000Z,SYNTH_CELL_C,83,-112.33
2026-08-31T08:10:00.000Z,SYNTH_CELL_C,84,-109.52
2026-08-31T08:10:00.000Z,SYNTH_CELL_C,85,-112.74
2026-08-31T08:10:00.000Z,SYNTH_CELL_C,86,-110.25
2026-08-31T08:10:00.000Z,SYNTH_CELL_C,87,-108.04
2026-08-31T08:10:00.000Z,SYNTH_CELL_C,88,-93.02
2026-08-31T08:10:00.000Z,SYNTH_CELL_C,89,-107.82
2026-08-31T08:10:00.000Z,SYNTH_CELL_C,90,-108.36
2026-08-31T08:10:00.000Z,SYNTH_CELL_C,91,-107.38
2026-08-31T08:10:00.000Z,SYNTH_CELL_C,92,-108.2
2026-08-31T08:10:00.000Z,SYNTH_CELL_C,93,-108.49
2026-08-31T08:10:00.000Z,SYNTH_CELL_C,94,-111.17
2026-08-31T08:10:00.000Z,SYNTH_CELL_C,95,-112.02
2026-08-31T08:10:00.000Z,SYNTH_CELL_C,96,-109.99
2026-08-31T08:10:00.000Z,SYNTH_CELL_C,97,-110.53
2026-08-31T08:10:00.000Z,SYNTH_CELL_C,98,-112.96
2026-08-31T08:10:00.000Z,SYNTH_CELL_C,99,-108.75
2026-08-31T08:10:00.000Z,SYNTH_CELL_C,100,-109.47
2026-08-31T08:10:00.000Z,SYNTH_CELL_C,101,-108.98
2026-08-31T08:10:00.000Z,SYNTH_CELL_C,102,-112.69
2026-08-31T08:10:00.000Z,SYNTH_CELL_C,103,-110.41
2026-08-31T08:10:00.000Z,SYNTH_CELL_C,104,-111.26
2026-08-31T08:10:00.000Z,SYNTH_CELL_C,105,-108.37
2026-08-31T08:10:00.000Z,SYNTH_CELL_C,106,-112.08
2026-08-31T08:10:00.000Z,SYNTH_CELL_C,107,-107.54
2026-08-31T08:10:00.000Z,SYNTH_CELL_C,108,-113.14
2026-08-31T08:10:00.000Z,SYNTH_CELL_C,109,-107
2026-08-31T08:10:00.000Z,SYNTH_CELL_C,110,-111.48
2026-08-31T08:10:00.000Z,SYNTH_CELL_C,111,-113.38
2026-08-31T08:10:00.000Z,SYNTH_CELL_C,112,-111.09
2026-08-31T08:10:00.000Z,SYNTH_CELL_C,113,-111.8
2026-08-31T08:10:00.000Z,SYNTH_CELL_C,114,-109.97
2026-08-31T08:10:00.000Z,SYNTH_CELL_C,115,-113.86
2026-08-31T08:10:00.000Z,SYNTH_CELL_C,116,-108.19
2026-08-31T08:10:00.000Z,SYNTH_CELL_C,117,-107.59
2026-08-31T08:10:00.000Z,SYNTH_CELL_C,118,-108.91
2026-08-31T08:10:00.000Z,SYNTH_CELL_C,119,-112.33
2026-08-31T08:10:00.000Z,SYNTH_CELL_C,120,-112.56
2026-08-31T08:10:00.000Z,SYNTH_CELL_C,121,-107.61
2026-08-31T08:10:00.000Z,SYNTH_CELL_C,122,-110.94
2026-08-31T08:10:00.000Z,SYNTH_CELL_C,123,-109.01
2026-08-31T08:10:00.000Z,SYNTH_CELL_C,124,-109.36
2026-08-31T08:10:00.000Z,SYNTH_CELL_C,125,-111.03
2026-08-31T08:10:00.000Z,SYNTH_CELL_C,126,-113.82
2026-08-31T08:10:00.000Z,SYNTH_CELL_C,127,-113.93
2026-08-31T08:10:00.000Z,SYNTH_CELL_C,128,-111.07
2026-08-31T08:10:00.000Z,SYNTH_CELL_C,129,-108.61
2026-08-31T08:10:00.000Z,SYNTH_CELL_C,130,-111.83
2026-08-31T08:10:00.000Z,SYNTH_CELL_C,131,-110.49
2026-08-31T08:10:00.000Z,SYNTH_CELL_C,132,-109.85
2026-08-31T08:10:00.000Z,SYNTH_CELL_C,133,-109.38
2026-08-31T08:10:00.000Z,SYNTH_CELL_C,134,-110.98
2026-08-31T08:10:00.000Z,SYNTH_CELL_C,135,-110.49
2026-08-31T08:10:00.000Z,SYNTH_CELL_C,136,-113.24
2026-08-31T08:10:00.000Z,SYNTH_CELL_C,137,-112.32
2026-08-31T08:10:00.000Z,SYNTH_CELL_C,138,-107.84
2026-08-31T08:10:00.000Z,SYNTH_CELL_C,139,-112.72
2026-08-31T08:10:00.000Z,SYNTH_CELL_C,140,-108.1
2026-08-31T08:10:00.000Z,SYNTH_CELL_C,141,-107.98
2026-08-31T08:10:00.000Z,SYNTH_CELL_C,142,-108.36
2026-08-31T08:10:00.000Z,SYNTH_CELL_C,143,-112.92
2026-08-31T08:10:00.000Z,SYNTH_CELL_C,144,-112.83
2026-08-31T08:10:00.000Z,SYNTH_CELL_C,145,-111.08
2026-08-31T08:10:00.000Z,SYNTH_CELL_C,146,-108.38
2026-08-31T08:10:00.000Z,SYNTH_CELL_C,147,-110.02
2026-08-31T08:10:00.000Z,SYNTH_CELL_C,148,-107.21
2026-08-31T08:10:00.000Z,SYNTH_CELL_C,149,-112.63
2026-08-31T08:10:00.000Z,SYNTH_CELL_C,150,-112.5
2026-08-31T08:10:00.000Z,SYNTH_CELL_C,151,-109.54
2026-08-31T08:10:00.000Z,SYNTH_CELL_C,152,-111.92
2026-08-31T08:10:00.000Z,SYNTH_CELL_C,153,-113.62
2026-08-31T08:10:00.000Z,SYNTH_CELL_C,154,-113.16
2026-08-31T08:10:00.000Z,SYNTH_CELL_C,155,-110.57
2026-08-31T08:10:00.000Z,SYNTH_CELL_C,156,-109.22
2026-08-31T08:10:00.000Z,SYNTH_CELL_C,157,-107.58
2026-08-31T08:10:00.000Z,SYNTH_CELL_C,158,-113.76
2026-08-31T08:10:00.000Z,SYNTH_CELL_C,159,-112.12
2026-08-31T08:10:00.000Z,SYNTH_CELL_C,160,-112.25
2026-08-31T08:10:00.000Z,SYNTH_CELL_C,161,-110.75
2026-08-31T08:10:00.000Z,SYNTH_CELL_C,162,-111.09
2026-08-31T08:10:00.000Z,SYNTH_CELL_C,163,-111.12
2026-08-31T08:10:00.000Z,SYNTH_CELL_C,164,-109.59
2026-08-31T08:10:00.000Z,SYNTH_CELL_C,165,-113.95
2026-08-31T08:10:00.000Z,SYNTH_CELL_C,166,-113.93
2026-08-31T08:10:00.000Z,SYNTH_CELL_C,167,-113.24
2026-08-31T08:10:00.000Z,SYNTH_CELL_C,168,-108.9
2026-08-31T08:10:00.000Z,SYNTH_CELL_C,169,-110.45
2026-08-31T08:10:00.000Z,SYNTH_CELL_C,170,-113.71
2026-08-31T08:10:00.000Z,SYNTH_CELL_C,171,-107.82
2026-08-31T08:10:00.000Z,SYNTH_CELL_C,172,-111.55
2026-08-31T08:10:00.000Z,SYNTH_CELL_C,173,-108.81
2026-08-31T08:10:00.000Z,SYNTH_CELL_C,174,-112.19
2026-08-31T08:10:00.000Z,SYNTH_CELL_C,175,-111.58
2026-08-31T08:10:00.000Z,SYNTH_CELL_C,176,-109.42
2026-08-31T08:10:00.000Z,SYNTH_CELL_C,177,-109.56
2026-08-31T08:10:00.000Z,SYNTH_CELL_C,178,-108.41
2026-08-31T08:10:00.000Z,SYNTH_CELL_C,179,-113.12
2026-08-31T08:10:00.000Z,SYNTH_CELL_C,180,-111.06
2026-08-31T08:10:00.000Z,SYNTH_CELL_C,181,-108.29
2026-08-31T08:10:00.000Z,SYNTH_CELL_C,182,-108.2
2026-08-31T08:10:00.000Z,SYNTH_CELL_C,183,-113.59
2026-08-31T08:10:00.000Z,SYNTH_CELL_C,184,-113.76
2026-08-31T08:10:00.000Z,SYNTH_CELL_C,185,-110.87
2026-08-31T08:10:00.000Z,SYNTH_CELL_C,186,-107.88
2026-08-31T08:10:00.000Z,SYNTH_CELL_C,187,-109.23
2026-08-31T08:10:00.000Z,SYNTH_CELL_C,188,-92.95
2026-08-31T08:10:00.000Z,SYNTH_CELL_C,189,-111.04
2026-08-31T08:10:00.000Z,SYNTH_CELL_C,190,-108.63
2026-08-31T08:10:00.000Z,SYNTH_CELL_C,191,-112.91
2026-08-31T08:10:00.000Z,SYNTH_CELL_C,192,-107.76
2026-08-31T08:10:00.000Z,SYNTH_CELL_C,193,-113.77
2026-08-31T08:10:00.000Z,SYNTH_CELL_C,194,-113.33
2026-08-31T08:10:00.000Z,SYNTH_CELL_C,195,-108.99
2026-08-31T08:10:00.000Z,SYNTH_CELL_C,196,-110.35
2026-08-31T08:10:00.000Z,SYNTH_CELL_C,197,-112.47
2026-08-31T08:10:00.000Z,SYNTH_CELL_C,198,-113.75
2026-08-31T08:10:00.000Z,SYNTH_CELL_C,199,-108.77
2026-08-31T08:10:00.000Z,SYNTH_CELL_C,200,-111.18
2026-08-31T08:10:00.000Z,SYNTH_CELL_C,201,-110.27
2026-08-31T08:10:00.000Z,SYNTH_CELL_C,202,-110.93
2026-08-31T08:10:00.000Z,SYNTH_CELL_C,203,-109.3
2026-08-31T08:10:00.000Z,SYNTH_CELL_C,204,-112.78
2026-08-31T08:10:00.000Z,SYNTH_CELL_C,205,-107.29
2026-08-31T08:10:00.000Z,SYNTH_CELL_C,206,-113.81
2026-08-31T08:10:00.000Z,SYNTH_CELL_C,207,-108.89
2026-08-31T08:10:00.000Z,SYNTH_CELL_C,208,-107.36
2026-08-31T08:10:00.000Z,SYNTH_CELL_C,209,-109.05
2026-08-31T08:10:00.000Z,SYNTH_CELL_C,210,-109.9
2026-08-31T08:10:00.000Z,SYNTH_CELL_C,211,-108.15
2026-08-31T08:10:00.000Z,SYNTH_CELL_C,212,-110.98
2026-08-31T08:10:00.000Z,SYNTH_CELL_C,213,-112.96
2026-08-31T08:10:00.000Z,SYNTH_CELL_C,214,-107.24
2026-08-31T08:10:00.000Z,SYNTH_CELL_C,215,-109.7
2026-08-31T08:10:00.000Z,SYNTH_CELL_C,216,-108.38
2026-08-31T08:10:00.000Z,SYNTH_CELL_C,217,-113.93
2026-08-31T08:10:00.000Z,SYNTH_CELL_C,218,-108.33
2026-08-31T08:10:00.000Z,SYNTH_CELL_C,219,-108.48
2026-08-31T08:10:00.000Z,SYNTH_CELL_C,220,-112.32
2026-08-31T08:10:00.000Z,SYNTH_CELL_C,221,-107.25
2026-08-31T08:10:00.000Z,SYNTH_CELL_C,222,-108.12
2026-08-31T08:10:00.000Z,SYNTH_CELL_C,223,-113.97
2026-08-31T08:10:00.000Z,SYNTH_CELL_C,224,-107.33
2026-08-31T08:10:00.000Z,SYNTH_CELL_C,225,-108.88
2026-08-31T08:10:00.000Z,SYNTH_CELL_C,226,-109.72
2026-08-31T08:10:00.000Z,SYNTH_CELL_C,227,-112.35
2026-08-31T08:10:00.000Z,SYNTH_CELL_C,228,-109.65
2026-08-31T08:10:00.000Z,SYNTH_CELL_C,229,-108.37
2026-08-31T08:10:00.000Z,SYNTH_CELL_C,230,-109.64
2026-08-31T08:10:00.000Z,SYNTH_CELL_C,231,-108.05
2026-08-31T08:10:00.000Z,SYNTH_CELL_C,232,-112.92
2026-08-31T08:10:00.000Z,SYNTH_CELL_C,233,-107.91
2026-08-31T08:10:00.000Z,SYNTH_CELL_C,234,-109.14
2026-08-31T08:10:00.000Z,SYNTH_CELL_C,235,-111.15
2026-08-31T08:10:00.000Z,SYNTH_CELL_C,236,-109.17
2026-08-31T08:10:00.000Z,SYNTH_CELL_C,237,-113.84
2026-08-31T08:10:00.000Z,SYNTH_CELL_C,238,-110
2026-08-31T08:10:00.000Z,SYNTH_CELL_C,239,-112
2026-08-31T08:10:00.000Z,SYNTH_CELL_C,240,-108.63
2026-08-31T08:10:00.000Z,SYNTH_CELL_C,241,-108.53
2026-08-31T08:10:00.000Z,SYNTH_CELL_C,242,-109.25
2026-08-31T08:10:00.000Z,SYNTH_CELL_C,243,-113.15
2026-08-31T08:10:00.000Z,SYNTH_CELL_C,244,-109.31
2026-08-31T08:10:00.000Z,SYNTH_CELL_C,245,-107.17
2026-08-31T08:10:00.000Z,SYNTH_CELL_C,246,-113.81
2026-08-31T08:10:00.000Z,SYNTH_CELL_C,247,-113.18
2026-08-31T08:10:00.000Z,SYNTH_CELL_C,248,-107.65
2026-08-31T08:10:00.000Z,SYNTH_CELL_C,249,-110.68
2026-08-31T08:10:00.000Z,SYNTH_CELL_C,250,-112.07
2026-08-31T08:10:00.000Z,SYNTH_CELL_C,251,-112.6
2026-08-31T08:10:00.000Z,SYNTH_CELL_C,252,-108.1
2026-08-31T08:10:00.000Z,SYNTH_CELL_C,253,-108.74
2026-08-31T08:10:00.000Z,SYNTH_CELL_C,254,-107.27
2026-08-31T08:10:00.000Z,SYNTH_CELL_C,255,-107.12
2026-08-31T08:10:00.000Z,SYNTH_CELL_C,256,-110.19
2026-08-31T08:10:00.000Z,SYNTH_CELL_C,257,-112.29
2026-08-31T08:10:00.000Z,SYNTH_CELL_C,258,-107.36
2026-08-31T08:10:00.000Z,SYNTH_CELL_C,259,-110.51
2026-08-31T08:10:00.000Z,SYNTH_CELL_C,260,-107.96
2026-08-31T08:10:00.000Z,SYNTH_CELL_C,261,-110.92
2026-08-31T08:10:00.000Z,SYNTH_CELL_C,262,-112.74
2026-08-31T08:10:00.000Z,SYNTH_CELL_C,263,-109.64
2026-08-31T08:10:00.000Z,SYNTH_CELL_C,264,-107.97
2026-08-31T08:10:00.000Z,SYNTH_CELL_C,265,-109.77
2026-08-31T08:10:00.000Z,SYNTH_CELL_C,266,-108.43
2026-08-31T08:10:00.000Z,SYNTH_CELL_C,267,-113.41
2026-08-31T08:10:00.000Z,SYNTH_CELL_C,268,-89.41
2026-08-31T08:10:00.000Z,SYNTH_CELL_C,269,-113.6
2026-08-31T08:10:00.000Z,SYNTH_CELL_C,270,-108.83
2026-08-31T08:10:00.000Z,SYNTH_CELL_C,271,-107.2
2026-08-31T08:10:00.000Z,SYNTH_CELL_C,272,-108.3
2026-08-31T08:15:00.000Z,SYNTH_CELL_C,0,-112.2
2026-08-31T08:15:00.000Z,SYNTH_CELL_C,1,-110.98
2026-08-31T08:15:00.000Z,SYNTH_CELL_C,2,-111.79
2026-08-31T08:15:00.000Z,SYNTH_CELL_C,3,-107.14
2026-08-31T08:15:00.000Z,SYNTH_CELL_C,4,-113.4
2026-08-31T08:15:00.000Z,SYNTH_CELL_C,5,-112.5
2026-08-31T08:15:00.000Z,SYNTH_CELL_C,6,-112.08
2026-08-31T08:15:00.000Z,SYNTH_CELL_C,7,-111.05
2026-08-31T08:15:00.000Z,SYNTH_CELL_C,8,-89.79
2026-08-31T08:15:00.000Z,SYNTH_CELL_C,9,-107.86
2026-08-31T08:15:00.000Z,SYNTH_CELL_C,10,-108.41
2026-08-31T08:15:00.000Z,SYNTH_CELL_C,11,-108.1
2026-08-31T08:15:00.000Z,SYNTH_CELL_C,12,-109.72
2026-08-31T08:15:00.000Z,SYNTH_CELL_C,13,-110.12
2026-08-31T08:15:00.000Z,SYNTH_CELL_C,14,-108.2
2026-08-31T08:15:00.000Z,SYNTH_CELL_C,15,-112.64
2026-08-31T08:15:00.000Z,SYNTH_CELL_C,16,-111.83
2026-08-31T08:15:00.000Z,SYNTH_CELL_C,17,-108.09
2026-08-31T08:15:00.000Z,SYNTH_CELL_C,18,-113.69
2026-08-31T08:15:00.000Z,SYNTH_CELL_C,19,-110.95
2026-08-31T08:15:00.000Z,SYNTH_CELL_C,20,-112.62
2026-08-31T08:15:00.000Z,SYNTH_CELL_C,21,-109.23
2026-08-31T08:15:00.000Z,SYNTH_CELL_C,22,-112.62
2026-08-31T08:15:00.000Z,SYNTH_CELL_C,23,-107.03
2026-08-31T08:15:00.000Z,SYNTH_CELL_C,24,-108.32
2026-08-31T08:15:00.000Z,SYNTH_CELL_C,25,-111.17
2026-08-31T08:15:00.000Z,SYNTH_CELL_C,26,-112.29
2026-08-31T08:15:00.000Z,SYNTH_CELL_C,27,-110.89
2026-08-31T08:15:00.000Z,SYNTH_CELL_C,28,-112.28
2026-08-31T08:15:00.000Z,SYNTH_CELL_C,29,-113.65
2026-08-31T08:15:00.000Z,SYNTH_CELL_C,30,-112.41
2026-08-31T08:15:00.000Z,SYNTH_CELL_C,31,-110.96
2026-08-31T08:15:00.000Z,SYNTH_CELL_C,32,-111.31
2026-08-31T08:15:00.000Z,SYNTH_CELL_C,33,-107.29
2026-08-31T08:15:00.000Z,SYNTH_CELL_C,34,-108.17
2026-08-31T08:15:00.000Z,SYNTH_CELL_C,35,-107.03
2026-08-31T08:15:00.000Z,SYNTH_CELL_C,36,-108.75
2026-08-31T08:15:00.000Z,SYNTH_CELL_C,37,-108.53
2026-08-31T08:15:00.000Z,SYNTH_CELL_C,38,-110.37
2026-08-31T08:15:00.000Z,SYNTH_CELL_C,39,-112.08
2026-08-31T08:15:00.000Z,SYNTH_CELL_C,40,-107.82
2026-08-31T08:15:00.000Z,SYNTH_CELL_C,41,-107.08
2026-08-31T08:15:00.000Z,SYNTH_CELL_C,42,-113.26
2026-08-31T08:15:00.000Z,SYNTH_CELL_C,43,-108.07
2026-08-31T08:15:00.000Z,SYNTH_CELL_C,44,-113.12
2026-08-31T08:15:00.000Z,SYNTH_CELL_C,45,-113.93
2026-08-31T08:15:00.000Z,SYNTH_CELL_C,46,-108.97
2026-08-31T08:15:00.000Z,SYNTH_CELL_C,47,-108.97
2026-08-31T08:15:00.000Z,SYNTH_CELL_C,48,-109.34
2026-08-31T08:15:00.000Z,SYNTH_CELL_C,49,-113.1
2026-08-31T08:15:00.000Z,SYNTH_CELL_C,50,-107.58
2026-08-31T08:15:00.000Z,SYNTH_CELL_C,51,-112.94
2026-08-31T08:15:00.000Z,SYNTH_CELL_C,52,-108.79
2026-08-31T08:15:00.000Z,SYNTH_CELL_C,53,-112.01
2026-08-31T08:15:00.000Z,SYNTH_CELL_C,54,-107.59
2026-08-31T08:15:00.000Z,SYNTH_CELL_C,55,-110.78
2026-08-31T08:15:00.000Z,SYNTH_CELL_C,56,-108.14
2026-08-31T08:15:00.000Z,SYNTH_CELL_C,57,-107.76
2026-08-31T08:15:00.000Z,SYNTH_CELL_C,58,-108.99
2026-08-31T08:15:00.000Z,SYNTH_CELL_C,59,-107.59
2026-08-31T08:15:00.000Z,SYNTH_CELL_C,60,-109.06
2026-08-31T08:15:00.000Z,SYNTH_CELL_C,61,-108.01
2026-08-31T08:15:00.000Z,SYNTH_CELL_C,62,-113.71
2026-08-31T08:15:00.000Z,SYNTH_CELL_C,63,-107.82
2026-08-31T08:15:00.000Z,SYNTH_CELL_C,64,-112.75
2026-08-31T08:15:00.000Z,SYNTH_CELL_C,65,-107.82
2026-08-31T08:15:00.000Z,SYNTH_CELL_C,66,-107.58
2026-08-31T08:15:00.000Z,SYNTH_CELL_C,67,-111.6
2026-08-31T08:15:00.000Z,SYNTH_CELL_C,68,-110.4
2026-08-31T08:15:00.000Z,SYNTH_CELL_C,69,-112.37
2026-08-31T08:15:00.000Z,SYNTH_CELL_C,70,-108.43
2026-08-31T08:15:00.000Z,SYNTH_CELL_C,71,-107.63
2026-08-31T08:15:00.000Z,SYNTH_CELL_C,72,-112.28
2026-08-31T08:15:00.000Z,SYNTH_CELL_C,73,-113.82
2026-08-31T08:15:00.000Z,SYNTH_CELL_C,74,-113.31
2026-08-31T08:15:00.000Z,SYNTH_CELL_C,75,-110.89
2026-08-31T08:15:00.000Z,SYNTH_CELL_C,76,-111.19
2026-08-31T08:15:00.000Z,SYNTH_CELL_C,77,-112.69
2026-08-31T08:15:00.000Z,SYNTH_CELL_C,78,-113.4
2026-08-31T08:15:00.000Z,SYNTH_CELL_C,79,-111.45
2026-08-31T08:15:00.000Z,SYNTH_CELL_C,80,-113.97
2026-08-31T08:15:00.000Z,SYNTH_CELL_C,81,-112.99
2026-08-31T08:15:00.000Z,SYNTH_CELL_C,82,-107.16
2026-08-31T08:15:00.000Z,SYNTH_CELL_C,83,-108.96
2026-08-31T08:15:00.000Z,SYNTH_CELL_C,84,-108.39
2026-08-31T08:15:00.000Z,SYNTH_CELL_C,85,-111.92
2026-08-31T08:15:00.000Z,SYNTH_CELL_C,86,-112.11
2026-08-31T08:15:00.000Z,SYNTH_CELL_C,87,-113.37
2026-08-31T08:15:00.000Z,SYNTH_CELL_C,88,-92.91
2026-08-31T08:15:00.000Z,SYNTH_CELL_C,89,-111.63
2026-08-31T08:15:00.000Z,SYNTH_CELL_C,90,-112.58
2026-08-31T08:15:00.000Z,SYNTH_CELL_C,91,-111.72
2026-08-31T08:15:00.000Z,SYNTH_CELL_C,92,-113.38
2026-08-31T08:15:00.000Z,SYNTH_CELL_C,93,-111.03
2026-08-31T08:15:00.000Z,SYNTH_CELL_C,94,-111.34
2026-08-31T08:15:00.000Z,SYNTH_CELL_C,95,-113.01
2026-08-31T08:15:00.000Z,SYNTH_CELL_C,96,-110.66
2026-08-31T08:15:00.000Z,SYNTH_CELL_C,97,-112.67
2026-08-31T08:15:00.000Z,SYNTH_CELL_C,98,-110.23
2026-08-31T08:15:00.000Z,SYNTH_CELL_C,99,-110.11
2026-08-31T08:15:00.000Z,SYNTH_CELL_C,100,-111.15
2026-08-31T08:15:00.000Z,SYNTH_CELL_C,101,-109.84
2026-08-31T08:15:00.000Z,SYNTH_CELL_C,102,-110.44
2026-08-31T08:15:00.000Z,SYNTH_CELL_C,103,-113.13
2026-08-31T08:15:00.000Z,SYNTH_CELL_C,104,-108.73
2026-08-31T08:15:00.000Z,SYNTH_CELL_C,105,-110.26
2026-08-31T08:15:00.000Z,SYNTH_CELL_C,106,-111.08
2026-08-31T08:15:00.000Z,SYNTH_CELL_C,107,-107.62
2026-08-31T08:15:00.000Z,SYNTH_CELL_C,108,-113.82
2026-08-31T08:15:00.000Z,SYNTH_CELL_C,109,-112.9
2026-08-31T08:15:00.000Z,SYNTH_CELL_C,110,-112.51
2026-08-31T08:15:00.000Z,SYNTH_CELL_C,111,-113.08
2026-08-31T08:15:00.000Z,SYNTH_CELL_C,112,-109.87
2026-08-31T08:15:00.000Z,SYNTH_CELL_C,113,-108.46
2026-08-31T08:15:00.000Z,SYNTH_CELL_C,114,-109.84
2026-08-31T08:15:00.000Z,SYNTH_CELL_C,115,-111.61
2026-08-31T08:15:00.000Z,SYNTH_CELL_C,116,-111.6
2026-08-31T08:15:00.000Z,SYNTH_CELL_C,117,-111.32
2026-08-31T08:15:00.000Z,SYNTH_CELL_C,118,-110.69
2026-08-31T08:15:00.000Z,SYNTH_CELL_C,119,-113.43
2026-08-31T08:15:00.000Z,SYNTH_CELL_C,120,-107.14
2026-08-31T08:15:00.000Z,SYNTH_CELL_C,121,-111.79
2026-08-31T08:15:00.000Z,SYNTH_CELL_C,122,-113.54
2026-08-31T08:15:00.000Z,SYNTH_CELL_C,123,-108.05
2026-08-31T08:15:00.000Z,SYNTH_CELL_C,124,-107.27
2026-08-31T08:15:00.000Z,SYNTH_CELL_C,125,-110.55
2026-08-31T08:15:00.000Z,SYNTH_CELL_C,126,-108.55
2026-08-31T08:15:00.000Z,SYNTH_CELL_C,127,-112.18
2026-08-31T08:15:00.000Z,SYNTH_CELL_C,128,-111.67
2026-08-31T08:15:00.000Z,SYNTH_CELL_C,129,-110.23
2026-08-31T08:15:00.000Z,SYNTH_CELL_C,130,-107.05
2026-08-31T08:15:00.000Z,SYNTH_CELL_C,131,-112.28
2026-08-31T08:15:00.000Z,SYNTH_CELL_C,132,-110.35
2026-08-31T08:15:00.000Z,SYNTH_CELL_C,133,-107.13
2026-08-31T08:15:00.000Z,SYNTH_CELL_C,134,-107.6
2026-08-31T08:15:00.000Z,SYNTH_CELL_C,135,-112.71
2026-08-31T08:15:00.000Z,SYNTH_CELL_C,136,-112.16
2026-08-31T08:15:00.000Z,SYNTH_CELL_C,137,-112.09
2026-08-31T08:15:00.000Z,SYNTH_CELL_C,138,-109.77
2026-08-31T08:15:00.000Z,SYNTH_CELL_C,139,-108.49
2026-08-31T08:15:00.000Z,SYNTH_CELL_C,140,-108.47
2026-08-31T08:15:00.000Z,SYNTH_CELL_C,141,-110.38
2026-08-31T08:15:00.000Z,SYNTH_CELL_C,142,-111.53
2026-08-31T08:15:00.000Z,SYNTH_CELL_C,143,-109.59
2026-08-31T08:15:00.000Z,SYNTH_CELL_C,144,-111.19
2026-08-31T08:15:00.000Z,SYNTH_CELL_C,145,-108.53
2026-08-31T08:15:00.000Z,SYNTH_CELL_C,146,-110.55
2026-08-31T08:15:00.000Z,SYNTH_CELL_C,147,-112.51
2026-08-31T08:15:00.000Z,SYNTH_CELL_C,148,-110.12
2026-08-31T08:15:00.000Z,SYNTH_CELL_C,149,-108
2026-08-31T08:15:00.000Z,SYNTH_CELL_C,150,-108.53
2026-08-31T08:15:00.000Z,SYNTH_CELL_C,151,-111.13
2026-08-31T08:15:00.000Z,SYNTH_CELL_C,152,-110.03
2026-08-31T08:15:00.000Z,SYNTH_CELL_C,153,-111.18
2026-08-31T08:15:00.000Z,SYNTH_CELL_C,154,-110.91
2026-08-31T08:15:00.000Z,SYNTH_CELL_C,155,-112.2
2026-08-31T08:15:00.000Z,SYNTH_CELL_C,156,-113.87
2026-08-31T08:15:00.000Z,SYNTH_CELL_C,157,-111.65
2026-08-31T08:15:00.000Z,SYNTH_CELL_C,158,-107.32
2026-08-31T08:15:00.000Z,SYNTH_CELL_C,159,-107.25
2026-08-31T08:15:00.000Z,SYNTH_CELL_C,160,-107.48
2026-08-31T08:15:00.000Z,SYNTH_CELL_C,161,-110.78
2026-08-31T08:15:00.000Z,SYNTH_CELL_C,162,-109.53
2026-08-31T08:15:00.000Z,SYNTH_CELL_C,163,-113.12
2026-08-31T08:15:00.000Z,SYNTH_CELL_C,164,-108.56
2026-08-31T08:15:00.000Z,SYNTH_CELL_C,165,-112.25
2026-08-31T08:15:00.000Z,SYNTH_CELL_C,166,-113.46
2026-08-31T08:15:00.000Z,SYNTH_CELL_C,167,-113.44
2026-08-31T08:15:00.000Z,SYNTH_CELL_C,168,-111.74
2026-08-31T08:15:00.000Z,SYNTH_CELL_C,169,-108.49
2026-08-31T08:15:00.000Z,SYNTH_CELL_C,170,-111.19
2026-08-31T08:15:00.000Z,SYNTH_CELL_C,171,-111.08
2026-08-31T08:15:00.000Z,SYNTH_CELL_C,172,-111.57
2026-08-31T08:15:00.000Z,SYNTH_CELL_C,173,-108.17
2026-08-31T08:15:00.000Z,SYNTH_CELL_C,174,-111.08
2026-08-31T08:15:00.000Z,SYNTH_CELL_C,175,-109.54
2026-08-31T08:15:00.000Z,SYNTH_CELL_C,176,-112.82
2026-08-31T08:15:00.000Z,SYNTH_CELL_C,177,-113.34
2026-08-31T08:15:00.000Z,SYNTH_CELL_C,178,-110.16
2026-08-31T08:15:00.000Z,SYNTH_CELL_C,179,-113.85
2026-08-31T08:15:00.000Z,SYNTH_CELL_C,180,-107.04
2026-08-31T08:15:00.000Z,SYNTH_CELL_C,181,-109.14
2026-08-31T08:15:00.000Z,SYNTH_CELL_C,182,-110.18
2026-08-31T08:15:00.000Z,SYNTH_CELL_C,183,-108.91
2026-08-31T08:15:00.000Z,SYNTH_CELL_C,184,-107.2
2026-08-31T08:15:00.000Z,SYNTH_CELL_C,185,-107.42
2026-08-31T08:15:00.000Z,SYNTH_CELL_C,186,-107.76
2026-08-31T08:15:00.000Z,SYNTH_CELL_C,187,-112.33
2026-08-31T08:15:00.000Z,SYNTH_CELL_C,188,-87.6
2026-08-31T08:15:00.000Z,SYNTH_CELL_C,189,-110.79
2026-08-31T08:15:00.000Z,SYNTH_CELL_C,190,-108.47
2026-08-31T08:15:00.000Z,SYNTH_CELL_C,191,-112.38
2026-08-31T08:15:00.000Z,SYNTH_CELL_C,192,-110.14
2026-08-31T08:15:00.000Z,SYNTH_CELL_C,193,-108.26
2026-08-31T08:15:00.000Z,SYNTH_CELL_C,194,-109.28
2026-08-31T08:15:00.000Z,SYNTH_CELL_C,195,-107.21
2026-08-31T08:15:00.000Z,SYNTH_CELL_C,196,-112.39
2026-08-31T08:15:00.000Z,SYNTH_CELL_C,197,-108.75
2026-08-31T08:15:00.000Z,SYNTH_CELL_C,198,-113.6
2026-08-31T08:15:00.000Z,SYNTH_CELL_C,199,-111.33
2026-08-31T08:15:00.000Z,SYNTH_CELL_C,200,-107.62
2026-08-31T08:15:00.000Z,SYNTH_CELL_C,201,-113.43
2026-08-31T08:15:00.000Z,SYNTH_CELL_C,202,-109.51
2026-08-31T08:15:00.000Z,SYNTH_CELL_C,203,-107.71
2026-08-31T08:15:00.000Z,SYNTH_CELL_C,204,-111.59
2026-08-31T08:15:00.000Z,SYNTH_CELL_C,205,-110.14
2026-08-31T08:15:00.000Z,SYNTH_CELL_C,206,-110.31
2026-08-31T08:15:00.000Z,SYNTH_CELL_C,207,-112.14
2026-08-31T08:15:00.000Z,SYNTH_CELL_C,208,-112.11
2026-08-31T08:15:00.000Z,SYNTH_CELL_C,209,-109.68
2026-08-31T08:15:00.000Z,SYNTH_CELL_C,210,-111.37
2026-08-31T08:15:00.000Z,SYNTH_CELL_C,211,-111.3
2026-08-31T08:15:00.000Z,SYNTH_CELL_C,212,-110.34
2026-08-31T08:15:00.000Z,SYNTH_CELL_C,213,-111.18
2026-08-31T08:15:00.000Z,SYNTH_CELL_C,214,-111.16
2026-08-31T08:15:00.000Z,SYNTH_CELL_C,215,-111.14
2026-08-31T08:15:00.000Z,SYNTH_CELL_C,216,-107.85
2026-08-31T08:15:00.000Z,SYNTH_CELL_C,217,-107.52
2026-08-31T08:15:00.000Z,SYNTH_CELL_C,218,-113.48
2026-08-31T08:15:00.000Z,SYNTH_CELL_C,219,-113.07
2026-08-31T08:15:00.000Z,SYNTH_CELL_C,220,-110.26
2026-08-31T08:15:00.000Z,SYNTH_CELL_C,221,-108.8
2026-08-31T08:15:00.000Z,SYNTH_CELL_C,222,-111.79
2026-08-31T08:15:00.000Z,SYNTH_CELL_C,223,-107.67
2026-08-31T08:15:00.000Z,SYNTH_CELL_C,224,-113.37
2026-08-31T08:15:00.000Z,SYNTH_CELL_C,225,-113.3
2026-08-31T08:15:00.000Z,SYNTH_CELL_C,226,-112.33
2026-08-31T08:15:00.000Z,SYNTH_CELL_C,227,-113.53
2026-08-31T08:15:00.000Z,SYNTH_CELL_C,228,-107.53
2026-08-31T08:15:00.000Z,SYNTH_CELL_C,229,-108.93
2026-08-31T08:15:00.000Z,SYNTH_CELL_C,230,-112.85
2026-08-31T08:15:00.000Z,SYNTH_CELL_C,231,-113.25
2026-08-31T08:15:00.000Z,SYNTH_CELL_C,232,-107.84
2026-08-31T08:15:00.000Z,SYNTH_CELL_C,233,-111.7
2026-08-31T08:15:00.000Z,SYNTH_CELL_C,234,-107.44
2026-08-31T08:15:00.000Z,SYNTH_CELL_C,235,-110.26
2026-08-31T08:15:00.000Z,SYNTH_CELL_C,236,-112.76
2026-08-31T08:15:00.000Z,SYNTH_CELL_C,237,-107.77
2026-08-31T08:15:00.000Z,SYNTH_CELL_C,238,-110.99
2026-08-31T08:15:00.000Z,SYNTH_CELL_C,239,-109.99
2026-08-31T08:15:00.000Z,SYNTH_CELL_C,240,-110.39
2026-08-31T08:15:00.000Z,SYNTH_CELL_C,241,-108.61
2026-08-31T08:15:00.000Z,SYNTH_CELL_C,242,-112.39
2026-08-31T08:15:00.000Z,SYNTH_CELL_C,243,-109.06
2026-08-31T08:15:00.000Z,SYNTH_CELL_C,244,-111.74
2026-08-31T08:15:00.000Z,SYNTH_CELL_C,245,-109.32
2026-08-31T08:15:00.000Z,SYNTH_CELL_C,246,-110.81
2026-08-31T08:15:00.000Z,SYNTH_CELL_C,247,-113.59
2026-08-31T08:15:00.000Z,SYNTH_CELL_C,248,-112.94
2026-08-31T08:15:00.000Z,SYNTH_CELL_C,249,-110.89
2026-08-31T08:15:00.000Z,SYNTH_CELL_C,250,-108.88
2026-08-31T08:15:00.000Z,SYNTH_CELL_C,251,-109.54
2026-08-31T08:15:00.000Z,SYNTH_CELL_C,252,-112.35
2026-08-31T08:15:00.000Z,SYNTH_CELL_C,253,-108.64
2026-08-31T08:15:00.000Z,SYNTH_CELL_C,254,-111.62
2026-08-31T08:15:00.000Z,SYNTH_CELL_C,255,-111.37
2026-08-31T08:15:00.000Z,SYNTH_CELL_C,256,-112.25
2026-08-31T08:15:00.000Z,SYNTH_CELL_C,257,-110.26
2026-08-31T08:15:00.000Z,SYNTH_CELL_C,258,-109.8
2026-08-31T08:15:00.000Z,SYNTH_CELL_C,259,-107.42
2026-08-31T08:15:00.000Z,SYNTH_CELL_C,260,-111.71
2026-08-31T08:15:00.000Z,SYNTH_CELL_C,261,-113.66
2026-08-31T08:15:00.000Z,SYNTH_CELL_C,262,-110.17
2026-08-31T08:15:00.000Z,SYNTH_CELL_C,263,-112.55
2026-08-31T08:15:00.000Z,SYNTH_CELL_C,264,-111.06
2026-08-31T08:15:00.000Z,SYNTH_CELL_C,265,-108.48
2026-08-31T08:15:00.000Z,SYNTH_CELL_C,266,-107
2026-08-31T08:15:00.000Z,SYNTH_CELL_C,267,-111.61
2026-08-31T08:15:00.000Z,SYNTH_CELL_C,268,-93.32
2026-08-31T08:15:00.000Z,SYNTH_CELL_C,269,-108.82
2026-08-31T08:15:00.000Z,SYNTH_CELL_C,270,-113.18
2026-08-31T08:15:00.000Z,SYNTH_CELL_C,271,-111.63
2026-08-31T08:15:00.000Z,SYNTH_CELL_C,272,-107.68
2026-08-31T08:20:00.000Z,SYNTH_CELL_C,0,-112.01
2026-08-31T08:20:00.000Z,SYNTH_CELL_C,1,-109.51
2026-08-31T08:20:00.000Z,SYNTH_CELL_C,2,-113.36
2026-08-31T08:20:00.000Z,SYNTH_CELL_C,3,-113.7
2026-08-31T08:20:00.000Z,SYNTH_CELL_C,4,-111.85
2026-08-31T08:20:00.000Z,SYNTH_CELL_C,5,-109.58
2026-08-31T08:20:00.000Z,SYNTH_CELL_C,6,-112.3
2026-08-31T08:20:00.000Z,SYNTH_CELL_C,7,-113.38
2026-08-31T08:20:00.000Z,SYNTH_CELL_C,8,-92.43
2026-08-31T08:20:00.000Z,SYNTH_CELL_C,9,-113.4
2026-08-31T08:20:00.000Z,SYNTH_CELL_C,10,-109.9
2026-08-31T08:20:00.000Z,SYNTH_CELL_C,11,-112.04
2026-08-31T08:20:00.000Z,SYNTH_CELL_C,12,-109.24
2026-08-31T08:20:00.000Z,SYNTH_CELL_C,13,-111.92
2026-08-31T08:20:00.000Z,SYNTH_CELL_C,14,-107.63
2026-08-31T08:20:00.000Z,SYNTH_CELL_C,15,-109.1
2026-08-31T08:20:00.000Z,SYNTH_CELL_C,16,-108.69
2026-08-31T08:20:00.000Z,SYNTH_CELL_C,17,-107.39
2026-08-31T08:20:00.000Z,SYNTH_CELL_C,18,-108.08
2026-08-31T08:20:00.000Z,SYNTH_CELL_C,19,-111.74
2026-08-31T08:20:00.000Z,SYNTH_CELL_C,20,-107.09
2026-08-31T08:20:00.000Z,SYNTH_CELL_C,21,-107.76
2026-08-31T08:20:00.000Z,SYNTH_CELL_C,22,-112.11
2026-08-31T08:20:00.000Z,SYNTH_CELL_C,23,-111.24
2026-08-31T08:20:00.000Z,SYNTH_CELL_C,24,-112.98
2026-08-31T08:20:00.000Z,SYNTH_CELL_C,25,-112.84
2026-08-31T08:20:00.000Z,SYNTH_CELL_C,26,-110.36
2026-08-31T08:20:00.000Z,SYNTH_CELL_C,27,-113.78
2026-08-31T08:20:00.000Z,SYNTH_CELL_C,28,-107.94
2026-08-31T08:20:00.000Z,SYNTH_CELL_C,29,-112.69
2026-08-31T08:20:00.000Z,SYNTH_CELL_C,30,-111.61
2026-08-31T08:20:00.000Z,SYNTH_CELL_C,31,-113.38
2026-08-31T08:20:00.000Z,SYNTH_CELL_C,32,-107.57
2026-08-31T08:20:00.000Z,SYNTH_CELL_C,33,-111.86
2026-08-31T08:20:00.000Z,SYNTH_CELL_C,34,-110.41
2026-08-31T08:20:00.000Z,SYNTH_CELL_C,35,-111.21
2026-08-31T08:20:00.000Z,SYNTH_CELL_C,36,-113.06
2026-08-31T08:20:00.000Z,SYNTH_CELL_C,37,-108.7
2026-08-31T08:20:00.000Z,SYNTH_CELL_C,38,-113.83
2026-08-31T08:20:00.000Z,SYNTH_CELL_C,39,-110.77
2026-08-31T08:20:00.000Z,SYNTH_CELL_C,40,-108.27
2026-08-31T08:20:00.000Z,SYNTH_CELL_C,41,-113.14
2026-08-31T08:20:00.000Z,SYNTH_CELL_C,42,-109.08
2026-08-31T08:20:00.000Z,SYNTH_CELL_C,43,-108.94
2026-08-31T08:20:00.000Z,SYNTH_CELL_C,44,-110.01
2026-08-31T08:20:00.000Z,SYNTH_CELL_C,45,-110.85
2026-08-31T08:20:00.000Z,SYNTH_CELL_C,46,-112.7
2026-08-31T08:20:00.000Z,SYNTH_CELL_C,47,-110.19
2026-08-31T08:20:00.000Z,SYNTH_CELL_C,48,-111.55
2026-08-31T08:20:00.000Z,SYNTH_CELL_C,49,-113.14
2026-08-31T08:20:00.000Z,SYNTH_CELL_C,50,-113.55
2026-08-31T08:20:00.000Z,SYNTH_CELL_C,51,-113.8
2026-08-31T08:20:00.000Z,SYNTH_CELL_C,52,-109.19
2026-08-31T08:20:00.000Z,SYNTH_CELL_C,53,-109.38
2026-08-31T08:20:00.000Z,SYNTH_CELL_C,54,-113.3
2026-08-31T08:20:00.000Z,SYNTH_CELL_C,55,-108.28
2026-08-31T08:20:00.000Z,SYNTH_CELL_C,56,-107.99
2026-08-31T08:20:00.000Z,SYNTH_CELL_C,57,-110.15
2026-08-31T08:20:00.000Z,SYNTH_CELL_C,58,-111.59
2026-08-31T08:20:00.000Z,SYNTH_CELL_C,59,-113.95
2026-08-31T08:20:00.000Z,SYNTH_CELL_C,60,-107.58
2026-08-31T08:20:00.000Z,SYNTH_CELL_C,61,-111.96
2026-08-31T08:20:00.000Z,SYNTH_CELL_C,62,-113.7
2026-08-31T08:20:00.000Z,SYNTH_CELL_C,63,-111.71
2026-08-31T08:20:00.000Z,SYNTH_CELL_C,64,-110.94
2026-08-31T08:20:00.000Z,SYNTH_CELL_C,65,-108.85
2026-08-31T08:20:00.000Z,SYNTH_CELL_C,66,-112.75
2026-08-31T08:20:00.000Z,SYNTH_CELL_C,67,-109.06
2026-08-31T08:20:00.000Z,SYNTH_CELL_C,68,-108.2
2026-08-31T08:20:00.000Z,SYNTH_CELL_C,69,-107.72
2026-08-31T08:20:00.000Z,SYNTH_CELL_C,70,-110.23
2026-08-31T08:20:00.000Z,SYNTH_CELL_C,71,-111.67
2026-08-31T08:20:00.000Z,SYNTH_CELL_C,72,-113.08
2026-08-31T08:20:00.000Z,SYNTH_CELL_C,73,-111.8
2026-08-31T08:20:00.000Z,SYNTH_CELL_C,74,-112.61
2026-08-31T08:20:00.000Z,SYNTH_CELL_C,75,-111.58
2026-08-31T08:20:00.000Z,SYNTH_CELL_C,76,-112.9
2026-08-31T08:20:00.000Z,SYNTH_CELL_C,77,-113.51
2026-08-31T08:20:00.000Z,SYNTH_CELL_C,78,-111.78
2026-08-31T08:20:00.000Z,SYNTH_CELL_C,79,-112.5
2026-08-31T08:20:00.000Z,SYNTH_CELL_C,80,-107.53
2026-08-31T08:20:00.000Z,SYNTH_CELL_C,81,-110.11
2026-08-31T08:20:00.000Z,SYNTH_CELL_C,82,-112.7
2026-08-31T08:20:00.000Z,SYNTH_CELL_C,83,-107.75
2026-08-31T08:20:00.000Z,SYNTH_CELL_C,84,-111.92
2026-08-31T08:20:00.000Z,SYNTH_CELL_C,85,-113.76
2026-08-31T08:20:00.000Z,SYNTH_CELL_C,86,-110.87
2026-08-31T08:20:00.000Z,SYNTH_CELL_C,87,-108.39
2026-08-31T08:20:00.000Z,SYNTH_CELL_C,88,-88.38
2026-08-31T08:20:00.000Z,SYNTH_CELL_C,89,-113.73
2026-08-31T08:20:00.000Z,SYNTH_CELL_C,90,-110.53
2026-08-31T08:20:00.000Z,SYNTH_CELL_C,91,-109.46
2026-08-31T08:20:00.000Z,SYNTH_CELL_C,92,-109.91
2026-08-31T08:20:00.000Z,SYNTH_CELL_C,93,-109.61
2026-08-31T08:20:00.000Z,SYNTH_CELL_C,94,-113.97
2026-08-31T08:20:00.000Z,SYNTH_CELL_C,95,-113.16
2026-08-31T08:20:00.000Z,SYNTH_CELL_C,96,-110.42
2026-08-31T08:20:00.000Z,SYNTH_CELL_C,97,-110.59
2026-08-31T08:20:00.000Z,SYNTH_CELL_C,98,-109.75
2026-08-31T08:20:00.000Z,SYNTH_CELL_C,99,-111.3
2026-08-31T08:20:00.000Z,SYNTH_CELL_C,100,-110.81
2026-08-31T08:20:00.000Z,SYNTH_CELL_C,101,-108.02
2026-08-31T08:20:00.000Z,SYNTH_CELL_C,102,-108.47
2026-08-31T08:20:00.000Z,SYNTH_CELL_C,103,-111.07
2026-08-31T08:20:00.000Z,SYNTH_CELL_C,104,-108.41
2026-08-31T08:20:00.000Z,SYNTH_CELL_C,105,-112.6
2026-08-31T08:20:00.000Z,SYNTH_CELL_C,106,-113.87
2026-08-31T08:20:00.000Z,SYNTH_CELL_C,107,-113.73
2026-08-31T08:20:00.000Z,SYNTH_CELL_C,108,-112.57
2026-08-31T08:20:00.000Z,SYNTH_CELL_C,109,-109.69
2026-08-31T08:20:00.000Z,SYNTH_CELL_C,110,-112.62
2026-08-31T08:20:00.000Z,SYNTH_CELL_C,111,-109.78
2026-08-31T08:20:00.000Z,SYNTH_CELL_C,112,-108.5
2026-08-31T08:20:00.000Z,SYNTH_CELL_C,113,-108.45
2026-08-31T08:20:00.000Z,SYNTH_CELL_C,114,-110.13
2026-08-31T08:20:00.000Z,SYNTH_CELL_C,115,-112.2
2026-08-31T08:20:00.000Z,SYNTH_CELL_C,116,-108.88
2026-08-31T08:20:00.000Z,SYNTH_CELL_C,117,-110.49
2026-08-31T08:20:00.000Z,SYNTH_CELL_C,118,-113.7
2026-08-31T08:20:00.000Z,SYNTH_CELL_C,119,-109.67
2026-08-31T08:20:00.000Z,SYNTH_CELL_C,120,-110.23
2026-08-31T08:20:00.000Z,SYNTH_CELL_C,121,-110.83
2026-08-31T08:20:00.000Z,SYNTH_CELL_C,122,-110.93
2026-08-31T08:20:00.000Z,SYNTH_CELL_C,123,-108.66
2026-08-31T08:20:00.000Z,SYNTH_CELL_C,124,-107.26
2026-08-31T08:20:00.000Z,SYNTH_CELL_C,125,-111.3
2026-08-31T08:20:00.000Z,SYNTH_CELL_C,126,-112.77
2026-08-31T08:20:00.000Z,SYNTH_CELL_C,127,-111.21
2026-08-31T08:20:00.000Z,SYNTH_CELL_C,128,-108.27
2026-08-31T08:20:00.000Z,SYNTH_CELL_C,129,-112.02
2026-08-31T08:20:00.000Z,SYNTH_CELL_C,130,-112.94
2026-08-31T08:20:00.000Z,SYNTH_CELL_C,131,-113.47
2026-08-31T08:20:00.000Z,SYNTH_CELL_C,132,-108.44
2026-08-31T08:20:00.000Z,SYNTH_CELL_C,133,-110.25
2026-08-31T08:20:00.000Z,SYNTH_CELL_C,134,-109.95
2026-08-31T08:20:00.000Z,SYNTH_CELL_C,135,-112.02
2026-08-31T08:20:00.000Z,SYNTH_CELL_C,136,-111.25
2026-08-31T08:20:00.000Z,SYNTH_CELL_C,137,-107.35
2026-08-31T08:20:00.000Z,SYNTH_CELL_C,138,-113.63
2026-08-31T08:20:00.000Z,SYNTH_CELL_C,139,-111.8
2026-08-31T08:20:00.000Z,SYNTH_CELL_C,140,-112.93
2026-08-31T08:20:00.000Z,SYNTH_CELL_C,141,-110.98
2026-08-31T08:20:00.000Z,SYNTH_CELL_C,142,-107.3
2026-08-31T08:20:00.000Z,SYNTH_CELL_C,143,-108.72
2026-08-31T08:20:00.000Z,SYNTH_CELL_C,144,-112.13
2026-08-31T08:20:00.000Z,SYNTH_CELL_C,145,-112.27
2026-08-31T08:20:00.000Z,SYNTH_CELL_C,146,-111.69
2026-08-31T08:20:00.000Z,SYNTH_CELL_C,147,-110.62
2026-08-31T08:20:00.000Z,SYNTH_CELL_C,148,-108.9
2026-08-31T08:20:00.000Z,SYNTH_CELL_C,149,-108.85
2026-08-31T08:20:00.000Z,SYNTH_CELL_C,150,-111.84
2026-08-31T08:20:00.000Z,SYNTH_CELL_C,151,-113.55
2026-08-31T08:20:00.000Z,SYNTH_CELL_C,152,-113.31
2026-08-31T08:20:00.000Z,SYNTH_CELL_C,153,-111.41
2026-08-31T08:20:00.000Z,SYNTH_CELL_C,154,-112.27
2026-08-31T08:20:00.000Z,SYNTH_CELL_C,155,-110.78
2026-08-31T08:20:00.000Z,SYNTH_CELL_C,156,-107.13
2026-08-31T08:20:00.000Z,SYNTH_CELL_C,157,-113.42
2026-08-31T08:20:00.000Z,SYNTH_CELL_C,158,-110.01
2026-08-31T08:20:00.000Z,SYNTH_CELL_C,159,-107.26
2026-08-31T08:20:00.000Z,SYNTH_CELL_C,160,-111.94
2026-08-31T08:20:00.000Z,SYNTH_CELL_C,161,-108.33
2026-08-31T08:20:00.000Z,SYNTH_CELL_C,162,-110.85
2026-08-31T08:20:00.000Z,SYNTH_CELL_C,163,-111.73
2026-08-31T08:20:00.000Z,SYNTH_CELL_C,164,-111.59
2026-08-31T08:20:00.000Z,SYNTH_CELL_C,165,-112.7
2026-08-31T08:20:00.000Z,SYNTH_CELL_C,166,-111.78
2026-08-31T08:20:00.000Z,SYNTH_CELL_C,167,-113.8
2026-08-31T08:20:00.000Z,SYNTH_CELL_C,168,-108.6
2026-08-31T08:20:00.000Z,SYNTH_CELL_C,169,-111.2
2026-08-31T08:20:00.000Z,SYNTH_CELL_C,170,-112.46
2026-08-31T08:20:00.000Z,SYNTH_CELL_C,171,-108.99
2026-08-31T08:20:00.000Z,SYNTH_CELL_C,172,-111.64
2026-08-31T08:20:00.000Z,SYNTH_CELL_C,173,-112.68
2026-08-31T08:20:00.000Z,SYNTH_CELL_C,174,-113.74
2026-08-31T08:20:00.000Z,SYNTH_CELL_C,175,-108.68
2026-08-31T08:20:00.000Z,SYNTH_CELL_C,176,-110.17
2026-08-31T08:20:00.000Z,SYNTH_CELL_C,177,-113.92
2026-08-31T08:20:00.000Z,SYNTH_CELL_C,178,-110.47
2026-08-31T08:20:00.000Z,SYNTH_CELL_C,179,-113.59
2026-08-31T08:20:00.000Z,SYNTH_CELL_C,180,-113.56
2026-08-31T08:20:00.000Z,SYNTH_CELL_C,181,-110.83
2026-08-31T08:20:00.000Z,SYNTH_CELL_C,182,-107.03
2026-08-31T08:20:00.000Z,SYNTH_CELL_C,183,-113.58
2026-08-31T08:20:00.000Z,SYNTH_CELL_C,184,-108.16
2026-08-31T08:20:00.000Z,SYNTH_CELL_C,185,-107.51
2026-08-31T08:20:00.000Z,SYNTH_CELL_C,186,-107.11
2026-08-31T08:20:00.000Z,SYNTH_CELL_C,187,-112.91
2026-08-31T08:20:00.000Z,SYNTH_CELL_C,188,-87.88
2026-08-31T08:20:00.000Z,SYNTH_CELL_C,189,-108.74
2026-08-31T08:20:00.000Z,SYNTH_CELL_C,190,-113.32
2026-08-31T08:20:00.000Z,SYNTH_CELL_C,191,-110.61
2026-08-31T08:20:00.000Z,SYNTH_CELL_C,192,-110.05
2026-08-31T08:20:00.000Z,SYNTH_CELL_C,193,-108.92
2026-08-31T08:20:00.000Z,SYNTH_CELL_C,194,-109.41
2026-08-31T08:20:00.000Z,SYNTH_CELL_C,195,-111.9
2026-08-31T08:20:00.000Z,SYNTH_CELL_C,196,-111.3
2026-08-31T08:20:00.000Z,SYNTH_CELL_C,197,-111.79
2026-08-31T08:20:00.000Z,SYNTH_CELL_C,198,-110.06
2026-08-31T08:20:00.000Z,SYNTH_CELL_C,199,-113.94
2026-08-31T08:20:00.000Z,SYNTH_CELL_C,200,-107.36
2026-08-31T08:20:00.000Z,SYNTH_CELL_C,201,-109.97
2026-08-31T08:20:00.000Z,SYNTH_CELL_C,202,-111.02
2026-08-31T08:20:00.000Z,SYNTH_CELL_C,203,-113.91
2026-08-31T08:20:00.000Z,SYNTH_CELL_C,204,-112.86
2026-08-31T08:20:00.000Z,SYNTH_CELL_C,205,-107.33
2026-08-31T08:20:00.000Z,SYNTH_CELL_C,206,-108.62
2026-08-31T08:20:00.000Z,SYNTH_CELL_C,207,-110.48
2026-08-31T08:20:00.000Z,SYNTH_CELL_C,208,-110.83
2026-08-31T08:20:00.000Z,SYNTH_CELL_C,209,-113.34
2026-08-31T08:20:00.000Z,SYNTH_CELL_C,210,-112.72
2026-08-31T08:20:00.000Z,SYNTH_CELL_C,211,-111.7
2026-08-31T08:20:00.000Z,SYNTH_CELL_C,212,-108.22
2026-08-31T08:20:00.000Z,SYNTH_CELL_C,213,-108.19
2026-08-31T08:20:00.000Z,SYNTH_CELL_C,214,-111.9
2026-08-31T08:20:00.000Z,SYNTH_CELL_C,215,-113.23
2026-08-31T08:20:00.000Z,SYNTH_CELL_C,216,-109.11
2026-08-31T08:20:00.000Z,SYNTH_CELL_C,217,-110.98
2026-08-31T08:20:00.000Z,SYNTH_CELL_C,218,-110.98
2026-08-31T08:20:00.000Z,SYNTH_CELL_C,219,-109.17
2026-08-31T08:20:00.000Z,SYNTH_CELL_C,220,-111.7
2026-08-31T08:20:00.000Z,SYNTH_CELL_C,221,-111.94
2026-08-31T08:20:00.000Z,SYNTH_CELL_C,222,-108.66
2026-08-31T08:20:00.000Z,SYNTH_CELL_C,223,-113.5
2026-08-31T08:20:00.000Z,SYNTH_CELL_C,224,-108.83
2026-08-31T08:20:00.000Z,SYNTH_CELL_C,225,-112.87
2026-08-31T08:20:00.000Z,SYNTH_CELL_C,226,-107.09
2026-08-31T08:20:00.000Z,SYNTH_CELL_C,227,-107.39
2026-08-31T08:20:00.000Z,SYNTH_CELL_C,228,-113.76
2026-08-31T08:20:00.000Z,SYNTH_CELL_C,229,-107.21
2026-08-31T08:20:00.000Z,SYNTH_CELL_C,230,-112.1
2026-08-31T08:20:00.000Z,SYNTH_CELL_C,231,-107.75
2026-08-31T08:20:00.000Z,SYNTH_CELL_C,232,-113.96
2026-08-31T08:20:00.000Z,SYNTH_CELL_C,233,-110.93
2026-08-31T08:20:00.000Z,SYNTH_CELL_C,234,-110.54
2026-08-31T08:20:00.000Z,SYNTH_CELL_C,235,-111.49
2026-08-31T08:20:00.000Z,SYNTH_CELL_C,236,-107.19
2026-08-31T08:20:00.000Z,SYNTH_CELL_C,237,-111.03
2026-08-31T08:20:00.000Z,SYNTH_CELL_C,238,-109.33
2026-08-31T08:20:00.000Z,SYNTH_CELL_C,239,-111.1
2026-08-31T08:20:00.000Z,SYNTH_CELL_C,240,-108.44
2026-08-31T08:20:00.000Z,SYNTH_CELL_C,241,-113.13
2026-08-31T08:20:00.000Z,SYNTH_CELL_C,242,-110.22
2026-08-31T08:20:00.000Z,SYNTH_CELL_C,243,-111.28
2026-08-31T08:20:00.000Z,SYNTH_CELL_C,244,-113.74
2026-08-31T08:20:00.000Z,SYNTH_CELL_C,245,-113.17
2026-08-31T08:20:00.000Z,SYNTH_CELL_C,246,-111.74
2026-08-31T08:20:00.000Z,SYNTH_CELL_C,247,-111.59
2026-08-31T08:20:00.000Z,SYNTH_CELL_C,248,-112
2026-08-31T08:20:00.000Z,SYNTH_CELL_C,249,-112.06
2026-08-31T08:20:00.000Z,SYNTH_CELL_C,250,-109.86
2026-08-31T08:20:00.000Z,SYNTH_CELL_C,251,-111.3
2026-08-31T08:20:00.000Z,SYNTH_CELL_C,252,-109.69
2026-08-31T08:20:00.000Z,SYNTH_CELL_C,253,-110.65
2026-08-31T08:20:00.000Z,SYNTH_CELL_C,254,-111.57
2026-08-31T08:20:00.000Z,SYNTH_CELL_C,255,-108.42
2026-08-31T08:20:00.000Z,SYNTH_CELL_C,256,-112.01
2026-08-31T08:20:00.000Z,SYNTH_CELL_C,257,-113.11
2026-08-31T08:20:00.000Z,SYNTH_CELL_C,258,-111.69
2026-08-31T08:20:00.000Z,SYNTH_CELL_C,259,-107.64
2026-08-31T08:20:00.000Z,SYNTH_CELL_C,260,-109.33
2026-08-31T08:20:00.000Z,SYNTH_CELL_C,261,-111.43
2026-08-31T08:20:00.000Z,SYNTH_CELL_C,262,-109.59
2026-08-31T08:20:00.000Z,SYNTH_CELL_C,263,-109.5
2026-08-31T08:20:00.000Z,SYNTH_CELL_C,264,-110.03
2026-08-31T08:20:00.000Z,SYNTH_CELL_C,265,-107.45
2026-08-31T08:20:00.000Z,SYNTH_CELL_C,266,-109.12
2026-08-31T08:20:00.000Z,SYNTH_CELL_C,267,-109.48
2026-08-31T08:20:00.000Z,SYNTH_CELL_C,268,-87.28
2026-08-31T08:20:00.000Z,SYNTH_CELL_C,269,-110.29
2026-08-31T08:20:00.000Z,SYNTH_CELL_C,270,-107.97
2026-08-31T08:20:00.000Z,SYNTH_CELL_C,271,-107.96
2026-08-31T08:20:00.000Z,SYNTH_CELL_C,272,-111.81
2026-08-31T08:25:00.000Z,SYNTH_CELL_C,0,-108.88
2026-08-31T08:25:00.000Z,SYNTH_CELL_C,1,-111.64
2026-08-31T08:25:00.000Z,SYNTH_CELL_C,2,-110.8
2026-08-31T08:25:00.000Z,SYNTH_CELL_C,3,-110.77
2026-08-31T08:25:00.000Z,SYNTH_CELL_C,4,-112.53
2026-08-31T08:25:00.000Z,SYNTH_CELL_C,5,-111.54
2026-08-31T08:25:00.000Z,SYNTH_CELL_C,6,-107.65
2026-08-31T08:25:00.000Z,SYNTH_CELL_C,7,-113.4
2026-08-31T08:25:00.000Z,SYNTH_CELL_C,8,-90.67
2026-08-31T08:25:00.000Z,SYNTH_CELL_C,9,-108.9
2026-08-31T08:25:00.000Z,SYNTH_CELL_C,10,-108.01
2026-08-31T08:25:00.000Z,SYNTH_CELL_C,11,-111.65
2026-08-31T08:25:00.000Z,SYNTH_CELL_C,12,-113.93
2026-08-31T08:25:00.000Z,SYNTH_CELL_C,13,-107.58
2026-08-31T08:25:00.000Z,SYNTH_CELL_C,14,-107.32
2026-08-31T08:25:00.000Z,SYNTH_CELL_C,15,-111.06
2026-08-31T08:25:00.000Z,SYNTH_CELL_C,16,-108.41
2026-08-31T08:25:00.000Z,SYNTH_CELL_C,17,-109.33
2026-08-31T08:25:00.000Z,SYNTH_CELL_C,18,-108.43
2026-08-31T08:25:00.000Z,SYNTH_CELL_C,19,-111.83
2026-08-31T08:25:00.000Z,SYNTH_CELL_C,20,-111.11
2026-08-31T08:25:00.000Z,SYNTH_CELL_C,21,-108.78
2026-08-31T08:25:00.000Z,SYNTH_CELL_C,22,-111.17
2026-08-31T08:25:00.000Z,SYNTH_CELL_C,23,-113.68
2026-08-31T08:25:00.000Z,SYNTH_CELL_C,24,-107.68
2026-08-31T08:25:00.000Z,SYNTH_CELL_C,25,-108.07
2026-08-31T08:25:00.000Z,SYNTH_CELL_C,26,-110.34
2026-08-31T08:25:00.000Z,SYNTH_CELL_C,27,-112.2
2026-08-31T08:25:00.000Z,SYNTH_CELL_C,28,-110.74
2026-08-31T08:25:00.000Z,SYNTH_CELL_C,29,-108.85
2026-08-31T08:25:00.000Z,SYNTH_CELL_C,30,-109.5
2026-08-31T08:25:00.000Z,SYNTH_CELL_C,31,-107.22
2026-08-31T08:25:00.000Z,SYNTH_CELL_C,32,-108.38
2026-08-31T08:25:00.000Z,SYNTH_CELL_C,33,-108.86
2026-08-31T08:25:00.000Z,SYNTH_CELL_C,34,-109.28
2026-08-31T08:25:00.000Z,SYNTH_CELL_C,35,-108.62
2026-08-31T08:25:00.000Z,SYNTH_CELL_C,36,-113.33
2026-08-31T08:25:00.000Z,SYNTH_CELL_C,37,-109.7
2026-08-31T08:25:00.000Z,SYNTH_CELL_C,38,-112.73
2026-08-31T08:25:00.000Z,SYNTH_CELL_C,39,-110.72
2026-08-31T08:25:00.000Z,SYNTH_CELL_C,40,-110.77
2026-08-31T08:25:00.000Z,SYNTH_CELL_C,41,-113.81
2026-08-31T08:25:00.000Z,SYNTH_CELL_C,42,-113.63
2026-08-31T08:25:00.000Z,SYNTH_CELL_C,43,-111.72
2026-08-31T08:25:00.000Z,SYNTH_CELL_C,44,-108.35
2026-08-31T08:25:00.000Z,SYNTH_CELL_C,45,-109.94
2026-08-31T08:25:00.000Z,SYNTH_CELL_C,46,-110.6
2026-08-31T08:25:00.000Z,SYNTH_CELL_C,47,-113.9
2026-08-31T08:25:00.000Z,SYNTH_CELL_C,48,-107.59
2026-08-31T08:25:00.000Z,SYNTH_CELL_C,49,-109.05
2026-08-31T08:25:00.000Z,SYNTH_CELL_C,50,-112.9
2026-08-31T08:25:00.000Z,SYNTH_CELL_C,51,-111.04
2026-08-31T08:25:00.000Z,SYNTH_CELL_C,52,-109.39
2026-08-31T08:25:00.000Z,SYNTH_CELL_C,53,-110.81
2026-08-31T08:25:00.000Z,SYNTH_CELL_C,54,-111.03
2026-08-31T08:25:00.000Z,SYNTH_CELL_C,55,-110.73
2026-08-31T08:25:00.000Z,SYNTH_CELL_C,56,-112.87
2026-08-31T08:25:00.000Z,SYNTH_CELL_C,57,-111.61
2026-08-31T08:25:00.000Z,SYNTH_CELL_C,58,-110.94
2026-08-31T08:25:00.000Z,SYNTH_CELL_C,59,-113.81
2026-08-31T08:25:00.000Z,SYNTH_CELL_C,60,-108.28
2026-08-31T08:25:00.000Z,SYNTH_CELL_C,61,-111.16
2026-08-31T08:25:00.000Z,SYNTH_CELL_C,62,-113.93
2026-08-31T08:25:00.000Z,SYNTH_CELL_C,63,-112.94
2026-08-31T08:25:00.000Z,SYNTH_CELL_C,64,-107.08
2026-08-31T08:25:00.000Z,SYNTH_CELL_C,65,-109.75
2026-08-31T08:25:00.000Z,SYNTH_CELL_C,66,-113.15
2026-08-31T08:25:00.000Z,SYNTH_CELL_C,67,-109.31
2026-08-31T08:25:00.000Z,SYNTH_CELL_C,68,-112.06
2026-08-31T08:25:00.000Z,SYNTH_CELL_C,69,-109.25
2026-08-31T08:25:00.000Z,SYNTH_CELL_C,70,-107.48
2026-08-31T08:25:00.000Z,SYNTH_CELL_C,71,-111.76
2026-08-31T08:25:00.000Z,SYNTH_CELL_C,72,-112.21
2026-08-31T08:25:00.000Z,SYNTH_CELL_C,73,-110.19
2026-08-31T08:25:00.000Z,SYNTH_CELL_C,74,-112.63
2026-08-31T08:25:00.000Z,SYNTH_CELL_C,75,-110.56
2026-08-31T08:25:00.000Z,SYNTH_CELL_C,76,-110.18
2026-08-31T08:25:00.000Z,SYNTH_CELL_C,77,-111.04
2026-08-31T08:25:00.000Z,SYNTH_CELL_C,78,-107.04
2026-08-31T08:25:00.000Z,SYNTH_CELL_C,79,-109.21
2026-08-31T08:25:00.000Z,SYNTH_CELL_C,80,-112.77
2026-08-31T08:25:00.000Z,SYNTH_CELL_C,81,-109.38
2026-08-31T08:25:00.000Z,SYNTH_CELL_C,82,-109.14
2026-08-31T08:25:00.000Z,SYNTH_CELL_C,83,-108.75
2026-08-31T08:25:00.000Z,SYNTH_CELL_C,84,-113.01
2026-08-31T08:25:00.000Z,SYNTH_CELL_C,85,-111.41
2026-08-31T08:25:00.000Z,SYNTH_CELL_C,86,-113.31
2026-08-31T08:25:00.000Z,SYNTH_CELL_C,87,-107.38
2026-08-31T08:25:00.000Z,SYNTH_CELL_C,88,-93.1
2026-08-31T08:25:00.000Z,SYNTH_CELL_C,89,-107.48
2026-08-31T08:25:00.000Z,SYNTH_CELL_C,90,-108.77
2026-08-31T08:25:00.000Z,SYNTH_CELL_C,91,-108.07
2026-08-31T08:25:00.000Z,SYNTH_CELL_C,92,-111.26
2026-08-31T08:25:00.000Z,SYNTH_CELL_C,93,-111.79
2026-08-31T08:25:00.000Z,SYNTH_CELL_C,94,-111.44
2026-08-31T08:25:00.000Z,SYNTH_CELL_C,95,-113.16
2026-08-31T08:25:00.000Z,SYNTH_CELL_C,96,-108.55
2026-08-31T08:25:00.000Z,SYNTH_CELL_C,97,-112.05
2026-08-31T08:25:00.000Z,SYNTH_CELL_C,98,-110.71
2026-08-31T08:25:00.000Z,SYNTH_CELL_C,99,-113.19
2026-08-31T08:25:00.000Z,SYNTH_CELL_C,100,-107.53
2026-08-31T08:25:00.000Z,SYNTH_CELL_C,101,-111.47
2026-08-31T08:25:00.000Z,SYNTH_CELL_C,102,-112.8
2026-08-31T08:25:00.000Z,SYNTH_CELL_C,103,-112.23
2026-08-31T08:25:00.000Z,SYNTH_CELL_C,104,-109.25
2026-08-31T08:25:00.000Z,SYNTH_CELL_C,105,-109.48
2026-08-31T08:25:00.000Z,SYNTH_CELL_C,106,-112.34
2026-08-31T08:25:00.000Z,SYNTH_CELL_C,107,-113.03
2026-08-31T08:25:00.000Z,SYNTH_CELL_C,108,-108.21
2026-08-31T08:25:00.000Z,SYNTH_CELL_C,109,-112.58
2026-08-31T08:25:00.000Z,SYNTH_CELL_C,110,-110.57
2026-08-31T08:25:00.000Z,SYNTH_CELL_C,111,-111.75
2026-08-31T08:25:00.000Z,SYNTH_CELL_C,112,-112.72
2026-08-31T08:25:00.000Z,SYNTH_CELL_C,113,-113.07
2026-08-31T08:25:00.000Z,SYNTH_CELL_C,114,-109.57
2026-08-31T08:25:00.000Z,SYNTH_CELL_C,115,-109.91
2026-08-31T08:25:00.000Z,SYNTH_CELL_C,116,-112.73
2026-08-31T08:25:00.000Z,SYNTH_CELL_C,117,-113.42
2026-08-31T08:25:00.000Z,SYNTH_CELL_C,118,-109.59
2026-08-31T08:25:00.000Z,SYNTH_CELL_C,119,-109.38
2026-08-31T08:25:00.000Z,SYNTH_CELL_C,120,-113.48
2026-08-31T08:25:00.000Z,SYNTH_CELL_C,121,-113.07
2026-08-31T08:25:00.000Z,SYNTH_CELL_C,122,-108.77
2026-08-31T08:25:00.000Z,SYNTH_CELL_C,123,-112.17
2026-08-31T08:25:00.000Z,SYNTH_CELL_C,124,-108.03
2026-08-31T08:25:00.000Z,SYNTH_CELL_C,125,-107.59
2026-08-31T08:25:00.000Z,SYNTH_CELL_C,126,-111.17
2026-08-31T08:25:00.000Z,SYNTH_CELL_C,127,-112.3
2026-08-31T08:25:00.000Z,SYNTH_CELL_C,128,-113.6
2026-08-31T08:25:00.000Z,SYNTH_CELL_C,129,-108.25
2026-08-31T08:25:00.000Z,SYNTH_CELL_C,130,-107.3
2026-08-31T08:25:00.000Z,SYNTH_CELL_C,131,-108.26
2026-08-31T08:25:00.000Z,SYNTH_CELL_C,132,-109.92
2026-08-31T08:25:00.000Z,SYNTH_CELL_C,133,-112.91
2026-08-31T08:25:00.000Z,SYNTH_CELL_C,134,-109.91
2026-08-31T08:25:00.000Z,SYNTH_CELL_C,135,-109.51
2026-08-31T08:25:00.000Z,SYNTH_CELL_C,136,-109.44
2026-08-31T08:25:00.000Z,SYNTH_CELL_C,137,-113.13
2026-08-31T08:25:00.000Z,SYNTH_CELL_C,138,-111.44
2026-08-31T08:25:00.000Z,SYNTH_CELL_C,139,-109.61
2026-08-31T08:25:00.000Z,SYNTH_CELL_C,140,-113.53
2026-08-31T08:25:00.000Z,SYNTH_CELL_C,141,-110.68
2026-08-31T08:25:00.000Z,SYNTH_CELL_C,142,-108.85
2026-08-31T08:25:00.000Z,SYNTH_CELL_C,143,-111.12
2026-08-31T08:25:00.000Z,SYNTH_CELL_C,144,-107.88
2026-08-31T08:25:00.000Z,SYNTH_CELL_C,145,-109
2026-08-31T08:25:00.000Z,SYNTH_CELL_C,146,-111.16
2026-08-31T08:25:00.000Z,SYNTH_CELL_C,147,-111.98
2026-08-31T08:25:00.000Z,SYNTH_CELL_C,148,-109.99
2026-08-31T08:25:00.000Z,SYNTH_CELL_C,149,-108.7
2026-08-31T08:25:00.000Z,SYNTH_CELL_C,150,-107.95
2026-08-31T08:25:00.000Z,SYNTH_CELL_C,151,-110.22
2026-08-31T08:25:00.000Z,SYNTH_CELL_C,152,-107.43
2026-08-31T08:25:00.000Z,SYNTH_CELL_C,153,-107.6
2026-08-31T08:25:00.000Z,SYNTH_CELL_C,154,-110.02
2026-08-31T08:25:00.000Z,SYNTH_CELL_C,155,-113.51
2026-08-31T08:25:00.000Z,SYNTH_CELL_C,156,-109.86
2026-08-31T08:25:00.000Z,SYNTH_CELL_C,157,-112.96
2026-08-31T08:25:00.000Z,SYNTH_CELL_C,158,-107.83
2026-08-31T08:25:00.000Z,SYNTH_CELL_C,159,-112.13
2026-08-31T08:25:00.000Z,SYNTH_CELL_C,160,-111.71
2026-08-31T08:25:00.000Z,SYNTH_CELL_C,161,-110.27
2026-08-31T08:25:00.000Z,SYNTH_CELL_C,162,-108.22
2026-08-31T08:25:00.000Z,SYNTH_CELL_C,163,-113.7
2026-08-31T08:25:00.000Z,SYNTH_CELL_C,164,-111.96
2026-08-31T08:25:00.000Z,SYNTH_CELL_C,165,-107.95
2026-08-31T08:25:00.000Z,SYNTH_CELL_C,166,-109.27
2026-08-31T08:25:00.000Z,SYNTH_CELL_C,167,-113.86
2026-08-31T08:25:00.000Z,SYNTH_CELL_C,168,-113.99
2026-08-31T08:25:00.000Z,SYNTH_CELL_C,169,-110.99
2026-08-31T08:25:00.000Z,SYNTH_CELL_C,170,-111.14
2026-08-31T08:25:00.000Z,SYNTH_CELL_C,171,-107.88
2026-08-31T08:25:00.000Z,SYNTH_CELL_C,172,-112.46
2026-08-31T08:25:00.000Z,SYNTH_CELL_C,173,-107.58
2026-08-31T08:25:00.000Z,SYNTH_CELL_C,174,-113.98
2026-08-31T08:25:00.000Z,SYNTH_CELL_C,175,-108.16
2026-08-31T08:25:00.000Z,SYNTH_CELL_C,176,-109.37
2026-08-31T08:25:00.000Z,SYNTH_CELL_C,177,-110.38
2026-08-31T08:25:00.000Z,SYNTH_CELL_C,178,-110.28
2026-08-31T08:25:00.000Z,SYNTH_CELL_C,179,-111.34
2026-08-31T08:25:00.000Z,SYNTH_CELL_C,180,-110.65
2026-08-31T08:25:00.000Z,SYNTH_CELL_C,181,-112.28
2026-08-31T08:25:00.000Z,SYNTH_CELL_C,182,-113.85
2026-08-31T08:25:00.000Z,SYNTH_CELL_C,183,-112.45
2026-08-31T08:25:00.000Z,SYNTH_CELL_C,184,-110.81
2026-08-31T08:25:00.000Z,SYNTH_CELL_C,185,-109.95
2026-08-31T08:25:00.000Z,SYNTH_CELL_C,186,-107.12
2026-08-31T08:25:00.000Z,SYNTH_CELL_C,187,-109.74
2026-08-31T08:25:00.000Z,SYNTH_CELL_C,188,-88.04
2026-08-31T08:25:00.000Z,SYNTH_CELL_C,189,-110.62
2026-08-31T08:25:00.000Z,SYNTH_CELL_C,190,-110.45
2026-08-31T08:25:00.000Z,SYNTH_CELL_C,191,-113.29
2026-08-31T08:25:00.000Z,SYNTH_CELL_C,192,-108.81
2026-08-31T08:25:00.000Z,SYNTH_CELL_C,193,-107.41
2026-08-31T08:25:00.000Z,SYNTH_CELL_C,194,-108.03
2026-08-31T08:25:00.000Z,SYNTH_CELL_C,195,-107.75
2026-08-31T08:25:00.000Z,SYNTH_CELL_C,196,-108.42
2026-08-31T08:25:00.000Z,SYNTH_CELL_C,197,-113.26
2026-08-31T08:25:00.000Z,SYNTH_CELL_C,198,-111.46
2026-08-31T08:25:00.000Z,SYNTH_CELL_C,199,-108.26
2026-08-31T08:25:00.000Z,SYNTH_CELL_C,200,-111.73
2026-08-31T08:25:00.000Z,SYNTH_CELL_C,201,-112.55
2026-08-31T08:25:00.000Z,SYNTH_CELL_C,202,-109.76
2026-08-31T08:25:00.000Z,SYNTH_CELL_C,203,-112.6
2026-08-31T08:25:00.000Z,SYNTH_CELL_C,204,-110.85
2026-08-31T08:25:00.000Z,SYNTH_CELL_C,205,-111.62
2026-08-31T08:25:00.000Z,SYNTH_CELL_C,206,-109.98
2026-08-31T08:25:00.000Z,SYNTH_CELL_C,207,-109.69
2026-08-31T08:25:00.000Z,SYNTH_CELL_C,208,-111.71
2026-08-31T08:25:00.000Z,SYNTH_CELL_C,209,-111.88
2026-08-31T08:25:00.000Z,SYNTH_CELL_C,210,-108.1
2026-08-31T08:25:00.000Z,SYNTH_CELL_C,211,-108.26
2026-08-31T08:25:00.000Z,SYNTH_CELL_C,212,-112.69
2026-08-31T08:25:00.000Z,SYNTH_CELL_C,213,-109.93
2026-08-31T08:25:00.000Z,SYNTH_CELL_C,214,-110.49
2026-08-31T08:25:00.000Z,SYNTH_CELL_C,215,-107.99
2026-08-31T08:25:00.000Z,SYNTH_CELL_C,216,-113.09
2026-08-31T08:25:00.000Z,SYNTH_CELL_C,217,-109.42
2026-08-31T08:25:00.000Z,SYNTH_CELL_C,218,-108.7
2026-08-31T08:25:00.000Z,SYNTH_CELL_C,219,-109.98
2026-08-31T08:25:00.000Z,SYNTH_CELL_C,220,-110.41
2026-08-31T08:25:00.000Z,SYNTH_CELL_C,221,-108.94
2026-08-31T08:25:00.000Z,SYNTH_CELL_C,222,-113.41
2026-08-31T08:25:00.000Z,SYNTH_CELL_C,223,-109.83
2026-08-31T08:25:00.000Z,SYNTH_CELL_C,224,-108.29
2026-08-31T08:25:00.000Z,SYNTH_CELL_C,225,-107.07
2026-08-31T08:25:00.000Z,SYNTH_CELL_C,226,-108.48
2026-08-31T08:25:00.000Z,SYNTH_CELL_C,227,-107.5
2026-08-31T08:25:00.000Z,SYNTH_CELL_C,228,-107.74
2026-08-31T08:25:00.000Z,SYNTH_CELL_C,229,-109.9
2026-08-31T08:25:00.000Z,SYNTH_CELL_C,230,-107.67
2026-08-31T08:25:00.000Z,SYNTH_CELL_C,231,-112.34
2026-08-31T08:25:00.000Z,SYNTH_CELL_C,232,-110.44
2026-08-31T08:25:00.000Z,SYNTH_CELL_C,233,-112.49
2026-08-31T08:25:00.000Z,SYNTH_CELL_C,234,-111.49
2026-08-31T08:25:00.000Z,SYNTH_CELL_C,235,-107.84
2026-08-31T08:25:00.000Z,SYNTH_CELL_C,236,-113.41
2026-08-31T08:25:00.000Z,SYNTH_CELL_C,237,-109.75
2026-08-31T08:25:00.000Z,SYNTH_CELL_C,238,-111.83
2026-08-31T08:25:00.000Z,SYNTH_CELL_C,239,-108.56
2026-08-31T08:25:00.000Z,SYNTH_CELL_C,240,-109.5
2026-08-31T08:25:00.000Z,SYNTH_CELL_C,241,-108.43
2026-08-31T08:25:00.000Z,SYNTH_CELL_C,242,-109.36
2026-08-31T08:25:00.000Z,SYNTH_CELL_C,243,-113.23
2026-08-31T08:25:00.000Z,SYNTH_CELL_C,244,-107.82
2026-08-31T08:25:00.000Z,SYNTH_CELL_C,245,-112.25
2026-08-31T08:25:00.000Z,SYNTH_CELL_C,246,-109
2026-08-31T08:25:00.000Z,SYNTH_CELL_C,247,-107.82
2026-08-31T08:25:00.000Z,SYNTH_CELL_C,248,-111.17
2026-08-31T08:25:00.000Z,SYNTH_CELL_C,249,-107.94
2026-08-31T08:25:00.000Z,SYNTH_CELL_C,250,-107.22
2026-08-31T08:25:00.000Z,SYNTH_CELL_C,251,-111.7
2026-08-31T08:25:00.000Z,SYNTH_CELL_C,252,-113.25
2026-08-31T08:25:00.000Z,SYNTH_CELL_C,253,-108.67
2026-08-31T08:25:00.000Z,SYNTH_CELL_C,254,-113.17
2026-08-31T08:25:00.000Z,SYNTH_CELL_C,255,-113.25
2026-08-31T08:25:00.000Z,SYNTH_CELL_C,256,-108.45
2026-08-31T08:25:00.000Z,SYNTH_CELL_C,257,-107.9
2026-08-31T08:25:00.000Z,SYNTH_CELL_C,258,-111.94
2026-08-31T08:25:00.000Z,SYNTH_CELL_C,259,-112.28
2026-08-31T08:25:00.000Z,SYNTH_CELL_C,260,-113.67
2026-08-31T08:25:00.000Z,SYNTH_CELL_C,261,-112.41
2026-08-31T08:25:00.000Z,SYNTH_CELL_C,262,-109.81
2026-08-31T08:25:00.000Z,SYNTH_CELL_C,263,-108.7
2026-08-31T08:25:00.000Z,SYNTH_CELL_C,264,-110.63
2026-08-31T08:25:00.000Z,SYNTH_CELL_C,265,-107.95
2026-08-31T08:25:00.000Z,SYNTH_CELL_C,266,-113.51
2026-08-31T08:25:00.000Z,SYNTH_CELL_C,267,-108.33
2026-08-31T08:25:00.000Z,SYNTH_CELL_C,268,-90.98
2026-08-31T08:25:00.000Z,SYNTH_CELL_C,269,-112.31
2026-08-31T08:25:00.000Z,SYNTH_CELL_C,270,-112.87
2026-08-31T08:25:00.000Z,SYNTH_CELL_C,271,-111.53
2026-08-31T08:25:00.000Z,SYNTH_CELL_C,272,-112.35
2026-08-31T08:30:00.000Z,SYNTH_CELL_C,0,-109.54
2026-08-31T08:30:00.000Z,SYNTH_CELL_C,1,-110.6
2026-08-31T08:30:00.000Z,SYNTH_CELL_C,2,-110.94
2026-08-31T08:30:00.000Z,SYNTH_CELL_C,3,-112.48
2026-08-31T08:30:00.000Z,SYNTH_CELL_C,4,-108.38
2026-08-31T08:30:00.000Z,SYNTH_CELL_C,5,-111.39
2026-08-31T08:30:00.000Z,SYNTH_CELL_C,6,-112.19
2026-08-31T08:30:00.000Z,SYNTH_CELL_C,7,-111.03
2026-08-31T08:30:00.000Z,SYNTH_CELL_C,8,-91.67
2026-08-31T08:30:00.000Z,SYNTH_CELL_C,9,-108.14
2026-08-31T08:30:00.000Z,SYNTH_CELL_C,10,-110
2026-08-31T08:30:00.000Z,SYNTH_CELL_C,11,-113.62
2026-08-31T08:30:00.000Z,SYNTH_CELL_C,12,-110.16
2026-08-31T08:30:00.000Z,SYNTH_CELL_C,13,-110.66
2026-08-31T08:30:00.000Z,SYNTH_CELL_C,14,-107.73
2026-08-31T08:30:00.000Z,SYNTH_CELL_C,15,-111.01
2026-08-31T08:30:00.000Z,SYNTH_CELL_C,16,-111.56
2026-08-31T08:30:00.000Z,SYNTH_CELL_C,17,-113.3
2026-08-31T08:30:00.000Z,SYNTH_CELL_C,18,-108.41
2026-08-31T08:30:00.000Z,SYNTH_CELL_C,19,-110.52
2026-08-31T08:30:00.000Z,SYNTH_CELL_C,20,-111.44
2026-08-31T08:30:00.000Z,SYNTH_CELL_C,21,-111.48
2026-08-31T08:30:00.000Z,SYNTH_CELL_C,22,-110.68
2026-08-31T08:30:00.000Z,SYNTH_CELL_C,23,-113.47
2026-08-31T08:30:00.000Z,SYNTH_CELL_C,24,-107.36
2026-08-31T08:30:00.000Z,SYNTH_CELL_C,25,-109.91
2026-08-31T08:30:00.000Z,SYNTH_CELL_C,26,-113.24
2026-08-31T08:30:00.000Z,SYNTH_CELL_C,27,-112.09
2026-08-31T08:30:00.000Z,SYNTH_CELL_C,28,-107.76
2026-08-31T08:30:00.000Z,SYNTH_CELL_C,29,-108.03
2026-08-31T08:30:00.000Z,SYNTH_CELL_C,30,-107.23
2026-08-31T08:30:00.000Z,SYNTH_CELL_C,31,-112.32
2026-08-31T08:30:00.000Z,SYNTH_CELL_C,32,-107.91
2026-08-31T08:30:00.000Z,SYNTH_CELL_C,33,-111.09
2026-08-31T08:30:00.000Z,SYNTH_CELL_C,34,-113.05
2026-08-31T08:30:00.000Z,SYNTH_CELL_C,35,-111.99
2026-08-31T08:30:00.000Z,SYNTH_CELL_C,36,-110.83
2026-08-31T08:30:00.000Z,SYNTH_CELL_C,37,-110.23
2026-08-31T08:30:00.000Z,SYNTH_CELL_C,38,-108.38
2026-08-31T08:30:00.000Z,SYNTH_CELL_C,39,-110.64
2026-08-31T08:30:00.000Z,SYNTH_CELL_C,40,-109.63
2026-08-31T08:30:00.000Z,SYNTH_CELL_C,41,-107.78
2026-08-31T08:30:00.000Z,SYNTH_CELL_C,42,-107.26
2026-08-31T08:30:00.000Z,SYNTH_CELL_C,43,-108.06
2026-08-31T08:30:00.000Z,SYNTH_CELL_C,44,-109.49
2026-08-31T08:30:00.000Z,SYNTH_CELL_C,45,-109.88
2026-08-31T08:30:00.000Z,SYNTH_CELL_C,46,-111
2026-08-31T08:30:00.000Z,SYNTH_CELL_C,47,-111.78
2026-08-31T08:30:00.000Z,SYNTH_CELL_C,48,-112.77
2026-08-31T08:30:00.000Z,SYNTH_CELL_C,49,-113.54
2026-08-31T08:30:00.000Z,SYNTH_CELL_C,50,-113.93
2026-08-31T08:30:00.000Z,SYNTH_CELL_C,51,-110.39
2026-08-31T08:30:00.000Z,SYNTH_CELL_C,52,-110.65
2026-08-31T08:30:00.000Z,SYNTH_CELL_C,53,-108.06
2026-08-31T08:30:00.000Z,SYNTH_CELL_C,54,-109.01
2026-08-31T08:30:00.000Z,SYNTH_CELL_C,55,-109.92
2026-08-31T08:30:00.000Z,SYNTH_CELL_C,56,-109.94
2026-08-31T08:30:00.000Z,SYNTH_CELL_C,57,-111.01
2026-08-31T08:30:00.000Z,SYNTH_CELL_C,58,-108.16
2026-08-31T08:30:00.000Z,SYNTH_CELL_C,59,-113.09
2026-08-31T08:30:00.000Z,SYNTH_CELL_C,60,-112.18
2026-08-31T08:30:00.000Z,SYNTH_CELL_C,61,-111.6
2026-08-31T08:30:00.000Z,SYNTH_CELL_C,62,-108.38
2026-08-31T08:30:00.000Z,SYNTH_CELL_C,63,-110.61
2026-08-31T08:30:00.000Z,SYNTH_CELL_C,64,-109.04
2026-08-31T08:30:00.000Z,SYNTH_CELL_C,65,-109.67
2026-08-31T08:30:00.000Z,SYNTH_CELL_C,66,-109.57
2026-08-31T08:30:00.000Z,SYNTH_CELL_C,67,-111.61
2026-08-31T08:30:00.000Z,SYNTH_CELL_C,68,-108.7
2026-08-31T08:30:00.000Z,SYNTH_CELL_C,69,-109.31
2026-08-31T08:30:00.000Z,SYNTH_CELL_C,70,-107.79
2026-08-31T08:30:00.000Z,SYNTH_CELL_C,71,-107.34
2026-08-31T08:30:00.000Z,SYNTH_CELL_C,72,-110.2
2026-08-31T08:30:00.000Z,SYNTH_CELL_C,73,-108.52
2026-08-31T08:30:00.000Z,SYNTH_CELL_C,74,-113.77
2026-08-31T08:30:00.000Z,SYNTH_CELL_C,75,-107.48
2026-08-31T08:30:00.000Z,SYNTH_CELL_C,76,-110.34
2026-08-31T08:30:00.000Z,SYNTH_CELL_C,77,-112.01
2026-08-31T08:30:00.000Z,SYNTH_CELL_C,78,-113.38
2026-08-31T08:30:00.000Z,SYNTH_CELL_C,79,-108.42
2026-08-31T08:30:00.000Z,SYNTH_CELL_C,80,-108.75
2026-08-31T08:30:00.000Z,SYNTH_CELL_C,81,-110.78
2026-08-31T08:30:00.000Z,SYNTH_CELL_C,82,-110.44
2026-08-31T08:30:00.000Z,SYNTH_CELL_C,83,-112.03
2026-08-31T08:30:00.000Z,SYNTH_CELL_C,84,-111.53
2026-08-31T08:30:00.000Z,SYNTH_CELL_C,85,-112.06
2026-08-31T08:30:00.000Z,SYNTH_CELL_C,86,-112.19
2026-08-31T08:30:00.000Z,SYNTH_CELL_C,87,-110.64
2026-08-31T08:30:00.000Z,SYNTH_CELL_C,88,-92.73
2026-08-31T08:30:00.000Z,SYNTH_CELL_C,89,-107.29
2026-08-31T08:30:00.000Z,SYNTH_CELL_C,90,-113.86
2026-08-31T08:30:00.000Z,SYNTH_CELL_C,91,-108.07
2026-08-31T08:30:00.000Z,SYNTH_CELL_C,92,-109.87
2026-08-31T08:30:00.000Z,SYNTH_CELL_C,93,-111.2
2026-08-31T08:30:00.000Z,SYNTH_CELL_C,94,-110.09
2026-08-31T08:30:00.000Z,SYNTH_CELL_C,95,-113.69
2026-08-31T08:30:00.000Z,SYNTH_CELL_C,96,-111.3
2026-08-31T08:30:00.000Z,SYNTH_CELL_C,97,-110.85
2026-08-31T08:30:00.000Z,SYNTH_CELL_C,98,-112.27
2026-08-31T08:30:00.000Z,SYNTH_CELL_C,99,-109.65
2026-08-31T08:30:00.000Z,SYNTH_CELL_C,100,-107.41
2026-08-31T08:30:00.000Z,SYNTH_CELL_C,101,-107.15
2026-08-31T08:30:00.000Z,SYNTH_CELL_C,102,-108.44
2026-08-31T08:30:00.000Z,SYNTH_CELL_C,103,-110.65
2026-08-31T08:30:00.000Z,SYNTH_CELL_C,104,-110.18
2026-08-31T08:30:00.000Z,SYNTH_CELL_C,105,-109
2026-08-31T08:30:00.000Z,SYNTH_CELL_C,106,-112.36
2026-08-31T08:30:00.000Z,SYNTH_CELL_C,107,-113.66
2026-08-31T08:30:00.000Z,SYNTH_CELL_C,108,-113.57
2026-08-31T08:30:00.000Z,SYNTH_CELL_C,109,-108.77
2026-08-31T08:30:00.000Z,SYNTH_CELL_C,110,-112.15
2026-08-31T08:30:00.000Z,SYNTH_CELL_C,111,-113.22
2026-08-31T08:30:00.000Z,SYNTH_CELL_C,112,-107.25
2026-08-31T08:30:00.000Z,SYNTH_CELL_C,113,-109.59
2026-08-31T08:30:00.000Z,SYNTH_CELL_C,114,-113.85
2026-08-31T08:30:00.000Z,SYNTH_CELL_C,115,-113.08
2026-08-31T08:30:00.000Z,SYNTH_CELL_C,116,-107.81
2026-08-31T08:30:00.000Z,SYNTH_CELL_C,117,-107.46
2026-08-31T08:30:00.000Z,SYNTH_CELL_C,118,-111.03
2026-08-31T08:30:00.000Z,SYNTH_CELL_C,119,-113.89
2026-08-31T08:30:00.000Z,SYNTH_CELL_C,120,-108.56
2026-08-31T08:30:00.000Z,SYNTH_CELL_C,121,-112.84
2026-08-31T08:30:00.000Z,SYNTH_CELL_C,122,-112.71
2026-08-31T08:30:00.000Z,SYNTH_CELL_C,123,-112.92
2026-08-31T08:30:00.000Z,SYNTH_CELL_C,124,-108.24
2026-08-31T08:30:00.000Z,SYNTH_CELL_C,125,-107.72
2026-08-31T08:30:00.000Z,SYNTH_CELL_C,126,-109.46
2026-08-31T08:30:00.000Z,SYNTH_CELL_C,127,-109.73
2026-08-31T08:30:00.000Z,SYNTH_CELL_C,128,-112.4
2026-08-31T08:30:00.000Z,SYNTH_CELL_C,129,-107.16
2026-08-31T08:30:00.000Z,SYNTH_CELL_C,130,-109.88
2026-08-31T08:30:00.000Z,SYNTH_CELL_C,131,-111.86
2026-08-31T08:30:00.000Z,SYNTH_CELL_C,132,-113.63
2026-08-31T08:30:00.000Z,SYNTH_CELL_C,133,-109.25
2026-08-31T08:30:00.000Z,SYNTH_CELL_C,134,-113.35
2026-08-31T08:30:00.000Z,SYNTH_CELL_C,135,-113.28
2026-08-31T08:30:00.000Z,SYNTH_CELL_C,136,-112.68
2026-08-31T08:30:00.000Z,SYNTH_CELL_C,137,-109.45
2026-08-31T08:30:00.000Z,SYNTH_CELL_C,138,-109.21
2026-08-31T08:30:00.000Z,SYNTH_CELL_C,139,-109.86
2026-08-31T08:30:00.000Z,SYNTH_CELL_C,140,-109.39
2026-08-31T08:30:00.000Z,SYNTH_CELL_C,141,-110.33
2026-08-31T08:30:00.000Z,SYNTH_CELL_C,142,-108.35
2026-08-31T08:30:00.000Z,SYNTH_CELL_C,143,-110.55
2026-08-31T08:30:00.000Z,SYNTH_CELL_C,144,-111.71
2026-08-31T08:30:00.000Z,SYNTH_CELL_C,145,-113.39
2026-08-31T08:30:00.000Z,SYNTH_CELL_C,146,-108.33
2026-08-31T08:30:00.000Z,SYNTH_CELL_C,147,-110.16
2026-08-31T08:30:00.000Z,SYNTH_CELL_C,148,-112.87
2026-08-31T08:30:00.000Z,SYNTH_CELL_C,149,-108.04
2026-08-31T08:30:00.000Z,SYNTH_CELL_C,150,-110.45
2026-08-31T08:30:00.000Z,SYNTH_CELL_C,151,-108.52
2026-08-31T08:30:00.000Z,SYNTH_CELL_C,152,-113.04
2026-08-31T08:30:00.000Z,SYNTH_CELL_C,153,-107.03
2026-08-31T08:30:00.000Z,SYNTH_CELL_C,154,-110.92
2026-08-31T08:30:00.000Z,SYNTH_CELL_C,155,-113.55
2026-08-31T08:30:00.000Z,SYNTH_CELL_C,156,-107.95
2026-08-31T08:30:00.000Z,SYNTH_CELL_C,157,-110.33
2026-08-31T08:30:00.000Z,SYNTH_CELL_C,158,-107.75
2026-08-31T08:30:00.000Z,SYNTH_CELL_C,159,-107.8
2026-08-31T08:30:00.000Z,SYNTH_CELL_C,160,-113.89
2026-08-31T08:30:00.000Z,SYNTH_CELL_C,161,-109.42
2026-08-31T08:30:00.000Z,SYNTH_CELL_C,162,-108.86
2026-08-31T08:30:00.000Z,SYNTH_CELL_C,163,-111.77
2026-08-31T08:30:00.000Z,SYNTH_CELL_C,164,-110.01
2026-08-31T08:30:00.000Z,SYNTH_CELL_C,165,-111.62
2026-08-31T08:30:00.000Z,SYNTH_CELL_C,166,-113.38
2026-08-31T08:30:00.000Z,SYNTH_CELL_C,167,-113.16
2026-08-31T08:30:00.000Z,SYNTH_CELL_C,168,-107.46
2026-08-31T08:30:00.000Z,SYNTH_CELL_C,169,-107.3
2026-08-31T08:30:00.000Z,SYNTH_CELL_C,170,-107.84
2026-08-31T08:30:00.000Z,SYNTH_CELL_C,171,-107.07
2026-08-31T08:30:00.000Z,SYNTH_CELL_C,172,-107.77
2026-08-31T08:30:00.000Z,SYNTH_CELL_C,173,-113.09
2026-08-31T08:30:00.000Z,SYNTH_CELL_C,174,-112.61
2026-08-31T08:30:00.000Z,SYNTH_CELL_C,175,-107.14
2026-08-31T08:30:00.000Z,SYNTH_CELL_C,176,-111.3
2026-08-31T08:30:00.000Z,SYNTH_CELL_C,177,-108.77
2026-08-31T08:30:00.000Z,SYNTH_CELL_C,178,-110.59
2026-08-31T08:30:00.000Z,SYNTH_CELL_C,179,-113.07
2026-08-31T08:30:00.000Z,SYNTH_CELL_C,180,-113.36
2026-08-31T08:30:00.000Z,SYNTH_CELL_C,181,-112.43
2026-08-31T08:30:00.000Z,SYNTH_CELL_C,182,-110.75
2026-08-31T08:30:00.000Z,SYNTH_CELL_C,183,-111.39
2026-08-31T08:30:00.000Z,SYNTH_CELL_C,184,-109.31
2026-08-31T08:30:00.000Z,SYNTH_CELL_C,185,-113.55
2026-08-31T08:30:00.000Z,SYNTH_CELL_C,186,-109.03
2026-08-31T08:30:00.000Z,SYNTH_CELL_C,187,-108.57
2026-08-31T08:30:00.000Z,SYNTH_CELL_C,188,-89.36
2026-08-31T08:30:00.000Z,SYNTH_CELL_C,189,-108.16
2026-08-31T08:30:00.000Z,SYNTH_CELL_C,190,-108.18
2026-08-31T08:30:00.000Z,SYNTH_CELL_C,191,-112.1
2026-08-31T08:30:00.000Z,SYNTH_CELL_C,192,-107.73
2026-08-31T08:30:00.000Z,SYNTH_CELL_C,193,-109.42
2026-08-31T08:30:00.000Z,SYNTH_CELL_C,194,-113.49
2026-08-31T08:30:00.000Z,SYNTH_CELL_C,195,-107.41
2026-08-31T08:30:00.000Z,SYNTH_CELL_C,196,-112.09
2026-08-31T08:30:00.000Z,SYNTH_CELL_C,197,-111.81
2026-08-31T08:30:00.000Z,SYNTH_CELL_C,198,-112.12
2026-08-31T08:30:00.000Z,SYNTH_CELL_C,199,-113.95
2026-08-31T08:30:00.000Z,SYNTH_CELL_C,200,-108.05
2026-08-31T08:30:00.000Z,SYNTH_CELL_C,201,-112.88
2026-08-31T08:30:00.000Z,SYNTH_CELL_C,202,-107.05
2026-08-31T08:30:00.000Z,SYNTH_CELL_C,203,-109.51
2026-08-31T08:30:00.000Z,SYNTH_CELL_C,204,-113.85
2026-08-31T08:30:00.000Z,SYNTH_CELL_C,205,-107.73
2026-08-31T08:30:00.000Z,SYNTH_CELL_C,206,-108.63
2026-08-31T08:30:00.000Z,SYNTH_CELL_C,207,-108.54
2026-08-31T08:30:00.000Z,SYNTH_CELL_C,208,-108.94
2026-08-31T08:30:00.000Z,SYNTH_CELL_C,209,-111.12
2026-08-31T08:30:00.000Z,SYNTH_CELL_C,210,-112.64
2026-08-31T08:30:00.000Z,SYNTH_CELL_C,211,-113.86
2026-08-31T08:30:00.000Z,SYNTH_CELL_C,212,-110.83
2026-08-31T08:30:00.000Z,SYNTH_CELL_C,213,-108.37
2026-08-31T08:30:00.000Z,SYNTH_CELL_C,214,-107.93
2026-08-31T08:30:00.000Z,SYNTH_CELL_C,215,-108.45
2026-08-31T08:30:00.000Z,SYNTH_CELL_C,216,-113.72
2026-08-31T08:30:00.000Z,SYNTH_CELL_C,217,-108.96
2026-08-31T08:30:00.000Z,SYNTH_CELL_C,218,-107.47
2026-08-31T08:30:00.000Z,SYNTH_CELL_C,219,-107.7
2026-08-31T08:30:00.000Z,SYNTH_CELL_C,220,-107.15
2026-08-31T08:30:00.000Z,SYNTH_CELL_C,221,-113.11
2026-08-31T08:30:00.000Z,SYNTH_CELL_C,222,-112.69
2026-08-31T08:30:00.000Z,SYNTH_CELL_C,223,-110.05
2026-08-31T08:30:00.000Z,SYNTH_CELL_C,224,-112.31
2026-08-31T08:30:00.000Z,SYNTH_CELL_C,225,-109.37
2026-08-31T08:30:00.000Z,SYNTH_CELL_C,226,-109.97
2026-08-31T08:30:00.000Z,SYNTH_CELL_C,227,-113.44
2026-08-31T08:30:00.000Z,SYNTH_CELL_C,228,-110.81
2026-08-31T08:30:00.000Z,SYNTH_CELL_C,229,-109.68
2026-08-31T08:30:00.000Z,SYNTH_CELL_C,230,-113.81
2026-08-31T08:30:00.000Z,SYNTH_CELL_C,231,-112.83
2026-08-31T08:30:00.000Z,SYNTH_CELL_C,232,-111.42
2026-08-31T08:30:00.000Z,SYNTH_CELL_C,233,-109.29
2026-08-31T08:30:00.000Z,SYNTH_CELL_C,234,-110.32
2026-08-31T08:30:00.000Z,SYNTH_CELL_C,235,-113.32
2026-08-31T08:30:00.000Z,SYNTH_CELL_C,236,-110.33
2026-08-31T08:30:00.000Z,SYNTH_CELL_C,237,-111.06
2026-08-31T08:30:00.000Z,SYNTH_CELL_C,238,-111.32
2026-08-31T08:30:00.000Z,SYNTH_CELL_C,239,-109.6
2026-08-31T08:30:00.000Z,SYNTH_CELL_C,240,-113.27
2026-08-31T08:30:00.000Z,SYNTH_CELL_C,241,-108.86
2026-08-31T08:30:00.000Z,SYNTH_CELL_C,242,-109.41
2026-08-31T08:30:00.000Z,SYNTH_CELL_C,243,-108.39
2026-08-31T08:30:00.000Z,SYNTH_CELL_C,244,-107.47
2026-08-31T08:30:00.000Z,SYNTH_CELL_C,245,-107.11
2026-08-31T08:30:00.000Z,SYNTH_CELL_C,246,-108.99
2026-08-31T08:30:00.000Z,SYNTH_CELL_C,247,-109.92
2026-08-31T08:30:00.000Z,SYNTH_CELL_C,248,-109.73
2026-08-31T08:30:00.000Z,SYNTH_CELL_C,249,-113.27
2026-08-31T08:30:00.000Z,SYNTH_CELL_C,250,-107.18
2026-08-31T08:30:00.000Z,SYNTH_CELL_C,251,-111.57
2026-08-31T08:30:00.000Z,SYNTH_CELL_C,252,-108.17
2026-08-31T08:30:00.000Z,SYNTH_CELL_C,253,-110.62
2026-08-31T08:30:00.000Z,SYNTH_CELL_C,254,-108.46
2026-08-31T08:30:00.000Z,SYNTH_CELL_C,255,-112.87
2026-08-31T08:30:00.000Z,SYNTH_CELL_C,256,-107.55
2026-08-31T08:30:00.000Z,SYNTH_CELL_C,257,-109.69
2026-08-31T08:30:00.000Z,SYNTH_CELL_C,258,-109.46
2026-08-31T08:30:00.000Z,SYNTH_CELL_C,259,-108.47
2026-08-31T08:30:00.000Z,SYNTH_CELL_C,260,-109.58
2026-08-31T08:30:00.000Z,SYNTH_CELL_C,261,-110.79
2026-08-31T08:30:00.000Z,SYNTH_CELL_C,262,-109.62
2026-08-31T08:30:00.000Z,SYNTH_CELL_C,263,-111.39
2026-08-31T08:30:00.000Z,SYNTH_CELL_C,264,-111.61
2026-08-31T08:30:00.000Z,SYNTH_CELL_C,265,-111.24
2026-08-31T08:30:00.000Z,SYNTH_CELL_C,266,-111.87
2026-08-31T08:30:00.000Z,SYNTH_CELL_C,267,-109.46
2026-08-31T08:30:00.000Z,SYNTH_CELL_C,268,-89.12
2026-08-31T08:30:00.000Z,SYNTH_CELL_C,269,-109.22
2026-08-31T08:30:00.000Z,SYNTH_CELL_C,270,-112.55
2026-08-31T08:30:00.000Z,SYNTH_CELL_C,271,-109.66
2026-08-31T08:30:00.000Z,SYNTH_CELL_C,272,-107.96
2026-08-31T08:35:00.000Z,SYNTH_CELL_C,0,-113.72
2026-08-31T08:35:00.000Z,SYNTH_CELL_C,1,-113.58
2026-08-31T08:35:00.000Z,SYNTH_CELL_C,2,-113.64
2026-08-31T08:35:00.000Z,SYNTH_CELL_C,3,-111.91
2026-08-31T08:35:00.000Z,SYNTH_CELL_C,4,-113.35
2026-08-31T08:35:00.000Z,SYNTH_CELL_C,5,-109.12
2026-08-31T08:35:00.000Z,SYNTH_CELL_C,6,-112
2026-08-31T08:35:00.000Z,SYNTH_CELL_C,7,-113.11
2026-08-31T08:35:00.000Z,SYNTH_CELL_C,8,-88.61
2026-08-31T08:35:00.000Z,SYNTH_CELL_C,9,-110.89
2026-08-31T08:35:00.000Z,SYNTH_CELL_C,10,-109.15
2026-08-31T08:35:00.000Z,SYNTH_CELL_C,11,-110.6
2026-08-31T08:35:00.000Z,SYNTH_CELL_C,12,-112.33
2026-08-31T08:35:00.000Z,SYNTH_CELL_C,13,-113.73
2026-08-31T08:35:00.000Z,SYNTH_CELL_C,14,-109.37
2026-08-31T08:35:00.000Z,SYNTH_CELL_C,15,-108.39
2026-08-31T08:35:00.000Z,SYNTH_CELL_C,16,-111.75
2026-08-31T08:35:00.000Z,SYNTH_CELL_C,17,-111.65
2026-08-31T08:35:00.000Z,SYNTH_CELL_C,18,-108.72
2026-08-31T08:35:00.000Z,SYNTH_CELL_C,19,-107.04
2026-08-31T08:35:00.000Z,SYNTH_CELL_C,20,-108.86
2026-08-31T08:35:00.000Z,SYNTH_CELL_C,21,-108.03
2026-08-31T08:35:00.000Z,SYNTH_CELL_C,22,-111.49
2026-08-31T08:35:00.000Z,SYNTH_CELL_C,23,-109.69
2026-08-31T08:35:00.000Z,SYNTH_CELL_C,24,-112.98
2026-08-31T08:35:00.000Z,SYNTH_CELL_C,25,-110.35
2026-08-31T08:35:00.000Z,SYNTH_CELL_C,26,-113.08
2026-08-31T08:35:00.000Z,SYNTH_CELL_C,27,-112.4
2026-08-31T08:35:00.000Z,SYNTH_CELL_C,28,-107.08
2026-08-31T08:35:00.000Z,SYNTH_CELL_C,29,-109.09
2026-08-31T08:35:00.000Z,SYNTH_CELL_C,30,-112.95
2026-08-31T08:35:00.000Z,SYNTH_CELL_C,31,-113.47
2026-08-31T08:35:00.000Z,SYNTH_CELL_C,32,-107.4
2026-08-31T08:35:00.000Z,SYNTH_CELL_C,33,-110.3
2026-08-31T08:35:00.000Z,SYNTH_CELL_C,34,-108.94
2026-08-31T08:35:00.000Z,SYNTH_CELL_C,35,-113.05
2026-08-31T08:35:00.000Z,SYNTH_CELL_C,36,-113.84
2026-08-31T08:35:00.000Z,SYNTH_CELL_C,37,-108.98
2026-08-31T08:35:00.000Z,SYNTH_CELL_C,38,-109.08
2026-08-31T08:35:00.000Z,SYNTH_CELL_C,39,-109.18
2026-08-31T08:35:00.000Z,SYNTH_CELL_C,40,-113.2
2026-08-31T08:35:00.000Z,SYNTH_CELL_C,41,-107.69
2026-08-31T08:35:00.000Z,SYNTH_CELL_C,42,-112.29
2026-08-31T08:35:00.000Z,SYNTH_CELL_C,43,-110.63
2026-08-31T08:35:00.000Z,SYNTH_CELL_C,44,-107.76
2026-08-31T08:35:00.000Z,SYNTH_CELL_C,45,-109.34
2026-08-31T08:35:00.000Z,SYNTH_CELL_C,46,-108.23
2026-08-31T08:35:00.000Z,SYNTH_CELL_C,47,-109.5
2026-08-31T08:35:00.000Z,SYNTH_CELL_C,48,-107.41
2026-08-31T08:35:00.000Z,SYNTH_CELL_C,49,-111.3
2026-08-31T08:35:00.000Z,SYNTH_CELL_C,50,-110.93
2026-08-31T08:35:00.000Z,SYNTH_CELL_C,51,-110.58
2026-08-31T08:35:00.000Z,SYNTH_CELL_C,52,-107.22
2026-08-31T08:35:00.000Z,SYNTH_CELL_C,53,-113.91
2026-08-31T08:35:00.000Z,SYNTH_CELL_C,54,-108.44
2026-08-31T08:35:00.000Z,SYNTH_CELL_C,55,-111.69
2026-08-31T08:35:00.000Z,SYNTH_CELL_C,56,-107.35
2026-08-31T08:35:00.000Z,SYNTH_CELL_C,57,-107.23
2026-08-31T08:35:00.000Z,SYNTH_CELL_C,58,-111.32
2026-08-31T08:35:00.000Z,SYNTH_CELL_C,59,-110.74
2026-08-31T08:35:00.000Z,SYNTH_CELL_C,60,-113.33
2026-08-31T08:35:00.000Z,SYNTH_CELL_C,61,-112.3
2026-08-31T08:35:00.000Z,SYNTH_CELL_C,62,-111.99
2026-08-31T08:35:00.000Z,SYNTH_CELL_C,63,-110.8
2026-08-31T08:35:00.000Z,SYNTH_CELL_C,64,-110.7
2026-08-31T08:35:00.000Z,SYNTH_CELL_C,65,-107.78
2026-08-31T08:35:00.000Z,SYNTH_CELL_C,66,-109.8
2026-08-31T08:35:00.000Z,SYNTH_CELL_C,67,-108.21
2026-08-31T08:35:00.000Z,SYNTH_CELL_C,68,-112.81
2026-08-31T08:35:00.000Z,SYNTH_CELL_C,69,-107.25
2026-08-31T08:35:00.000Z,SYNTH_CELL_C,70,-111.75
2026-08-31T08:35:00.000Z,SYNTH_CELL_C,71,-111.85
2026-08-31T08:35:00.000Z,SYNTH_CELL_C,72,-107.52
2026-08-31T08:35:00.000Z,SYNTH_CELL_C,73,-113.37
2026-08-31T08:35:00.000Z,SYNTH_CELL_C,74,-109.42
2026-08-31T08:35:00.000Z,SYNTH_CELL_C,75,-109
2026-08-31T08:35:00.000Z,SYNTH_CELL_C,76,-113.65
2026-08-31T08:35:00.000Z,SYNTH_CELL_C,77,-109.21
2026-08-31T08:35:00.000Z,SYNTH_CELL_C,78,-110
2026-08-31T08:35:00.000Z,SYNTH_CELL_C,79,-110.03
2026-08-31T08:35:00.000Z,SYNTH_CELL_C,80,-109.55
2026-08-31T08:35:00.000Z,SYNTH_CELL_C,81,-107.29
2026-08-31T08:35:00.000Z,SYNTH_CELL_C,82,-109.56
2026-08-31T08:35:00.000Z,SYNTH_CELL_C,83,-110.69
2026-08-31T08:35:00.000Z,SYNTH_CELL_C,84,-107.32
2026-08-31T08:35:00.000Z,SYNTH_CELL_C,85,-108.91
2026-08-31T08:35:00.000Z,SYNTH_CELL_C,86,-107.24
2026-08-31T08:35:00.000Z,SYNTH_CELL_C,87,-111.46
2026-08-31T08:35:00.000Z,SYNTH_CELL_C,88,-93.9
2026-08-31T08:35:00.000Z,SYNTH_CELL_C,89,-113.58
2026-08-31T08:35:00.000Z,SYNTH_CELL_C,90,-111.32
2026-08-31T08:35:00.000Z,SYNTH_CELL_C,91,-109.97
2026-08-31T08:35:00.000Z,SYNTH_CELL_C,92,-112.17
2026-08-31T08:35:00.000Z,SYNTH_CELL_C,93,-108.44
2026-08-31T08:35:00.000Z,SYNTH_CELL_C,94,-109.25
2026-08-31T08:35:00.000Z,SYNTH_CELL_C,95,-108.49
2026-08-31T08:35:00.000Z,SYNTH_CELL_C,96,-110.9
2026-08-31T08:35:00.000Z,SYNTH_CELL_C,97,-107.79
2026-08-31T08:35:00.000Z,SYNTH_CELL_C,98,-113.58
2026-08-31T08:35:00.000Z,SYNTH_CELL_C,99,-108.58
2026-08-31T08:35:00.000Z,SYNTH_CELL_C,100,-109.51
2026-08-31T08:35:00.000Z,SYNTH_CELL_C,101,-110.01
2026-08-31T08:35:00.000Z,SYNTH_CELL_C,102,-108.38
2026-08-31T08:35:00.000Z,SYNTH_CELL_C,103,-107.37
2026-08-31T08:35:00.000Z,SYNTH_CELL_C,104,-110.12
2026-08-31T08:35:00.000Z,SYNTH_CELL_C,105,-112.28
2026-08-31T08:35:00.000Z,SYNTH_CELL_C,106,-112.79
2026-08-31T08:35:00.000Z,SYNTH_CELL_C,107,-109.79
2026-08-31T08:35:00.000Z,SYNTH_CELL_C,108,-113.44
2026-08-31T08:35:00.000Z,SYNTH_CELL_C,109,-113.48
2026-08-31T08:35:00.000Z,SYNTH_CELL_C,110,-109.11
2026-08-31T08:35:00.000Z,SYNTH_CELL_C,111,-108.46
2026-08-31T08:35:00.000Z,SYNTH_CELL_C,112,-111.82
2026-08-31T08:35:00.000Z,SYNTH_CELL_C,113,-113.3
2026-08-31T08:35:00.000Z,SYNTH_CELL_C,114,-107.65
2026-08-31T08:35:00.000Z,SYNTH_CELL_C,115,-109.02
2026-08-31T08:35:00.000Z,SYNTH_CELL_C,116,-113.79
2026-08-31T08:35:00.000Z,SYNTH_CELL_C,117,-107.93
2026-08-31T08:35:00.000Z,SYNTH_CELL_C,118,-109.68
2026-08-31T08:35:00.000Z,SYNTH_CELL_C,119,-110.56
2026-08-31T08:35:00.000Z,SYNTH_CELL_C,120,-108.13
2026-08-31T08:35:00.000Z,SYNTH_CELL_C,121,-111.48
2026-08-31T08:35:00.000Z,SYNTH_CELL_C,122,-107.44
2026-08-31T08:35:00.000Z,SYNTH_CELL_C,123,-112.21
2026-08-31T08:35:00.000Z,SYNTH_CELL_C,124,-113.59
2026-08-31T08:35:00.000Z,SYNTH_CELL_C,125,-113.01
2026-08-31T08:35:00.000Z,SYNTH_CELL_C,126,-113.35
2026-08-31T08:35:00.000Z,SYNTH_CELL_C,127,-111.79
2026-08-31T08:35:00.000Z,SYNTH_CELL_C,128,-110.4
2026-08-31T08:35:00.000Z,SYNTH_CELL_C,129,-109.99
2026-08-31T08:35:00.000Z,SYNTH_CELL_C,130,-112.47
2026-08-31T08:35:00.000Z,SYNTH_CELL_C,131,-111.46
2026-08-31T08:35:00.000Z,SYNTH_CELL_C,132,-111.39
2026-08-31T08:35:00.000Z,SYNTH_CELL_C,133,-107.41
2026-08-31T08:35:00.000Z,SYNTH_CELL_C,134,-112.16
2026-08-31T08:35:00.000Z,SYNTH_CELL_C,135,-110.4
2026-08-31T08:35:00.000Z,SYNTH_CELL_C,136,-112.92
2026-08-31T08:35:00.000Z,SYNTH_CELL_C,137,-111.32
2026-08-31T08:35:00.000Z,SYNTH_CELL_C,138,-112.97
2026-08-31T08:35:00.000Z,SYNTH_CELL_C,139,-113.49
2026-08-31T08:35:00.000Z,SYNTH_CELL_C,140,-113.61
2026-08-31T08:35:00.000Z,SYNTH_CELL_C,141,-110.78
2026-08-31T08:35:00.000Z,SYNTH_CELL_C,142,-111.99
2026-08-31T08:35:00.000Z,SYNTH_CELL_C,143,-107.79
2026-08-31T08:35:00.000Z,SYNTH_CELL_C,144,-108.92
2026-08-31T08:35:00.000Z,SYNTH_CELL_C,145,-112.13
2026-08-31T08:35:00.000Z,SYNTH_CELL_C,146,-109.56
2026-08-31T08:35:00.000Z,SYNTH_CELL_C,147,-112.75
2026-08-31T08:35:00.000Z,SYNTH_CELL_C,148,-110.01
2026-08-31T08:35:00.000Z,SYNTH_CELL_C,149,-107.33
2026-08-31T08:35:00.000Z,SYNTH_CELL_C,150,-111.9
2026-08-31T08:35:00.000Z,SYNTH_CELL_C,151,-108.81
2026-08-31T08:35:00.000Z,SYNTH_CELL_C,152,-108.84
2026-08-31T08:35:00.000Z,SYNTH_CELL_C,153,-109.96
2026-08-31T08:35:00.000Z,SYNTH_CELL_C,154,-107.78
2026-08-31T08:35:00.000Z,SYNTH_CELL_C,155,-111.05
2026-08-31T08:35:00.000Z,SYNTH_CELL_C,156,-108.3
2026-08-31T08:35:00.000Z,SYNTH_CELL_C,157,-112.58
2026-08-31T08:35:00.000Z,SYNTH_CELL_C,158,-109.8
2026-08-31T08:35:00.000Z,SYNTH_CELL_C,159,-108.2
2026-08-31T08:35:00.000Z,SYNTH_CELL_C,160,-111.62
2026-08-31T08:35:00.000Z,SYNTH_CELL_C,161,-112.62
2026-08-31T08:35:00.000Z,SYNTH_CELL_C,162,-113.02
2026-08-31T08:35:00.000Z,SYNTH_CELL_C,163,-112.64
2026-08-31T08:35:00.000Z,SYNTH_CELL_C,164,-113.07
2026-08-31T08:35:00.000Z,SYNTH_CELL_C,165,-109.32
2026-08-31T08:35:00.000Z,SYNTH_CELL_C,166,-110.54
2026-08-31T08:35:00.000Z,SYNTH_CELL_C,167,-111.17
2026-08-31T08:35:00.000Z,SYNTH_CELL_C,168,-110.54
2026-08-31T08:35:00.000Z,SYNTH_CELL_C,169,-113.52
2026-08-31T08:35:00.000Z,SYNTH_CELL_C,170,-110.23
2026-08-31T08:35:00.000Z,SYNTH_CELL_C,171,-112.87
2026-08-31T08:35:00.000Z,SYNTH_CELL_C,172,-112.29
2026-08-31T08:35:00.000Z,SYNTH_CELL_C,173,-107.45
2026-08-31T08:35:00.000Z,SYNTH_CELL_C,174,-110.47
2026-08-31T08:35:00.000Z,SYNTH_CELL_C,175,-111.73
2026-08-31T08:35:00.000Z,SYNTH_CELL_C,176,-109.88
2026-08-31T08:35:00.000Z,SYNTH_CELL_C,177,-108.14
2026-08-31T08:35:00.000Z,SYNTH_CELL_C,178,-112.38
2026-08-31T08:35:00.000Z,SYNTH_CELL_C,179,-110.77
2026-08-31T08:35:00.000Z,SYNTH_CELL_C,180,-108.75
2026-08-31T08:35:00.000Z,SYNTH_CELL_C,181,-110.17
2026-08-31T08:35:00.000Z,SYNTH_CELL_C,182,-112.87
2026-08-31T08:35:00.000Z,SYNTH_CELL_C,183,-109.24
2026-08-31T08:35:00.000Z,SYNTH_CELL_C,184,-111.85
2026-08-31T08:35:00.000Z,SYNTH_CELL_C,185,-110.11
2026-08-31T08:35:00.000Z,SYNTH_CELL_C,186,-107.05
2026-08-31T08:35:00.000Z,SYNTH_CELL_C,187,-108.17
2026-08-31T08:35:00.000Z,SYNTH_CELL_C,188,-93.08
2026-08-31T08:35:00.000Z,SYNTH_CELL_C,189,-107.06
2026-08-31T08:35:00.000Z,SYNTH_CELL_C,190,-107.79
2026-08-31T08:35:00.000Z,SYNTH_CELL_C,191,-112.75
2026-08-31T08:35:00.000Z,SYNTH_CELL_C,192,-108.13
2026-08-31T08:35:00.000Z,SYNTH_CELL_C,193,-113.61
2026-08-31T08:35:00.000Z,SYNTH_CELL_C,194,-113.12
2026-08-31T08:35:00.000Z,SYNTH_CELL_C,195,-109.54
2026-08-31T08:35:00.000Z,SYNTH_CELL_C,196,-109.65
2026-08-31T08:35:00.000Z,SYNTH_CELL_C,197,-113.11
2026-08-31T08:35:00.000Z,SYNTH_CELL_C,198,-113.39
2026-08-31T08:35:00.000Z,SYNTH_CELL_C,199,-108.7
2026-08-31T08:35:00.000Z,SYNTH_CELL_C,200,-111.65
2026-08-31T08:35:00.000Z,SYNTH_CELL_C,201,-109.64
2026-08-31T08:35:00.000Z,SYNTH_CELL_C,202,-111.18
2026-08-31T08:35:00.000Z,SYNTH_CELL_C,203,-110.34
2026-08-31T08:35:00.000Z,SYNTH_CELL_C,204,-109.11
2026-08-31T08:35:00.000Z,SYNTH_CELL_C,205,-108.43
2026-08-31T08:35:00.000Z,SYNTH_CELL_C,206,-112.79
2026-08-31T08:35:00.000Z,SYNTH_CELL_C,207,-112.85
2026-08-31T08:35:00.000Z,SYNTH_CELL_C,208,-110.71
2026-08-31T08:35:00.000Z,SYNTH_CELL_C,209,-109.92
2026-08-31T08:35:00.000Z,SYNTH_CELL_C,210,-113.46
2026-08-31T08:35:00.000Z,SYNTH_CELL_C,211,-113.41
2026-08-31T08:35:00.000Z,SYNTH_CELL_C,212,-110.7
2026-08-31T08:35:00.000Z,SYNTH_CELL_C,213,-109.48
2026-08-31T08:35:00.000Z,SYNTH_CELL_C,214,-112.2
2026-08-31T08:35:00.000Z,SYNTH_CELL_C,215,-113.66
2026-08-31T08:35:00.000Z,SYNTH_CELL_C,216,-111.91
2026-08-31T08:35:00.000Z,SYNTH_CELL_C,217,-108.73
2026-08-31T08:35:00.000Z,SYNTH_CELL_C,218,-108.11
2026-08-31T08:35:00.000Z,SYNTH_CELL_C,219,-108.54
2026-08-31T08:35:00.000Z,SYNTH_CELL_C,220,-109.64
2026-08-31T08:35:00.000Z,SYNTH_CELL_C,221,-109.75
2026-08-31T08:35:00.000Z,SYNTH_CELL_C,222,-107.14
2026-08-31T08:35:00.000Z,SYNTH_CELL_C,223,-113.57
2026-08-31T08:35:00.000Z,SYNTH_CELL_C,224,-107.45
2026-08-31T08:35:00.000Z,SYNTH_CELL_C,225,-112.28
2026-08-31T08:35:00.000Z,SYNTH_CELL_C,226,-111.98
2026-08-31T08:35:00.000Z,SYNTH_CELL_C,227,-110.84
2026-08-31T08:35:00.000Z,SYNTH_CELL_C,228,-109.32
2026-08-31T08:35:00.000Z,SYNTH_CELL_C,229,-113.28
2026-08-31T08:35:00.000Z,SYNTH_CELL_C,230,-109.76
2026-08-31T08:35:00.000Z,SYNTH_CELL_C,231,-109.04
2026-08-31T08:35:00.000Z,SYNTH_CELL_C,232,-110.02
2026-08-31T08:35:00.000Z,SYNTH_CELL_C,233,-108.27
2026-08-31T08:35:00.000Z,SYNTH_CELL_C,234,-107.04
2026-08-31T08:35:00.000Z,SYNTH_CELL_C,235,-113.98
2026-08-31T08:35:00.000Z,SYNTH_CELL_C,236,-111.86
2026-08-31T08:35:00.000Z,SYNTH_CELL_C,237,-108.1
2026-08-31T08:35:00.000Z,SYNTH_CELL_C,238,-107.58
2026-08-31T08:35:00.000Z,SYNTH_CELL_C,239,-107.49
2026-08-31T08:35:00.000Z,SYNTH_CELL_C,240,-112.43
2026-08-31T08:35:00.000Z,SYNTH_CELL_C,241,-107.78
2026-08-31T08:35:00.000Z,SYNTH_CELL_C,242,-109.94
2026-08-31T08:35:00.000Z,SYNTH_CELL_C,243,-111.22
2026-08-31T08:35:00.000Z,SYNTH_CELL_C,244,-112.17
2026-08-31T08:35:00.000Z,SYNTH_CELL_C,245,-112.33
2026-08-31T08:35:00.000Z,SYNTH_CELL_C,246,-111.08
2026-08-31T08:35:00.000Z,SYNTH_CELL_C,247,-111.57
2026-08-31T08:35:00.000Z,SYNTH_CELL_C,248,-113.96
2026-08-31T08:35:00.000Z,SYNTH_CELL_C,249,-107.8
2026-08-31T08:35:00.000Z,SYNTH_CELL_C,250,-108.93
2026-08-31T08:35:00.000Z,SYNTH_CELL_C,251,-111.76
2026-08-31T08:35:00.000Z,SYNTH_CELL_C,252,-107.54
2026-08-31T08:35:00.000Z,SYNTH_CELL_C,253,-110.43
2026-08-31T08:35:00.000Z,SYNTH_CELL_C,254,-110.46
2026-08-31T08:35:00.000Z,SYNTH_CELL_C,255,-108.28
2026-08-31T08:35:00.000Z,SYNTH_CELL_C,256,-108.25
2026-08-31T08:35:00.000Z,SYNTH_CELL_C,257,-112.56
2026-08-31T08:35:00.000Z,SYNTH_CELL_C,258,-110.12
2026-08-31T08:35:00.000Z,SYNTH_CELL_C,259,-111.36
2026-08-31T08:35:00.000Z,SYNTH_CELL_C,260,-109.87
2026-08-31T08:35:00.000Z,SYNTH_CELL_C,261,-107.75
2026-08-31T08:35:00.000Z,SYNTH_CELL_C,262,-107.81
2026-08-31T08:35:00.000Z,SYNTH_CELL_C,263,-111.81
2026-08-31T08:35:00.000Z,SYNTH_CELL_C,264,-111.71
2026-08-31T08:35:00.000Z,SYNTH_CELL_C,265,-111.61
2026-08-31T08:35:00.000Z,SYNTH_CELL_C,266,-109.93
2026-08-31T08:35:00.000Z,SYNTH_CELL_C,267,-107.17
2026-08-31T08:35:00.000Z,SYNTH_CELL_C,268,-87.38
2026-08-31T08:35:00.000Z,SYNTH_CELL_C,269,-109.33
2026-08-31T08:35:00.000Z,SYNTH_CELL_C,270,-112.69
2026-08-31T08:35:00.000Z,SYNTH_CELL_C,271,-110.7
2026-08-31T08:35:00.000Z,SYNTH_CELL_C,272,-111.31
2026-08-31T08:40:00.000Z,SYNTH_CELL_C,0,-107.19
2026-08-31T08:40:00.000Z,SYNTH_CELL_C,1,-113.78
2026-08-31T08:40:00.000Z,SYNTH_CELL_C,2,-111.75
2026-08-31T08:40:00.000Z,SYNTH_CELL_C,3,-109.15
2026-08-31T08:40:00.000Z,SYNTH_CELL_C,4,-113.44
2026-08-31T08:40:00.000Z,SYNTH_CELL_C,5,-111.68
2026-08-31T08:40:00.000Z,SYNTH_CELL_C,6,-107.15
2026-08-31T08:40:00.000Z,SYNTH_CELL_C,7,-112.52
2026-08-31T08:40:00.000Z,SYNTH_CELL_C,8,-88.7
2026-08-31T08:40:00.000Z,SYNTH_CELL_C,9,-109.91
2026-08-31T08:40:00.000Z,SYNTH_CELL_C,10,-112.79
2026-08-31T08:40:00.000Z,SYNTH_CELL_C,11,-109.23
2026-08-31T08:40:00.000Z,SYNTH_CELL_C,12,-113.84
2026-08-31T08:40:00.000Z,SYNTH_CELL_C,13,-109.32
2026-08-31T08:40:00.000Z,SYNTH_CELL_C,14,-112.76
2026-08-31T08:40:00.000Z,SYNTH_CELL_C,15,-109.63
2026-08-31T08:40:00.000Z,SYNTH_CELL_C,16,-109.59
2026-08-31T08:40:00.000Z,SYNTH_CELL_C,17,-110.72
2026-08-31T08:40:00.000Z,SYNTH_CELL_C,18,-110.08
2026-08-31T08:40:00.000Z,SYNTH_CELL_C,19,-107.65
2026-08-31T08:40:00.000Z,SYNTH_CELL_C,20,-111.19
2026-08-31T08:40:00.000Z,SYNTH_CELL_C,21,-111.59
2026-08-31T08:40:00.000Z,SYNTH_CELL_C,22,-107.49
2026-08-31T08:40:00.000Z,SYNTH_CELL_C,23,-108.41
2026-08-31T08:40:00.000Z,SYNTH_CELL_C,24,-111.5
2026-08-31T08:40:00.000Z,SYNTH_CELL_C,25,-108.39
2026-08-31T08:40:00.000Z,SYNTH_CELL_C,26,-110.91
2026-08-31T08:40:00.000Z,SYNTH_CELL_C,27,-112.04
2026-08-31T08:40:00.000Z,SYNTH_CELL_C,28,-109.82
2026-08-31T08:40:00.000Z,SYNTH_CELL_C,29,-110.91
2026-08-31T08:40:00.000Z,SYNTH_CELL_C,30,-113.81
2026-08-31T08:40:00.000Z,SYNTH_CELL_C,31,-109.51
2026-08-31T08:40:00.000Z,SYNTH_CELL_C,32,-108.03
2026-08-31T08:40:00.000Z,SYNTH_CELL_C,33,-112.27
2026-08-31T08:40:00.000Z,SYNTH_CELL_C,34,-112.22
2026-08-31T08:40:00.000Z,SYNTH_CELL_C,35,-110.54
2026-08-31T08:40:00.000Z,SYNTH_CELL_C,36,-109.67
2026-08-31T08:40:00.000Z,SYNTH_CELL_C,37,-111.66
2026-08-31T08:40:00.000Z,SYNTH_CELL_C,38,-109.14
2026-08-31T08:40:00.000Z,SYNTH_CELL_C,39,-112.03
2026-08-31T08:40:00.000Z,SYNTH_CELL_C,40,-108.8
2026-08-31T08:40:00.000Z,SYNTH_CELL_C,41,-112.22
2026-08-31T08:40:00.000Z,SYNTH_CELL_C,42,-109.07
2026-08-31T08:40:00.000Z,SYNTH_CELL_C,43,-111.1
2026-08-31T08:40:00.000Z,SYNTH_CELL_C,44,-111.5
2026-08-31T08:40:00.000Z,SYNTH_CELL_C,45,-113.97
2026-08-31T08:40:00.000Z,SYNTH_CELL_C,46,-110.62
2026-08-31T08:40:00.000Z,SYNTH_CELL_C,47,-112.75
2026-08-31T08:40:00.000Z,SYNTH_CELL_C,48,-113.81
2026-08-31T08:40:00.000Z,SYNTH_CELL_C,49,-108.05
2026-08-31T08:40:00.000Z,SYNTH_CELL_C,50,-112.16
2026-08-31T08:40:00.000Z,SYNTH_CELL_C,51,-110.36
2026-08-31T08:40:00.000Z,SYNTH_CELL_C,52,-107.34
2026-08-31T08:40:00.000Z,SYNTH_CELL_C,53,-113.13
2026-08-31T08:40:00.000Z,SYNTH_CELL_C,54,-110.5
2026-08-31T08:40:00.000Z,SYNTH_CELL_C,55,-107.87
2026-08-31T08:40:00.000Z,SYNTH_CELL_C,56,-113.24
2026-08-31T08:40:00.000Z,SYNTH_CELL_C,57,-113.16
2026-08-31T08:40:00.000Z,SYNTH_CELL_C,58,-107.51
2026-08-31T08:40:00.000Z,SYNTH_CELL_C,59,-112.7
2026-08-31T08:40:00.000Z,SYNTH_CELL_C,60,-112.72
2026-08-31T08:40:00.000Z,SYNTH_CELL_C,61,-112.28
2026-08-31T08:40:00.000Z,SYNTH_CELL_C,62,-111.7
2026-08-31T08:40:00.000Z,SYNTH_CELL_C,63,-112.61
2026-08-31T08:40:00.000Z,SYNTH_CELL_C,64,-112.91
2026-08-31T08:40:00.000Z,SYNTH_CELL_C,65,-110.27
2026-08-31T08:40:00.000Z,SYNTH_CELL_C,66,-107.61
2026-08-31T08:40:00.000Z,SYNTH_CELL_C,67,-112.39
2026-08-31T08:40:00.000Z,SYNTH_CELL_C,68,-111.06
2026-08-31T08:40:00.000Z,SYNTH_CELL_C,69,-109.43
2026-08-31T08:40:00.000Z,SYNTH_CELL_C,70,-112.94
2026-08-31T08:40:00.000Z,SYNTH_CELL_C,71,-110.78
2026-08-31T08:40:00.000Z,SYNTH_CELL_C,72,-111.67
2026-08-31T08:40:00.000Z,SYNTH_CELL_C,73,-110.29
2026-08-31T08:40:00.000Z,SYNTH_CELL_C,74,-113.96
2026-08-31T08:40:00.000Z,SYNTH_CELL_C,75,-107.79
2026-08-31T08:40:00.000Z,SYNTH_CELL_C,76,-113.39
2026-08-31T08:40:00.000Z,SYNTH_CELL_C,77,-109.41
2026-08-31T08:40:00.000Z,SYNTH_CELL_C,78,-111.03
2026-08-31T08:40:00.000Z,SYNTH_CELL_C,79,-113.93
2026-08-31T08:40:00.000Z,SYNTH_CELL_C,80,-108.22
2026-08-31T08:40:00.000Z,SYNTH_CELL_C,81,-112.91
2026-08-31T08:40:00.000Z,SYNTH_CELL_C,82,-113.43
2026-08-31T08:40:00.000Z,SYNTH_CELL_C,83,-111.86
2026-08-31T08:40:00.000Z,SYNTH_CELL_C,84,-107.21
2026-08-31T08:40:00.000Z,SYNTH_CELL_C,85,-109.2
2026-08-31T08:40:00.000Z,SYNTH_CELL_C,86,-112.18
2026-08-31T08:40:00.000Z,SYNTH_CELL_C,87,-110.2
2026-08-31T08:40:00.000Z,SYNTH_CELL_C,88,-89.22
2026-08-31T08:40:00.000Z,SYNTH_CELL_C,89,-112.8
2026-08-31T08:40:00.000Z,SYNTH_CELL_C,90,-107.65
2026-08-31T08:40:00.000Z,SYNTH_CELL_C,91,-107.33
2026-08-31T08:40:00.000Z,SYNTH_CELL_C,92,-110.57
2026-08-31T08:40:00.000Z,SYNTH_CELL_C,93,-111.16
2026-08-31T08:40:00.000Z,SYNTH_CELL_C,94,-108.23
2026-08-31T08:40:00.000Z,SYNTH_CELL_C,95,-112.28
2026-08-31T08:40:00.000Z,SYNTH_CELL_C,96,-113.57
2026-08-31T08:40:00.000Z,SYNTH_CELL_C,97,-110.7
2026-08-31T08:40:00.000Z,SYNTH_CELL_C,98,-113.76
2026-08-31T08:40:00.000Z,SYNTH_CELL_C,99,-110.88
2026-08-31T08:40:00.000Z,SYNTH_CELL_C,100,-112.88
2026-08-31T08:40:00.000Z,SYNTH_CELL_C,101,-107.07
2026-08-31T08:40:00.000Z,SYNTH_CELL_C,102,-111.59
2026-08-31T08:40:00.000Z,SYNTH_CELL_C,103,-110.45
2026-08-31T08:40:00.000Z,SYNTH_CELL_C,104,-107.99
2026-08-31T08:40:00.000Z,SYNTH_CELL_C,105,-113.42
2026-08-31T08:40:00.000Z,SYNTH_CELL_C,106,-112.48
2026-08-31T08:40:00.000Z,SYNTH_CELL_C,107,-109.6
2026-08-31T08:40:00.000Z,SYNTH_CELL_C,108,-113.63
2026-08-31T08:40:00.000Z,SYNTH_CELL_C,109,-113.95
2026-08-31T08:40:00.000Z,SYNTH_CELL_C,110,-107.2
2026-08-31T08:40:00.000Z,SYNTH_CELL_C,111,-112.73
2026-08-31T08:40:00.000Z,SYNTH_CELL_C,112,-111.15
2026-08-31T08:40:00.000Z,SYNTH_CELL_C,113,-111.51
2026-08-31T08:40:00.000Z,SYNTH_CELL_C,114,-110.68
2026-08-31T08:40:00.000Z,SYNTH_CELL_C,115,-113.04
2026-08-31T08:40:00.000Z,SYNTH_CELL_C,116,-108.37
2026-08-31T08:40:00.000Z,SYNTH_CELL_C,117,-109.16
2026-08-31T08:40:00.000Z,SYNTH_CELL_C,118,-111.21
2026-08-31T08:40:00.000Z,SYNTH_CELL_C,119,-107.71
2026-08-31T08:40:00.000Z,SYNTH_CELL_C,120,-110.84
2026-08-31T08:40:00.000Z,SYNTH_CELL_C,121,-110.33
2026-08-31T08:40:00.000Z,SYNTH_CELL_C,122,-112.61
2026-08-31T08:40:00.000Z,SYNTH_CELL_C,123,-111.38
2026-08-31T08:40:00.000Z,SYNTH_CELL_C,124,-108.76
2026-08-31T08:40:00.000Z,SYNTH_CELL_C,125,-110.74
2026-08-31T08:40:00.000Z,SYNTH_CELL_C,126,-107.54
2026-08-31T08:40:00.000Z,SYNTH_CELL_C,127,-112.74
2026-08-31T08:40:00.000Z,SYNTH_CELL_C,128,-113.36
2026-08-31T08:40:00.000Z,SYNTH_CELL_C,129,-110.96
2026-08-31T08:40:00.000Z,SYNTH_CELL_C,130,-113.87
2026-08-31T08:40:00.000Z,SYNTH_CELL_C,131,-108.23
2026-08-31T08:40:00.000Z,SYNTH_CELL_C,132,-109.05
2026-08-31T08:40:00.000Z,SYNTH_CELL_C,133,-108.52
2026-08-31T08:40:00.000Z,SYNTH_CELL_C,134,-112.25
2026-08-31T08:40:00.000Z,SYNTH_CELL_C,135,-108.93
2026-08-31T08:40:00.000Z,SYNTH_CELL_C,136,-109.15
2026-08-31T08:40:00.000Z,SYNTH_CELL_C,137,-112.73
2026-08-31T08:40:00.000Z,SYNTH_CELL_C,138,-107.77
2026-08-31T08:40:00.000Z,SYNTH_CELL_C,139,-107.41
2026-08-31T08:40:00.000Z,SYNTH_CELL_C,140,-111.31
2026-08-31T08:40:00.000Z,SYNTH_CELL_C,141,-112.86
2026-08-31T08:40:00.000Z,SYNTH_CELL_C,142,-111.98
2026-08-31T08:40:00.000Z,SYNTH_CELL_C,143,-110.57
2026-08-31T08:40:00.000Z,SYNTH_CELL_C,144,-112.81
2026-08-31T08:40:00.000Z,SYNTH_CELL_C,145,-112.86
2026-08-31T08:40:00.000Z,SYNTH_CELL_C,146,-107.26
2026-08-31T08:40:00.000Z,SYNTH_CELL_C,147,-113.28
2026-08-31T08:40:00.000Z,SYNTH_CELL_C,148,-107.9
2026-08-31T08:40:00.000Z,SYNTH_CELL_C,149,-107.02
2026-08-31T08:40:00.000Z,SYNTH_CELL_C,150,-111.92
2026-08-31T08:40:00.000Z,SYNTH_CELL_C,151,-111.44
2026-08-31T08:40:00.000Z,SYNTH_CELL_C,152,-108.54
2026-08-31T08:40:00.000Z,SYNTH_CELL_C,153,-109.63
2026-08-31T08:40:00.000Z,SYNTH_CELL_C,154,-107.41
2026-08-31T08:40:00.000Z,SYNTH_CELL_C,155,-113.13
2026-08-31T08:40:00.000Z,SYNTH_CELL_C,156,-110.84
2026-08-31T08:40:00.000Z,SYNTH_CELL_C,157,-112.71
2026-08-31T08:40:00.000Z,SYNTH_CELL_C,158,-107.02
2026-08-31T08:40:00.000Z,SYNTH_CELL_C,159,-113.25
2026-08-31T08:40:00.000Z,SYNTH_CELL_C,160,-112.05
2026-08-31T08:40:00.000Z,SYNTH_CELL_C,161,-112.66
2026-08-31T08:40:00.000Z,SYNTH_CELL_C,162,-113.94
2026-08-31T08:40:00.000Z,SYNTH_CELL_C,163,-109.01
2026-08-31T08:40:00.000Z,SYNTH_CELL_C,164,-107.52
2026-08-31T08:40:00.000Z,SYNTH_CELL_C,165,-107.63
2026-08-31T08:40:00.000Z,SYNTH_CELL_C,166,-108.23
2026-08-31T08:40:00.000Z,SYNTH_CELL_C,167,-107.4
2026-08-31T08:40:00.000Z,SYNTH_CELL_C,168,-109.81
2026-08-31T08:40:00.000Z,SYNTH_CELL_C,169,-108.03
2026-08-31T08:40:00.000Z,SYNTH_CELL_C,170,-111.96
2026-08-31T08:40:00.000Z,SYNTH_CELL_C,171,-110.57
2026-08-31T08:40:00.000Z,SYNTH_CELL_C,172,-112.8
2026-08-31T08:40:00.000Z,SYNTH_CELL_C,173,-110.83
2026-08-31T08:40:00.000Z,SYNTH_CELL_C,174,-108.39
2026-08-31T08:40:00.000Z,SYNTH_CELL_C,175,-107.05
2026-08-31T08:40:00.000Z,SYNTH_CELL_C,176,-113.05
2026-08-31T08:40:00.000Z,SYNTH_CELL_C,177,-107.53
2026-08-31T08:40:00.000Z,SYNTH_CELL_C,178,-109.66
2026-08-31T08:40:00.000Z,SYNTH_CELL_C,179,-110.39
2026-08-31T08:40:00.000Z,SYNTH_CELL_C,180,-111.89
2026-08-31T08:40:00.000Z,SYNTH_CELL_C,181,-111.4
2026-08-31T08:40:00.000Z,SYNTH_CELL_C,182,-107.33
2026-08-31T08:40:00.000Z,SYNTH_CELL_C,183,-111.83
2026-08-31T08:40:00.000Z,SYNTH_CELL_C,184,-112.62
2026-08-31T08:40:00.000Z,SYNTH_CELL_C,185,-112.4
2026-08-31T08:40:00.000Z,SYNTH_CELL_C,186,-109.43
2026-08-31T08:40:00.000Z,SYNTH_CELL_C,187,-107.26
2026-08-31T08:40:00.000Z,SYNTH_CELL_C,188,-93.5
2026-08-31T08:40:00.000Z,SYNTH_CELL_C,189,-113.04
2026-08-31T08:40:00.000Z,SYNTH_CELL_C,190,-110.59
2026-08-31T08:40:00.000Z,SYNTH_CELL_C,191,-113.91
2026-08-31T08:40:00.000Z,SYNTH_CELL_C,192,-111.35
2026-08-31T08:40:00.000Z,SYNTH_CELL_C,193,-111.64
2026-08-31T08:40:00.000Z,SYNTH_CELL_C,194,-108.24
2026-08-31T08:40:00.000Z,SYNTH_CELL_C,195,-112.8
2026-08-31T08:40:00.000Z,SYNTH_CELL_C,196,-109.43
2026-08-31T08:40:00.000Z,SYNTH_CELL_C,197,-108.82
2026-08-31T08:40:00.000Z,SYNTH_CELL_C,198,-109.6
2026-08-31T08:40:00.000Z,SYNTH_CELL_C,199,-112.18
2026-08-31T08:40:00.000Z,SYNTH_CELL_C,200,-109.83
2026-08-31T08:40:00.000Z,SYNTH_CELL_C,201,-108.52
2026-08-31T08:40:00.000Z,SYNTH_CELL_C,202,-109.44
2026-08-31T08:40:00.000Z,SYNTH_CELL_C,203,-113.82
2026-08-31T08:40:00.000Z,SYNTH_CELL_C,204,-111.9
2026-08-31T08:40:00.000Z,SYNTH_CELL_C,205,-112.47
2026-08-31T08:40:00.000Z,SYNTH_CELL_C,206,-109.68
2026-08-31T08:40:00.000Z,SYNTH_CELL_C,207,-107.4
2026-08-31T08:40:00.000Z,SYNTH_CELL_C,208,-111.17
2026-08-31T08:40:00.000Z,SYNTH_CELL_C,209,-107.14
2026-08-31T08:40:00.000Z,SYNTH_CELL_C,210,-111.67
2026-08-31T08:40:00.000Z,SYNTH_CELL_C,211,-112.84
2026-08-31T08:40:00.000Z,SYNTH_CELL_C,212,-113.35
2026-08-31T08:40:00.000Z,SYNTH_CELL_C,213,-112.26
2026-08-31T08:40:00.000Z,SYNTH_CELL_C,214,-110.28
2026-08-31T08:40:00.000Z,SYNTH_CELL_C,215,-108.7
2026-08-31T08:40:00.000Z,SYNTH_CELL_C,216,-108.55
2026-08-31T08:40:00.000Z,SYNTH_CELL_C,217,-107.87
2026-08-31T08:40:00.000Z,SYNTH_CELL_C,218,-111.45
2026-08-31T08:40:00.000Z,SYNTH_CELL_C,219,-111.73
2026-08-31T08:40:00.000Z,SYNTH_CELL_C,220,-111.62
2026-08-31T08:40:00.000Z,SYNTH_CELL_C,221,-112.19
2026-08-31T08:40:00.000Z,SYNTH_CELL_C,222,-111.4
2026-08-31T08:40:00.000Z,SYNTH_CELL_C,223,-112.8
2026-08-31T08:40:00.000Z,SYNTH_CELL_C,224,-108.21
2026-08-31T08:40:00.000Z,SYNTH_CELL_C,225,-108.34
2026-08-31T08:40:00.000Z,SYNTH_CELL_C,226,-107.95
2026-08-31T08:40:00.000Z,SYNTH_CELL_C,227,-113.32
2026-08-31T08:40:00.000Z,SYNTH_CELL_C,228,-110.58
2026-08-31T08:40:00.000Z,SYNTH_CELL_C,229,-113.43
2026-08-31T08:40:00.000Z,SYNTH_CELL_C,230,-109.7
2026-08-31T08:40:00.000Z,SYNTH_CELL_C,231,-107.82
2026-08-31T08:40:00.000Z,SYNTH_CELL_C,232,-113.33
2026-08-31T08:40:00.000Z,SYNTH_CELL_C,233,-109.38
2026-08-31T08:40:00.000Z,SYNTH_CELL_C,234,-108.64
2026-08-31T08:40:00.000Z,SYNTH_CELL_C,235,-109.89
2026-08-31T08:40:00.000Z,SYNTH_CELL_C,236,-110.88
2026-08-31T08:40:00.000Z,SYNTH_CELL_C,237,-108.07
2026-08-31T08:40:00.000Z,SYNTH_CELL_C,238,-107.39
2026-08-31T08:40:00.000Z,SYNTH_CELL_C,239,-109.5
2026-08-31T08:40:00.000Z,SYNTH_CELL_C,240,-113.66
2026-08-31T08:40:00.000Z,SYNTH_CELL_C,241,-112.58
2026-08-31T08:40:00.000Z,SYNTH_CELL_C,242,-110.5
2026-08-31T08:40:00.000Z,SYNTH_CELL_C,243,-108.21
2026-08-31T08:40:00.000Z,SYNTH_CELL_C,244,-107.36
2026-08-31T08:40:00.000Z,SYNTH_CELL_C,245,-107.52
2026-08-31T08:40:00.000Z,SYNTH_CELL_C,246,-107.63
2026-08-31T08:40:00.000Z,SYNTH_CELL_C,247,-113.47
2026-08-31T08:40:00.000Z,SYNTH_CELL_C,248,-109.13
2026-08-31T08:40:00.000Z,SYNTH_CELL_C,249,-113.34
2026-08-31T08:40:00.000Z,SYNTH_CELL_C,250,-111.62
2026-08-31T08:40:00.000Z,SYNTH_CELL_C,251,-113.16
2026-08-31T08:40:00.000Z,SYNTH_CELL_C,252,-110.45
2026-08-31T08:40:00.000Z,SYNTH_CELL_C,253,-109.05
2026-08-31T08:40:00.000Z,SYNTH_CELL_C,254,-111.2
2026-08-31T08:40:00.000Z,SYNTH_CELL_C,255,-107.51
2026-08-31T08:40:00.000Z,SYNTH_CELL_C,256,-109.5
2026-08-31T08:40:00.000Z,SYNTH_CELL_C,257,-110.6
2026-08-31T08:40:00.000Z,SYNTH_CELL_C,258,-112.82
2026-08-31T08:40:00.000Z,SYNTH_CELL_C,259,-108.08
2026-08-31T08:40:00.000Z,SYNTH_CELL_C,260,-113.39
2026-08-31T08:40:00.000Z,SYNTH_CELL_C,261,-111.5
2026-08-31T08:40:00.000Z,SYNTH_CELL_C,262,-110.13
2026-08-31T08:40:00.000Z,SYNTH_CELL_C,263,-111.21
2026-08-31T08:40:00.000Z,SYNTH_CELL_C,264,-109.67
2026-08-31T08:40:00.000Z,SYNTH_CELL_C,265,-110.34
2026-08-31T08:40:00.000Z,SYNTH_CELL_C,266,-113.38
2026-08-31T08:40:00.000Z,SYNTH_CELL_C,267,-109.77
2026-08-31T08:40:00.000Z,SYNTH_CELL_C,268,-91.43
2026-08-31T08:40:00.000Z,SYNTH_CELL_C,269,-113.98
2026-08-31T08:40:00.000Z,SYNTH_CELL_C,270,-111.94
2026-08-31T08:40:00.000Z,SYNTH_CELL_C,271,-108.98
2026-08-31T08:40:00.000Z,SYNTH_CELL_C,272,-107.05
2026-08-31T08:45:00.000Z,SYNTH_CELL_C,0,-110.73
2026-08-31T08:45:00.000Z,SYNTH_CELL_C,1,-111.36
2026-08-31T08:45:00.000Z,SYNTH_CELL_C,2,-112.19
2026-08-31T08:45:00.000Z,SYNTH_CELL_C,3,-111.23
2026-08-31T08:45:00.000Z,SYNTH_CELL_C,4,-108.65
2026-08-31T08:45:00.000Z,SYNTH_CELL_C,5,-112.02
2026-08-31T08:45:00.000Z,SYNTH_CELL_C,6,-111.77
2026-08-31T08:45:00.000Z,SYNTH_CELL_C,7,-109.09
2026-08-31T08:45:00.000Z,SYNTH_CELL_C,8,-92.15
2026-08-31T08:45:00.000Z,SYNTH_CELL_C,9,-111.9
2026-08-31T08:45:00.000Z,SYNTH_CELL_C,10,-107.23
2026-08-31T08:45:00.000Z,SYNTH_CELL_C,11,-109.14
2026-08-31T08:45:00.000Z,SYNTH_CELL_C,12,-108.15
2026-08-31T08:45:00.000Z,SYNTH_CELL_C,13,-110.93
2026-08-31T08:45:00.000Z,SYNTH_CELL_C,14,-111.44
2026-08-31T08:45:00.000Z,SYNTH_CELL_C,15,-107.14
2026-08-31T08:45:00.000Z,SYNTH_CELL_C,16,-112.72
2026-08-31T08:45:00.000Z,SYNTH_CELL_C,17,-109.81
2026-08-31T08:45:00.000Z,SYNTH_CELL_C,18,-113.21
2026-08-31T08:45:00.000Z,SYNTH_CELL_C,19,-111.57
2026-08-31T08:45:00.000Z,SYNTH_CELL_C,20,-112.23
2026-08-31T08:45:00.000Z,SYNTH_CELL_C,21,-107.3
2026-08-31T08:45:00.000Z,SYNTH_CELL_C,22,-113.6
2026-08-31T08:45:00.000Z,SYNTH_CELL_C,23,-108.68
2026-08-31T08:45:00.000Z,SYNTH_CELL_C,24,-110.9
2026-08-31T08:45:00.000Z,SYNTH_CELL_C,25,-110.02
2026-08-31T08:45:00.000Z,SYNTH_CELL_C,26,-107.78
2026-08-31T08:45:00.000Z,SYNTH_CELL_C,27,-109.94
2026-08-31T08:45:00.000Z,SYNTH_CELL_C,28,-110.09
2026-08-31T08:45:00.000Z,SYNTH_CELL_C,29,-112.34
2026-08-31T08:45:00.000Z,SYNTH_CELL_C,30,-111
2026-08-31T08:45:00.000Z,SYNTH_CELL_C,31,-113.23
2026-08-31T08:45:00.000Z,SYNTH_CELL_C,32,-111.05
2026-08-31T08:45:00.000Z,SYNTH_CELL_C,33,-108.75
2026-08-31T08:45:00.000Z,SYNTH_CELL_C,34,-110.16
2026-08-31T08:45:00.000Z,SYNTH_CELL_C,35,-110.17
2026-08-31T08:45:00.000Z,SYNTH_CELL_C,36,-113.6
2026-08-31T08:45:00.000Z,SYNTH_CELL_C,37,-109.96
2026-08-31T08:45:00.000Z,SYNTH_CELL_C,38,-109.9
2026-08-31T08:45:00.000Z,SYNTH_CELL_C,39,-110.87
2026-08-31T08:45:00.000Z,SYNTH_CELL_C,40,-111.77
2026-08-31T08:45:00.000Z,SYNTH_CELL_C,41,-113.03
2026-08-31T08:45:00.000Z,SYNTH_CELL_C,42,-112.94
2026-08-31T08:45:00.000Z,SYNTH_CELL_C,43,-108.11
2026-08-31T08:45:00.000Z,SYNTH_CELL_C,44,-108.04
2026-08-31T08:45:00.000Z,SYNTH_CELL_C,45,-108.45
2026-08-31T08:45:00.000Z,SYNTH_CELL_C,46,-112.48
2026-08-31T08:45:00.000Z,SYNTH_CELL_C,47,-113.21
2026-08-31T08:45:00.000Z,SYNTH_CELL_C,48,-112.27
2026-08-31T08:45:00.000Z,SYNTH_CELL_C,49,-109.49
2026-08-31T08:45:00.000Z,SYNTH_CELL_C,50,-111.9
2026-08-31T08:45:00.000Z,SYNTH_CELL_C,51,-108.47
2026-08-31T08:45:00.000Z,SYNTH_CELL_C,52,-112.23
2026-08-31T08:45:00.000Z,SYNTH_CELL_C,53,-111.53
2026-08-31T08:45:00.000Z,SYNTH_CELL_C,54,-109.39
2026-08-31T08:45:00.000Z,SYNTH_CELL_C,55,-111.29
2026-08-31T08:45:00.000Z,SYNTH_CELL_C,56,-107.74
2026-08-31T08:45:00.000Z,SYNTH_CELL_C,57,-113.69
2026-08-31T08:45:00.000Z,SYNTH_CELL_C,58,-111.8
2026-08-31T08:45:00.000Z,SYNTH_CELL_C,59,-110.95
2026-08-31T08:45:00.000Z,SYNTH_CELL_C,60,-111.35
2026-08-31T08:45:00.000Z,SYNTH_CELL_C,61,-110.57
2026-08-31T08:45:00.000Z,SYNTH_CELL_C,62,-108.42
2026-08-31T08:45:00.000Z,SYNTH_CELL_C,63,-108.17
2026-08-31T08:45:00.000Z,SYNTH_CELL_C,64,-109.51
2026-08-31T08:45:00.000Z,SYNTH_CELL_C,65,-109.35
2026-08-31T08:45:00.000Z,SYNTH_CELL_C,66,-110.73
2026-08-31T08:45:00.000Z,SYNTH_CELL_C,67,-109.46
2026-08-31T08:45:00.000Z,SYNTH_CELL_C,68,-111.11
2026-08-31T08:45:00.000Z,SYNTH_CELL_C,69,-108.27
2026-08-31T08:45:00.000Z,SYNTH_CELL_C,70,-111.91
2026-08-31T08:45:00.000Z,SYNTH_CELL_C,71,-110.61
2026-08-31T08:45:00.000Z,SYNTH_CELL_C,72,-109.08
2026-08-31T08:45:00.000Z,SYNTH_CELL_C,73,-112.9
2026-08-31T08:45:00.000Z,SYNTH_CELL_C,74,-113.74
2026-08-31T08:45:00.000Z,SYNTH_CELL_C,75,-110.56
2026-08-31T08:45:00.000Z,SYNTH_CELL_C,76,-109.8
2026-08-31T08:45:00.000Z,SYNTH_CELL_C,77,-112.44
2026-08-31T08:45:00.000Z,SYNTH_CELL_C,78,-109.61
2026-08-31T08:45:00.000Z,SYNTH_CELL_C,79,-113.04
2026-08-31T08:45:00.000Z,SYNTH_CELL_C,80,-111.77
2026-08-31T08:45:00.000Z,SYNTH_CELL_C,81,-113.69
2026-08-31T08:45:00.000Z,SYNTH_CELL_C,82,-107.98
2026-08-31T08:45:00.000Z,SYNTH_CELL_C,83,-108.68
2026-08-31T08:45:00.000Z,SYNTH_CELL_C,84,-111
2026-08-31T08:45:00.000Z,SYNTH_CELL_C,85,-113.18
2026-08-31T08:45:00.000Z,SYNTH_CELL_C,86,-112.72
2026-08-31T08:45:00.000Z,SYNTH_CELL_C,87,-107.21
2026-08-31T08:45:00.000Z,SYNTH_CELL_C,88,-92.28
2026-08-31T08:45:00.000Z,SYNTH_CELL_C,89,-112.39
2026-08-31T08:45:00.000Z,SYNTH_CELL_C,90,-109.36
2026-08-31T08:45:00.000Z,SYNTH_CELL_C,91,-107.69
2026-08-31T08:45:00.000Z,SYNTH_CELL_C,92,-111.44
2026-08-31T08:45:00.000Z,SYNTH_CELL_C,93,-113.03
2026-08-31T08:45:00.000Z,SYNTH_CELL_C,94,-113.31
2026-08-31T08:45:00.000Z,SYNTH_CELL_C,95,-111.82
2026-08-31T08:45:00.000Z,SYNTH_CELL_C,96,-111.51
2026-08-31T08:45:00.000Z,SYNTH_CELL_C,97,-113.42
2026-08-31T08:45:00.000Z,SYNTH_CELL_C,98,-111.95
2026-08-31T08:45:00.000Z,SYNTH_CELL_C,99,-110.49
2026-08-31T08:45:00.000Z,SYNTH_CELL_C,100,-109.55
2026-08-31T08:45:00.000Z,SYNTH_CELL_C,101,-113.3
2026-08-31T08:45:00.000Z,SYNTH_CELL_C,102,-110.03
2026-08-31T08:45:00.000Z,SYNTH_CELL_C,103,-113.96
2026-08-31T08:45:00.000Z,SYNTH_CELL_C,104,-109.68
2026-08-31T08:45:00.000Z,SYNTH_CELL_C,105,-113.57
2026-08-31T08:45:00.000Z,SYNTH_CELL_C,106,-110.27
2026-08-31T08:45:00.000Z,SYNTH_CELL_C,107,-107.28
2026-08-31T08:45:00.000Z,SYNTH_CELL_C,108,-112.92
2026-08-31T08:45:00.000Z,SYNTH_CELL_C,109,-111.39
2026-08-31T08:45:00.000Z,SYNTH_CELL_C,110,-112.17
2026-08-31T08:45:00.000Z,SYNTH_CELL_C,111,-113.32
2026-08-31T08:45:00.000Z,SYNTH_CELL_C,112,-110.94
2026-08-31T08:45:00.000Z,SYNTH_CELL_C,113,-112.52
2026-08-31T08:45:00.000Z,SYNTH_CELL_C,114,-107.62
2026-08-31T08:45:00.000Z,SYNTH_CELL_C,115,-112.47
2026-08-31T08:45:00.000Z,SYNTH_CELL_C,116,-111.19
2026-08-31T08:45:00.000Z,SYNTH_CELL_C,117,-112.5
2026-08-31T08:45:00.000Z,SYNTH_CELL_C,118,-107.28
2026-08-31T08:45:00.000Z,SYNTH_CELL_C,119,-113.69
2026-08-31T08:45:00.000Z,SYNTH_CELL_C,120,-108.38
2026-08-31T08:45:00.000Z,SYNTH_CELL_C,121,-110.72
2026-08-31T08:45:00.000Z,SYNTH_CELL_C,122,-112.91
2026-08-31T08:45:00.000Z,SYNTH_CELL_C,123,-111.74
2026-08-31T08:45:00.000Z,SYNTH_CELL_C,124,-113.44
2026-08-31T08:45:00.000Z,SYNTH_CELL_C,125,-109.23
2026-08-31T08:45:00.000Z,SYNTH_CELL_C,126,-111.76
2026-08-31T08:45:00.000Z,SYNTH_CELL_C,127,-113.83
2026-08-31T08:45:00.000Z,SYNTH_CELL_C,128,-113.03
2026-08-31T08:45:00.000Z,SYNTH_CELL_C,129,-111.29
2026-08-31T08:45:00.000Z,SYNTH_CELL_C,130,-112.88
2026-08-31T08:45:00.000Z,SYNTH_CELL_C,131,-110.36
2026-08-31T08:45:00.000Z,SYNTH_CELL_C,132,-112.47
2026-08-31T08:45:00.000Z,SYNTH_CELL_C,133,-113.69
2026-08-31T08:45:00.000Z,SYNTH_CELL_C,134,-112.54
2026-08-31T08:45:00.000Z,SYNTH_CELL_C,135,-109.93
2026-08-31T08:45:00.000Z,SYNTH_CELL_C,136,-107.35
2026-08-31T08:45:00.000Z,SYNTH_CELL_C,137,-107.65
2026-08-31T08:45:00.000Z,SYNTH_CELL_C,138,-113.67
2026-08-31T08:45:00.000Z,SYNTH_CELL_C,139,-113.51
2026-08-31T08:45:00.000Z,SYNTH_CELL_C,140,-108.64
2026-08-31T08:45:00.000Z,SYNTH_CELL_C,141,-110.39
2026-08-31T08:45:00.000Z,SYNTH_CELL_C,142,-107.56
2026-08-31T08:45:00.000Z,SYNTH_CELL_C,143,-112.61
2026-08-31T08:45:00.000Z,SYNTH_CELL_C,144,-108.69
2026-08-31T08:45:00.000Z,SYNTH_CELL_C,145,-109.2
2026-08-31T08:45:00.000Z,SYNTH_CELL_C,146,-107.85
2026-08-31T08:45:00.000Z,SYNTH_CELL_C,147,-112.29
2026-08-31T08:45:00.000Z,SYNTH_CELL_C,148,-113.08
2026-08-31T08:45:00.000Z,SYNTH_CELL_C,149,-107.55
2026-08-31T08:45:00.000Z,SYNTH_CELL_C,150,-110.13
2026-08-31T08:45:00.000Z,SYNTH_CELL_C,151,-109.73
2026-08-31T08:45:00.000Z,SYNTH_CELL_C,152,-111.87
2026-08-31T08:45:00.000Z,SYNTH_CELL_C,153,-113.24
2026-08-31T08:45:00.000Z,SYNTH_CELL_C,154,-109.65
2026-08-31T08:45:00.000Z,SYNTH_CELL_C,155,-112.9
2026-08-31T08:45:00.000Z,SYNTH_CELL_C,156,-108.53
2026-08-31T08:45:00.000Z,SYNTH_CELL_C,157,-110.73
2026-08-31T08:45:00.000Z,SYNTH_CELL_C,158,-113.47
2026-08-31T08:45:00.000Z,SYNTH_CELL_C,159,-108.81
2026-08-31T08:45:00.000Z,SYNTH_CELL_C,160,-108.33
2026-08-31T08:45:00.000Z,SYNTH_CELL_C,161,-109.31
2026-08-31T08:45:00.000Z,SYNTH_CELL_C,162,-111.9
2026-08-31T08:45:00.000Z,SYNTH_CELL_C,163,-107.54
2026-08-31T08:45:00.000Z,SYNTH_CELL_C,164,-107.73
2026-08-31T08:45:00.000Z,SYNTH_CELL_C,165,-113.12
2026-08-31T08:45:00.000Z,SYNTH_CELL_C,166,-113.93
2026-08-31T08:45:00.000Z,SYNTH_CELL_C,167,-108.29
2026-08-31T08:45:00.000Z,SYNTH_CELL_C,168,-112.86
2026-08-31T08:45:00.000Z,SYNTH_CELL_C,169,-111.2
2026-08-31T08:45:00.000Z,SYNTH_CELL_C,170,-113.72
2026-08-31T08:45:00.000Z,SYNTH_CELL_C,171,-113.42
2026-08-31T08:45:00.000Z,SYNTH_CELL_C,172,-110.07
2026-08-31T08:45:00.000Z,SYNTH_CELL_C,173,-108.41
2026-08-31T08:45:00.000Z,SYNTH_CELL_C,174,-107.24
2026-08-31T08:45:00.000Z,SYNTH_CELL_C,175,-113.18
2026-08-31T08:45:00.000Z,SYNTH_CELL_C,176,-107.74
2026-08-31T08:45:00.000Z,SYNTH_CELL_C,177,-112.94
2026-08-31T08:45:00.000Z,SYNTH_CELL_C,178,-110.44
2026-08-31T08:45:00.000Z,SYNTH_CELL_C,179,-110.88
2026-08-31T08:45:00.000Z,SYNTH_CELL_C,180,-109.87
2026-08-31T08:45:00.000Z,SYNTH_CELL_C,181,-108
2026-08-31T08:45:00.000Z,SYNTH_CELL_C,182,-109.29
2026-08-31T08:45:00.000Z,SYNTH_CELL_C,183,-111
2026-08-31T08:45:00.000Z,SYNTH_CELL_C,184,-112.81
2026-08-31T08:45:00.000Z,SYNTH_CELL_C,185,-112.2
2026-08-31T08:45:00.000Z,SYNTH_CELL_C,186,-110.41
2026-08-31T08:45:00.000Z,SYNTH_CELL_C,187,-111.59
2026-08-31T08:45:00.000Z,SYNTH_CELL_C,188,-91.89
2026-08-31T08:45:00.000Z,SYNTH_CELL_C,189,-110.81
2026-08-31T08:45:00.000Z,SYNTH_CELL_C,190,-110.89
2026-08-31T08:45:00.000Z,SYNTH_CELL_C,191,-107.26
2026-08-31T08:45:00.000Z,SYNTH_CELL_C,192,-111.69
2026-08-31T08:45:00.000Z,SYNTH_CELL_C,193,-109.2
2026-08-31T08:45:00.000Z,SYNTH_CELL_C,194,-107.21
2026-08-31T08:45:00.000Z,SYNTH_CELL_C,195,-108.87
2026-08-31T08:45:00.000Z,SYNTH_CELL_C,196,-112.79
2026-08-31T08:45:00.000Z,SYNTH_CELL_C,197,-111.62
2026-08-31T08:45:00.000Z,SYNTH_CELL_C,198,-109.08
2026-08-31T08:45:00.000Z,SYNTH_CELL_C,199,-109.06
2026-08-31T08:45:00.000Z,SYNTH_CELL_C,200,-110.91
2026-08-31T08:45:00.000Z,SYNTH_CELL_C,201,-108.23
2026-08-31T08:45:00.000Z,SYNTH_CELL_C,202,-110.12
2026-08-31T08:45:00.000Z,SYNTH_CELL_C,203,-111.68
2026-08-31T08:45:00.000Z,SYNTH_CELL_C,204,-109.47
2026-08-31T08:45:00.000Z,SYNTH_CELL_C,205,-111.63
2026-08-31T08:45:00.000Z,SYNTH_CELL_C,206,-107.5
2026-08-31T08:45:00.000Z,SYNTH_CELL_C,207,-112.03
2026-08-31T08:45:00.000Z,SYNTH_CELL_C,208,-111.49
2026-08-31T08:45:00.000Z,SYNTH_CELL_C,209,-108.65
2026-08-31T08:45:00.000Z,SYNTH_CELL_C,210,-108.38
2026-08-31T08:45:00.000Z,SYNTH_CELL_C,211,-111.08
2026-08-31T08:45:00.000Z,SYNTH_CELL_C,212,-112.8
2026-08-31T08:45:00.000Z,SYNTH_CELL_C,213,-108.71
2026-08-31T08:45:00.000Z,SYNTH_CELL_C,214,-110.11
2026-08-31T08:45:00.000Z,SYNTH_CELL_C,215,-113.64
2026-08-31T08:45:00.000Z,SYNTH_CELL_C,216,-111.53
2026-08-31T08:45:00.000Z,SYNTH_CELL_C,217,-112.56
2026-08-31T08:45:00.000Z,SYNTH_CELL_C,218,-111.26
2026-08-31T08:45:00.000Z,SYNTH_CELL_C,219,-109.55
2026-08-31T08:45:00.000Z,SYNTH_CELL_C,220,-113.77
2026-08-31T08:45:00.000Z,SYNTH_CELL_C,221,-112.78
2026-08-31T08:45:00.000Z,SYNTH_CELL_C,222,-112.07
2026-08-31T08:45:00.000Z,SYNTH_CELL_C,223,-107.2
2026-08-31T08:45:00.000Z,SYNTH_CELL_C,224,-108.11
2026-08-31T08:45:00.000Z,SYNTH_CELL_C,225,-111.09
2026-08-31T08:45:00.000Z,SYNTH_CELL_C,226,-112.28
2026-08-31T08:45:00.000Z,SYNTH_CELL_C,227,-113.54
2026-08-31T08:45:00.000Z,SYNTH_CELL_C,228,-107.88
2026-08-31T08:45:00.000Z,SYNTH_CELL_C,229,-109.9
2026-08-31T08:45:00.000Z,SYNTH_CELL_C,230,-113.85
2026-08-31T08:45:00.000Z,SYNTH_CELL_C,231,-109.04
2026-08-31T08:45:00.000Z,SYNTH_CELL_C,232,-107.44
2026-08-31T08:45:00.000Z,SYNTH_CELL_C,233,-112.61
2026-08-31T08:45:00.000Z,SYNTH_CELL_C,234,-108.07
2026-08-31T08:45:00.000Z,SYNTH_CELL_C,235,-108.15
2026-08-31T08:45:00.000Z,SYNTH_CELL_C,236,-107.23
2026-08-31T08:45:00.000Z,SYNTH_CELL_C,237,-111.15
2026-08-31T08:45:00.000Z,SYNTH_CELL_C,238,-110.48
2026-08-31T08:45:00.000Z,SYNTH_CELL_C,239,-108.96
2026-08-31T08:45:00.000Z,SYNTH_CELL_C,240,-109.58
2026-08-31T08:45:00.000Z,SYNTH_CELL_C,241,-109.68
2026-08-31T08:45:00.000Z,SYNTH_CELL_C,242,-110.64
2026-08-31T08:45:00.000Z,SYNTH_CELL_C,243,-113.88
2026-08-31T08:45:00.000Z,SYNTH_CELL_C,244,-113.49
2026-08-31T08:45:00.000Z,SYNTH_CELL_C,245,-107.28
2026-08-31T08:45:00.000Z,SYNTH_CELL_C,246,-111.98
2026-08-31T08:45:00.000Z,SYNTH_CELL_C,247,-109.32
2026-08-31T08:45:00.000Z,SYNTH_CELL_C,248,-108.48
2026-08-31T08:45:00.000Z,SYNTH_CELL_C,249,-109.68
2026-08-31T08:45:00.000Z,SYNTH_CELL_C,250,-107.44
2026-08-31T08:45:00.000Z,SYNTH_CELL_C,251,-109.64
2026-08-31T08:45:00.000Z,SYNTH_CELL_C,252,-108.98
2026-08-31T08:45:00.000Z,SYNTH_CELL_C,253,-107.46
2026-08-31T08:45:00.000Z,SYNTH_CELL_C,254,-109.67
2026-08-31T08:45:00.000Z,SYNTH_CELL_C,255,-111.6
2026-08-31T08:45:00.000Z,SYNTH_CELL_C,256,-110.22
2026-08-31T08:45:00.000Z,SYNTH_CELL_C,257,-111.92
2026-08-31T08:45:00.000Z,SYNTH_CELL_C,258,-109.41
2026-08-31T08:45:00.000Z,SYNTH_CELL_C,259,-113.82
2026-08-31T08:45:00.000Z,SYNTH_CELL_C,260,-111.92
2026-08-31T08:45:00.000Z,SYNTH_CELL_C,261,-109.26
2026-08-31T08:45:00.000Z,SYNTH_CELL_C,262,-108.36
2026-08-31T08:45:00.000Z,SYNTH_CELL_C,263,-110.84
2026-08-31T08:45:00.000Z,SYNTH_CELL_C,264,-111.21
2026-08-31T08:45:00.000Z,SYNTH_CELL_C,265,-108.72
2026-08-31T08:45:00.000Z,SYNTH_CELL_C,266,-113.91
2026-08-31T08:45:00.000Z,SYNTH_CELL_C,267,-111.58
2026-08-31T08:45:00.000Z,SYNTH_CELL_C,268,-92.96
2026-08-31T08:45:00.000Z,SYNTH_CELL_C,269,-110.49
2026-08-31T08:45:00.000Z,SYNTH_CELL_C,270,-108.97
2026-08-31T08:45:00.000Z,SYNTH_CELL_C,271,-112.85
2026-08-31T08:45:00.000Z,SYNTH_CELL_C,272,-107.84
2026-08-31T08:50:00.000Z,SYNTH_CELL_C,0,-110.15
2026-08-31T08:50:00.000Z,SYNTH_CELL_C,1,-113.44
2026-08-31T08:50:00.000Z,SYNTH_CELL_C,2,-107.86
2026-08-31T08:50:00.000Z,SYNTH_CELL_C,3,-111.2
2026-08-31T08:50:00.000Z,SYNTH_CELL_C,4,-113
2026-08-31T08:50:00.000Z,SYNTH_CELL_C,5,-110.06
2026-08-31T08:50:00.000Z,SYNTH_CELL_C,6,-111.99
2026-08-31T08:50:00.000Z,SYNTH_CELL_C,7,-109.62
2026-08-31T08:50:00.000Z,SYNTH_CELL_C,8,-92.21
2026-08-31T08:50:00.000Z,SYNTH_CELL_C,9,-109.57
2026-08-31T08:50:00.000Z,SYNTH_CELL_C,10,-113.84
2026-08-31T08:50:00.000Z,SYNTH_CELL_C,11,-109.9
2026-08-31T08:50:00.000Z,SYNTH_CELL_C,12,-109.69
2026-08-31T08:50:00.000Z,SYNTH_CELL_C,13,-111.06
2026-08-31T08:50:00.000Z,SYNTH_CELL_C,14,-112.96
2026-08-31T08:50:00.000Z,SYNTH_CELL_C,15,-107.33
2026-08-31T08:50:00.000Z,SYNTH_CELL_C,16,-107.79
2026-08-31T08:50:00.000Z,SYNTH_CELL_C,17,-108.23
2026-08-31T08:50:00.000Z,SYNTH_CELL_C,18,-111.86
2026-08-31T08:50:00.000Z,SYNTH_CELL_C,19,-111.01
2026-08-31T08:50:00.000Z,SYNTH_CELL_C,20,-112.83
2026-08-31T08:50:00.000Z,SYNTH_CELL_C,21,-108.26
2026-08-31T08:50:00.000Z,SYNTH_CELL_C,22,-109.72
2026-08-31T08:50:00.000Z,SYNTH_CELL_C,23,-109.56
2026-08-31T08:50:00.000Z,SYNTH_CELL_C,24,-112.18
2026-08-31T08:50:00.000Z,SYNTH_CELL_C,25,-107.19
2026-08-31T08:50:00.000Z,SYNTH_CELL_C,26,-111.76
2026-08-31T08:50:00.000Z,SYNTH_CELL_C,27,-111.99
2026-08-31T08:50:00.000Z,SYNTH_CELL_C,28,-109.03
2026-08-31T08:50:00.000Z,SYNTH_CELL_C,29,-112.21
2026-08-31T08:50:00.000Z,SYNTH_CELL_C,30,-112.7
2026-08-31T08:50:00.000Z,SYNTH_CELL_C,31,-109.41
2026-08-31T08:50:00.000Z,SYNTH_CELL_C,32,-110.67
2026-08-31T08:50:00.000Z,SYNTH_CELL_C,33,-112.48
2026-08-31T08:50:00.000Z,SYNTH_CELL_C,34,-111.02
2026-08-31T08:50:00.000Z,SYNTH_CELL_C,35,-110.65
2026-08-31T08:50:00.000Z,SYNTH_CELL_C,36,-112.94
2026-08-31T08:50:00.000Z,SYNTH_CELL_C,37,-109.57
2026-08-31T08:50:00.000Z,SYNTH_CELL_C,38,-112.68
2026-08-31T08:50:00.000Z,SYNTH_CELL_C,39,-111.35
2026-08-31T08:50:00.000Z,SYNTH_CELL_C,40,-109.44
2026-08-31T08:50:00.000Z,SYNTH_CELL_C,41,-108.77
2026-08-31T08:50:00.000Z,SYNTH_CELL_C,42,-111.23
2026-08-31T08:50:00.000Z,SYNTH_CELL_C,43,-107.34
2026-08-31T08:50:00.000Z,SYNTH_CELL_C,44,-112.72
2026-08-31T08:50:00.000Z,SYNTH_CELL_C,45,-112.46
2026-08-31T08:50:00.000Z,SYNTH_CELL_C,46,-108.14
2026-08-31T08:50:00.000Z,SYNTH_CELL_C,47,-109.58
2026-08-31T08:50:00.000Z,SYNTH_CELL_C,48,-111.09
2026-08-31T08:50:00.000Z,SYNTH_CELL_C,49,-107.34
2026-08-31T08:50:00.000Z,SYNTH_CELL_C,50,-111.41
2026-08-31T08:50:00.000Z,SYNTH_CELL_C,51,-110.67
2026-08-31T08:50:00.000Z,SYNTH_CELL_C,52,-109.12
2026-08-31T08:50:00.000Z,SYNTH_CELL_C,53,-107.89
2026-08-31T08:50:00.000Z,SYNTH_CELL_C,54,-113.28
2026-08-31T08:50:00.000Z,SYNTH_CELL_C,55,-113.81
2026-08-31T08:50:00.000Z,SYNTH_CELL_C,56,-112.97
2026-08-31T08:50:00.000Z,SYNTH_CELL_C,57,-107.74
2026-08-31T08:50:00.000Z,SYNTH_CELL_C,58,-111.24
2026-08-31T08:50:00.000Z,SYNTH_CELL_C,59,-111.47
2026-08-31T08:50:00.000Z,SYNTH_CELL_C,60,-110.2
2026-08-31T08:50:00.000Z,SYNTH_CELL_C,61,-113.25
2026-08-31T08:50:00.000Z,SYNTH_CELL_C,62,-110.06
2026-08-31T08:50:00.000Z,SYNTH_CELL_C,63,-110.62
2026-08-31T08:50:00.000Z,SYNTH_CELL_C,64,-108.31
2026-08-31T08:50:00.000Z,SYNTH_CELL_C,65,-111.25
2026-08-31T08:50:00.000Z,SYNTH_CELL_C,66,-112.91
2026-08-31T08:50:00.000Z,SYNTH_CELL_C,67,-112.73
2026-08-31T08:50:00.000Z,SYNTH_CELL_C,68,-113.59
2026-08-31T08:50:00.000Z,SYNTH_CELL_C,69,-110.17
2026-08-31T08:50:00.000Z,SYNTH_CELL_C,70,-109.21
2026-08-31T08:50:00.000Z,SYNTH_CELL_C,71,-110.87
2026-08-31T08:50:00.000Z,SYNTH_CELL_C,72,-107.2
2026-08-31T08:50:00.000Z,SYNTH_CELL_C,73,-113.8
2026-08-31T08:50:00.000Z,SYNTH_CELL_C,74,-109.08
2026-08-31T08:50:00.000Z,SYNTH_CELL_C,75,-110.04
2026-08-31T08:50:00.000Z,SYNTH_CELL_C,76,-110.09
2026-08-31T08:50:00.000Z,SYNTH_CELL_C,77,-111.13
2026-08-31T08:50:00.000Z,SYNTH_CELL_C,78,-112.85
2026-08-31T08:50:00.000Z,SYNTH_CELL_C,79,-107.31
2026-08-31T08:50:00.000Z,SYNTH_CELL_C,80,-113.21
2026-08-31T08:50:00.000Z,SYNTH_CELL_C,81,-109.68
2026-08-31T08:50:00.000Z,SYNTH_CELL_C,82,-107.09
2026-08-31T08:50:00.000Z,SYNTH_CELL_C,83,-108.3
2026-08-31T08:50:00.000Z,SYNTH_CELL_C,84,-111.48
2026-08-31T08:50:00.000Z,SYNTH_CELL_C,85,-107.12
2026-08-31T08:50:00.000Z,SYNTH_CELL_C,86,-108.52
2026-08-31T08:50:00.000Z,SYNTH_CELL_C,87,-109.86
2026-08-31T08:50:00.000Z,SYNTH_CELL_C,88,-88.65
2026-08-31T08:50:00.000Z,SYNTH_CELL_C,89,-112.85
2026-08-31T08:50:00.000Z,SYNTH_CELL_C,90,-108.89
2026-08-31T08:50:00.000Z,SYNTH_CELL_C,91,-111.66
2026-08-31T08:50:00.000Z,SYNTH_CELL_C,92,-107.17
2026-08-31T08:50:00.000Z,SYNTH_CELL_C,93,-107.73
2026-08-31T08:50:00.000Z,SYNTH_CELL_C,94,-109.79
2026-08-31T08:50:00.000Z,SYNTH_CELL_C,95,-107.89
2026-08-31T08:50:00.000Z,SYNTH_CELL_C,96,-110.91
2026-08-31T08:50:00.000Z,SYNTH_CELL_C,97,-109.82
2026-08-31T08:50:00.000Z,SYNTH_CELL_C,98,-107.22
2026-08-31T08:50:00.000Z,SYNTH_CELL_C,99,-108.33
2026-08-31T08:50:00.000Z,SYNTH_CELL_C,100,-112.55
2026-08-31T08:50:00.000Z,SYNTH_CELL_C,101,-108.74
2026-08-31T08:50:00.000Z,SYNTH_CELL_C,102,-109.66
2026-08-31T08:50:00.000Z,SYNTH_CELL_C,103,-111.99
2026-08-31T08:50:00.000Z,SYNTH_CELL_C,104,-107.08
2026-08-31T08:50:00.000Z,SYNTH_CELL_C,105,-113.86
2026-08-31T08:50:00.000Z,SYNTH_CELL_C,106,-111.98
2026-08-31T08:50:00.000Z,SYNTH_CELL_C,107,-111.03
2026-08-31T08:50:00.000Z,SYNTH_CELL_C,108,-110.09
2026-08-31T08:50:00.000Z,SYNTH_CELL_C,109,-107.07
2026-08-31T08:50:00.000Z,SYNTH_CELL_C,110,-108.76
2026-08-31T08:50:00.000Z,SYNTH_CELL_C,111,-111.48
2026-08-31T08:50:00.000Z,SYNTH_CELL_C,112,-109.9
2026-08-31T08:50:00.000Z,SYNTH_CELL_C,113,-110.64
2026-08-31T08:50:00.000Z,SYNTH_CELL_C,114,-111.15
2026-08-31T08:50:00.000Z,SYNTH_CELL_C,115,-108.64
2026-08-31T08:50:00.000Z,SYNTH_CELL_C,116,-113.93
2026-08-31T08:50:00.000Z,SYNTH_CELL_C,117,-112.28
2026-08-31T08:50:00.000Z,SYNTH_CELL_C,118,-110.54
2026-08-31T08:50:00.000Z,SYNTH_CELL_C,119,-108.83
2026-08-31T08:50:00.000Z,SYNTH_CELL_C,120,-113.38
2026-08-31T08:50:00.000Z,SYNTH_CELL_C,121,-113.97
2026-08-31T08:50:00.000Z,SYNTH_CELL_C,122,-107.02
2026-08-31T08:50:00.000Z,SYNTH_CELL_C,123,-107.61
2026-08-31T08:50:00.000Z,SYNTH_CELL_C,124,-112.34
2026-08-31T08:50:00.000Z,SYNTH_CELL_C,125,-109.74
2026-08-31T08:50:00.000Z,SYNTH_CELL_C,126,-110.75
2026-08-31T08:50:00.000Z,SYNTH_CELL_C,127,-109.33
2026-08-31T08:50:00.000Z,SYNTH_CELL_C,128,-108.19
2026-08-31T08:50:00.000Z,SYNTH_CELL_C,129,-112.21
2026-08-31T08:50:00.000Z,SYNTH_CELL_C,130,-108.32
2026-08-31T08:50:00.000Z,SYNTH_CELL_C,131,-111.99
2026-08-31T08:50:00.000Z,SYNTH_CELL_C,132,-113.52
2026-08-31T08:50:00.000Z,SYNTH_CELL_C,133,-110.03
2026-08-31T08:50:00.000Z,SYNTH_CELL_C,134,-111.95
2026-08-31T08:50:00.000Z,SYNTH_CELL_C,135,-107.42
2026-08-31T08:50:00.000Z,SYNTH_CELL_C,136,-113.51
2026-08-31T08:50:00.000Z,SYNTH_CELL_C,137,-111.04
2026-08-31T08:50:00.000Z,SYNTH_CELL_C,138,-108.74
2026-08-31T08:50:00.000Z,SYNTH_CELL_C,139,-111.68
2026-08-31T08:50:00.000Z,SYNTH_CELL_C,140,-111.76
2026-08-31T08:50:00.000Z,SYNTH_CELL_C,141,-111.17
2026-08-31T08:50:00.000Z,SYNTH_CELL_C,142,-111.98
2026-08-31T08:50:00.000Z,SYNTH_CELL_C,143,-107.62
2026-08-31T08:50:00.000Z,SYNTH_CELL_C,144,-109.91
2026-08-31T08:50:00.000Z,SYNTH_CELL_C,145,-108.76
2026-08-31T08:50:00.000Z,SYNTH_CELL_C,146,-110.77
2026-08-31T08:50:00.000Z,SYNTH_CELL_C,147,-110.28
2026-08-31T08:50:00.000Z,SYNTH_CELL_C,148,-111.09
2026-08-31T08:50:00.000Z,SYNTH_CELL_C,149,-109.31
2026-08-31T08:50:00.000Z,SYNTH_CELL_C,150,-113.18
2026-08-31T08:50:00.000Z,SYNTH_CELL_C,151,-110.97
2026-08-31T08:50:00.000Z,SYNTH_CELL_C,152,-111.58
2026-08-31T08:50:00.000Z,SYNTH_CELL_C,153,-113.99
2026-08-31T08:50:00.000Z,SYNTH_CELL_C,154,-107.36
2026-08-31T08:50:00.000Z,SYNTH_CELL_C,155,-110.45
2026-08-31T08:50:00.000Z,SYNTH_CELL_C,156,-108.34
2026-08-31T08:50:00.000Z,SYNTH_CELL_C,157,-113.61
2026-08-31T08:50:00.000Z,SYNTH_CELL_C,158,-108.23
2026-08-31T08:50:00.000Z,SYNTH_CELL_C,159,-108.77
2026-08-31T08:50:00.000Z,SYNTH_CELL_C,160,-107.67
2026-08-31T08:50:00.000Z,SYNTH_CELL_C,161,-109.33
2026-08-31T08:50:00.000Z,SYNTH_CELL_C,162,-107.21
2026-08-31T08:50:00.000Z,SYNTH_CELL_C,163,-107.87
2026-08-31T08:50:00.000Z,SYNTH_CELL_C,164,-107.11
2026-08-31T08:50:00.000Z,SYNTH_CELL_C,165,-111.32
2026-08-31T08:50:00.000Z,SYNTH_CELL_C,166,-107.16
2026-08-31T08:50:00.000Z,SYNTH_CELL_C,167,-113.28
2026-08-31T08:50:00.000Z,SYNTH_CELL_C,168,-113.3
2026-08-31T08:50:00.000Z,SYNTH_CELL_C,169,-108.37
2026-08-31T08:50:00.000Z,SYNTH_CELL_C,170,-109.22
2026-08-31T08:50:00.000Z,SYNTH_CELL_C,171,-113.68
2026-08-31T08:50:00.000Z,SYNTH_CELL_C,172,-111.89
2026-08-31T08:50:00.000Z,SYNTH_CELL_C,173,-113.37
2026-08-31T08:50:00.000Z,SYNTH_CELL_C,174,-107.92
2026-08-31T08:50:00.000Z,SYNTH_CELL_C,175,-108.21
2026-08-31T08:50:00.000Z,SYNTH_CELL_C,176,-108.92
2026-08-31T08:50:00.000Z,SYNTH_CELL_C,177,-109.38
2026-08-31T08:50:00.000Z,SYNTH_CELL_C,178,-108.77
2026-08-31T08:50:00.000Z,SYNTH_CELL_C,179,-111.16
2026-08-31T08:50:00.000Z,SYNTH_CELL_C,180,-110.8
2026-08-31T08:50:00.000Z,SYNTH_CELL_C,181,-112.84
2026-08-31T08:50:00.000Z,SYNTH_CELL_C,182,-112.91
2026-08-31T08:50:00.000Z,SYNTH_CELL_C,183,-112.55
2026-08-31T08:50:00.000Z,SYNTH_CELL_C,184,-113.65
2026-08-31T08:50:00.000Z,SYNTH_CELL_C,185,-108.28
2026-08-31T08:50:00.000Z,SYNTH_CELL_C,186,-111.24
2026-08-31T08:50:00.000Z,SYNTH_CELL_C,187,-112.88
2026-08-31T08:50:00.000Z,SYNTH_CELL_C,188,-89.55
2026-08-31T08:50:00.000Z,SYNTH_CELL_C,189,-113.05
2026-08-31T08:50:00.000Z,SYNTH_CELL_C,190,-110
2026-08-31T08:50:00.000Z,SYNTH_CELL_C,191,-112.48
2026-08-31T08:50:00.000Z,SYNTH_CELL_C,192,-110.51
2026-08-31T08:50:00.000Z,SYNTH_CELL_C,193,-111.93
2026-08-31T08:50:00.000Z,SYNTH_CELL_C,194,-111.36
2026-08-31T08:50:00.000Z,SYNTH_CELL_C,195,-110.39
2026-08-31T08:50:00.000Z,SYNTH_CELL_C,196,-107.05
2026-08-31T08:50:00.000Z,SYNTH_CELL_C,197,-113.15
2026-08-31T08:50:00.000Z,SYNTH_CELL_C,198,-113.15
2026-08-31T08:50:00.000Z,SYNTH_CELL_C,199,-112.03
2026-08-31T08:50:00.000Z,SYNTH_CELL_C,200,-109.19
2026-08-31T08:50:00.000Z,SYNTH_CELL_C,201,-107.47
2026-08-31T08:50:00.000Z,SYNTH_CELL_C,202,-107.49
2026-08-31T08:50:00.000Z,SYNTH_CELL_C,203,-109.66
2026-08-31T08:50:00.000Z,SYNTH_CELL_C,204,-110.06
2026-08-31T08:50:00.000Z,SYNTH_CELL_C,205,-111.68
2026-08-31T08:50:00.000Z,SYNTH_CELL_C,206,-107.47
2026-08-31T08:50:00.000Z,SYNTH_CELL_C,207,-111.56
2026-08-31T08:50:00.000Z,SYNTH_CELL_C,208,-112.81
2026-08-31T08:50:00.000Z,SYNTH_CELL_C,209,-113.34
2026-08-31T08:50:00.000Z,SYNTH_CELL_C,210,-111.65
2026-08-31T08:50:00.000Z,SYNTH_CELL_C,211,-107.08
2026-08-31T08:50:00.000Z,SYNTH_CELL_C,212,-110.07
2026-08-31T08:50:00.000Z,SYNTH_CELL_C,213,-111.85
2026-08-31T08:50:00.000Z,SYNTH_CELL_C,214,-112.65
2026-08-31T08:50:00.000Z,SYNTH_CELL_C,215,-113.58
2026-08-31T08:50:00.000Z,SYNTH_CELL_C,216,-107.69
2026-08-31T08:50:00.000Z,SYNTH_CELL_C,217,-107.97
2026-08-31T08:50:00.000Z,SYNTH_CELL_C,218,-108.32
2026-08-31T08:50:00.000Z,SYNTH_CELL_C,219,-108.25
2026-08-31T08:50:00.000Z,SYNTH_CELL_C,220,-109.78
2026-08-31T08:50:00.000Z,SYNTH_CELL_C,221,-110.88
2026-08-31T08:50:00.000Z,SYNTH_CELL_C,222,-109.72
2026-08-31T08:50:00.000Z,SYNTH_CELL_C,223,-110.24
2026-08-31T08:50:00.000Z,SYNTH_CELL_C,224,-107.64
2026-08-31T08:50:00.000Z,SYNTH_CELL_C,225,-113.09
2026-08-31T08:50:00.000Z,SYNTH_CELL_C,226,-111.33
2026-08-31T08:50:00.000Z,SYNTH_CELL_C,227,-111.17
2026-08-31T08:50:00.000Z,SYNTH_CELL_C,228,-108.49
2026-08-31T08:50:00.000Z,SYNTH_CELL_C,229,-109.46
2026-08-31T08:50:00.000Z,SYNTH_CELL_C,230,-108.34
2026-08-31T08:50:00.000Z,SYNTH_CELL_C,231,-112.59
2026-08-31T08:50:00.000Z,SYNTH_CELL_C,232,-113.4
2026-08-31T08:50:00.000Z,SYNTH_CELL_C,233,-110.94
2026-08-31T08:50:00.000Z,SYNTH_CELL_C,234,-112.3
2026-08-31T08:50:00.000Z,SYNTH_CELL_C,235,-108.85
2026-08-31T08:50:00.000Z,SYNTH_CELL_C,236,-107.76
2026-08-31T08:50:00.000Z,SYNTH_CELL_C,237,-110.56
2026-08-31T08:50:00.000Z,SYNTH_CELL_C,238,-109.59
2026-08-31T08:50:00.000Z,SYNTH_CELL_C,239,-113.19
2026-08-31T08:50:00.000Z,SYNTH_CELL_C,240,-113.81
2026-08-31T08:50:00.000Z,SYNTH_CELL_C,241,-113.52
2026-08-31T08:50:00.000Z,SYNTH_CELL_C,242,-109.87
2026-08-31T08:50:00.000Z,SYNTH_CELL_C,243,-107.77
2026-08-31T08:50:00.000Z,SYNTH_CELL_C,244,-108.98
2026-08-31T08:50:00.000Z,SYNTH_CELL_C,245,-112.24
2026-08-31T08:50:00.000Z,SYNTH_CELL_C,246,-109.45
2026-08-31T08:50:00.000Z,SYNTH_CELL_C,247,-113.85
2026-08-31T08:50:00.000Z,SYNTH_CELL_C,248,-111.24
2026-08-31T08:50:00.000Z,SYNTH_CELL_C,249,-111.63
2026-08-31T08:50:00.000Z,SYNTH_CELL_C,250,-109.5
2026-08-31T08:50:00.000Z,SYNTH_CELL_C,251,-109.11
2026-08-31T08:50:00.000Z,SYNTH_CELL_C,252,-109.19
2026-08-31T08:50:00.000Z,SYNTH_CELL_C,253,-113.63
2026-08-31T08:50:00.000Z,SYNTH_CELL_C,254,-111.84
2026-08-31T08:50:00.000Z,SYNTH_CELL_C,255,-107.59
2026-08-31T08:50:00.000Z,SYNTH_CELL_C,256,-109.33
2026-08-31T08:50:00.000Z,SYNTH_CELL_C,257,-110.64
2026-08-31T08:50:00.000Z,SYNTH_CELL_C,258,-112.75
2026-08-31T08:50:00.000Z,SYNTH_CELL_C,259,-108.73
2026-08-31T08:50:00.000Z,SYNTH_CELL_C,260,-111.29
2026-08-31T08:50:00.000Z,SYNTH_CELL_C,261,-109.25
2026-08-31T08:50:00.000Z,SYNTH_CELL_C,262,-108.25
2026-08-31T08:50:00.000Z,SYNTH_CELL_C,263,-111.97
2026-08-31T08:50:00.000Z,SYNTH_CELL_C,264,-108.04
2026-08-31T08:50:00.000Z,SYNTH_CELL_C,265,-108.04
2026-08-31T08:50:00.000Z,SYNTH_CELL_C,266,-110.22
2026-08-31T08:50:00.000Z,SYNTH_CELL_C,267,-113.91
2026-08-31T08:50:00.000Z,SYNTH_CELL_C,268,-90.63
2026-08-31T08:50:00.000Z,SYNTH_CELL_C,269,-107.21
2026-08-31T08:50:00.000Z,SYNTH_CELL_C,270,-109.44
2026-08-31T08:50:00.000Z,SYNTH_CELL_C,271,-109.63
2026-08-31T08:50:00.000Z,SYNTH_CELL_C,272,-112.36
2026-08-31T08:55:00.000Z,SYNTH_CELL_C,0,-112.27
2026-08-31T08:55:00.000Z,SYNTH_CELL_C,1,-113.16
2026-08-31T08:55:00.000Z,SYNTH_CELL_C,2,-112.7
2026-08-31T08:55:00.000Z,SYNTH_CELL_C,3,-109.06
2026-08-31T08:55:00.000Z,SYNTH_CELL_C,4,-112.53
2026-08-31T08:55:00.000Z,SYNTH_CELL_C,5,-112.7
2026-08-31T08:55:00.000Z,SYNTH_CELL_C,6,-107.97
2026-08-31T08:55:00.000Z,SYNTH_CELL_C,7,-113.89
2026-08-31T08:55:00.000Z,SYNTH_CELL_C,8,-89.15
2026-08-31T08:55:00.000Z,SYNTH_CELL_C,9,-109.61
2026-08-31T08:55:00.000Z,SYNTH_CELL_C,10,-111.97
2026-08-31T08:55:00.000Z,SYNTH_CELL_C,11,-111.11
2026-08-31T08:55:00.000Z,SYNTH_CELL_C,12,-111.96
2026-08-31T08:55:00.000Z,SYNTH_CELL_C,13,-109.19
2026-08-31T08:55:00.000Z,SYNTH_CELL_C,14,-110.9
2026-08-31T08:55:00.000Z,SYNTH_CELL_C,15,-109.55
2026-08-31T08:55:00.000Z,SYNTH_CELL_C,16,-109.47
2026-08-31T08:55:00.000Z,SYNTH_CELL_C,17,-112.25
2026-08-31T08:55:00.000Z,SYNTH_CELL_C,18,-113.8
2026-08-31T08:55:00.000Z,SYNTH_CELL_C,19,-112.15
2026-08-31T08:55:00.000Z,SYNTH_CELL_C,20,-113.85
2026-08-31T08:55:00.000Z,SYNTH_CELL_C,21,-113.59
2026-08-31T08:55:00.000Z,SYNTH_CELL_C,22,-110.81
2026-08-31T08:55:00.000Z,SYNTH_CELL_C,23,-110.05
2026-08-31T08:55:00.000Z,SYNTH_CELL_C,24,-109.36
2026-08-31T08:55:00.000Z,SYNTH_CELL_C,25,-112.86
2026-08-31T08:55:00.000Z,SYNTH_CELL_C,26,-109.93
2026-08-31T08:55:00.000Z,SYNTH_CELL_C,27,-110.09
2026-08-31T08:55:00.000Z,SYNTH_CELL_C,28,-107.77
2026-08-31T08:55:00.000Z,SYNTH_CELL_C,29,-109.36
2026-08-31T08:55:00.000Z,SYNTH_CELL_C,30,-113.11
2026-08-31T08:55:00.000Z,SYNTH_CELL_C,31,-110.84
2026-08-31T08:55:00.000Z,SYNTH_CELL_C,32,-108.16
2026-08-31T08:55:00.000Z,SYNTH_CELL_C,33,-108.21
2026-08-31T08:55:00.000Z,SYNTH_CELL_C,34,-109.08
2026-08-31T08:55:00.000Z,SYNTH_CELL_C,35,-110.7
2026-08-31T08:55:00.000Z,SYNTH_CELL_C,36,-108.98
2026-08-31T08:55:00.000Z,SYNTH_CELL_C,37,-109.15
2026-08-31T08:55:00.000Z,SYNTH_CELL_C,38,-111.79
2026-08-31T08:55:00.000Z,SYNTH_CELL_C,39,-112.16
2026-08-31T08:55:00.000Z,SYNTH_CELL_C,40,-110.14
2026-08-31T08:55:00.000Z,SYNTH_CELL_C,41,-112.12
2026-08-31T08:55:00.000Z,SYNTH_CELL_C,42,-112.28
2026-08-31T08:55:00.000Z,SYNTH_CELL_C,43,-107.45
2026-08-31T08:55:00.000Z,SYNTH_CELL_C,44,-112.88
2026-08-31T08:55:00.000Z,SYNTH_CELL_C,45,-110.66
2026-08-31T08:55:00.000Z,SYNTH_CELL_C,46,-112.92
2026-08-31T08:55:00.000Z,SYNTH_CELL_C,47,-107.56
2026-08-31T08:55:00.000Z,SYNTH_CELL_C,48,-111.55
2026-08-31T08:55:00.000Z,SYNTH_CELL_C,49,-107.34
2026-08-31T08:55:00.000Z,SYNTH_CELL_C,50,-111.95
2026-08-31T08:55:00.000Z,SYNTH_CELL_C,51,-108.71
2026-08-31T08:55:00.000Z,SYNTH_CELL_C,52,-113.23
2026-08-31T08:55:00.000Z,SYNTH_CELL_C,53,-108.03
2026-08-31T08:55:00.000Z,SYNTH_CELL_C,54,-109.33
2026-08-31T08:55:00.000Z,SYNTH_CELL_C,55,-107.3
2026-08-31T08:55:00.000Z,SYNTH_CELL_C,56,-109.02
2026-08-31T08:55:00.000Z,SYNTH_CELL_C,57,-108.24
2026-08-31T08:55:00.000Z,SYNTH_CELL_C,58,-113.86
2026-08-31T08:55:00.000Z,SYNTH_CELL_C,59,-113.26
2026-08-31T08:55:00.000Z,SYNTH_CELL_C,60,-110.24
2026-08-31T08:55:00.000Z,SYNTH_CELL_C,61,-112.38
2026-08-31T08:55:00.000Z,SYNTH_CELL_C,62,-110.51
2026-08-31T08:55:00.000Z,SYNTH_CELL_C,63,-112.1
2026-08-31T08:55:00.000Z,SYNTH_CELL_C,64,-110.11
2026-08-31T08:55:00.000Z,SYNTH_CELL_C,65,-108.21
2026-08-31T08:55:00.000Z,SYNTH_CELL_C,66,-107.84
2026-08-31T08:55:00.000Z,SYNTH_CELL_C,67,-107.53
2026-08-31T08:55:00.000Z,SYNTH_CELL_C,68,-112.11
2026-08-31T08:55:00.000Z,SYNTH_CELL_C,69,-107.57
2026-08-31T08:55:00.000Z,SYNTH_CELL_C,70,-112.34
2026-08-31T08:55:00.000Z,SYNTH_CELL_C,71,-111.09
2026-08-31T08:55:00.000Z,SYNTH_CELL_C,72,-113.43
2026-08-31T08:55:00.000Z,SYNTH_CELL_C,73,-112.65
2026-08-31T08:55:00.000Z,SYNTH_CELL_C,74,-107.29
2026-08-31T08:55:00.000Z,SYNTH_CELL_C,75,-112.98
2026-08-31T08:55:00.000Z,SYNTH_CELL_C,76,-107.46
2026-08-31T08:55:00.000Z,SYNTH_CELL_C,77,-112.33
2026-08-31T08:55:00.000Z,SYNTH_CELL_C,78,-113.84
2026-08-31T08:55:00.000Z,SYNTH_CELL_C,79,-110.7
2026-08-31T08:55:00.000Z,SYNTH_CELL_C,80,-112.51
2026-08-31T08:55:00.000Z,SYNTH_CELL_C,81,-107.95
2026-08-31T08:55:00.000Z,SYNTH_CELL_C,82,-110.62
2026-08-31T08:55:00.000Z,SYNTH_CELL_C,83,-110.92
2026-08-31T08:55:00.000Z,SYNTH_CELL_C,84,-108.4
2026-08-31T08:55:00.000Z,SYNTH_CELL_C,85,-112.31
2026-08-31T08:55:00.000Z,SYNTH_CELL_C,86,-113.23
2026-08-31T08:55:00.000Z,SYNTH_CELL_C,87,-111.57
2026-08-31T08:55:00.000Z,SYNTH_CELL_C,88,-91.87
2026-08-31T08:55:00.000Z,SYNTH_CELL_C,89,-107.69
2026-08-31T08:55:00.000Z,SYNTH_CELL_C,90,-112.7
2026-08-31T08:55:00.000Z,SYNTH_CELL_C,91,-112.83
2026-08-31T08:55:00.000Z,SYNTH_CELL_C,92,-111.09
2026-08-31T08:55:00.000Z,SYNTH_CELL_C,93,-109.95
2026-08-31T08:55:00.000Z,SYNTH_CELL_C,94,-110.89
2026-08-31T08:55:00.000Z,SYNTH_CELL_C,95,-108.28
2026-08-31T08:55:00.000Z,SYNTH_CELL_C,96,-110.93
2026-08-31T08:55:00.000Z,SYNTH_CELL_C,97,-107.76
2026-08-31T08:55:00.000Z,SYNTH_CELL_C,98,-112.67
2026-08-31T08:55:00.000Z,SYNTH_CELL_C,99,-112.38
2026-08-31T08:55:00.000Z,SYNTH_CELL_C,100,-113.87
2026-08-31T08:55:00.000Z,SYNTH_CELL_C,101,-108.4
2026-08-31T08:55:00.000Z,SYNTH_CELL_C,102,-109.41
2026-08-31T08:55:00.000Z,SYNTH_CELL_C,103,-112.63
2026-08-31T08:55:00.000Z,SYNTH_CELL_C,104,-113.05
2026-08-31T08:55:00.000Z,SYNTH_CELL_C,105,-108.47
2026-08-31T08:55:00.000Z,SYNTH_CELL_C,106,-109.43
2026-08-31T08:55:00.000Z,SYNTH_CELL_C,107,-108.05
2026-08-31T08:55:00.000Z,SYNTH_CELL_C,108,-110.92
2026-08-31T08:55:00.000Z,SYNTH_CELL_C,109,-109.22
2026-08-31T08:55:00.000Z,SYNTH_CELL_C,110,-109.69
2026-08-31T08:55:00.000Z,SYNTH_CELL_C,111,-108.53
2026-08-31T08:55:00.000Z,SYNTH_CELL_C,112,-113.73
2026-08-31T08:55:00.000Z,SYNTH_CELL_C,113,-107.17
2026-08-31T08:55:00.000Z,SYNTH_CELL_C,114,-112.95
2026-08-31T08:55:00.000Z,SYNTH_CELL_C,115,-109.88
2026-08-31T08:55:00.000Z,SYNTH_CELL_C,116,-108.25
2026-08-31T08:55:00.000Z,SYNTH_CELL_C,117,-109.83
2026-08-31T08:55:00.000Z,SYNTH_CELL_C,118,-112.67
2026-08-31T08:55:00.000Z,SYNTH_CELL_C,119,-108.48
2026-08-31T08:55:00.000Z,SYNTH_CELL_C,120,-110.54
2026-08-31T08:55:00.000Z,SYNTH_CELL_C,121,-107.42
2026-08-31T08:55:00.000Z,SYNTH_CELL_C,122,-107.6
2026-08-31T08:55:00.000Z,SYNTH_CELL_C,123,-107.29
2026-08-31T08:55:00.000Z,SYNTH_CELL_C,124,-111.16
2026-08-31T08:55:00.000Z,SYNTH_CELL_C,125,-113.57
2026-08-31T08:55:00.000Z,SYNTH_CELL_C,126,-110.23
2026-08-31T08:55:00.000Z,SYNTH_CELL_C,127,-107.48
2026-08-31T08:55:00.000Z,SYNTH_CELL_C,128,-111.61
2026-08-31T08:55:00.000Z,SYNTH_CELL_C,129,-107.9
2026-08-31T08:55:00.000Z,SYNTH_CELL_C,130,-113.01
2026-08-31T08:55:00.000Z,SYNTH_CELL_C,131,-107.28
2026-08-31T08:55:00.000Z,SYNTH_CELL_C,132,-111.08
2026-08-31T08:55:00.000Z,SYNTH_CELL_C,133,-112.61
2026-08-31T08:55:00.000Z,SYNTH_CELL_C,134,-109.45
2026-08-31T08:55:00.000Z,SYNTH_CELL_C,135,-109.42
2026-08-31T08:55:00.000Z,SYNTH_CELL_C,136,-112.65
2026-08-31T08:55:00.000Z,SYNTH_CELL_C,137,-109.86
2026-08-31T08:55:00.000Z,SYNTH_CELL_C,138,-113.09
2026-08-31T08:55:00.000Z,SYNTH_CELL_C,139,-109.79
2026-08-31T08:55:00.000Z,SYNTH_CELL_C,140,-112.85
2026-08-31T08:55:00.000Z,SYNTH_CELL_C,141,-108.96
2026-08-31T08:55:00.000Z,SYNTH_CELL_C,142,-110.51
2026-08-31T08:55:00.000Z,SYNTH_CELL_C,143,-110.29
2026-08-31T08:55:00.000Z,SYNTH_CELL_C,144,-108.84
2026-08-31T08:55:00.000Z,SYNTH_CELL_C,145,-112.14
2026-08-31T08:55:00.000Z,SYNTH_CELL_C,146,-108.49
2026-08-31T08:55:00.000Z,SYNTH_CELL_C,147,-107.75
2026-08-31T08:55:00.000Z,SYNTH_CELL_C,148,-108.48
2026-08-31T08:55:00.000Z,SYNTH_CELL_C,149,-112.69
2026-08-31T08:55:00.000Z,SYNTH_CELL_C,150,-113.73
2026-08-31T08:55:00.000Z,SYNTH_CELL_C,151,-108.44
2026-08-31T08:55:00.000Z,SYNTH_CELL_C,152,-107.46
2026-08-31T08:55:00.000Z,SYNTH_CELL_C,153,-112.04
2026-08-31T08:55:00.000Z,SYNTH_CELL_C,154,-107.44
2026-08-31T08:55:00.000Z,SYNTH_CELL_C,155,-112.83
2026-08-31T08:55:00.000Z,SYNTH_CELL_C,156,-110.26
2026-08-31T08:55:00.000Z,SYNTH_CELL_C,157,-107.29
2026-08-31T08:55:00.000Z,SYNTH_CELL_C,158,-112.4
2026-08-31T08:55:00.000Z,SYNTH_CELL_C,159,-112.95
2026-08-31T08:55:00.000Z,SYNTH_CELL_C,160,-110.28
2026-08-31T08:55:00.000Z,SYNTH_CELL_C,161,-112.45
2026-08-31T08:55:00.000Z,SYNTH_CELL_C,162,-107.18
2026-08-31T08:55:00.000Z,SYNTH_CELL_C,163,-109.64
2026-08-31T08:55:00.000Z,SYNTH_CELL_C,164,-113.1
2026-08-31T08:55:00.000Z,SYNTH_CELL_C,165,-108.76
2026-08-31T08:55:00.000Z,SYNTH_CELL_C,166,-109.44
2026-08-31T08:55:00.000Z,SYNTH_CELL_C,167,-107.81
2026-08-31T08:55:00.000Z,SYNTH_CELL_C,168,-111.74
2026-08-31T08:55:00.000Z,SYNTH_CELL_C,169,-112.86
2026-08-31T08:55:00.000Z,SYNTH_CELL_C,170,-113.18
2026-08-31T08:55:00.000Z,SYNTH_CELL_C,171,-110.59
2026-08-31T08:55:00.000Z,SYNTH_CELL_C,172,-112.08
2026-08-31T08:55:00.000Z,SYNTH_CELL_C,173,-110.83
2026-08-31T08:55:00.000Z,SYNTH_CELL_C,174,-111.31
2026-08-31T08:55:00.000Z,SYNTH_CELL_C,175,-112.2
2026-08-31T08:55:00.000Z,SYNTH_CELL_C,176,-110.57
2026-08-31T08:55:00.000Z,SYNTH_CELL_C,177,-109.84
2026-08-31T08:55:00.000Z,SYNTH_CELL_C,178,-112.69
2026-08-31T08:55:00.000Z,SYNTH_CELL_C,179,-110.16
2026-08-31T08:55:00.000Z,SYNTH_CELL_C,180,-108.79
2026-08-31T08:55:00.000Z,SYNTH_CELL_C,181,-110.76
2026-08-31T08:55:00.000Z,SYNTH_CELL_C,182,-112.35
2026-08-31T08:55:00.000Z,SYNTH_CELL_C,183,-108.28
2026-08-31T08:55:00.000Z,SYNTH_CELL_C,184,-109.34
2026-08-31T08:55:00.000Z,SYNTH_CELL_C,185,-113.4
2026-08-31T08:55:00.000Z,SYNTH_CELL_C,186,-113.19
2026-08-31T08:55:00.000Z,SYNTH_CELL_C,187,-109.85
2026-08-31T08:55:00.000Z,SYNTH_CELL_C,188,-87.75
2026-08-31T08:55:00.000Z,SYNTH_CELL_C,189,-111.46
2026-08-31T08:55:00.000Z,SYNTH_CELL_C,190,-109.24
2026-08-31T08:55:00.000Z,SYNTH_CELL_C,191,-107.24
2026-08-31T08:55:00.000Z,SYNTH_CELL_C,192,-109.13
2026-08-31T08:55:00.000Z,SYNTH_CELL_C,193,-111.51
2026-08-31T08:55:00.000Z,SYNTH_CELL_C,194,-108.03
2026-08-31T08:55:00.000Z,SYNTH_CELL_C,195,-109.03
2026-08-31T08:55:00.000Z,SYNTH_CELL_C,196,-107.54
2026-08-31T08:55:00.000Z,SYNTH_CELL_C,197,-112.1
2026-08-31T08:55:00.000Z,SYNTH_CELL_C,198,-109.14
2026-08-31T08:55:00.000Z,SYNTH_CELL_C,199,-112.77
2026-08-31T08:55:00.000Z,SYNTH_CELL_C,200,-112.99
2026-08-31T08:55:00.000Z,SYNTH_CELL_C,201,-111.94
2026-08-31T08:55:00.000Z,SYNTH_CELL_C,202,-109.84
2026-08-31T08:55:00.000Z,SYNTH_CELL_C,203,-113.5
2026-08-31T08:55:00.000Z,SYNTH_CELL_C,204,-107.9
2026-08-31T08:55:00.000Z,SYNTH_CELL_C,205,-111.41
2026-08-31T08:55:00.000Z,SYNTH_CELL_C,206,-110.75
2026-08-31T08:55:00.000Z,SYNTH_CELL_C,207,-111.82
2026-08-31T08:55:00.000Z,SYNTH_CELL_C,208,-109.26
2026-08-31T08:55:00.000Z,SYNTH_CELL_C,209,-113.09
2026-08-31T08:55:00.000Z,SYNTH_CELL_C,210,-108.58
2026-08-31T08:55:00.000Z,SYNTH_CELL_C,211,-113.81
2026-08-31T08:55:00.000Z,SYNTH_CELL_C,212,-113.16
2026-08-31T08:55:00.000Z,SYNTH_CELL_C,213,-113.71
2026-08-31T08:55:00.000Z,SYNTH_CELL_C,214,-111.82
2026-08-31T08:55:00.000Z,SYNTH_CELL_C,215,-107.63
2026-08-31T08:55:00.000Z,SYNTH_CELL_C,216,-111.89
2026-08-31T08:55:00.000Z,SYNTH_CELL_C,217,-107.3
2026-08-31T08:55:00.000Z,SYNTH_CELL_C,218,-110.39
2026-08-31T08:55:00.000Z,SYNTH_CELL_C,219,-107.12
2026-08-31T08:55:00.000Z,SYNTH_CELL_C,220,-107.31
2026-08-31T08:55:00.000Z,SYNTH_CELL_C,221,-112.89
2026-08-31T08:55:00.000Z,SYNTH_CELL_C,222,-111.92
2026-08-31T08:55:00.000Z,SYNTH_CELL_C,223,-107.39
2026-08-31T08:55:00.000Z,SYNTH_CELL_C,224,-107.24
2026-08-31T08:55:00.000Z,SYNTH_CELL_C,225,-113.95
2026-08-31T08:55:00.000Z,SYNTH_CELL_C,226,-112.47
2026-08-31T08:55:00.000Z,SYNTH_CELL_C,227,-112.9
2026-08-31T08:55:00.000Z,SYNTH_CELL_C,228,-112.67
2026-08-31T08:55:00.000Z,SYNTH_CELL_C,229,-111.93
2026-08-31T08:55:00.000Z,SYNTH_CELL_C,230,-107.33
2026-08-31T08:55:00.000Z,SYNTH_CELL_C,231,-111.38
2026-08-31T08:55:00.000Z,SYNTH_CELL_C,232,-110.23
2026-08-31T08:55:00.000Z,SYNTH_CELL_C,233,-111.42
2026-08-31T08:55:00.000Z,SYNTH_CELL_C,234,-107.23
2026-08-31T08:55:00.000Z,SYNTH_CELL_C,235,-112.14
2026-08-31T08:55:00.000Z,SYNTH_CELL_C,236,-112.28
2026-08-31T08:55:00.000Z,SYNTH_CELL_C,237,-113.56
2026-08-31T08:55:00.000Z,SYNTH_CELL_C,238,-111.43
2026-08-31T08:55:00.000Z,SYNTH_CELL_C,239,-108.53
2026-08-31T08:55:00.000Z,SYNTH_CELL_C,240,-111.97
2026-08-31T08:55:00.000Z,SYNTH_CELL_C,241,-110.54
2026-08-31T08:55:00.000Z,SYNTH_CELL_C,242,-107.69
2026-08-31T08:55:00.000Z,SYNTH_CELL_C,243,-111.44
2026-08-31T08:55:00.000Z,SYNTH_CELL_C,244,-107.2
2026-08-31T08:55:00.000Z,SYNTH_CELL_C,245,-109.07
2026-08-31T08:55:00.000Z,SYNTH_CELL_C,246,-113.32
2026-08-31T08:55:00.000Z,SYNTH_CELL_C,247,-113.81
2026-08-31T08:55:00.000Z,SYNTH_CELL_C,248,-109.61
2026-08-31T08:55:00.000Z,SYNTH_CELL_C,249,-113.04
2026-08-31T08:55:00.000Z,SYNTH_CELL_C,250,-109.93
2026-08-31T08:55:00.000Z,SYNTH_CELL_C,251,-112.48
2026-08-31T08:55:00.000Z,SYNTH_CELL_C,252,-110.11
2026-08-31T08:55:00.000Z,SYNTH_CELL_C,253,-107.56
2026-08-31T08:55:00.000Z,SYNTH_CELL_C,254,-109.69
2026-08-31T08:55:00.000Z,SYNTH_CELL_C,255,-110.56
2026-08-31T08:55:00.000Z,SYNTH_CELL_C,256,-112.74
2026-08-31T08:55:00.000Z,SYNTH_CELL_C,257,-107.87
2026-08-31T08:55:00.000Z,SYNTH_CELL_C,258,-107.68
2026-08-31T08:55:00.000Z,SYNTH_CELL_C,259,-108
2026-08-31T08:55:00.000Z,SYNTH_CELL_C,260,-110.27
2026-08-31T08:55:00.000Z,SYNTH_CELL_C,261,-112.69
2026-08-31T08:55:00.000Z,SYNTH_CELL_C,262,-108.56
2026-08-31T08:55:00.000Z,SYNTH_CELL_C,263,-108.86
2026-08-31T08:55:00.000Z,SYNTH_CELL_C,264,-112.89
2026-08-31T08:55:00.000Z,SYNTH_CELL_C,265,-109.61
2026-08-31T08:55:00.000Z,SYNTH_CELL_C,266,-108
2026-08-31T08:55:00.000Z,SYNTH_CELL_C,267,-111.1
2026-08-31T08:55:00.000Z,SYNTH_CELL_C,268,-90.11
2026-08-31T08:55:00.000Z,SYNTH_CELL_C,269,-112.46
2026-08-31T08:55:00.000Z,SYNTH_CELL_C,270,-112.02
2026-08-31T08:55:00.000Z,SYNTH_CELL_C,271,-107.67
2026-08-31T08:55:00.000Z,SYNTH_CELL_C,272,-112.25
2026-08-31T09:00:00.000Z,SYNTH_CELL_C,0,-109.95
2026-08-31T09:00:00.000Z,SYNTH_CELL_C,1,-110.6
2026-08-31T09:00:00.000Z,SYNTH_CELL_C,2,-112.67
2026-08-31T09:00:00.000Z,SYNTH_CELL_C,3,-111.79
2026-08-31T09:00:00.000Z,SYNTH_CELL_C,4,-107.32
2026-08-31T09:00:00.000Z,SYNTH_CELL_C,5,-112.8
2026-08-31T09:00:00.000Z,SYNTH_CELL_C,6,-113.89
2026-08-31T09:00:00.000Z,SYNTH_CELL_C,7,-107.69
2026-08-31T09:00:00.000Z,SYNTH_CELL_C,8,-90.24
2026-08-31T09:00:00.000Z,SYNTH_CELL_C,9,-111.67
2026-08-31T09:00:00.000Z,SYNTH_CELL_C,10,-109.04
2026-08-31T09:00:00.000Z,SYNTH_CELL_C,11,-112.31
2026-08-31T09:00:00.000Z,SYNTH_CELL_C,12,-108.44
2026-08-31T09:00:00.000Z,SYNTH_CELL_C,13,-111.76
2026-08-31T09:00:00.000Z,SYNTH_CELL_C,14,-112.85
2026-08-31T09:00:00.000Z,SYNTH_CELL_C,15,-113.17
2026-08-31T09:00:00.000Z,SYNTH_CELL_C,16,-111.47
2026-08-31T09:00:00.000Z,SYNTH_CELL_C,17,-107.13
2026-08-31T09:00:00.000Z,SYNTH_CELL_C,18,-112.82
2026-08-31T09:00:00.000Z,SYNTH_CELL_C,19,-107.16
2026-08-31T09:00:00.000Z,SYNTH_CELL_C,20,-109.15
2026-08-31T09:00:00.000Z,SYNTH_CELL_C,21,-108.37
2026-08-31T09:00:00.000Z,SYNTH_CELL_C,22,-110.8
2026-08-31T09:00:00.000Z,SYNTH_CELL_C,23,-109.17
2026-08-31T09:00:00.000Z,SYNTH_CELL_C,24,-110.46
2026-08-31T09:00:00.000Z,SYNTH_CELL_C,25,-111.98
2026-08-31T09:00:00.000Z,SYNTH_CELL_C,26,-110.38
2026-08-31T09:00:00.000Z,SYNTH_CELL_C,27,-110.1
2026-08-31T09:00:00.000Z,SYNTH_CELL_C,28,-107.47
2026-08-31T09:00:00.000Z,SYNTH_CELL_C,29,-109.6
2026-08-31T09:00:00.000Z,SYNTH_CELL_C,30,-113.43
2026-08-31T09:00:00.000Z,SYNTH_CELL_C,31,-109.29
2026-08-31T09:00:00.000Z,SYNTH_CELL_C,32,-111.74
2026-08-31T09:00:00.000Z,SYNTH_CELL_C,33,-108.66
2026-08-31T09:00:00.000Z,SYNTH_CELL_C,34,-112.63
2026-08-31T09:00:00.000Z,SYNTH_CELL_C,35,-109
2026-08-31T09:00:00.000Z,SYNTH_CELL_C,36,-110.06
2026-08-31T09:00:00.000Z,SYNTH_CELL_C,37,-107.41
2026-08-31T09:00:00.000Z,SYNTH_CELL_C,38,-108.57
2026-08-31T09:00:00.000Z,SYNTH_CELL_C,39,-111.94
2026-08-31T09:00:00.000Z,SYNTH_CELL_C,40,-108.22
2026-08-31T09:00:00.000Z,SYNTH_CELL_C,41,-107.73
2026-08-31T09:00:00.000Z,SYNTH_CELL_C,42,-110.43
2026-08-31T09:00:00.000Z,SYNTH_CELL_C,43,-107.1
2026-08-31T09:00:00.000Z,SYNTH_CELL_C,44,-109.83
2026-08-31T09:00:00.000Z,SYNTH_CELL_C,45,-108.74
2026-08-31T09:00:00.000Z,SYNTH_CELL_C,46,-107.12
2026-08-31T09:00:00.000Z,SYNTH_CELL_C,47,-112.84
2026-08-31T09:00:00.000Z,SYNTH_CELL_C,48,-107.94
2026-08-31T09:00:00.000Z,SYNTH_CELL_C,49,-108.21
2026-08-31T09:00:00.000Z,SYNTH_CELL_C,50,-107.77
2026-08-31T09:00:00.000Z,SYNTH_CELL_C,51,-108.39
2026-08-31T09:00:00.000Z,SYNTH_CELL_C,52,-111.75
2026-08-31T09:00:00.000Z,SYNTH_CELL_C,53,-110.77
2026-08-31T09:00:00.000Z,SYNTH_CELL_C,54,-112.7
2026-08-31T09:00:00.000Z,SYNTH_CELL_C,55,-111.63
2026-08-31T09:00:00.000Z,SYNTH_CELL_C,56,-111.01
2026-08-31T09:00:00.000Z,SYNTH_CELL_C,57,-107.13
2026-08-31T09:00:00.000Z,SYNTH_CELL_C,58,-113.7
2026-08-31T09:00:00.000Z,SYNTH_CELL_C,59,-108.32
2026-08-31T09:00:00.000Z,SYNTH_CELL_C,60,-112.42
2026-08-31T09:00:00.000Z,SYNTH_CELL_C,61,-107.05
2026-08-31T09:00:00.000Z,SYNTH_CELL_C,62,-110.63
2026-08-31T09:00:00.000Z,SYNTH_CELL_C,63,-111.8
2026-08-31T09:00:00.000Z,SYNTH_CELL_C,64,-108.71
2026-08-31T09:00:00.000Z,SYNTH_CELL_C,65,-113.49
2026-08-31T09:00:00.000Z,SYNTH_CELL_C,66,-110.23
2026-08-31T09:00:00.000Z,SYNTH_CELL_C,67,-107.23
2026-08-31T09:00:00.000Z,SYNTH_CELL_C,68,-107.27
2026-08-31T09:00:00.000Z,SYNTH_CELL_C,69,-113.91
2026-08-31T09:00:00.000Z,SYNTH_CELL_C,70,-107.8
2026-08-31T09:00:00.000Z,SYNTH_CELL_C,71,-110.82
2026-08-31T09:00:00.000Z,SYNTH_CELL_C,72,-107.17
2026-08-31T09:00:00.000Z,SYNTH_CELL_C,73,-109.1
2026-08-31T09:00:00.000Z,SYNTH_CELL_C,74,-108.65
2026-08-31T09:00:00.000Z,SYNTH_CELL_C,75,-112.15
2026-08-31T09:00:00.000Z,SYNTH_CELL_C,76,-109.09
2026-08-31T09:00:00.000Z,SYNTH_CELL_C,77,-108.93
2026-08-31T09:00:00.000Z,SYNTH_CELL_C,78,-112.65
2026-08-31T09:00:00.000Z,SYNTH_CELL_C,79,-109.2
2026-08-31T09:00:00.000Z,SYNTH_CELL_C,80,-109.64
2026-08-31T09:00:00.000Z,SYNTH_CELL_C,81,-108.6
2026-08-31T09:00:00.000Z,SYNTH_CELL_C,82,-111.44
2026-08-31T09:00:00.000Z,SYNTH_CELL_C,83,-109.74
2026-08-31T09:00:00.000Z,SYNTH_CELL_C,84,-108.5
2026-08-31T09:00:00.000Z,SYNTH_CELL_C,85,-108.06
2026-08-31T09:00:00.000Z,SYNTH_CELL_C,86,-112.5
2026-08-31T09:00:00.000Z,SYNTH_CELL_C,87,-112.74
2026-08-31T09:00:00.000Z,SYNTH_CELL_C,88,-87.48
2026-08-31T09:00:00.000Z,SYNTH_CELL_C,89,-111.41
2026-08-31T09:00:00.000Z,SYNTH_CELL_C,90,-113.21
2026-08-31T09:00:00.000Z,SYNTH_CELL_C,91,-111.82
2026-08-31T09:00:00.000Z,SYNTH_CELL_C,92,-108.54
2026-08-31T09:00:00.000Z,SYNTH_CELL_C,93,-113.41
2026-08-31T09:00:00.000Z,SYNTH_CELL_C,94,-108.87
2026-08-31T09:00:00.000Z,SYNTH_CELL_C,95,-113.79
2026-08-31T09:00:00.000Z,SYNTH_CELL_C,96,-110.72
2026-08-31T09:00:00.000Z,SYNTH_CELL_C,97,-108.15
2026-08-31T09:00:00.000Z,SYNTH_CELL_C,98,-113.36
2026-08-31T09:00:00.000Z,SYNTH_CELL_C,99,-109.59
2026-08-31T09:00:00.000Z,SYNTH_CELL_C,100,-112.52
2026-08-31T09:00:00.000Z,SYNTH_CELL_C,101,-113.35
2026-08-31T09:00:00.000Z,SYNTH_CELL_C,102,-108.2
2026-08-31T09:00:00.000Z,SYNTH_CELL_C,103,-109.99
2026-08-31T09:00:00.000Z,SYNTH_CELL_C,104,-112.47
2026-08-31T09:00:00.000Z,SYNTH_CELL_C,105,-112.55
2026-08-31T09:00:00.000Z,SYNTH_CELL_C,106,-108.43
2026-08-31T09:00:00.000Z,SYNTH_CELL_C,107,-113.56
2026-08-31T09:00:00.000Z,SYNTH_CELL_C,108,-107.15
2026-08-31T09:00:00.000Z,SYNTH_CELL_C,109,-112.11
2026-08-31T09:00:00.000Z,SYNTH_CELL_C,110,-113.69
2026-08-31T09:00:00.000Z,SYNTH_CELL_C,111,-112.73
2026-08-31T09:00:00.000Z,SYNTH_CELL_C,112,-107.13
2026-08-31T09:00:00.000Z,SYNTH_CELL_C,113,-110.44
2026-08-31T09:00:00.000Z,SYNTH_CELL_C,114,-111.69
2026-08-31T09:00:00.000Z,SYNTH_CELL_C,115,-110.52
2026-08-31T09:00:00.000Z,SYNTH_CELL_C,116,-113.81
2026-08-31T09:00:00.000Z,SYNTH_CELL_C,117,-113.5
2026-08-31T09:00:00.000Z,SYNTH_CELL_C,118,-112.31
2026-08-31T09:00:00.000Z,SYNTH_CELL_C,119,-113.96
2026-08-31T09:00:00.000Z,SYNTH_CELL_C,120,-112.5
2026-08-31T09:00:00.000Z,SYNTH_CELL_C,121,-113.4
2026-08-31T09:00:00.000Z,SYNTH_CELL_C,122,-113.35
2026-08-31T09:00:00.000Z,SYNTH_CELL_C,123,-112.1
2026-08-31T09:00:00.000Z,SYNTH_CELL_C,124,-108.61
2026-08-31T09:00:00.000Z,SYNTH_CELL_C,125,-107.98
2026-08-31T09:00:00.000Z,SYNTH_CELL_C,126,-108.95
2026-08-31T09:00:00.000Z,SYNTH_CELL_C,127,-109.51
2026-08-31T09:00:00.000Z,SYNTH_CELL_C,128,-108.07
2026-08-31T09:00:00.000Z,SYNTH_CELL_C,129,-113.55
2026-08-31T09:00:00.000Z,SYNTH_CELL_C,130,-111.78
2026-08-31T09:00:00.000Z,SYNTH_CELL_C,131,-111.36
2026-08-31T09:00:00.000Z,SYNTH_CELL_C,132,-111.04
2026-08-31T09:00:00.000Z,SYNTH_CELL_C,133,-108.52
2026-08-31T09:00:00.000Z,SYNTH_CELL_C,134,-110.97
2026-08-31T09:00:00.000Z,SYNTH_CELL_C,135,-109.95
2026-08-31T09:00:00.000Z,SYNTH_CELL_C,136,-110.81
2026-08-31T09:00:00.000Z,SYNTH_CELL_C,137,-112.03
2026-08-31T09:00:00.000Z,SYNTH_CELL_C,138,-111.82
2026-08-31T09:00:00.000Z,SYNTH_CELL_C,139,-108.68
2026-08-31T09:00:00.000Z,SYNTH_CELL_C,140,-111.1
2026-08-31T09:00:00.000Z,SYNTH_CELL_C,141,-111.54
2026-08-31T09:00:00.000Z,SYNTH_CELL_C,142,-109.42
2026-08-31T09:00:00.000Z,SYNTH_CELL_C,143,-107.28
2026-08-31T09:00:00.000Z,SYNTH_CELL_C,144,-111.86
2026-08-31T09:00:00.000Z,SYNTH_CELL_C,145,-112.91
2026-08-31T09:00:00.000Z,SYNTH_CELL_C,146,-107.47
2026-08-31T09:00:00.000Z,SYNTH_CELL_C,147,-112.16
2026-08-31T09:00:00.000Z,SYNTH_CELL_C,148,-111.83
2026-08-31T09:00:00.000Z,SYNTH_CELL_C,149,-111.06
2026-08-31T09:00:00.000Z,SYNTH_CELL_C,150,-111.48
2026-08-31T09:00:00.000Z,SYNTH_CELL_C,151,-109.41
2026-08-31T09:00:00.000Z,SYNTH_CELL_C,152,-113.29
2026-08-31T09:00:00.000Z,SYNTH_CELL_C,153,-107.56
2026-08-31T09:00:00.000Z,SYNTH_CELL_C,154,-109.78
2026-08-31T09:00:00.000Z,SYNTH_CELL_C,155,-113.09
2026-08-31T09:00:00.000Z,SYNTH_CELL_C,156,-107.3
2026-08-31T09:00:00.000Z,SYNTH_CELL_C,157,-112.7
2026-08-31T09:00:00.000Z,SYNTH_CELL_C,158,-112.11
2026-08-31T09:00:00.000Z,SYNTH_CELL_C,159,-107.18
2026-08-31T09:00:00.000Z,SYNTH_CELL_C,160,-109.39
2026-08-31T09:00:00.000Z,SYNTH_CELL_C,161,-111.38
2026-08-31T09:00:00.000Z,SYNTH_CELL_C,162,-112.17
2026-08-31T09:00:00.000Z,SYNTH_CELL_C,163,-112.44
2026-08-31T09:00:00.000Z,SYNTH_CELL_C,164,-112.13
2026-08-31T09:00:00.000Z,SYNTH_CELL_C,165,-111.94
2026-08-31T09:00:00.000Z,SYNTH_CELL_C,166,-107.33
2026-08-31T09:00:00.000Z,SYNTH_CELL_C,167,-112.26
2026-08-31T09:00:00.000Z,SYNTH_CELL_C,168,-108.86
2026-08-31T09:00:00.000Z,SYNTH_CELL_C,169,-109.97
2026-08-31T09:00:00.000Z,SYNTH_CELL_C,170,-112.35
2026-08-31T09:00:00.000Z,SYNTH_CELL_C,171,-110.35
2026-08-31T09:00:00.000Z,SYNTH_CELL_C,172,-111.48
2026-08-31T09:00:00.000Z,SYNTH_CELL_C,173,-113.93
2026-08-31T09:00:00.000Z,SYNTH_CELL_C,174,-111.32
2026-08-31T09:00:00.000Z,SYNTH_CELL_C,175,-110.2
2026-08-31T09:00:00.000Z,SYNTH_CELL_C,176,-113.67
2026-08-31T09:00:00.000Z,SYNTH_CELL_C,177,-113.29
2026-08-31T09:00:00.000Z,SYNTH_CELL_C,178,-109.27
2026-08-31T09:00:00.000Z,SYNTH_CELL_C,179,-113.79
2026-08-31T09:00:00.000Z,SYNTH_CELL_C,180,-111.95
2026-08-31T09:00:00.000Z,SYNTH_CELL_C,181,-107.63
2026-08-31T09:00:00.000Z,SYNTH_CELL_C,182,-108.8
2026-08-31T09:00:00.000Z,SYNTH_CELL_C,183,-111
2026-08-31T09:00:00.000Z,SYNTH_CELL_C,184,-108.13
2026-08-31T09:00:00.000Z,SYNTH_CELL_C,185,-112.31
2026-08-31T09:00:00.000Z,SYNTH_CELL_C,186,-110.53
2026-08-31T09:00:00.000Z,SYNTH_CELL_C,187,-108.23
2026-08-31T09:00:00.000Z,SYNTH_CELL_C,188,-87.81
2026-08-31T09:00:00.000Z,SYNTH_CELL_C,189,-111.74
2026-08-31T09:00:00.000Z,SYNTH_CELL_C,190,-109.93
2026-08-31T09:00:00.000Z,SYNTH_CELL_C,191,-111.22
2026-08-31T09:00:00.000Z,SYNTH_CELL_C,192,-108.88
2026-08-31T09:00:00.000Z,SYNTH_CELL_C,193,-113.6
2026-08-31T09:00:00.000Z,SYNTH_CELL_C,194,-112.55
2026-08-31T09:00:00.000Z,SYNTH_CELL_C,195,-110.45
2026-08-31T09:00:00.000Z,SYNTH_CELL_C,196,-108.61
2026-08-31T09:00:00.000Z,SYNTH_CELL_C,197,-107.13
2026-08-31T09:00:00.000Z,SYNTH_CELL_C,198,-112.37
2026-08-31T09:00:00.000Z,SYNTH_CELL_C,199,-109.97
2026-08-31T09:00:00.000Z,SYNTH_CELL_C,200,-109.59
2026-08-31T09:00:00.000Z,SYNTH_CELL_C,201,-113.38
2026-08-31T09:00:00.000Z,SYNTH_CELL_C,202,-111.43
2026-08-31T09:00:00.000Z,SYNTH_CELL_C,203,-107.95
2026-08-31T09:00:00.000Z,SYNTH_CELL_C,204,-111.23
2026-08-31T09:00:00.000Z,SYNTH_CELL_C,205,-109.61
2026-08-31T09:00:00.000Z,SYNTH_CELL_C,206,-111.54
2026-08-31T09:00:00.000Z,SYNTH_CELL_C,207,-111.67
2026-08-31T09:00:00.000Z,SYNTH_CELL_C,208,-108.96
2026-08-31T09:00:00.000Z,SYNTH_CELL_C,209,-113.83
2026-08-31T09:00:00.000Z,SYNTH_CELL_C,210,-107.2
2026-08-31T09:00:00.000Z,SYNTH_CELL_C,211,-109.23
2026-08-31T09:00:00.000Z,SYNTH_CELL_C,212,-109.06
2026-08-31T09:00:00.000Z,SYNTH_CELL_C,213,-113.36
2026-08-31T09:00:00.000Z,SYNTH_CELL_C,214,-108.53
2026-08-31T09:00:00.000Z,SYNTH_CELL_C,215,-108.94
2026-08-31T09:00:00.000Z,SYNTH_CELL_C,216,-110.95
2026-08-31T09:00:00.000Z,SYNTH_CELL_C,217,-109.78
2026-08-31T09:00:00.000Z,SYNTH_CELL_C,218,-111.21
2026-08-31T09:00:00.000Z,SYNTH_CELL_C,219,-112.49
2026-08-31T09:00:00.000Z,SYNTH_CELL_C,220,-107
2026-08-31T09:00:00.000Z,SYNTH_CELL_C,221,-111.21
2026-08-31T09:00:00.000Z,SYNTH_CELL_C,222,-112.22
2026-08-31T09:00:00.000Z,SYNTH_CELL_C,223,-112.17
2026-08-31T09:00:00.000Z,SYNTH_CELL_C,224,-107.36
2026-08-31T09:00:00.000Z,SYNTH_CELL_C,225,-113.27
2026-08-31T09:00:00.000Z,SYNTH_CELL_C,226,-109.04
2026-08-31T09:00:00.000Z,SYNTH_CELL_C,227,-111.45
2026-08-31T09:00:00.000Z,SYNTH_CELL_C,228,-113.64
2026-08-31T09:00:00.000Z,SYNTH_CELL_C,229,-110.12
2026-08-31T09:00:00.000Z,SYNTH_CELL_C,230,-110.94
2026-08-31T09:00:00.000Z,SYNTH_CELL_C,231,-112.35
2026-08-31T09:00:00.000Z,SYNTH_CELL_C,232,-111.95
2026-08-31T09:00:00.000Z,SYNTH_CELL_C,233,-107.07
2026-08-31T09:00:00.000Z,SYNTH_CELL_C,234,-113.78
2026-08-31T09:00:00.000Z,SYNTH_CELL_C,235,-111.16
2026-08-31T09:00:00.000Z,SYNTH_CELL_C,236,-113.58
2026-08-31T09:00:00.000Z,SYNTH_CELL_C,237,-113.39
2026-08-31T09:00:00.000Z,SYNTH_CELL_C,238,-108.66
2026-08-31T09:00:00.000Z,SYNTH_CELL_C,239,-109.35
2026-08-31T09:00:00.000Z,SYNTH_CELL_C,240,-110.61
2026-08-31T09:00:00.000Z,SYNTH_CELL_C,241,-108.22
2026-08-31T09:00:00.000Z,SYNTH_CELL_C,242,-110.57
2026-08-31T09:00:00.000Z,SYNTH_CELL_C,243,-111.45
2026-08-31T09:00:00.000Z,SYNTH_CELL_C,244,-107.55
2026-08-31T09:00:00.000Z,SYNTH_CELL_C,245,-112.43
2026-08-31T09:00:00.000Z,SYNTH_CELL_C,246,-108.89
2026-08-31T09:00:00.000Z,SYNTH_CELL_C,247,-109.97
2026-08-31T09:00:00.000Z,SYNTH_CELL_C,248,-109.79
2026-08-31T09:00:00.000Z,SYNTH_CELL_C,249,-107.75
2026-08-31T09:00:00.000Z,SYNTH_CELL_C,250,-107.84
2026-08-31T09:00:00.000Z,SYNTH_CELL_C,251,-113.7
2026-08-31T09:00:00.000Z,SYNTH_CELL_C,252,-110.77
2026-08-31T09:00:00.000Z,SYNTH_CELL_C,253,-111.25
2026-08-31T09:00:00.000Z,SYNTH_CELL_C,254,-109.17
2026-08-31T09:00:00.000Z,SYNTH_CELL_C,255,-107.59
2026-08-31T09:00:00.000Z,SYNTH_CELL_C,256,-112.32
2026-08-31T09:00:00.000Z,SYNTH_CELL_C,257,-111.77
2026-08-31T09:00:00.000Z,SYNTH_CELL_C,258,-107.03
2026-08-31T09:00:00.000Z,SYNTH_CELL_C,259,-112.84
2026-08-31T09:00:00.000Z,SYNTH_CELL_C,260,-107.65
2026-08-31T09:00:00.000Z,SYNTH_CELL_C,261,-113.83
2026-08-31T09:00:00.000Z,SYNTH_CELL_C,262,-108.01
2026-08-31T09:00:00.000Z,SYNTH_CELL_C,263,-109.8
2026-08-31T09:00:00.000Z,SYNTH_CELL_C,264,-110.46
2026-08-31T09:00:00.000Z,SYNTH_CELL_C,265,-107.73
2026-08-31T09:00:00.000Z,SYNTH_CELL_C,266,-112.93
2026-08-31T09:00:00.000Z,SYNTH_CELL_C,267,-111.45
2026-08-31T09:00:00.000Z,SYNTH_CELL_C,268,-90.08
2026-08-31T09:00:00.000Z,SYNTH_CELL_C,269,-113.58
2026-08-31T09:00:00.000Z,SYNTH_CELL_C,270,-108.36
2026-08-31T09:00:00.000Z,SYNTH_CELL_C,271,-108.31
2026-08-31T09:00:00.000Z,SYNTH_CELL_C,272,-113.19
2026-08-31T09:05:00.000Z,SYNTH_CELL_C,0,-110.05
2026-08-31T09:05:00.000Z,SYNTH_CELL_C,1,-112.84
2026-08-31T09:05:00.000Z,SYNTH_CELL_C,2,-107.76
2026-08-31T09:05:00.000Z,SYNTH_CELL_C,3,-112.36
2026-08-31T09:05:00.000Z,SYNTH_CELL_C,4,-111.46
2026-08-31T09:05:00.000Z,SYNTH_CELL_C,5,-110.23
2026-08-31T09:05:00.000Z,SYNTH_CELL_C,6,-108.94
2026-08-31T09:05:00.000Z,SYNTH_CELL_C,7,-111.75
2026-08-31T09:05:00.000Z,SYNTH_CELL_C,8,-88.81
2026-08-31T09:05:00.000Z,SYNTH_CELL_C,9,-108.4
2026-08-31T09:05:00.000Z,SYNTH_CELL_C,10,-112.44
2026-08-31T09:05:00.000Z,SYNTH_CELL_C,11,-113.03
2026-08-31T09:05:00.000Z,SYNTH_CELL_C,12,-113.66
2026-08-31T09:05:00.000Z,SYNTH_CELL_C,13,-111.21
2026-08-31T09:05:00.000Z,SYNTH_CELL_C,14,-112.45
2026-08-31T09:05:00.000Z,SYNTH_CELL_C,15,-110.52
2026-08-31T09:05:00.000Z,SYNTH_CELL_C,16,-107.5
2026-08-31T09:05:00.000Z,SYNTH_CELL_C,17,-113.12
2026-08-31T09:05:00.000Z,SYNTH_CELL_C,18,-109.72
2026-08-31T09:05:00.000Z,SYNTH_CELL_C,19,-109.19
2026-08-31T09:05:00.000Z,SYNTH_CELL_C,20,-113.63
2026-08-31T09:05:00.000Z,SYNTH_CELL_C,21,-112.68
2026-08-31T09:05:00.000Z,SYNTH_CELL_C,22,-110.67
2026-08-31T09:05:00.000Z,SYNTH_CELL_C,23,-112.92
2026-08-31T09:05:00.000Z,SYNTH_CELL_C,24,-109.52
2026-08-31T09:05:00.000Z,SYNTH_CELL_C,25,-110.46
2026-08-31T09:05:00.000Z,SYNTH_CELL_C,26,-107.21
2026-08-31T09:05:00.000Z,SYNTH_CELL_C,27,-110.89
2026-08-31T09:05:00.000Z,SYNTH_CELL_C,28,-109.29
2026-08-31T09:05:00.000Z,SYNTH_CELL_C,29,-111.76
2026-08-31T09:05:00.000Z,SYNTH_CELL_C,30,-107.88
2026-08-31T09:05:00.000Z,SYNTH_CELL_C,31,-110.52
2026-08-31T09:05:00.000Z,SYNTH_CELL_C,32,-108.68
2026-08-31T09:05:00.000Z,SYNTH_CELL_C,33,-112.57
2026-08-31T09:05:00.000Z,SYNTH_CELL_C,34,-108.96
2026-08-31T09:05:00.000Z,SYNTH_CELL_C,35,-111.26
2026-08-31T09:05:00.000Z,SYNTH_CELL_C,36,-110.47
2026-08-31T09:05:00.000Z,SYNTH_CELL_C,37,-110
2026-08-31T09:05:00.000Z,SYNTH_CELL_C,38,-111.35
2026-08-31T09:05:00.000Z,SYNTH_CELL_C,39,-109.37
2026-08-31T09:05:00.000Z,SYNTH_CELL_C,40,-112.02
2026-08-31T09:05:00.000Z,SYNTH_CELL_C,41,-108.26
2026-08-31T09:05:00.000Z,SYNTH_CELL_C,42,-107.02
2026-08-31T09:05:00.000Z,SYNTH_CELL_C,43,-111.96
2026-08-31T09:05:00.000Z,SYNTH_CELL_C,44,-111.9
2026-08-31T09:05:00.000Z,SYNTH_CELL_C,45,-112.38
2026-08-31T09:05:00.000Z,SYNTH_CELL_C,46,-113.04
2026-08-31T09:05:00.000Z,SYNTH_CELL_C,47,-110.14
2026-08-31T09:05:00.000Z,SYNTH_CELL_C,48,-108.55
2026-08-31T09:05:00.000Z,SYNTH_CELL_C,49,-108.69
2026-08-31T09:05:00.000Z,SYNTH_CELL_C,50,-107.1
2026-08-31T09:05:00.000Z,SYNTH_CELL_C,51,-108.47
2026-08-31T09:05:00.000Z,SYNTH_CELL_C,52,-112.88
2026-08-31T09:05:00.000Z,SYNTH_CELL_C,53,-107.95
2026-08-31T09:05:00.000Z,SYNTH_CELL_C,54,-110.51
2026-08-31T09:05:00.000Z,SYNTH_CELL_C,55,-111.69
2026-08-31T09:05:00.000Z,SYNTH_CELL_C,56,-113
2026-08-31T09:05:00.000Z,SYNTH_CELL_C,57,-110.36
2026-08-31T09:05:00.000Z,SYNTH_CELL_C,58,-111.75
2026-08-31T09:05:00.000Z,SYNTH_CELL_C,59,-109.69
2026-08-31T09:05:00.000Z,SYNTH_CELL_C,60,-110.68
2026-08-31T09:05:00.000Z,SYNTH_CELL_C,61,-110.37
2026-08-31T09:05:00.000Z,SYNTH_CELL_C,62,-111.28
2026-08-31T09:05:00.000Z,SYNTH_CELL_C,63,-108.9
2026-08-31T09:05:00.000Z,SYNTH_CELL_C,64,-111.86
2026-08-31T09:05:00.000Z,SYNTH_CELL_C,65,-112.38
2026-08-31T09:05:00.000Z,SYNTH_CELL_C,66,-113.74
2026-08-31T09:05:00.000Z,SYNTH_CELL_C,67,-111.2
2026-08-31T09:05:00.000Z,SYNTH_CELL_C,68,-113.64
2026-08-31T09:05:00.000Z,SYNTH_CELL_C,69,-107.69
2026-08-31T09:05:00.000Z,SYNTH_CELL_C,70,-110.07
2026-08-31T09:05:00.000Z,SYNTH_CELL_C,71,-109.65
2026-08-31T09:05:00.000Z,SYNTH_CELL_C,72,-109.79
2026-08-31T09:05:00.000Z,SYNTH_CELL_C,73,-109.84
2026-08-31T09:05:00.000Z,SYNTH_CELL_C,74,-113.43
2026-08-31T09:05:00.000Z,SYNTH_CELL_C,75,-107.33
2026-08-31T09:05:00.000Z,SYNTH_CELL_C,76,-108.13
2026-08-31T09:05:00.000Z,SYNTH_CELL_C,77,-107.82
2026-08-31T09:05:00.000Z,SYNTH_CELL_C,78,-109.32
2026-08-31T09:05:00.000Z,SYNTH_CELL_C,79,-109.82
2026-08-31T09:05:00.000Z,SYNTH_CELL_C,80,-111.53
2026-08-31T09:05:00.000Z,SYNTH_CELL_C,81,-111.76
2026-08-31T09:05:00.000Z,SYNTH_CELL_C,82,-109.35
2026-08-31T09:05:00.000Z,SYNTH_CELL_C,83,-111.99
2026-08-31T09:05:00.000Z,SYNTH_CELL_C,84,-111.51
2026-08-31T09:05:00.000Z,SYNTH_CELL_C,85,-108.72
2026-08-31T09:05:00.000Z,SYNTH_CELL_C,86,-112.92
2026-08-31T09:05:00.000Z,SYNTH_CELL_C,87,-113.83
2026-08-31T09:05:00.000Z,SYNTH_CELL_C,88,-88.98
2026-08-31T09:05:00.000Z,SYNTH_CELL_C,89,-110.57
2026-08-31T09:05:00.000Z,SYNTH_CELL_C,90,-109.84
2026-08-31T09:05:00.000Z,SYNTH_CELL_C,91,-109.28
2026-08-31T09:05:00.000Z,SYNTH_CELL_C,92,-112.83
2026-08-31T09:05:00.000Z,SYNTH_CELL_C,93,-111.85
2026-08-31T09:05:00.000Z,SYNTH_CELL_C,94,-109.95
2026-08-31T09:05:00.000Z,SYNTH_CELL_C,95,-111.25
2026-08-31T09:05:00.000Z,SYNTH_CELL_C,96,-109.41
2026-08-31T09:05:00.000Z,SYNTH_CELL_C,97,-111.9
2026-08-31T09:05:00.000Z,SYNTH_CELL_C,98,-108.34
2026-08-31T09:05:00.000Z,SYNTH_CELL_C,99,-107.97
2026-08-31T09:05:00.000Z,SYNTH_CELL_C,100,-107.47
2026-08-31T09:05:00.000Z,SYNTH_CELL_C,101,-110.62
2026-08-31T09:05:00.000Z,SYNTH_CELL_C,102,-111.94
2026-08-31T09:05:00.000Z,SYNTH_CELL_C,103,-112.19
2026-08-31T09:05:00.000Z,SYNTH_CELL_C,104,-111.16
2026-08-31T09:05:00.000Z,SYNTH_CELL_C,105,-113.28
2026-08-31T09:05:00.000Z,SYNTH_CELL_C,106,-107.77
2026-08-31T09:05:00.000Z,SYNTH_CELL_C,107,-107.8
2026-08-31T09:05:00.000Z,SYNTH_CELL_C,108,-111.55
2026-08-31T09:05:00.000Z,SYNTH_CELL_C,109,-110
2026-08-31T09:05:00.000Z,SYNTH_CELL_C,110,-112.47
2026-08-31T09:05:00.000Z,SYNTH_CELL_C,111,-111.41
2026-08-31T09:05:00.000Z,SYNTH_CELL_C,112,-109.78
2026-08-31T09:05:00.000Z,SYNTH_CELL_C,113,-107.76
2026-08-31T09:05:00.000Z,SYNTH_CELL_C,114,-113.04
2026-08-31T09:05:00.000Z,SYNTH_CELL_C,115,-111.89
2026-08-31T09:05:00.000Z,SYNTH_CELL_C,116,-108.29
2026-08-31T09:05:00.000Z,SYNTH_CELL_C,117,-110.63
2026-08-31T09:05:00.000Z,SYNTH_CELL_C,118,-108.14
2026-08-31T09:05:00.000Z,SYNTH_CELL_C,119,-112.62
2026-08-31T09:05:00.000Z,SYNTH_CELL_C,120,-110.95
2026-08-31T09:05:00.000Z,SYNTH_CELL_C,121,-112.21
2026-08-31T09:05:00.000Z,SYNTH_CELL_C,122,-108.95
2026-08-31T09:05:00.000Z,SYNTH_CELL_C,123,-109.32
2026-08-31T09:05:00.000Z,SYNTH_CELL_C,124,-110.39
2026-08-31T09:05:00.000Z,SYNTH_CELL_C,125,-108.26
2026-08-31T09:05:00.000Z,SYNTH_CELL_C,126,-112.65
2026-08-31T09:05:00.000Z,SYNTH_CELL_C,127,-109.66
2026-08-31T09:05:00.000Z,SYNTH_CELL_C,128,-110.37
2026-08-31T09:05:00.000Z,SYNTH_CELL_C,129,-109.36
2026-08-31T09:05:00.000Z,SYNTH_CELL_C,130,-110.48
2026-08-31T09:05:00.000Z,SYNTH_CELL_C,131,-111.37
2026-08-31T09:05:00.000Z,SYNTH_CELL_C,132,-112.31
2026-08-31T09:05:00.000Z,SYNTH_CELL_C,133,-112.81
2026-08-31T09:05:00.000Z,SYNTH_CELL_C,134,-108.5
2026-08-31T09:05:00.000Z,SYNTH_CELL_C,135,-109.99
2026-08-31T09:05:00.000Z,SYNTH_CELL_C,136,-107.03
2026-08-31T09:05:00.000Z,SYNTH_CELL_C,137,-111.47
2026-08-31T09:05:00.000Z,SYNTH_CELL_C,138,-111.05
2026-08-31T09:05:00.000Z,SYNTH_CELL_C,139,-109.18
2026-08-31T09:05:00.000Z,SYNTH_CELL_C,140,-112.73
2026-08-31T09:05:00.000Z,SYNTH_CELL_C,141,-112.64
2026-08-31T09:05:00.000Z,SYNTH_CELL_C,142,-108.02
2026-08-31T09:05:00.000Z,SYNTH_CELL_C,143,-113.24
2026-08-31T09:05:00.000Z,SYNTH_CELL_C,144,-111.36
2026-08-31T09:05:00.000Z,SYNTH_CELL_C,145,-111.6
2026-08-31T09:05:00.000Z,SYNTH_CELL_C,146,-107.23
2026-08-31T09:05:00.000Z,SYNTH_CELL_C,147,-109.97
2026-08-31T09:05:00.000Z,SYNTH_CELL_C,148,-113.77
2026-08-31T09:05:00.000Z,SYNTH_CELL_C,149,-111.75
2026-08-31T09:05:00.000Z,SYNTH_CELL_C,150,-113.13
2026-08-31T09:05:00.000Z,SYNTH_CELL_C,151,-107.11
2026-08-31T09:05:00.000Z,SYNTH_CELL_C,152,-107.9
2026-08-31T09:05:00.000Z,SYNTH_CELL_C,153,-107.65
2026-08-31T09:05:00.000Z,SYNTH_CELL_C,154,-107.32
2026-08-31T09:05:00.000Z,SYNTH_CELL_C,155,-111.23
2026-08-31T09:05:00.000Z,SYNTH_CELL_C,156,-113.52
2026-08-31T09:05:00.000Z,SYNTH_CELL_C,157,-108.76
2026-08-31T09:05:00.000Z,SYNTH_CELL_C,158,-107.51
2026-08-31T09:05:00.000Z,SYNTH_CELL_C,159,-112.25
2026-08-31T09:05:00.000Z,SYNTH_CELL_C,160,-112.26
2026-08-31T09:05:00.000Z,SYNTH_CELL_C,161,-112.82
2026-08-31T09:05:00.000Z,SYNTH_CELL_C,162,-108.52
2026-08-31T09:05:00.000Z,SYNTH_CELL_C,163,-108.87
2026-08-31T09:05:00.000Z,SYNTH_CELL_C,164,-111.67
2026-08-31T09:05:00.000Z,SYNTH_CELL_C,165,-113.34
2026-08-31T09:05:00.000Z,SYNTH_CELL_C,166,-108.39
2026-08-31T09:05:00.000Z,SYNTH_CELL_C,167,-112.02
2026-08-31T09:05:00.000Z,SYNTH_CELL_C,168,-112.3
2026-08-31T09:05:00.000Z,SYNTH_CELL_C,169,-113
2026-08-31T09:05:00.000Z,SYNTH_CELL_C,170,-107.48
2026-08-31T09:05:00.000Z,SYNTH_CELL_C,171,-112.16
2026-08-31T09:05:00.000Z,SYNTH_CELL_C,172,-110.92
2026-08-31T09:05:00.000Z,SYNTH_CELL_C,173,-107.78
2026-08-31T09:05:00.000Z,SYNTH_CELL_C,174,-108.9
2026-08-31T09:05:00.000Z,SYNTH_CELL_C,175,-108.23
2026-08-31T09:05:00.000Z,SYNTH_CELL_C,176,-112.24
2026-08-31T09:05:00.000Z,SYNTH_CELL_C,177,-111.68
2026-08-31T09:05:00.000Z,SYNTH_CELL_C,178,-113.57
2026-08-31T09:05:00.000Z,SYNTH_CELL_C,179,-113.92
2026-08-31T09:05:00.000Z,SYNTH_CELL_C,180,-107.44
2026-08-31T09:05:00.000Z,SYNTH_CELL_C,181,-109.27
2026-08-31T09:05:00.000Z,SYNTH_CELL_C,182,-110.45
2026-08-31T09:05:00.000Z,SYNTH_CELL_C,183,-112.48
2026-08-31T09:05:00.000Z,SYNTH_CELL_C,184,-111.24
2026-08-31T09:05:00.000Z,SYNTH_CELL_C,185,-110.75
2026-08-31T09:05:00.000Z,SYNTH_CELL_C,186,-111.52
2026-08-31T09:05:00.000Z,SYNTH_CELL_C,187,-113.71
2026-08-31T09:05:00.000Z,SYNTH_CELL_C,188,-91.03
2026-08-31T09:05:00.000Z,SYNTH_CELL_C,189,-112.56
2026-08-31T09:05:00.000Z,SYNTH_CELL_C,190,-113.4
2026-08-31T09:05:00.000Z,SYNTH_CELL_C,191,-109.09
2026-08-31T09:05:00.000Z,SYNTH_CELL_C,192,-111.1
2026-08-31T09:05:00.000Z,SYNTH_CELL_C,193,-109.86
2026-08-31T09:05:00.000Z,SYNTH_CELL_C,194,-112.27
2026-08-31T09:05:00.000Z,SYNTH_CELL_C,195,-113.31
2026-08-31T09:05:00.000Z,SYNTH_CELL_C,196,-111.59
2026-08-31T09:05:00.000Z,SYNTH_CELL_C,197,-110.92
2026-08-31T09:05:00.000Z,SYNTH_CELL_C,198,-110.15
2026-08-31T09:05:00.000Z,SYNTH_CELL_C,199,-109.33
2026-08-31T09:05:00.000Z,SYNTH_CELL_C,200,-107.3
2026-08-31T09:05:00.000Z,SYNTH_CELL_C,201,-110.49
2026-08-31T09:05:00.000Z,SYNTH_CELL_C,202,-113.51
2026-08-31T09:05:00.000Z,SYNTH_CELL_C,203,-112.78
2026-08-31T09:05:00.000Z,SYNTH_CELL_C,204,-107.26
2026-08-31T09:05:00.000Z,SYNTH_CELL_C,205,-112.1
2026-08-31T09:05:00.000Z,SYNTH_CELL_C,206,-111
2026-08-31T09:05:00.000Z,SYNTH_CELL_C,207,-109.96
2026-08-31T09:05:00.000Z,SYNTH_CELL_C,208,-113.04
2026-08-31T09:05:00.000Z,SYNTH_CELL_C,209,-107.47
2026-08-31T09:05:00.000Z,SYNTH_CELL_C,210,-108.57
2026-08-31T09:05:00.000Z,SYNTH_CELL_C,211,-113.34
2026-08-31T09:05:00.000Z,SYNTH_CELL_C,212,-112.74
2026-08-31T09:05:00.000Z,SYNTH_CELL_C,213,-109.84
2026-08-31T09:05:00.000Z,SYNTH_CELL_C,214,-110.67
2026-08-31T09:05:00.000Z,SYNTH_CELL_C,215,-109.64
2026-08-31T09:05:00.000Z,SYNTH_CELL_C,216,-112.68
2026-08-31T09:05:00.000Z,SYNTH_CELL_C,217,-107.63
2026-08-31T09:05:00.000Z,SYNTH_CELL_C,218,-111.48
2026-08-31T09:05:00.000Z,SYNTH_CELL_C,219,-109.67
2026-08-31T09:05:00.000Z,SYNTH_CELL_C,220,-109.48
2026-08-31T09:05:00.000Z,SYNTH_CELL_C,221,-112.26
2026-08-31T09:05:00.000Z,SYNTH_CELL_C,222,-111.14
2026-08-31T09:05:00.000Z,SYNTH_CELL_C,223,-110.11
2026-08-31T09:05:00.000Z,SYNTH_CELL_C,224,-108.43
2026-08-31T09:05:00.000Z,SYNTH_CELL_C,225,-110.67
2026-08-31T09:05:00.000Z,SYNTH_CELL_C,226,-108.36
2026-08-31T09:05:00.000Z,SYNTH_CELL_C,227,-113.57
2026-08-31T09:05:00.000Z,SYNTH_CELL_C,228,-111.62
2026-08-31T09:05:00.000Z,SYNTH_CELL_C,229,-110.89
2026-08-31T09:05:00.000Z,SYNTH_CELL_C,230,-112.27
2026-08-31T09:05:00.000Z,SYNTH_CELL_C,231,-108.45
2026-08-31T09:05:00.000Z,SYNTH_CELL_C,232,-111.56
2026-08-31T09:05:00.000Z,SYNTH_CELL_C,233,-111.98
2026-08-31T09:05:00.000Z,SYNTH_CELL_C,234,-110.81
2026-08-31T09:05:00.000Z,SYNTH_CELL_C,235,-113.1
2026-08-31T09:05:00.000Z,SYNTH_CELL_C,236,-111.43
2026-08-31T09:05:00.000Z,SYNTH_CELL_C,237,-110.35
2026-08-31T09:05:00.000Z,SYNTH_CELL_C,238,-107.96
2026-08-31T09:05:00.000Z,SYNTH_CELL_C,239,-109.06
2026-08-31T09:05:00.000Z,SYNTH_CELL_C,240,-109.31
2026-08-31T09:05:00.000Z,SYNTH_CELL_C,241,-107.05
2026-08-31T09:05:00.000Z,SYNTH_CELL_C,242,-110.96
2026-08-31T09:05:00.000Z,SYNTH_CELL_C,243,-108.4
2026-08-31T09:05:00.000Z,SYNTH_CELL_C,244,-109.37
2026-08-31T09:05:00.000Z,SYNTH_CELL_C,245,-109.01
2026-08-31T09:05:00.000Z,SYNTH_CELL_C,246,-109.42
2026-08-31T09:05:00.000Z,SYNTH_CELL_C,247,-110.1
2026-08-31T09:05:00.000Z,SYNTH_CELL_C,248,-110.94
2026-08-31T09:05:00.000Z,SYNTH_CELL_C,249,-110.64
2026-08-31T09:05:00.000Z,SYNTH_CELL_C,250,-109.31
2026-08-31T09:05:00.000Z,SYNTH_CELL_C,251,-113.7
2026-08-31T09:05:00.000Z,SYNTH_CELL_C,252,-110.19
2026-08-31T09:05:00.000Z,SYNTH_CELL_C,253,-111.74
2026-08-31T09:05:00.000Z,SYNTH_CELL_C,254,-109.23
2026-08-31T09:05:00.000Z,SYNTH_CELL_C,255,-113.76
2026-08-31T09:05:00.000Z,SYNTH_CELL_C,256,-113.95
2026-08-31T09:05:00.000Z,SYNTH_CELL_C,257,-109.49
2026-08-31T09:05:00.000Z,SYNTH_CELL_C,258,-109.63
2026-08-31T09:05:00.000Z,SYNTH_CELL_C,259,-110.43
2026-08-31T09:05:00.000Z,SYNTH_CELL_C,260,-109.21
2026-08-31T09:05:00.000Z,SYNTH_CELL_C,261,-113.92
2026-08-31T09:05:00.000Z,SYNTH_CELL_C,262,-112.35
2026-08-31T09:05:00.000Z,SYNTH_CELL_C,263,-109.07
2026-08-31T09:05:00.000Z,SYNTH_CELL_C,264,-113.45
2026-08-31T09:05:00.000Z,SYNTH_CELL_C,265,-110.7
2026-08-31T09:05:00.000Z,SYNTH_CELL_C,266,-109.69
2026-08-31T09:05:00.000Z,SYNTH_CELL_C,267,-109.32
2026-08-31T09:05:00.000Z,SYNTH_CELL_C,268,-89.2
2026-08-31T09:05:00.000Z,SYNTH_CELL_C,269,-111.91
2026-08-31T09:05:00.000Z,SYNTH_CELL_C,270,-111.14
2026-08-31T09:05:00.000Z,SYNTH_CELL_C,271,-112.88
2026-08-31T09:05:00.000Z,SYNTH_CELL_C,272,-113.84
2026-08-31T09:10:00.000Z,SYNTH_CELL_C,0,-112.48
2026-08-31T09:10:00.000Z,SYNTH_CELL_C,1,-112.94
2026-08-31T09:10:00.000Z,SYNTH_CELL_C,2,-111.95
2026-08-31T09:10:00.000Z,SYNTH_CELL_C,3,-110.71
2026-08-31T09:10:00.000Z,SYNTH_CELL_C,4,-111.07
2026-08-31T09:10:00.000Z,SYNTH_CELL_C,5,-111.82
2026-08-31T09:10:00.000Z,SYNTH_CELL_C,6,-107.35
2026-08-31T09:10:00.000Z,SYNTH_CELL_C,7,-111.8
2026-08-31T09:10:00.000Z,SYNTH_CELL_C,8,-92.18
2026-08-31T09:10:00.000Z,SYNTH_CELL_C,9,-113.4
2026-08-31T09:10:00.000Z,SYNTH_CELL_C,10,-108.62
2026-08-31T09:10:00.000Z,SYNTH_CELL_C,11,-112.8
2026-08-31T09:10:00.000Z,SYNTH_CELL_C,12,-107.15
2026-08-31T09:10:00.000Z,SYNTH_CELL_C,13,-113.95
2026-08-31T09:10:00.000Z,SYNTH_CELL_C,14,-110.31
2026-08-31T09:10:00.000Z,SYNTH_CELL_C,15,-107.92
2026-08-31T09:10:00.000Z,SYNTH_CELL_C,16,-112.28
2026-08-31T09:10:00.000Z,SYNTH_CELL_C,17,-108.43
2026-08-31T09:10:00.000Z,SYNTH_CELL_C,18,-112.32
2026-08-31T09:10:00.000Z,SYNTH_CELL_C,19,-110.39
2026-08-31T09:10:00.000Z,SYNTH_CELL_C,20,-107.18
2026-08-31T09:10:00.000Z,SYNTH_CELL_C,21,-111.57
2026-08-31T09:10:00.000Z,SYNTH_CELL_C,22,-111.41
2026-08-31T09:10:00.000Z,SYNTH_CELL_C,23,-113.28
2026-08-31T09:10:00.000Z,SYNTH_CELL_C,24,-107.6
2026-08-31T09:10:00.000Z,SYNTH_CELL_C,25,-107.22
2026-08-31T09:10:00.000Z,SYNTH_CELL_C,26,-108.55
2026-08-31T09:10:00.000Z,SYNTH_CELL_C,27,-111.32
2026-08-31T09:10:00.000Z,SYNTH_CELL_C,28,-107.41
2026-08-31T09:10:00.000Z,SYNTH_CELL_C,29,-107.62
2026-08-31T09:10:00.000Z,SYNTH_CELL_C,30,-111.67
2026-08-31T09:10:00.000Z,SYNTH_CELL_C,31,-113.3
2026-08-31T09:10:00.000Z,SYNTH_CELL_C,32,-107.24
2026-08-31T09:10:00.000Z,SYNTH_CELL_C,33,-111.65
2026-08-31T09:10:00.000Z,SYNTH_CELL_C,34,-113.36
2026-08-31T09:10:00.000Z,SYNTH_CELL_C,35,-109.17
2026-08-31T09:10:00.000Z,SYNTH_CELL_C,36,-111.53
2026-08-31T09:10:00.000Z,SYNTH_CELL_C,37,-108.61
2026-08-31T09:10:00.000Z,SYNTH_CELL_C,38,-107.46
2026-08-31T09:10:00.000Z,SYNTH_CELL_C,39,-110.12
2026-08-31T09:10:00.000Z,SYNTH_CELL_C,40,-108.87
2026-08-31T09:10:00.000Z,SYNTH_CELL_C,41,-112.37
2026-08-31T09:10:00.000Z,SYNTH_CELL_C,42,-110.39
2026-08-31T09:10:00.000Z,SYNTH_CELL_C,43,-113.71
2026-08-31T09:10:00.000Z,SYNTH_CELL_C,44,-113.42
2026-08-31T09:10:00.000Z,SYNTH_CELL_C,45,-113.27
2026-08-31T09:10:00.000Z,SYNTH_CELL_C,46,-111
2026-08-31T09:10:00.000Z,SYNTH_CELL_C,47,-112.16
2026-08-31T09:10:00.000Z,SYNTH_CELL_C,48,-107.63
2026-08-31T09:10:00.000Z,SYNTH_CELL_C,49,-107.54
2026-08-31T09:10:00.000Z,SYNTH_CELL_C,50,-111.18
2026-08-31T09:10:00.000Z,SYNTH_CELL_C,51,-107.75
2026-08-31T09:10:00.000Z,SYNTH_CELL_C,52,-110.81
2026-08-31T09:10:00.000Z,SYNTH_CELL_C,53,-112.4
2026-08-31T09:10:00.000Z,SYNTH_CELL_C,54,-110.91
2026-08-31T09:10:00.000Z,SYNTH_CELL_C,55,-113.39
2026-08-31T09:10:00.000Z,SYNTH_CELL_C,56,-109.05
2026-08-31T09:10:00.000Z,SYNTH_CELL_C,57,-109.91
2026-08-31T09:10:00.000Z,SYNTH_CELL_C,58,-109.03
2026-08-31T09:10:00.000Z,SYNTH_CELL_C,59,-109.41
2026-08-31T09:10:00.000Z,SYNTH_CELL_C,60,-112.93
2026-08-31T09:10:00.000Z,SYNTH_CELL_C,61,-107.45
2026-08-31T09:10:00.000Z,SYNTH_CELL_C,62,-113.3
2026-08-31T09:10:00.000Z,SYNTH_CELL_C,63,-109.61
2026-08-31T09:10:00.000Z,SYNTH_CELL_C,64,-113.31
2026-08-31T09:10:00.000Z,SYNTH_CELL_C,65,-111.16
2026-08-31T09:10:00.000Z,SYNTH_CELL_C,66,-112.03
2026-08-31T09:10:00.000Z,SYNTH_CELL_C,67,-111.83
2026-08-31T09:10:00.000Z,SYNTH_CELL_C,68,-110.79
2026-08-31T09:10:00.000Z,SYNTH_CELL_C,69,-109.38
2026-08-31T09:10:00.000Z,SYNTH_CELL_C,70,-112.59
2026-08-31T09:10:00.000Z,SYNTH_CELL_C,71,-107.17
2026-08-31T09:10:00.000Z,SYNTH_CELL_C,72,-107.63
2026-08-31T09:10:00.000Z,SYNTH_CELL_C,73,-107.56
2026-08-31T09:10:00.000Z,SYNTH_CELL_C,74,-107.87
2026-08-31T09:10:00.000Z,SYNTH_CELL_C,75,-112.34
2026-08-31T09:10:00.000Z,SYNTH_CELL_C,76,-111.73
2026-08-31T09:10:00.000Z,SYNTH_CELL_C,77,-108.92
2026-08-31T09:10:00.000Z,SYNTH_CELL_C,78,-110.88
2026-08-31T09:10:00.000Z,SYNTH_CELL_C,79,-112.59
2026-08-31T09:10:00.000Z,SYNTH_CELL_C,80,-111.09
2026-08-31T09:10:00.000Z,SYNTH_CELL_C,81,-110.55
2026-08-31T09:10:00.000Z,SYNTH_CELL_C,82,-111.18
2026-08-31T09:10:00.000Z,SYNTH_CELL_C,83,-110.92
2026-08-31T09:10:00.000Z,SYNTH_CELL_C,84,-110.11
2026-08-31T09:10:00.000Z,SYNTH_CELL_C,85,-107.64
2026-08-31T09:10:00.000Z,SYNTH_CELL_C,86,-107.09
2026-08-31T09:10:00.000Z,SYNTH_CELL_C,87,-108.28
2026-08-31T09:10:00.000Z,SYNTH_CELL_C,88,-88.85
2026-08-31T09:10:00.000Z,SYNTH_CELL_C,89,-112.74
2026-08-31T09:10:00.000Z,SYNTH_CELL_C,90,-108.96
2026-08-31T09:10:00.000Z,SYNTH_CELL_C,91,-112.86
2026-08-31T09:10:00.000Z,SYNTH_CELL_C,92,-109.24
2026-08-31T09:10:00.000Z,SYNTH_CELL_C,93,-113.02
2026-08-31T09:10:00.000Z,SYNTH_CELL_C,94,-113.31
2026-08-31T09:10:00.000Z,SYNTH_CELL_C,95,-108.5
2026-08-31T09:10:00.000Z,SYNTH_CELL_C,96,-113.12
2026-08-31T09:10:00.000Z,SYNTH_CELL_C,97,-112.92
2026-08-31T09:10:00.000Z,SYNTH_CELL_C,98,-110.66
2026-08-31T09:10:00.000Z,SYNTH_CELL_C,99,-108.5
2026-08-31T09:10:00.000Z,SYNTH_CELL_C,100,-111.68
2026-08-31T09:10:00.000Z,SYNTH_CELL_C,101,-108.3
2026-08-31T09:10:00.000Z,SYNTH_CELL_C,102,-112.53
2026-08-31T09:10:00.000Z,SYNTH_CELL_C,103,-113.37
2026-08-31T09:10:00.000Z,SYNTH_CELL_C,104,-107.99
2026-08-31T09:10:00.000Z,SYNTH_CELL_C,105,-111.85
2026-08-31T09:10:00.000Z,SYNTH_CELL_C,106,-113.25
2026-08-31T09:10:00.000Z,SYNTH_CELL_C,107,-112.98
2026-08-31T09:10:00.000Z,SYNTH_CELL_C,108,-108.85
2026-08-31T09:10:00.000Z,SYNTH_CELL_C,109,-111.17
2026-08-31T09:10:00.000Z,SYNTH_CELL_C,110,-111.76
2026-08-31T09:10:00.000Z,SYNTH_CELL_C,111,-112.84
2026-08-31T09:10:00.000Z,SYNTH_CELL_C,112,-113.37
2026-08-31T09:10:00.000Z,SYNTH_CELL_C,113,-107.46
2026-08-31T09:10:00.000Z,SYNTH_CELL_C,114,-108.68
2026-08-31T09:10:00.000Z,SYNTH_CELL_C,115,-108.33
2026-08-31T09:10:00.000Z,SYNTH_CELL_C,116,-111.33
2026-08-31T09:10:00.000Z,SYNTH_CELL_C,117,-109.54
2026-08-31T09:10:00.000Z,SYNTH_CELL_C,118,-112.81
2026-08-31T09:10:00.000Z,SYNTH_CELL_C,119,-112.78
2026-08-31T09:10:00.000Z,SYNTH_CELL_C,120,-111.56
2026-08-31T09:10:00.000Z,SYNTH_CELL_C,121,-112.19
2026-08-31T09:10:00.000Z,SYNTH_CELL_C,122,-107.11
2026-08-31T09:10:00.000Z,SYNTH_CELL_C,123,-107.26
2026-08-31T09:10:00.000Z,SYNTH_CELL_C,124,-108.24
2026-08-31T09:10:00.000Z,SYNTH_CELL_C,125,-108.65
2026-08-31T09:10:00.000Z,SYNTH_CELL_C,126,-113.1
2026-08-31T09:10:00.000Z,SYNTH_CELL_C,127,-109.14
2026-08-31T09:10:00.000Z,SYNTH_CELL_C,128,-110.3
2026-08-31T09:10:00.000Z,SYNTH_CELL_C,129,-110.49
2026-08-31T09:10:00.000Z,SYNTH_CELL_C,130,-107.97
2026-08-31T09:10:00.000Z,SYNTH_CELL_C,131,-108.4
2026-08-31T09:10:00.000Z,SYNTH_CELL_C,132,-113.8
2026-08-31T09:10:00.000Z,SYNTH_CELL_C,133,-112.54
2026-08-31T09:10:00.000Z,SYNTH_CELL_C,134,-108.02
2026-08-31T09:10:00.000Z,SYNTH_CELL_C,135,-110.53
2026-08-31T09:10:00.000Z,SYNTH_CELL_C,136,-107.38
2026-08-31T09:10:00.000Z,SYNTH_CELL_C,137,-109.08
2026-08-31T09:10:00.000Z,SYNTH_CELL_C,138,-109.94
2026-08-31T09:10:00.000Z,SYNTH_CELL_C,139,-112.11
2026-08-31T09:10:00.000Z,SYNTH_CELL_C,140,-109.96
2026-08-31T09:10:00.000Z,SYNTH_CELL_C,141,-112.99
2026-08-31T09:10:00.000Z,SYNTH_CELL_C,142,-112.64
2026-08-31T09:10:00.000Z,SYNTH_CELL_C,143,-107.81
2026-08-31T09:10:00.000Z,SYNTH_CELL_C,144,-113.76
2026-08-31T09:10:00.000Z,SYNTH_CELL_C,145,-108.77
2026-08-31T09:10:00.000Z,SYNTH_CELL_C,146,-107.28
2026-08-31T09:10:00.000Z,SYNTH_CELL_C,147,-108.59
2026-08-31T09:10:00.000Z,SYNTH_CELL_C,148,-113.9
2026-08-31T09:10:00.000Z,SYNTH_CELL_C,149,-108.09
2026-08-31T09:10:00.000Z,SYNTH_CELL_C,150,-111.42
2026-08-31T09:10:00.000Z,SYNTH_CELL_C,151,-108.74
2026-08-31T09:10:00.000Z,SYNTH_CELL_C,152,-112.12
2026-08-31T09:10:00.000Z,SYNTH_CELL_C,153,-112.44
2026-08-31T09:10:00.000Z,SYNTH_CELL_C,154,-107.01
2026-08-31T09:10:00.000Z,SYNTH_CELL_C,155,-107.25
2026-08-31T09:10:00.000Z,SYNTH_CELL_C,156,-107.95
2026-08-31T09:10:00.000Z,SYNTH_CELL_C,157,-109.34
2026-08-31T09:10:00.000Z,SYNTH_CELL_C,158,-112.77
2026-08-31T09:10:00.000Z,SYNTH_CELL_C,159,-113.94
2026-08-31T09:10:00.000Z,SYNTH_CELL_C,160,-112.17
2026-08-31T09:10:00.000Z,SYNTH_CELL_C,161,-109.42
2026-08-31T09:10:00.000Z,SYNTH_CELL_C,162,-110.64
2026-08-31T09:10:00.000Z,SYNTH_CELL_C,163,-112.49
2026-08-31T09:10:00.000Z,SYNTH_CELL_C,164,-112.22
2026-08-31T09:10:00.000Z,SYNTH_CELL_C,165,-112.42
2026-08-31T09:10:00.000Z,SYNTH_CELL_C,166,-113.22
2026-08-31T09:10:00.000Z,SYNTH_CELL_C,167,-113.45
2026-08-31T09:10:00.000Z,SYNTH_CELL_C,168,-108.76
2026-08-31T09:10:00.000Z,SYNTH_CELL_C,169,-107.2
2026-08-31T09:10:00.000Z,SYNTH_CELL_C,170,-113.35
2026-08-31T09:10:00.000Z,SYNTH_CELL_C,171,-108.19
2026-08-31T09:10:00.000Z,SYNTH_CELL_C,172,-111.28
2026-08-31T09:10:00.000Z,SYNTH_CELL_C,173,-112.47
2026-08-31T09:10:00.000Z,SYNTH_CELL_C,174,-111.98
2026-08-31T09:10:00.000Z,SYNTH_CELL_C,175,-112.32
2026-08-31T09:10:00.000Z,SYNTH_CELL_C,176,-107.29
2026-08-31T09:10:00.000Z,SYNTH_CELL_C,177,-110.96
2026-08-31T09:10:00.000Z,SYNTH_CELL_C,178,-112.69
2026-08-31T09:10:00.000Z,SYNTH_CELL_C,179,-109.45
2026-08-31T09:10:00.000Z,SYNTH_CELL_C,180,-110.4
2026-08-31T09:10:00.000Z,SYNTH_CELL_C,181,-107.51
2026-08-31T09:10:00.000Z,SYNTH_CELL_C,182,-111.49
2026-08-31T09:10:00.000Z,SYNTH_CELL_C,183,-111.51
2026-08-31T09:10:00.000Z,SYNTH_CELL_C,184,-112.92
2026-08-31T09:10:00.000Z,SYNTH_CELL_C,185,-107.45
2026-08-31T09:10:00.000Z,SYNTH_CELL_C,186,-110.46
2026-08-31T09:10:00.000Z,SYNTH_CELL_C,187,-111.01
2026-08-31T09:10:00.000Z,SYNTH_CELL_C,188,-91.71
2026-08-31T09:10:00.000Z,SYNTH_CELL_C,189,-112.6
2026-08-31T09:10:00.000Z,SYNTH_CELL_C,190,-113.98
2026-08-31T09:10:00.000Z,SYNTH_CELL_C,191,-113.5
2026-08-31T09:10:00.000Z,SYNTH_CELL_C,192,-110.13
2026-08-31T09:10:00.000Z,SYNTH_CELL_C,193,-112.94
2026-08-31T09:10:00.000Z,SYNTH_CELL_C,194,-108.52
2026-08-31T09:10:00.000Z,SYNTH_CELL_C,195,-109.29
2026-08-31T09:10:00.000Z,SYNTH_CELL_C,196,-110.8
2026-08-31T09:10:00.000Z,SYNTH_CELL_C,197,-108.15
2026-08-31T09:10:00.000Z,SYNTH_CELL_C,198,-110.8
2026-08-31T09:10:00.000Z,SYNTH_CELL_C,199,-109.54
2026-08-31T09:10:00.000Z,SYNTH_CELL_C,200,-107.39
2026-08-31T09:10:00.000Z,SYNTH_CELL_C,201,-109.01
2026-08-31T09:10:00.000Z,SYNTH_CELL_C,202,-110.34
2026-08-31T09:10:00.000Z,SYNTH_CELL_C,203,-112.75
2026-08-31T09:10:00.000Z,SYNTH_CELL_C,204,-111.2
2026-08-31T09:10:00.000Z,SYNTH_CELL_C,205,-110.69
2026-08-31T09:10:00.000Z,SYNTH_CELL_C,206,-110.28
2026-08-31T09:10:00.000Z,SYNTH_CELL_C,207,-112.57
2026-08-31T09:10:00.000Z,SYNTH_CELL_C,208,-108.57
2026-08-31T09:10:00.000Z,SYNTH_CELL_C,209,-113.94
2026-08-31T09:10:00.000Z,SYNTH_CELL_C,210,-113.72
2026-08-31T09:10:00.000Z,SYNTH_CELL_C,211,-111.15
2026-08-31T09:10:00.000Z,SYNTH_CELL_C,212,-111.15
2026-08-31T09:10:00.000Z,SYNTH_CELL_C,213,-109.25
2026-08-31T09:10:00.000Z,SYNTH_CELL_C,214,-112.11
2026-08-31T09:10:00.000Z,SYNTH_CELL_C,215,-108.91
2026-08-31T09:10:00.000Z,SYNTH_CELL_C,216,-110.86
2026-08-31T09:10:00.000Z,SYNTH_CELL_C,217,-107.12
2026-08-31T09:10:00.000Z,SYNTH_CELL_C,218,-111.92
2026-08-31T09:10:00.000Z,SYNTH_CELL_C,219,-112.02
2026-08-31T09:10:00.000Z,SYNTH_CELL_C,220,-108.35
2026-08-31T09:10:00.000Z,SYNTH_CELL_C,221,-108.48
2026-08-31T09:10:00.000Z,SYNTH_CELL_C,222,-109.18
2026-08-31T09:10:00.000Z,SYNTH_CELL_C,223,-107.74
2026-08-31T09:10:00.000Z,SYNTH_CELL_C,224,-110.84
2026-08-31T09:10:00.000Z,SYNTH_CELL_C,225,-112.82
2026-08-31T09:10:00.000Z,SYNTH_CELL_C,226,-110.7
2026-08-31T09:10:00.000Z,SYNTH_CELL_C,227,-112
2026-08-31T09:10:00.000Z,SYNTH_CELL_C,228,-113.78
2026-08-31T09:10:00.000Z,SYNTH_CELL_C,229,-107.09
2026-08-31T09:10:00.000Z,SYNTH_CELL_C,230,-111.38
2026-08-31T09:10:00.000Z,SYNTH_CELL_C,231,-113.67
2026-08-31T09:10:00.000Z,SYNTH_CELL_C,232,-109
2026-08-31T09:10:00.000Z,SYNTH_CELL_C,233,-112.22
2026-08-31T09:10:00.000Z,SYNTH_CELL_C,234,-112.19
2026-08-31T09:10:00.000Z,SYNTH_CELL_C,235,-111.14
2026-08-31T09:10:00.000Z,SYNTH_CELL_C,236,-112.57
2026-08-31T09:10:00.000Z,SYNTH_CELL_C,237,-111.75
2026-08-31T09:10:00.000Z,SYNTH_CELL_C,238,-108.97
2026-08-31T09:10:00.000Z,SYNTH_CELL_C,239,-108.05
2026-08-31T09:10:00.000Z,SYNTH_CELL_C,240,-107.59
2026-08-31T09:10:00.000Z,SYNTH_CELL_C,241,-107.55
2026-08-31T09:10:00.000Z,SYNTH_CELL_C,242,-108.29
2026-08-31T09:10:00.000Z,SYNTH_CELL_C,243,-109.92
2026-08-31T09:10:00.000Z,SYNTH_CELL_C,244,-112
2026-08-31T09:10:00.000Z,SYNTH_CELL_C,245,-113.54
2026-08-31T09:10:00.000Z,SYNTH_CELL_C,246,-107.14
2026-08-31T09:10:00.000Z,SYNTH_CELL_C,247,-108.02
2026-08-31T09:10:00.000Z,SYNTH_CELL_C,248,-112.22
2026-08-31T09:10:00.000Z,SYNTH_CELL_C,249,-108.59
2026-08-31T09:10:00.000Z,SYNTH_CELL_C,250,-113.43
2026-08-31T09:10:00.000Z,SYNTH_CELL_C,251,-113.47
2026-08-31T09:10:00.000Z,SYNTH_CELL_C,252,-107.36
2026-08-31T09:10:00.000Z,SYNTH_CELL_C,253,-110.06
2026-08-31T09:10:00.000Z,SYNTH_CELL_C,254,-108.78
2026-08-31T09:10:00.000Z,SYNTH_CELL_C,255,-109.18
2026-08-31T09:10:00.000Z,SYNTH_CELL_C,256,-109.51
2026-08-31T09:10:00.000Z,SYNTH_CELL_C,257,-109.18
2026-08-31T09:10:00.000Z,SYNTH_CELL_C,258,-107.28
2026-08-31T09:10:00.000Z,SYNTH_CELL_C,259,-109.01
2026-08-31T09:10:00.000Z,SYNTH_CELL_C,260,-113.7
2026-08-31T09:10:00.000Z,SYNTH_CELL_C,261,-107.22
2026-08-31T09:10:00.000Z,SYNTH_CELL_C,262,-113.31
2026-08-31T09:10:00.000Z,SYNTH_CELL_C,263,-107.95
2026-08-31T09:10:00.000Z,SYNTH_CELL_C,264,-113.56
2026-08-31T09:10:00.000Z,SYNTH_CELL_C,265,-112.86
2026-08-31T09:10:00.000Z,SYNTH_CELL_C,266,-110.95
2026-08-31T09:10:00.000Z,SYNTH_CELL_C,267,-113.01
2026-08-31T09:10:00.000Z,SYNTH_CELL_C,268,-93.13
2026-08-31T09:10:00.000Z,SYNTH_CELL_C,269,-108.79
2026-08-31T09:10:00.000Z,SYNTH_CELL_C,270,-112
2026-08-31T09:10:00.000Z,SYNTH_CELL_C,271,-108.73
2026-08-31T09:10:00.000Z,SYNTH_CELL_C,272,-112.86
2026-08-31T09:15:00.000Z,SYNTH_CELL_C,0,-110.14
2026-08-31T09:15:00.000Z,SYNTH_CELL_C,1,-110.91
2026-08-31T09:15:00.000Z,SYNTH_CELL_C,2,-111.29
2026-08-31T09:15:00.000Z,SYNTH_CELL_C,3,-113.76
2026-08-31T09:15:00.000Z,SYNTH_CELL_C,4,-113.27
2026-08-31T09:15:00.000Z,SYNTH_CELL_C,5,-110.38
2026-08-31T09:15:00.000Z,SYNTH_CELL_C,6,-109.36
2026-08-31T09:15:00.000Z,SYNTH_CELL_C,7,-107.54
2026-08-31T09:15:00.000Z,SYNTH_CELL_C,8,-93.7
2026-08-31T09:15:00.000Z,SYNTH_CELL_C,9,-112.27
2026-08-31T09:15:00.000Z,SYNTH_CELL_C,10,-112.03
2026-08-31T09:15:00.000Z,SYNTH_CELL_C,11,-111.1
2026-08-31T09:15:00.000Z,SYNTH_CELL_C,12,-110.46
2026-08-31T09:15:00.000Z,SYNTH_CELL_C,13,-112.37
2026-08-31T09:15:00.000Z,SYNTH_CELL_C,14,-107.1
2026-08-31T09:15:00.000Z,SYNTH_CELL_C,15,-111.66
2026-08-31T09:15:00.000Z,SYNTH_CELL_C,16,-112.57
2026-08-31T09:15:00.000Z,SYNTH_CELL_C,17,-113.28
2026-08-31T09:15:00.000Z,SYNTH_CELL_C,18,-107.46
2026-08-31T09:15:00.000Z,SYNTH_CELL_C,19,-109.88
2026-08-31T09:15:00.000Z,SYNTH_CELL_C,20,-111.73
2026-08-31T09:15:00.000Z,SYNTH_CELL_C,21,-111.07
2026-08-31T09:15:00.000Z,SYNTH_CELL_C,22,-114
2026-08-31T09:15:00.000Z,SYNTH_CELL_C,23,-109.21
2026-08-31T09:15:00.000Z,SYNTH_CELL_C,24,-112.75
2026-08-31T09:15:00.000Z,SYNTH_CELL_C,25,-108.16
2026-08-31T09:15:00.000Z,SYNTH_CELL_C,26,-108.53
2026-08-31T09:15:00.000Z,SYNTH_CELL_C,27,-110.22
2026-08-31T09:15:00.000Z,SYNTH_CELL_C,28,-110.01
2026-08-31T09:15:00.000Z,SYNTH_CELL_C,29,-109.98
2026-08-31T09:15:00.000Z,SYNTH_CELL_C,30,-112.05
2026-08-31T09:15:00.000Z,SYNTH_CELL_C,31,-109.36
2026-08-31T09:15:00.000Z,SYNTH_CELL_C,32,-108.7
2026-08-31T09:15:00.000Z,SYNTH_CELL_C,33,-111.62
2026-08-31T09:15:00.000Z,SYNTH_CELL_C,34,-113.13
2026-08-31T09:15:00.000Z,SYNTH_CELL_C,35,-108.41
2026-08-31T09:15:00.000Z,SYNTH_CELL_C,36,-107.58
2026-08-31T09:15:00.000Z,SYNTH_CELL_C,37,-108.9
2026-08-31T09:15:00.000Z,SYNTH_CELL_C,38,-112.24
2026-08-31T09:15:00.000Z,SYNTH_CELL_C,39,-112.83
2026-08-31T09:15:00.000Z,SYNTH_CELL_C,40,-107.1
2026-08-31T09:15:00.000Z,SYNTH_CELL_C,41,-111.73
2026-08-31T09:15:00.000Z,SYNTH_CELL_C,42,-107.86
2026-08-31T09:15:00.000Z,SYNTH_CELL_C,43,-111.01
2026-08-31T09:15:00.000Z,SYNTH_CELL_C,44,-108.71
2026-08-31T09:15:00.000Z,SYNTH_CELL_C,45,-110.1
2026-08-31T09:15:00.000Z,SYNTH_CELL_C,46,-109.28
2026-08-31T09:15:00.000Z,SYNTH_CELL_C,47,-110.63
2026-08-31T09:15:00.000Z,SYNTH_CELL_C,48,-113.45
2026-08-31T09:15:00.000Z,SYNTH_CELL_C,49,-110.5
2026-08-31T09:15:00.000Z,SYNTH_CELL_C,50,-107.23
2026-08-31T09:15:00.000Z,SYNTH_CELL_C,51,-112.03
2026-08-31T09:15:00.000Z,SYNTH_CELL_C,52,-113.72
2026-08-31T09:15:00.000Z,SYNTH_CELL_C,53,-108.98
2026-08-31T09:15:00.000Z,SYNTH_CELL_C,54,-108.02
2026-08-31T09:15:00.000Z,SYNTH_CELL_C,55,-108.64
2026-08-31T09:15:00.000Z,SYNTH_CELL_C,56,-107.23
2026-08-31T09:15:00.000Z,SYNTH_CELL_C,57,-111.75
2026-08-31T09:15:00.000Z,SYNTH_CELL_C,58,-113.5
2026-08-31T09:15:00.000Z,SYNTH_CELL_C,59,-113.52
2026-08-31T09:15:00.000Z,SYNTH_CELL_C,60,-113.08
2026-08-31T09:15:00.000Z,SYNTH_CELL_C,61,-111.44
2026-08-31T09:15:00.000Z,SYNTH_CELL_C,62,-110.51
2026-08-31T09:15:00.000Z,SYNTH_CELL_C,63,-113.15
2026-08-31T09:15:00.000Z,SYNTH_CELL_C,64,-113.79
2026-08-31T09:15:00.000Z,SYNTH_CELL_C,65,-109.16
2026-08-31T09:15:00.000Z,SYNTH_CELL_C,66,-112.73
2026-08-31T09:15:00.000Z,SYNTH_CELL_C,67,-108.53
2026-08-31T09:15:00.000Z,SYNTH_CELL_C,68,-113.24
2026-08-31T09:15:00.000Z,SYNTH_CELL_C,69,-111.51
2026-08-31T09:15:00.000Z,SYNTH_CELL_C,70,-108.81
2026-08-31T09:15:00.000Z,SYNTH_CELL_C,71,-109.99
2026-08-31T09:15:00.000Z,SYNTH_CELL_C,72,-108.03
2026-08-31T09:15:00.000Z,SYNTH_CELL_C,73,-109
2026-08-31T09:15:00.000Z,SYNTH_CELL_C,74,-113.18
2026-08-31T09:15:00.000Z,SYNTH_CELL_C,75,-113.01
2026-08-31T09:15:00.000Z,SYNTH_CELL_C,76,-112.98
2026-08-31T09:15:00.000Z,SYNTH_CELL_C,77,-112.18
2026-08-31T09:15:00.000Z,SYNTH_CELL_C,78,-110.32
2026-08-31T09:15:00.000Z,SYNTH_CELL_C,79,-110.57
2026-08-31T09:15:00.000Z,SYNTH_CELL_C,80,-108.21
2026-08-31T09:15:00.000Z,SYNTH_CELL_C,81,-112.15
2026-08-31T09:15:00.000Z,SYNTH_CELL_C,82,-109.69
2026-08-31T09:15:00.000Z,SYNTH_CELL_C,83,-113.8
2026-08-31T09:15:00.000Z,SYNTH_CELL_C,84,-110.98
2026-08-31T09:15:00.000Z,SYNTH_CELL_C,85,-112.2
2026-08-31T09:15:00.000Z,SYNTH_CELL_C,86,-108.58
2026-08-31T09:15:00.000Z,SYNTH_CELL_C,87,-110.59
2026-08-31T09:15:00.000Z,SYNTH_CELL_C,88,-93.57
2026-08-31T09:15:00.000Z,SYNTH_CELL_C,89,-111.48
2026-08-31T09:15:00.000Z,SYNTH_CELL_C,90,-109.94
2026-08-31T09:15:00.000Z,SYNTH_CELL_C,91,-109.26
2026-08-31T09:15:00.000Z,SYNTH_CELL_C,92,-111.06
2026-08-31T09:15:00.000Z,SYNTH_CELL_C,93,-110.7
2026-08-31T09:15:00.000Z,SYNTH_CELL_C,94,-111.15
2026-08-31T09:15:00.000Z,SYNTH_CELL_C,95,-113.4
2026-08-31T09:15:00.000Z,SYNTH_CELL_C,96,-113.94
2026-08-31T09:15:00.000Z,SYNTH_CELL_C,97,-112.16
2026-08-31T09:15:00.000Z,SYNTH_CELL_C,98,-112.32
2026-08-31T09:15:00.000Z,SYNTH_CELL_C,99,-112.21
2026-08-31T09:15:00.000Z,SYNTH_CELL_C,100,-110.1
2026-08-31T09:15:00.000Z,SYNTH_CELL_C,101,-107.47
2026-08-31T09:15:00.000Z,SYNTH_CELL_C,102,-108.85
2026-08-31T09:15:00.000Z,SYNTH_CELL_C,103,-107.68
2026-08-31T09:15:00.000Z,SYNTH_CELL_C,104,-108.77
2026-08-31T09:15:00.000Z,SYNTH_CELL_C,105,-109.46
2026-08-31T09:15:00.000Z,SYNTH_CELL_C,106,-109.63
2026-08-31T09:15:00.000Z,SYNTH_CELL_C,107,-109.37
2026-08-31T09:15:00.000Z,SYNTH_CELL_C,108,-111.8
2026-08-31T09:15:00.000Z,SYNTH_CELL_C,109,-109.89
2026-08-31T09:15:00.000Z,SYNTH_CELL_C,110,-110.24
2026-08-31T09:15:00.000Z,SYNTH_CELL_C,111,-111.35
2026-08-31T09:15:00.000Z,SYNTH_CELL_C,112,-109.59
2026-08-31T09:15:00.000Z,SYNTH_CELL_C,113,-110.86
2026-08-31T09:15:00.000Z,SYNTH_CELL_C,114,-111.26
2026-08-31T09:15:00.000Z,SYNTH_CELL_C,115,-108.18
2026-08-31T09:15:00.000Z,SYNTH_CELL_C,116,-107.61
2026-08-31T09:15:00.000Z,SYNTH_CELL_C,117,-111.59
2026-08-31T09:15:00.000Z,SYNTH_CELL_C,118,-111
2026-08-31T09:15:00.000Z,SYNTH_CELL_C,119,-108.78
2026-08-31T09:15:00.000Z,SYNTH_CELL_C,120,-113
2026-08-31T09:15:00.000Z,SYNTH_CELL_C,121,-107.64
2026-08-31T09:15:00.000Z,SYNTH_CELL_C,122,-113.5
2026-08-31T09:15:00.000Z,SYNTH_CELL_C,123,-107.19
2026-08-31T09:15:00.000Z,SYNTH_CELL_C,124,-107.88
2026-08-31T09:15:00.000Z,SYNTH_CELL_C,125,-110.42
2026-08-31T09:15:00.000Z,SYNTH_CELL_C,126,-109.07
2026-08-31T09:15:00.000Z,SYNTH_CELL_C,127,-109.17
2026-08-31T09:15:00.000Z,SYNTH_CELL_C,128,-113.69
2026-08-31T09:15:00.000Z,SYNTH_CELL_C,129,-111.1
2026-08-31T09:15:00.000Z,SYNTH_CELL_C,130,-110.11
2026-08-31T09:15:00.000Z,SYNTH_CELL_C,131,-110.57
2026-08-31T09:15:00.000Z,SYNTH_CELL_C,132,-107.44
2026-08-31T09:15:00.000Z,SYNTH_CELL_C,133,-108.74
2026-08-31T09:15:00.000Z,SYNTH_CELL_C,134,-108.54
2026-08-31T09:15:00.000Z,SYNTH_CELL_C,135,-112.51
2026-08-31T09:15:00.000Z,SYNTH_CELL_C,136,-110.92
2026-08-31T09:15:00.000Z,SYNTH_CELL_C,137,-112.73
2026-08-31T09:15:00.000Z,SYNTH_CELL_C,138,-107.63
2026-08-31T09:15:00.000Z,SYNTH_CELL_C,139,-111.26
2026-08-31T09:15:00.000Z,SYNTH_CELL_C,140,-109.05
2026-08-31T09:15:00.000Z,SYNTH_CELL_C,141,-113.29
2026-08-31T09:15:00.000Z,SYNTH_CELL_C,142,-108.62
2026-08-31T09:15:00.000Z,SYNTH_CELL_C,143,-112.59
2026-08-31T09:15:00.000Z,SYNTH_CELL_C,144,-111.51
2026-08-31T09:15:00.000Z,SYNTH_CELL_C,145,-111.91
2026-08-31T09:15:00.000Z,SYNTH_CELL_C,146,-107.17
2026-08-31T09:15:00.000Z,SYNTH_CELL_C,147,-108.45
2026-08-31T09:15:00.000Z,SYNTH_CELL_C,148,-111.88
2026-08-31T09:15:00.000Z,SYNTH_CELL_C,149,-107.38
2026-08-31T09:15:00.000Z,SYNTH_CELL_C,150,-113.1
2026-08-31T09:15:00.000Z,SYNTH_CELL_C,151,-107.51
2026-08-31T09:15:00.000Z,SYNTH_CELL_C,152,-111.82
2026-08-31T09:15:00.000Z,SYNTH_CELL_C,153,-107.99
2026-08-31T09:15:00.000Z,SYNTH_CELL_C,154,-108.81
2026-08-31T09:15:00.000Z,SYNTH_CELL_C,155,-108.13
2026-08-31T09:15:00.000Z,SYNTH_CELL_C,156,-111.7
2026-08-31T09:15:00.000Z,SYNTH_CELL_C,157,-107.32
2026-08-31T09:15:00.000Z,SYNTH_CELL_C,158,-107.08
2026-08-31T09:15:00.000Z,SYNTH_CELL_C,159,-112.01
2026-08-31T09:15:00.000Z,SYNTH_CELL_C,160,-109.41
2026-08-31T09:15:00.000Z,SYNTH_CELL_C,161,-107.84
2026-08-31T09:15:00.000Z,SYNTH_CELL_C,162,-111.91
2026-08-31T09:15:00.000Z,SYNTH_CELL_C,163,-108.83
2026-08-31T09:15:00.000Z,SYNTH_CELL_C,164,-107.28
2026-08-31T09:15:00.000Z,SYNTH_CELL_C,165,-108.62
2026-08-31T09:15:00.000Z,SYNTH_CELL_C,166,-108.41
2026-08-31T09:15:00.000Z,SYNTH_CELL_C,167,-108.9
2026-08-31T09:15:00.000Z,SYNTH_CELL_C,168,-112.94
2026-08-31T09:15:00.000Z,SYNTH_CELL_C,169,-112.83
2026-08-31T09:15:00.000Z,SYNTH_CELL_C,170,-109.76
2026-08-31T09:15:00.000Z,SYNTH_CELL_C,171,-111.61
2026-08-31T09:15:00.000Z,SYNTH_CELL_C,172,-113.43
2026-08-31T09:15:00.000Z,SYNTH_CELL_C,173,-113.08
2026-08-31T09:15:00.000Z,SYNTH_CELL_C,174,-107.52
2026-08-31T09:15:00.000Z,SYNTH_CELL_C,175,-107.46
2026-08-31T09:15:00.000Z,SYNTH_CELL_C,176,-113.86
2026-08-31T09:15:00.000Z,SYNTH_CELL_C,177,-110.07
2026-08-31T09:15:00.000Z,SYNTH_CELL_C,178,-107.73
2026-08-31T09:15:00.000Z,SYNTH_CELL_C,179,-113.25
2026-08-31T09:15:00.000Z,SYNTH_CELL_C,180,-107.98
2026-08-31T09:15:00.000Z,SYNTH_CELL_C,181,-108.16
2026-08-31T09:15:00.000Z,SYNTH_CELL_C,182,-113.15
2026-08-31T09:15:00.000Z,SYNTH_CELL_C,183,-113.85
2026-08-31T09:15:00.000Z,SYNTH_CELL_C,184,-107.42
2026-08-31T09:15:00.000Z,SYNTH_CELL_C,185,-108.15
2026-08-31T09:15:00.000Z,SYNTH_CELL_C,186,-108.62
2026-08-31T09:15:00.000Z,SYNTH_CELL_C,187,-112.82
2026-08-31T09:15:00.000Z,SYNTH_CELL_C,188,-91.18
2026-08-31T09:15:00.000Z,SYNTH_CELL_C,189,-110.55
2026-08-31T09:15:00.000Z,SYNTH_CELL_C,190,-112.98
2026-08-31T09:15:00.000Z,SYNTH_CELL_C,191,-109.12
2026-08-31T09:15:00.000Z,SYNTH_CELL_C,192,-107.31
2026-08-31T09:15:00.000Z,SYNTH_CELL_C,193,-107.51
2026-08-31T09:15:00.000Z,SYNTH_CELL_C,194,-109.64
2026-08-31T09:15:00.000Z,SYNTH_CELL_C,195,-111.04
2026-08-31T09:15:00.000Z,SYNTH_CELL_C,196,-107.57
2026-08-31T09:15:00.000Z,SYNTH_CELL_C,197,-111.5
2026-08-31T09:15:00.000Z,SYNTH_CELL_C,198,-108.63
2026-08-31T09:15:00.000Z,SYNTH_CELL_C,199,-109.32
2026-08-31T09:15:00.000Z,SYNTH_CELL_C,200,-111.15
2026-08-31T09:15:00.000Z,SYNTH_CELL_C,201,-107.68
2026-08-31T09:15:00.000Z,SYNTH_CELL_C,202,-110.16
2026-08-31T09:15:00.000Z,SYNTH_CELL_C,203,-113.65
2026-08-31T09:15:00.000Z,SYNTH_CELL_C,204,-110.24
2026-08-31T09:15:00.000Z,SYNTH_CELL_C,205,-111.21
2026-08-31T09:15:00.000Z,SYNTH_CELL_C,206,-110.54
2026-08-31T09:15:00.000Z,SYNTH_CELL_C,207,-111.39
2026-08-31T09:15:00.000Z,SYNTH_CELL_C,208,-110.65
2026-08-31T09:15:00.000Z,SYNTH_CELL_C,209,-111.2
2026-08-31T09:15:00.000Z,SYNTH_CELL_C,210,-109.67
2026-08-31T09:15:00.000Z,SYNTH_CELL_C,211,-108.67
2026-08-31T09:15:00.000Z,SYNTH_CELL_C,212,-112.25
2026-08-31T09:15:00.000Z,SYNTH_CELL_C,213,-110.69
2026-08-31T09:15:00.000Z,SYNTH_CELL_C,214,-113.73
2026-08-31T09:15:00.000Z,SYNTH_CELL_C,215,-112.91
2026-08-31T09:15:00.000Z,SYNTH_CELL_C,216,-113.28
2026-08-31T09:15:00.000Z,SYNTH_CELL_C,217,-107.51
2026-08-31T09:15:00.000Z,SYNTH_CELL_C,218,-113.19
2026-08-31T09:15:00.000Z,SYNTH_CELL_C,219,-111.89
2026-08-31T09:15:00.000Z,SYNTH_CELL_C,220,-111.19
2026-08-31T09:15:00.000Z,SYNTH_CELL_C,221,-113.36
2026-08-31T09:15:00.000Z,SYNTH_CELL_C,222,-113.83
2026-08-31T09:15:00.000Z,SYNTH_CELL_C,223,-111.65
2026-08-31T09:15:00.000Z,SYNTH_CELL_C,224,-107.97
2026-08-31T09:15:00.000Z,SYNTH_CELL_C,225,-112.39
2026-08-31T09:15:00.000Z,SYNTH_CELL_C,226,-109.36
2026-08-31T09:15:00.000Z,SYNTH_CELL_C,227,-113.54
2026-08-31T09:15:00.000Z,SYNTH_CELL_C,228,-113.29
2026-08-31T09:15:00.000Z,SYNTH_CELL_C,229,-112.63
2026-08-31T09:15:00.000Z,SYNTH_CELL_C,230,-108.35
2026-08-31T09:15:00.000Z,SYNTH_CELL_C,231,-107
2026-08-31T09:15:00.000Z,SYNTH_CELL_C,232,-111.24
2026-08-31T09:15:00.000Z,SYNTH_CELL_C,233,-107.9
2026-08-31T09:15:00.000Z,SYNTH_CELL_C,234,-110.74
2026-08-31T09:15:00.000Z,SYNTH_CELL_C,235,-112.52
2026-08-31T09:15:00.000Z,SYNTH_CELL_C,236,-109.74
2026-08-31T09:15:00.000Z,SYNTH_CELL_C,237,-110.9
2026-08-31T09:15:00.000Z,SYNTH_CELL_C,238,-111.31
2026-08-31T09:15:00.000Z,SYNTH_CELL_C,239,-113.76
2026-08-31T09:15:00.000Z,SYNTH_CELL_C,240,-111.98
2026-08-31T09:15:00.000Z,SYNTH_CELL_C,241,-110.25
2026-08-31T09:15:00.000Z,SYNTH_CELL_C,242,-109
2026-08-31T09:15:00.000Z,SYNTH_CELL_C,243,-109.62
2026-08-31T09:15:00.000Z,SYNTH_CELL_C,244,-107.77
2026-08-31T09:15:00.000Z,SYNTH_CELL_C,245,-112.72
2026-08-31T09:15:00.000Z,SYNTH_CELL_C,246,-108.29
2026-08-31T09:15:00.000Z,SYNTH_CELL_C,247,-111.53
2026-08-31T09:15:00.000Z,SYNTH_CELL_C,248,-112.78
2026-08-31T09:15:00.000Z,SYNTH_CELL_C,249,-109.51
2026-08-31T09:15:00.000Z,SYNTH_CELL_C,250,-112.24
2026-08-31T09:15:00.000Z,SYNTH_CELL_C,251,-113.97
2026-08-31T09:15:00.000Z,SYNTH_CELL_C,252,-108.26
2026-08-31T09:15:00.000Z,SYNTH_CELL_C,253,-107.26
2026-08-31T09:15:00.000Z,SYNTH_CELL_C,254,-113.75
2026-08-31T09:15:00.000Z,SYNTH_CELL_C,255,-108.96
2026-08-31T09:15:00.000Z,SYNTH_CELL_C,256,-111.85
2026-08-31T09:15:00.000Z,SYNTH_CELL_C,257,-112.02
2026-08-31T09:15:00.000Z,SYNTH_CELL_C,258,-112.79
2026-08-31T09:15:00.000Z,SYNTH_CELL_C,259,-109.77
2026-08-31T09:15:00.000Z,SYNTH_CELL_C,260,-112.89
2026-08-31T09:15:00.000Z,SYNTH_CELL_C,261,-108.97
2026-08-31T09:15:00.000Z,SYNTH_CELL_C,262,-109.59
2026-08-31T09:15:00.000Z,SYNTH_CELL_C,263,-107.74
2026-08-31T09:15:00.000Z,SYNTH_CELL_C,264,-109.48
2026-08-31T09:15:00.000Z,SYNTH_CELL_C,265,-108.5
2026-08-31T09:15:00.000Z,SYNTH_CELL_C,266,-108.39
2026-08-31T09:15:00.000Z,SYNTH_CELL_C,267,-109.88
2026-08-31T09:15:00.000Z,SYNTH_CELL_C,268,-93.54
2026-08-31T09:15:00.000Z,SYNTH_CELL_C,269,-112.56
2026-08-31T09:15:00.000Z,SYNTH_CELL_C,270,-109.6
2026-08-31T09:15:00.000Z,SYNTH_CELL_C,271,-111.18
2026-08-31T09:15:00.000Z,SYNTH_CELL_C,272,-108.93
2026-08-31T09:20:00.000Z,SYNTH_CELL_C,0,-109.98
2026-08-31T09:20:00.000Z,SYNTH_CELL_C,1,-113.77
2026-08-31T09:20:00.000Z,SYNTH_CELL_C,2,-112.82
2026-08-31T09:20:00.000Z,SYNTH_CELL_C,3,-107.41
2026-08-31T09:20:00.000Z,SYNTH_CELL_C,4,-111.22
2026-08-31T09:20:00.000Z,SYNTH_CELL_C,5,-112.7
2026-08-31T09:20:00.000Z,SYNTH_CELL_C,6,-108.25
2026-08-31T09:20:00.000Z,SYNTH_CELL_C,7,-112.65
2026-08-31T09:20:00.000Z,SYNTH_CELL_C,8,-93.74
2026-08-31T09:20:00.000Z,SYNTH_CELL_C,9,-111.6
2026-08-31T09:20:00.000Z,SYNTH_CELL_C,10,-109.14
2026-08-31T09:20:00.000Z,SYNTH_CELL_C,11,-107.41
2026-08-31T09:20:00.000Z,SYNTH_CELL_C,12,-110.19
2026-08-31T09:20:00.000Z,SYNTH_CELL_C,13,-112.85
2026-08-31T09:20:00.000Z,SYNTH_CELL_C,14,-110.5
2026-08-31T09:20:00.000Z,SYNTH_CELL_C,15,-107.02
2026-08-31T09:20:00.000Z,SYNTH_CELL_C,16,-109.13
2026-08-31T09:20:00.000Z,SYNTH_CELL_C,17,-112.85
2026-08-31T09:20:00.000Z,SYNTH_CELL_C,18,-109.99
2026-08-31T09:20:00.000Z,SYNTH_CELL_C,19,-113.75
2026-08-31T09:20:00.000Z,SYNTH_CELL_C,20,-107.22
2026-08-31T09:20:00.000Z,SYNTH_CELL_C,21,-110.22
2026-08-31T09:20:00.000Z,SYNTH_CELL_C,22,-112.46
2026-08-31T09:20:00.000Z,SYNTH_CELL_C,23,-113.66
2026-08-31T09:20:00.000Z,SYNTH_CELL_C,24,-112.07
2026-08-31T09:20:00.000Z,SYNTH_CELL_C,25,-112.17
2026-08-31T09:20:00.000Z,SYNTH_CELL_C,26,-108.28
2026-08-31T09:20:00.000Z,SYNTH_CELL_C,27,-113.42
2026-08-31T09:20:00.000Z,SYNTH_CELL_C,28,-111.28
2026-08-31T09:20:00.000Z,SYNTH_CELL_C,29,-110.61
2026-08-31T09:20:00.000Z,SYNTH_CELL_C,30,-110.25
2026-08-31T09:20:00.000Z,SYNTH_CELL_C,31,-111.44
2026-08-31T09:20:00.000Z,SYNTH_CELL_C,32,-107.32
2026-08-31T09:20:00.000Z,SYNTH_CELL_C,33,-111.18
2026-08-31T09:20:00.000Z,SYNTH_CELL_C,34,-109.58
2026-08-31T09:20:00.000Z,SYNTH_CELL_C,35,-107.68
2026-08-31T09:20:00.000Z,SYNTH_CELL_C,36,-113.94
2026-08-31T09:20:00.000Z,SYNTH_CELL_C,37,-109.54
2026-08-31T09:20:00.000Z,SYNTH_CELL_C,38,-113.03
2026-08-31T09:20:00.000Z,SYNTH_CELL_C,39,-109.18
2026-08-31T09:20:00.000Z,SYNTH_CELL_C,40,-108.07
2026-08-31T09:20:00.000Z,SYNTH_CELL_C,41,-112
2026-08-31T09:20:00.000Z,SYNTH_CELL_C,42,-107.76
2026-08-31T09:20:00.000Z,SYNTH_CELL_C,43,-109.54
2026-08-31T09:20:00.000Z,SYNTH_CELL_C,44,-113.08
2026-08-31T09:20:00.000Z,SYNTH_CELL_C,45,-108.56
2026-08-31T09:20:00.000Z,SYNTH_CELL_C,46,-109.18
2026-08-31T09:20:00.000Z,SYNTH_CELL_C,47,-111.27
2026-08-31T09:20:00.000Z,SYNTH_CELL_C,48,-113.26
2026-08-31T09:20:00.000Z,SYNTH_CELL_C,49,-109.35
2026-08-31T09:20:00.000Z,SYNTH_CELL_C,50,-110.46
2026-08-31T09:20:00.000Z,SYNTH_CELL_C,51,-113.11
2026-08-31T09:20:00.000Z,SYNTH_CELL_C,52,-108.75
2026-08-31T09:20:00.000Z,SYNTH_CELL_C,53,-110.55
2026-08-31T09:20:00.000Z,SYNTH_CELL_C,54,-109.92
2026-08-31T09:20:00.000Z,SYNTH_CELL_C,55,-110.36
2026-08-31T09:20:00.000Z,SYNTH_CELL_C,56,-108.57
2026-08-31T09:20:00.000Z,SYNTH_CELL_C,57,-107.88
2026-08-31T09:20:00.000Z,SYNTH_CELL_C,58,-112.14
2026-08-31T09:20:00.000Z,SYNTH_CELL_C,59,-107.11
2026-08-31T09:20:00.000Z,SYNTH_CELL_C,60,-112.01
2026-08-31T09:20:00.000Z,SYNTH_CELL_C,61,-107.5
2026-08-31T09:20:00.000Z,SYNTH_CELL_C,62,-110.69
2026-08-31T09:20:00.000Z,SYNTH_CELL_C,63,-111.78
2026-08-31T09:20:00.000Z,SYNTH_CELL_C,64,-107.02
2026-08-31T09:20:00.000Z,SYNTH_CELL_C,65,-112.71
2026-08-31T09:20:00.000Z,SYNTH_CELL_C,66,-109.47
2026-08-31T09:20:00.000Z,SYNTH_CELL_C,67,-107.75
2026-08-31T09:20:00.000Z,SYNTH_CELL_C,68,-107.52
2026-08-31T09:20:00.000Z,SYNTH_CELL_C,69,-113.61
2026-08-31T09:20:00.000Z,SYNTH_CELL_C,70,-113.14
2026-08-31T09:20:00.000Z,SYNTH_CELL_C,71,-110.77
2026-08-31T09:20:00.000Z,SYNTH_CELL_C,72,-111.29
2026-08-31T09:20:00.000Z,SYNTH_CELL_C,73,-113.91
2026-08-31T09:20:00.000Z,SYNTH_CELL_C,74,-108.58
2026-08-31T09:20:00.000Z,SYNTH_CELL_C,75,-109.19
2026-08-31T09:20:00.000Z,SYNTH_CELL_C,76,-111.98
2026-08-31T09:20:00.000Z,SYNTH_CELL_C,77,-110.56
2026-08-31T09:20:00.000Z,SYNTH_CELL_C,78,-107.64
2026-08-31T09:20:00.000Z,SYNTH_CELL_C,79,-110.83
2026-08-31T09:20:00.000Z,SYNTH_CELL_C,80,-109.76
2026-08-31T09:20:00.000Z,SYNTH_CELL_C,81,-109.74
2026-08-31T09:20:00.000Z,SYNTH_CELL_C,82,-111.66
2026-08-31T09:20:00.000Z,SYNTH_CELL_C,83,-113.93
2026-08-31T09:20:00.000Z,SYNTH_CELL_C,84,-113.78
2026-08-31T09:20:00.000Z,SYNTH_CELL_C,85,-108.8
2026-08-31T09:20:00.000Z,SYNTH_CELL_C,86,-109.93
2026-08-31T09:20:00.000Z,SYNTH_CELL_C,87,-107.26
2026-08-31T09:20:00.000Z,SYNTH_CELL_C,88,-88.57
2026-08-31T09:20:00.000Z,SYNTH_CELL_C,89,-107.41
2026-08-31T09:20:00.000Z,SYNTH_CELL_C,90,-112.14
2026-08-31T09:20:00.000Z,SYNTH_CELL_C,91,-113.16
2026-08-31T09:20:00.000Z,SYNTH_CELL_C,92,-110.53
2026-08-31T09:20:00.000Z,SYNTH_CELL_C,93,-112.67
2026-08-31T09:20:00.000Z,SYNTH_CELL_C,94,-109.63
2026-08-31T09:20:00.000Z,SYNTH_CELL_C,95,-112.84
2026-08-31T09:20:00.000Z,SYNTH_CELL_C,96,-110.96
2026-08-31T09:20:00.000Z,SYNTH_CELL_C,97,-110.57
2026-08-31T09:20:00.000Z,SYNTH_CELL_C,98,-112.34
2026-08-31T09:20:00.000Z,SYNTH_CELL_C,99,-113.12
2026-08-31T09:20:00.000Z,SYNTH_CELL_C,100,-108.66
2026-08-31T09:20:00.000Z,SYNTH_CELL_C,101,-109.22
2026-08-31T09:20:00.000Z,SYNTH_CELL_C,102,-113.77
2026-08-31T09:20:00.000Z,SYNTH_CELL_C,103,-110.26
2026-08-31T09:20:00.000Z,SYNTH_CELL_C,104,-112.31
2026-08-31T09:20:00.000Z,SYNTH_CELL_C,105,-107.31
2026-08-31T09:20:00.000Z,SYNTH_CELL_C,106,-109.7
2026-08-31T09:20:00.000Z,SYNTH_CELL_C,107,-112.2
2026-08-31T09:20:00.000Z,SYNTH_CELL_C,108,-112.13
2026-08-31T09:20:00.000Z,SYNTH_CELL_C,109,-107.45
2026-08-31T09:20:00.000Z,SYNTH_CELL_C,110,-113.63
2026-08-31T09:20:00.000Z,SYNTH_CELL_C,111,-108.25
2026-08-31T09:20:00.000Z,SYNTH_CELL_C,112,-111.1
2026-08-31T09:20:00.000Z,SYNTH_CELL_C,113,-112.3
2026-08-31T09:20:00.000Z,SYNTH_CELL_C,114,-112.46
2026-08-31T09:20:00.000Z,SYNTH_CELL_C,115,-112.77
2026-08-31T09:20:00.000Z,SYNTH_CELL_C,116,-109.78
2026-08-31T09:20:00.000Z,SYNTH_CELL_C,117,-111.11
2026-08-31T09:20:00.000Z,SYNTH_CELL_C,118,-108.36
2026-08-31T09:20:00.000Z,SYNTH_CELL_C,119,-108.94
2026-08-31T09:20:00.000Z,SYNTH_CELL_C,120,-113.95
2026-08-31T09:20:00.000Z,SYNTH_CELL_C,121,-113.87
2026-08-31T09:20:00.000Z,SYNTH_CELL_C,122,-112.85
2026-08-31T09:20:00.000Z,SYNTH_CELL_C,123,-110.41
2026-08-31T09:20:00.000Z,SYNTH_CELL_C,124,-108.04
2026-08-31T09:20:00.000Z,SYNTH_CELL_C,125,-107.81
2026-08-31T09:20:00.000Z,SYNTH_CELL_C,126,-113.32
2026-08-31T09:20:00.000Z,SYNTH_CELL_C,127,-110.95
2026-08-31T09:20:00.000Z,SYNTH_CELL_C,128,-112.36
2026-08-31T09:20:00.000Z,SYNTH_CELL_C,129,-112.33
2026-08-31T09:20:00.000Z,SYNTH_CELL_C,130,-108.79
2026-08-31T09:20:00.000Z,SYNTH_CELL_C,131,-111.97
2026-08-31T09:20:00.000Z,SYNTH_CELL_C,132,-113.19
2026-08-31T09:20:00.000Z,SYNTH_CELL_C,133,-109.43
2026-08-31T09:20:00.000Z,SYNTH_CELL_C,134,-109.06
2026-08-31T09:20:00.000Z,SYNTH_CELL_C,135,-109.9
2026-08-31T09:20:00.000Z,SYNTH_CELL_C,136,-109.75
2026-08-31T09:20:00.000Z,SYNTH_CELL_C,137,-109.29
2026-08-31T09:20:00.000Z,SYNTH_CELL_C,138,-110.31
2026-08-31T09:20:00.000Z,SYNTH_CELL_C,139,-107.41
2026-08-31T09:20:00.000Z,SYNTH_CELL_C,140,-109.26
2026-08-31T09:20:00.000Z,SYNTH_CELL_C,141,-107.23
2026-08-31T09:20:00.000Z,SYNTH_CELL_C,142,-109.32
2026-08-31T09:20:00.000Z,SYNTH_CELL_C,143,-107.16
2026-08-31T09:20:00.000Z,SYNTH_CELL_C,144,-111.06
2026-08-31T09:20:00.000Z,SYNTH_CELL_C,145,-107.51
2026-08-31T09:20:00.000Z,SYNTH_CELL_C,146,-113.46
2026-08-31T09:20:00.000Z,SYNTH_CELL_C,147,-109.91
2026-08-31T09:20:00.000Z,SYNTH_CELL_C,148,-107.37
2026-08-31T09:20:00.000Z,SYNTH_CELL_C,149,-109.9
2026-08-31T09:20:00.000Z,SYNTH_CELL_C,150,-110.94
2026-08-31T09:20:00.000Z,SYNTH_CELL_C,151,-110.59
2026-08-31T09:20:00.000Z,SYNTH_CELL_C,152,-113.89
2026-08-31T09:20:00.000Z,SYNTH_CELL_C,153,-108.38
2026-08-31T09:20:00.000Z,SYNTH_CELL_C,154,-112.72
2026-08-31T09:20:00.000Z,SYNTH_CELL_C,155,-113.82
2026-08-31T09:20:00.000Z,SYNTH_CELL_C,156,-110.85
2026-08-31T09:20:00.000Z,SYNTH_CELL_C,157,-109.52
2026-08-31T09:20:00.000Z,SYNTH_CELL_C,158,-111.65
2026-08-31T09:20:00.000Z,SYNTH_CELL_C,159,-113.18
2026-08-31T09:20:00.000Z,SYNTH_CELL_C,160,-111.31
2026-08-31T09:20:00.000Z,SYNTH_CELL_C,161,-107.7
2026-08-31T09:20:00.000Z,SYNTH_CELL_C,162,-112.77
2026-08-31T09:20:00.000Z,SYNTH_CELL_C,163,-111.42
2026-08-31T09:20:00.000Z,SYNTH_CELL_C,164,-111.38
2026-08-31T09:20:00.000Z,SYNTH_CELL_C,165,-108.36
2026-08-31T09:20:00.000Z,SYNTH_CELL_C,166,-108.6
2026-08-31T09:20:00.000Z,SYNTH_CELL_C,167,-111.69
2026-08-31T09:20:00.000Z,SYNTH_CELL_C,168,-111.56
2026-08-31T09:20:00.000Z,SYNTH_CELL_C,169,-108.12
2026-08-31T09:20:00.000Z,SYNTH_CELL_C,170,-111.52
2026-08-31T09:20:00.000Z,SYNTH_CELL_C,171,-107.56
2026-08-31T09:20:00.000Z,SYNTH_CELL_C,172,-111.28
2026-08-31T09:20:00.000Z,SYNTH_CELL_C,173,-108.67
2026-08-31T09:20:00.000Z,SYNTH_CELL_C,174,-110.51
2026-08-31T09:20:00.000Z,SYNTH_CELL_C,175,-113.64
2026-08-31T09:20:00.000Z,SYNTH_CELL_C,176,-112
2026-08-31T09:20:00.000Z,SYNTH_CELL_C,177,-107.92
2026-08-31T09:20:00.000Z,SYNTH_CELL_C,178,-113.79
2026-08-31T09:20:00.000Z,SYNTH_CELL_C,179,-110.16
2026-08-31T09:20:00.000Z,SYNTH_CELL_C,180,-108.37
2026-08-31T09:20:00.000Z,SYNTH_CELL_C,181,-110.03
2026-08-31T09:20:00.000Z,SYNTH_CELL_C,182,-109.64
2026-08-31T09:20:00.000Z,SYNTH_CELL_C,183,-111.25
2026-08-31T09:20:00.000Z,SYNTH_CELL_C,184,-110.01
2026-08-31T09:20:00.000Z,SYNTH_CELL_C,185,-111.56
2026-08-31T09:20:00.000Z,SYNTH_CELL_C,186,-107.31
2026-08-31T09:20:00.000Z,SYNTH_CELL_C,187,-110.83
2026-08-31T09:20:00.000Z,SYNTH_CELL_C,188,-90.74
2026-08-31T09:20:00.000Z,SYNTH_CELL_C,189,-112.07
2026-08-31T09:20:00.000Z,SYNTH_CELL_C,190,-111.76
2026-08-31T09:20:00.000Z,SYNTH_CELL_C,191,-108.63
2026-08-31T09:20:00.000Z,SYNTH_CELL_C,192,-110.97
2026-08-31T09:20:00.000Z,SYNTH_CELL_C,193,-113.24
2026-08-31T09:20:00.000Z,SYNTH_CELL_C,194,-109.97
2026-08-31T09:20:00.000Z,SYNTH_CELL_C,195,-110.24
2026-08-31T09:20:00.000Z,SYNTH_CELL_C,196,-110.23
2026-08-31T09:20:00.000Z,SYNTH_CELL_C,197,-112.65
2026-08-31T09:20:00.000Z,SYNTH_CELL_C,198,-111.94
2026-08-31T09:20:00.000Z,SYNTH_CELL_C,199,-107.36
2026-08-31T09:20:00.000Z,SYNTH_CELL_C,200,-112.85
2026-08-31T09:20:00.000Z,SYNTH_CELL_C,201,-112.25
2026-08-31T09:20:00.000Z,SYNTH_CELL_C,202,-107.2
2026-08-31T09:20:00.000Z,SYNTH_CELL_C,203,-107.25
2026-08-31T09:20:00.000Z,SYNTH_CELL_C,204,-112.58
2026-08-31T09:20:00.000Z,SYNTH_CELL_C,205,-112.49
2026-08-31T09:20:00.000Z,SYNTH_CELL_C,206,-112.9
2026-08-31T09:20:00.000Z,SYNTH_CELL_C,207,-112.3
2026-08-31T09:20:00.000Z,SYNTH_CELL_C,208,-113.35
2026-08-31T09:20:00.000Z,SYNTH_CELL_C,209,-112.21
2026-08-31T09:20:00.000Z,SYNTH_CELL_C,210,-111.41
2026-08-31T09:20:00.000Z,SYNTH_CELL_C,211,-111.94
2026-08-31T09:20:00.000Z,SYNTH_CELL_C,212,-109.96
2026-08-31T09:20:00.000Z,SYNTH_CELL_C,213,-113.27
2026-08-31T09:20:00.000Z,SYNTH_CELL_C,214,-109.36
2026-08-31T09:20:00.000Z,SYNTH_CELL_C,215,-113.86
2026-08-31T09:20:00.000Z,SYNTH_CELL_C,216,-113.68
2026-08-31T09:20:00.000Z,SYNTH_CELL_C,217,-108.09
2026-08-31T09:20:00.000Z,SYNTH_CELL_C,218,-108.98
2026-08-31T09:20:00.000Z,SYNTH_CELL_C,219,-108.69
2026-08-31T09:20:00.000Z,SYNTH_CELL_C,220,-111.58
2026-08-31T09:20:00.000Z,SYNTH_CELL_C,221,-112.37
2026-08-31T09:20:00.000Z,SYNTH_CELL_C,222,-111.55
2026-08-31T09:20:00.000Z,SYNTH_CELL_C,223,-107.41
2026-08-31T09:20:00.000Z,SYNTH_CELL_C,224,-107.18
2026-08-31T09:20:00.000Z,SYNTH_CELL_C,225,-109.07
2026-08-31T09:20:00.000Z,SYNTH_CELL_C,226,-111.57
2026-08-31T09:20:00.000Z,SYNTH_CELL_C,227,-110.98
2026-08-31T09:20:00.000Z,SYNTH_CELL_C,228,-110.3
2026-08-31T09:20:00.000Z,SYNTH_CELL_C,229,-113.41
2026-08-31T09:20:00.000Z,SYNTH_CELL_C,230,-110.19
2026-08-31T09:20:00.000Z,SYNTH_CELL_C,231,-109.47
2026-08-31T09:20:00.000Z,SYNTH_CELL_C,232,-111.18
2026-08-31T09:20:00.000Z,SYNTH_CELL_C,233,-113.17
2026-08-31T09:20:00.000Z,SYNTH_CELL_C,234,-113.29
2026-08-31T09:20:00.000Z,SYNTH_CELL_C,235,-110.47
2026-08-31T09:20:00.000Z,SYNTH_CELL_C,236,-109.63
2026-08-31T09:20:00.000Z,SYNTH_CELL_C,237,-108.15
2026-08-31T09:20:00.000Z,SYNTH_CELL_C,238,-107.57
2026-08-31T09:20:00.000Z,SYNTH_CELL_C,239,-112.64
2026-08-31T09:20:00.000Z,SYNTH_CELL_C,240,-107.96
2026-08-31T09:20:00.000Z,SYNTH_CELL_C,241,-108.72
2026-08-31T09:20:00.000Z,SYNTH_CELL_C,242,-112.46
2026-08-31T09:20:00.000Z,SYNTH_CELL_C,243,-108.17
2026-08-31T09:20:00.000Z,SYNTH_CELL_C,244,-109.96
2026-08-31T09:20:00.000Z,SYNTH_CELL_C,245,-107.32
2026-08-31T09:20:00.000Z,SYNTH_CELL_C,246,-112.08
2026-08-31T09:20:00.000Z,SYNTH_CELL_C,247,-107.47
2026-08-31T09:20:00.000Z,SYNTH_CELL_C,248,-111.73
2026-08-31T09:20:00.000Z,SYNTH_CELL_C,249,-107.31
2026-08-31T09:20:00.000Z,SYNTH_CELL_C,250,-111.79
2026-08-31T09:20:00.000Z,SYNTH_CELL_C,251,-109.21
2026-08-31T09:20:00.000Z,SYNTH_CELL_C,252,-111.86
2026-08-31T09:20:00.000Z,SYNTH_CELL_C,253,-111.41
2026-08-31T09:20:00.000Z,SYNTH_CELL_C,254,-109.04
2026-08-31T09:20:00.000Z,SYNTH_CELL_C,255,-107.24
2026-08-31T09:20:00.000Z,SYNTH_CELL_C,256,-112.8
2026-08-31T09:20:00.000Z,SYNTH_CELL_C,257,-112.2
2026-08-31T09:20:00.000Z,SYNTH_CELL_C,258,-110.94
2026-08-31T09:20:00.000Z,SYNTH_CELL_C,259,-113.97
2026-08-31T09:20:00.000Z,SYNTH_CELL_C,260,-112.52
2026-08-31T09:20:00.000Z,SYNTH_CELL_C,261,-113.47
2026-08-31T09:20:00.000Z,SYNTH_CELL_C,262,-113.92
2026-08-31T09:20:00.000Z,SYNTH_CELL_C,263,-109.75
2026-08-31T09:20:00.000Z,SYNTH_CELL_C,264,-113.9
2026-08-31T09:20:00.000Z,SYNTH_CELL_C,265,-112.97
2026-08-31T09:20:00.000Z,SYNTH_CELL_C,266,-107.68
2026-08-31T09:20:00.000Z,SYNTH_CELL_C,267,-108.25
2026-08-31T09:20:00.000Z,SYNTH_CELL_C,268,-89.08
2026-08-31T09:20:00.000Z,SYNTH_CELL_C,269,-110.55
2026-08-31T09:20:00.000Z,SYNTH_CELL_C,270,-109.63
2026-08-31T09:20:00.000Z,SYNTH_CELL_C,271,-107.57
2026-08-31T09:20:00.000Z,SYNTH_CELL_C,272,-107.72
2026-08-31T09:25:00.000Z,SYNTH_CELL_C,0,-111.94
2026-08-31T09:25:00.000Z,SYNTH_CELL_C,1,-107.51
2026-08-31T09:25:00.000Z,SYNTH_CELL_C,2,-109.6
2026-08-31T09:25:00.000Z,SYNTH_CELL_C,3,-112.54
2026-08-31T09:25:00.000Z,SYNTH_CELL_C,4,-112.11
2026-08-31T09:25:00.000Z,SYNTH_CELL_C,5,-111.54
2026-08-31T09:25:00.000Z,SYNTH_CELL_C,6,-111.29
2026-08-31T09:25:00.000Z,SYNTH_CELL_C,7,-112.79
2026-08-31T09:25:00.000Z,SYNTH_CELL_C,8,-92.7
2026-08-31T09:25:00.000Z,SYNTH_CELL_C,9,-110.93
2026-08-31T09:25:00.000Z,SYNTH_CELL_C,10,-107.46
2026-08-31T09:25:00.000Z,SYNTH_CELL_C,11,-108.17
2026-08-31T09:25:00.000Z,SYNTH_CELL_C,12,-113.91
2026-08-31T09:25:00.000Z,SYNTH_CELL_C,13,-107.74
2026-08-31T09:25:00.000Z,SYNTH_CELL_C,14,-107.19
2026-08-31T09:25:00.000Z,SYNTH_CELL_C,15,-107.25
2026-08-31T09:25:00.000Z,SYNTH_CELL_C,16,-109.74
2026-08-31T09:25:00.000Z,SYNTH_CELL_C,17,-113.32
2026-08-31T09:25:00.000Z,SYNTH_CELL_C,18,-113.78
2026-08-31T09:25:00.000Z,SYNTH_CELL_C,19,-107.09
2026-08-31T09:25:00.000Z,SYNTH_CELL_C,20,-108.59
2026-08-31T09:25:00.000Z,SYNTH_CELL_C,21,-108.03
2026-08-31T09:25:00.000Z,SYNTH_CELL_C,22,-107.81
2026-08-31T09:25:00.000Z,SYNTH_CELL_C,23,-111.59
2026-08-31T09:25:00.000Z,SYNTH_CELL_C,24,-113.64
2026-08-31T09:25:00.000Z,SYNTH_CELL_C,25,-111.13
2026-08-31T09:25:00.000Z,SYNTH_CELL_C,26,-108.97
2026-08-31T09:25:00.000Z,SYNTH_CELL_C,27,-112.76
2026-08-31T09:25:00.000Z,SYNTH_CELL_C,28,-112.44
2026-08-31T09:25:00.000Z,SYNTH_CELL_C,29,-108.3
2026-08-31T09:25:00.000Z,SYNTH_CELL_C,30,-107.52
2026-08-31T09:25:00.000Z,SYNTH_CELL_C,31,-111.29
2026-08-31T09:25:00.000Z,SYNTH_CELL_C,32,-111.4
2026-08-31T09:25:00.000Z,SYNTH_CELL_C,33,-109.03
2026-08-31T09:25:00.000Z,SYNTH_CELL_C,34,-111.03
2026-08-31T09:25:00.000Z,SYNTH_CELL_C,35,-112.64
2026-08-31T09:25:00.000Z,SYNTH_CELL_C,36,-110.93
2026-08-31T09:25:00.000Z,SYNTH_CELL_C,37,-109.19
2026-08-31T09:25:00.000Z,SYNTH_CELL_C,38,-111.15
2026-08-31T09:25:00.000Z,SYNTH_CELL_C,39,-111.82
2026-08-31T09:25:00.000Z,SYNTH_CELL_C,40,-113.11
2026-08-31T09:25:00.000Z,SYNTH_CELL_C,41,-111.85
2026-08-31T09:25:00.000Z,SYNTH_CELL_C,42,-111.43
2026-08-31T09:25:00.000Z,SYNTH_CELL_C,43,-107.98
2026-08-31T09:25:00.000Z,SYNTH_CELL_C,44,-113.84
2026-08-31T09:25:00.000Z,SYNTH_CELL_C,45,-107.36
2026-08-31T09:25:00.000Z,SYNTH_CELL_C,46,-111.98
2026-08-31T09:25:00.000Z,SYNTH_CELL_C,47,-112.81
2026-08-31T09:25:00.000Z,SYNTH_CELL_C,48,-108.33
2026-08-31T09:25:00.000Z,SYNTH_CELL_C,49,-109.85
2026-08-31T09:25:00.000Z,SYNTH_CELL_C,50,-108.08
2026-08-31T09:25:00.000Z,SYNTH_CELL_C,51,-109.83
2026-08-31T09:25:00.000Z,SYNTH_CELL_C,52,-111.07
2026-08-31T09:25:00.000Z,SYNTH_CELL_C,53,-109
2026-08-31T09:25:00.000Z,SYNTH_CELL_C,54,-110.73
2026-08-31T09:25:00.000Z,SYNTH_CELL_C,55,-110.49
2026-08-31T09:25:00.000Z,SYNTH_CELL_C,56,-107.1
2026-08-31T09:25:00.000Z,SYNTH_CELL_C,57,-111.32
2026-08-31T09:25:00.000Z,SYNTH_CELL_C,58,-112.89
2026-08-31T09:25:00.000Z,SYNTH_CELL_C,59,-110.27
2026-08-31T09:25:00.000Z,SYNTH_CELL_C,60,-110.6
2026-08-31T09:25:00.000Z,SYNTH_CELL_C,61,-108.78
2026-08-31T09:25:00.000Z,SYNTH_CELL_C,62,-107.65
2026-08-31T09:25:00.000Z,SYNTH_CELL_C,63,-111.74
2026-08-31T09:25:00.000Z,SYNTH_CELL_C,64,-107.69
2026-08-31T09:25:00.000Z,SYNTH_CELL_C,65,-107.17
2026-08-31T09:25:00.000Z,SYNTH_CELL_C,66,-109.83
2026-08-31T09:25:00.000Z,SYNTH_CELL_C,67,-108.93
2026-08-31T09:25:00.000Z,SYNTH_CELL_C,68,-108.12
2026-08-31T09:25:00.000Z,SYNTH_CELL_C,69,-108.23
2026-08-31T09:25:00.000Z,SYNTH_CELL_C,70,-111.96
2026-08-31T09:25:00.000Z,SYNTH_CELL_C,71,-109.16
2026-08-31T09:25:00.000Z,SYNTH_CELL_C,72,-110.69
2026-08-31T09:25:00.000Z,SYNTH_CELL_C,73,-108.04
2026-08-31T09:25:00.000Z,SYNTH_CELL_C,74,-108.23
2026-08-31T09:25:00.000Z,SYNTH_CELL_C,75,-107.78
2026-08-31T09:25:00.000Z,SYNTH_CELL_C,76,-108.8
2026-08-31T09:25:00.000Z,SYNTH_CELL_C,77,-111.06
2026-08-31T09:25:00.000Z,SYNTH_CELL_C,78,-109.77
2026-08-31T09:25:00.000Z,SYNTH_CELL_C,79,-113.46
2026-08-31T09:25:00.000Z,SYNTH_CELL_C,80,-108.6
2026-08-31T09:25:00.000Z,SYNTH_CELL_C,81,-110.52
2026-08-31T09:25:00.000Z,SYNTH_CELL_C,82,-109.81
2026-08-31T09:25:00.000Z,SYNTH_CELL_C,83,-111.61
2026-08-31T09:25:00.000Z,SYNTH_CELL_C,84,-111.13
2026-08-31T09:25:00.000Z,SYNTH_CELL_C,85,-111.85
2026-08-31T09:25:00.000Z,SYNTH_CELL_C,86,-110.69
2026-08-31T09:25:00.000Z,SYNTH_CELL_C,87,-112.81
2026-08-31T09:25:00.000Z,SYNTH_CELL_C,88,-87.3
2026-08-31T09:25:00.000Z,SYNTH_CELL_C,89,-108.16
2026-08-31T09:25:00.000Z,SYNTH_CELL_C,90,-107.88
2026-08-31T09:25:00.000Z,SYNTH_CELL_C,91,-111.29
2026-08-31T09:25:00.000Z,SYNTH_CELL_C,92,-113.89
2026-08-31T09:25:00.000Z,SYNTH_CELL_C,93,-112.75
2026-08-31T09:25:00.000Z,SYNTH_CELL_C,94,-107.91
2026-08-31T09:25:00.000Z,SYNTH_CELL_C,95,-107.69
2026-08-31T09:25:00.000Z,SYNTH_CELL_C,96,-110.25
2026-08-31T09:25:00.000Z,SYNTH_CELL_C,97,-109.14
2026-08-31T09:25:00.000Z,SYNTH_CELL_C,98,-109.7
2026-08-31T09:25:00.000Z,SYNTH_CELL_C,99,-112.29
2026-08-31T09:25:00.000Z,SYNTH_CELL_C,100,-113.3
2026-08-31T09:25:00.000Z,SYNTH_CELL_C,101,-107.67
2026-08-31T09:25:00.000Z,SYNTH_CELL_C,102,-112.17
2026-08-31T09:25:00.000Z,SYNTH_CELL_C,103,-108.28
2026-08-31T09:25:00.000Z,SYNTH_CELL_C,104,-110.43
2026-08-31T09:25:00.000Z,SYNTH_CELL_C,105,-113.63
2026-08-31T09:25:00.000Z,SYNTH_CELL_C,106,-112.21
2026-08-31T09:25:00.000Z,SYNTH_CELL_C,107,-108.74
2026-08-31T09:25:00.000Z,SYNTH_CELL_C,108,-108.56
2026-08-31T09:25:00.000Z,SYNTH_CELL_C,109,-112.15
2026-08-31T09:25:00.000Z,SYNTH_CELL_C,110,-113.61
2026-08-31T09:25:00.000Z,SYNTH_CELL_C,111,-111.85
2026-08-31T09:25:00.000Z,SYNTH_CELL_C,112,-109.59
2026-08-31T09:25:00.000Z,SYNTH_CELL_C,113,-113.11
2026-08-31T09:25:00.000Z,SYNTH_CELL_C,114,-110.94
2026-08-31T09:25:00.000Z,SYNTH_CELL_C,115,-109.45
2026-08-31T09:25:00.000Z,SYNTH_CELL_C,116,-109.5
2026-08-31T09:25:00.000Z,SYNTH_CELL_C,117,-109.44
2026-08-31T09:25:00.000Z,SYNTH_CELL_C,118,-110.56
2026-08-31T09:25:00.000Z,SYNTH_CELL_C,119,-107.59
2026-08-31T09:25:00.000Z,SYNTH_CELL_C,120,-113.1
2026-08-31T09:25:00.000Z,SYNTH_CELL_C,121,-111.2
2026-08-31T09:25:00.000Z,SYNTH_CELL_C,122,-110.85
2026-08-31T09:25:00.000Z,SYNTH_CELL_C,123,-111.19
2026-08-31T09:25:00.000Z,SYNTH_CELL_C,124,-107.48
2026-08-31T09:25:00.000Z,SYNTH_CELL_C,125,-109.05
2026-08-31T09:25:00.000Z,SYNTH_CELL_C,126,-110.65
2026-08-31T09:25:00.000Z,SYNTH_CELL_C,127,-108.67
2026-08-31T09:25:00.000Z,SYNTH_CELL_C,128,-112.14
2026-08-31T09:25:00.000Z,SYNTH_CELL_C,129,-108.34
2026-08-31T09:25:00.000Z,SYNTH_CELL_C,130,-109.9
2026-08-31T09:25:00.000Z,SYNTH_CELL_C,131,-113.66
2026-08-31T09:25:00.000Z,SYNTH_CELL_C,132,-108.99
2026-08-31T09:25:00.000Z,SYNTH_CELL_C,133,-108.62
2026-08-31T09:25:00.000Z,SYNTH_CELL_C,134,-108.62
2026-08-31T09:25:00.000Z,SYNTH_CELL_C,135,-110.61
2026-08-31T09:25:00.000Z,SYNTH_CELL_C,136,-109.99
2026-08-31T09:25:00.000Z,SYNTH_CELL_C,137,-113.62
2026-08-31T09:25:00.000Z,SYNTH_CELL_C,138,-110.18
2026-08-31T09:25:00.000Z,SYNTH_CELL_C,139,-108.33
2026-08-31T09:25:00.000Z,SYNTH_CELL_C,140,-109.87
2026-08-31T09:25:00.000Z,SYNTH_CELL_C,141,-109.47
2026-08-31T09:25:00.000Z,SYNTH_CELL_C,142,-107.11
2026-08-31T09:25:00.000Z,SYNTH_CELL_C,143,-113.11
2026-08-31T09:25:00.000Z,SYNTH_CELL_C,144,-111.89
2026-08-31T09:25:00.000Z,SYNTH_CELL_C,145,-110.04
2026-08-31T09:25:00.000Z,SYNTH_CELL_C,146,-111.72
2026-08-31T09:25:00.000Z,SYNTH_CELL_C,147,-113.35
2026-08-31T09:25:00.000Z,SYNTH_CELL_C,148,-107.06
2026-08-31T09:25:00.000Z,SYNTH_CELL_C,149,-108.9
2026-08-31T09:25:00.000Z,SYNTH_CELL_C,150,-111.75
2026-08-31T09:25:00.000Z,SYNTH_CELL_C,151,-111.12
2026-08-31T09:25:00.000Z,SYNTH_CELL_C,152,-111.22
2026-08-31T09:25:00.000Z,SYNTH_CELL_C,153,-113.64
2026-08-31T09:25:00.000Z,SYNTH_CELL_C,154,-111.76
2026-08-31T09:25:00.000Z,SYNTH_CELL_C,155,-110.25
2026-08-31T09:25:00.000Z,SYNTH_CELL_C,156,-112.55
2026-08-31T09:25:00.000Z,SYNTH_CELL_C,157,-108.78
2026-08-31T09:25:00.000Z,SYNTH_CELL_C,158,-112.72
2026-08-31T09:25:00.000Z,SYNTH_CELL_C,159,-110.17
2026-08-31T09:25:00.000Z,SYNTH_CELL_C,160,-111.22
2026-08-31T09:25:00.000Z,SYNTH_CELL_C,161,-108.61
2026-08-31T09:25:00.000Z,SYNTH_CELL_C,162,-113.67
2026-08-31T09:25:00.000Z,SYNTH_CELL_C,163,-112.76
2026-08-31T09:25:00.000Z,SYNTH_CELL_C,164,-111.08
2026-08-31T09:25:00.000Z,SYNTH_CELL_C,165,-111.05
2026-08-31T09:25:00.000Z,SYNTH_CELL_C,166,-107.45
2026-08-31T09:25:00.000Z,SYNTH_CELL_C,167,-107.11
2026-08-31T09:25:00.000Z,SYNTH_CELL_C,168,-112.37
2026-08-31T09:25:00.000Z,SYNTH_CELL_C,169,-113.29
2026-08-31T09:25:00.000Z,SYNTH_CELL_C,170,-112.45
2026-08-31T09:25:00.000Z,SYNTH_CELL_C,171,-109.17
2026-08-31T09:25:00.000Z,SYNTH_CELL_C,172,-112.73
2026-08-31T09:25:00.000Z,SYNTH_CELL_C,173,-112.29
2026-08-31T09:25:00.000Z,SYNTH_CELL_C,174,-107.93
2026-08-31T09:25:00.000Z,SYNTH_CELL_C,175,-108.83
2026-08-31T09:25:00.000Z,SYNTH_CELL_C,176,-109.76
2026-08-31T09:25:00.000Z,SYNTH_CELL_C,177,-110.42
2026-08-31T09:25:00.000Z,SYNTH_CELL_C,178,-111.02
2026-08-31T09:25:00.000Z,SYNTH_CELL_C,179,-113.05
2026-08-31T09:25:00.000Z,SYNTH_CELL_C,180,-112.73
2026-08-31T09:25:00.000Z,SYNTH_CELL_C,181,-111.91
2026-08-31T09:25:00.000Z,SYNTH_CELL_C,182,-109.19
2026-08-31T09:25:00.000Z,SYNTH_CELL_C,183,-109.47
2026-08-31T09:25:00.000Z,SYNTH_CELL_C,184,-107.95
2026-08-31T09:25:00.000Z,SYNTH_CELL_C,185,-109.41
2026-08-31T09:25:00.000Z,SYNTH_CELL_C,186,-107.82
2026-08-31T09:25:00.000Z,SYNTH_CELL_C,187,-110.73
2026-08-31T09:25:00.000Z,SYNTH_CELL_C,188,-91.72
2026-08-31T09:25:00.000Z,SYNTH_CELL_C,189,-108.84
2026-08-31T09:25:00.000Z,SYNTH_CELL_C,190,-111.64
2026-08-31T09:25:00.000Z,SYNTH_CELL_C,191,-110.67
2026-08-31T09:25:00.000Z,SYNTH_CELL_C,192,-108.45
2026-08-31T09:25:00.000Z,SYNTH_CELL_C,193,-107.78
2026-08-31T09:25:00.000Z,SYNTH_CELL_C,194,-110.84
2026-08-31T09:25:00.000Z,SYNTH_CELL_C,195,-112.55
2026-08-31T09:25:00.000Z,SYNTH_CELL_C,196,-113.1
2026-08-31T09:25:00.000Z,SYNTH_CELL_C,197,-110.29
2026-08-31T09:25:00.000Z,SYNTH_CELL_C,198,-108.02
2026-08-31T09:25:00.000Z,SYNTH_CELL_C,199,-109.4
2026-08-31T09:25:00.000Z,SYNTH_CELL_C,200,-113.76
2026-08-31T09:25:00.000Z,SYNTH_CELL_C,201,-107.46
2026-08-31T09:25:00.000Z,SYNTH_CELL_C,202,-109.7
2026-08-31T09:25:00.000Z,SYNTH_CELL_C,203,-113.36
2026-08-31T09:25:00.000Z,SYNTH_CELL_C,204,-112.4
2026-08-31T09:25:00.000Z,SYNTH_CELL_C,205,-113.39
2026-08-31T09:25:00.000Z,SYNTH_CELL_C,206,-111.5
2026-08-31T09:25:00.000Z,SYNTH_CELL_C,207,-107.22
2026-08-31T09:25:00.000Z,SYNTH_CELL_C,208,-110.73
2026-08-31T09:25:00.000Z,SYNTH_CELL_C,209,-108.94
2026-08-31T09:25:00.000Z,SYNTH_CELL_C,210,-112.94
2026-08-31T09:25:00.000Z,SYNTH_CELL_C,211,-113.01
2026-08-31T09:25:00.000Z,SYNTH_CELL_C,212,-112.18
2026-08-31T09:25:00.000Z,SYNTH_CELL_C,213,-109.11
2026-08-31T09:25:00.000Z,SYNTH_CELL_C,214,-113.83
2026-08-31T09:25:00.000Z,SYNTH_CELL_C,215,-110.98
2026-08-31T09:25:00.000Z,SYNTH_CELL_C,216,-112.81
2026-08-31T09:25:00.000Z,SYNTH_CELL_C,217,-108.18
2026-08-31T09:25:00.000Z,SYNTH_CELL_C,218,-113.9
2026-08-31T09:25:00.000Z,SYNTH_CELL_C,219,-108.8
2026-08-31T09:25:00.000Z,SYNTH_CELL_C,220,-110.04
2026-08-31T09:25:00.000Z,SYNTH_CELL_C,221,-112.01
2026-08-31T09:25:00.000Z,SYNTH_CELL_C,222,-109.78
2026-08-31T09:25:00.000Z,SYNTH_CELL_C,223,-108.64
2026-08-31T09:25:00.000Z,SYNTH_CELL_C,224,-108.82
2026-08-31T09:25:00.000Z,SYNTH_CELL_C,225,-109.58
2026-08-31T09:25:00.000Z,SYNTH_CELL_C,226,-110.58
2026-08-31T09:25:00.000Z,SYNTH_CELL_C,227,-111.16
2026-08-31T09:25:00.000Z,SYNTH_CELL_C,228,-111.92
2026-08-31T09:25:00.000Z,SYNTH_CELL_C,229,-109.38
2026-08-31T09:25:00.000Z,SYNTH_CELL_C,230,-109.92
2026-08-31T09:25:00.000Z,SYNTH_CELL_C,231,-107.11
2026-08-31T09:25:00.000Z,SYNTH_CELL_C,232,-108.74
2026-08-31T09:25:00.000Z,SYNTH_CELL_C,233,-107.17
2026-08-31T09:25:00.000Z,SYNTH_CELL_C,234,-112.63
2026-08-31T09:25:00.000Z,SYNTH_CELL_C,235,-112.25
2026-08-31T09:25:00.000Z,SYNTH_CELL_C,236,-111.94
2026-08-31T09:25:00.000Z,SYNTH_CELL_C,237,-110.88
2026-08-31T09:25:00.000Z,SYNTH_CELL_C,238,-111.33
2026-08-31T09:25:00.000Z,SYNTH_CELL_C,239,-112.17
2026-08-31T09:25:00.000Z,SYNTH_CELL_C,240,-109.01
2026-08-31T09:25:00.000Z,SYNTH_CELL_C,241,-110.52
2026-08-31T09:25:00.000Z,SYNTH_CELL_C,242,-111.05
2026-08-31T09:25:00.000Z,SYNTH_CELL_C,243,-113.24
2026-08-31T09:25:00.000Z,SYNTH_CELL_C,244,-110.87
2026-08-31T09:25:00.000Z,SYNTH_CELL_C,245,-112.09
2026-08-31T09:25:00.000Z,SYNTH_CELL_C,246,-110.68
2026-08-31T09:25:00.000Z,SYNTH_CELL_C,247,-110.7
2026-08-31T09:25:00.000Z,SYNTH_CELL_C,248,-108.17
2026-08-31T09:25:00.000Z,SYNTH_CELL_C,249,-109.93
2026-08-31T09:25:00.000Z,SYNTH_CELL_C,250,-111.11
2026-08-31T09:25:00.000Z,SYNTH_CELL_C,251,-107.18
2026-08-31T09:25:00.000Z,SYNTH_CELL_C,252,-110.12
2026-08-31T09:25:00.000Z,SYNTH_CELL_C,253,-109.59
2026-08-31T09:25:00.000Z,SYNTH_CELL_C,254,-107.53
2026-08-31T09:25:00.000Z,SYNTH_CELL_C,255,-112.16
2026-08-31T09:25:00.000Z,SYNTH_CELL_C,256,-111.21
2026-08-31T09:25:00.000Z,SYNTH_CELL_C,257,-110.91
2026-08-31T09:25:00.000Z,SYNTH_CELL_C,258,-107.52
2026-08-31T09:25:00.000Z,SYNTH_CELL_C,259,-108.84
2026-08-31T09:25:00.000Z,SYNTH_CELL_C,260,-111.33
2026-08-31T09:25:00.000Z,SYNTH_CELL_C,261,-107.97
2026-08-31T09:25:00.000Z,SYNTH_CELL_C,262,-111
2026-08-31T09:25:00.000Z,SYNTH_CELL_C,263,-108.28
2026-08-31T09:25:00.000Z,SYNTH_CELL_C,264,-111.5
2026-08-31T09:25:00.000Z,SYNTH_CELL_C,265,-113.58
2026-08-31T09:25:00.000Z,SYNTH_CELL_C,266,-107.48
2026-08-31T09:25:00.000Z,SYNTH_CELL_C,267,-109.45
2026-08-31T09:25:00.000Z,SYNTH_CELL_C,268,-92.42
2026-08-31T09:25:00.000Z,SYNTH_CELL_C,269,-111.11
2026-08-31T09:25:00.000Z,SYNTH_CELL_C,270,-110.72
2026-08-31T09:25:00.000Z,SYNTH_CELL_C,271,-113.24
2026-08-31T09:25:00.000Z,SYNTH_CELL_C,272,-107.9
2026-08-31T09:30:00.000Z,SYNTH_CELL_C,0,-109.02
2026-08-31T09:30:00.000Z,SYNTH_CELL_C,1,-113.09
2026-08-31T09:30:00.000Z,SYNTH_CELL_C,2,-108.73
2026-08-31T09:30:00.000Z,SYNTH_CELL_C,3,-107.99
2026-08-31T09:30:00.000Z,SYNTH_CELL_C,4,-109.13
2026-08-31T09:30:00.000Z,SYNTH_CELL_C,5,-113.65
2026-08-31T09:30:00.000Z,SYNTH_CELL_C,6,-111.79
2026-08-31T09:30:00.000Z,SYNTH_CELL_C,7,-107.61
2026-08-31T09:30:00.000Z,SYNTH_CELL_C,8,-90.99
2026-08-31T09:30:00.000Z,SYNTH_CELL_C,9,-109.8
2026-08-31T09:30:00.000Z,SYNTH_CELL_C,10,-107.51
2026-08-31T09:30:00.000Z,SYNTH_CELL_C,11,-112.83
2026-08-31T09:30:00.000Z,SYNTH_CELL_C,12,-108.26
2026-08-31T09:30:00.000Z,SYNTH_CELL_C,13,-110.37
2026-08-31T09:30:00.000Z,SYNTH_CELL_C,14,-111.88
2026-08-31T09:30:00.000Z,SYNTH_CELL_C,15,-111.62
2026-08-31T09:30:00.000Z,SYNTH_CELL_C,16,-108.22
2026-08-31T09:30:00.000Z,SYNTH_CELL_C,17,-113.83
2026-08-31T09:30:00.000Z,SYNTH_CELL_C,18,-112.72
2026-08-31T09:30:00.000Z,SYNTH_CELL_C,19,-109.99
2026-08-31T09:30:00.000Z,SYNTH_CELL_C,20,-109.82
2026-08-31T09:30:00.000Z,SYNTH_CELL_C,21,-110.48
2026-08-31T09:30:00.000Z,SYNTH_CELL_C,22,-108.1
2026-08-31T09:30:00.000Z,SYNTH_CELL_C,23,-108.91
2026-08-31T09:30:00.000Z,SYNTH_CELL_C,24,-111.57
2026-08-31T09:30:00.000Z,SYNTH_CELL_C,25,-110.89
2026-08-31T09:30:00.000Z,SYNTH_CELL_C,26,-111.74
2026-08-31T09:30:00.000Z,SYNTH_CELL_C,27,-107.03
2026-08-31T09:30:00.000Z,SYNTH_CELL_C,28,-107.7
2026-08-31T09:30:00.000Z,SYNTH_CELL_C,29,-108.8
2026-08-31T09:30:00.000Z,SYNTH_CELL_C,30,-112.12
2026-08-31T09:30:00.000Z,SYNTH_CELL_C,31,-107.62
2026-08-31T09:30:00.000Z,SYNTH_CELL_C,32,-108.23
2026-08-31T09:30:00.000Z,SYNTH_CELL_C,33,-110.86
2026-08-31T09:30:00.000Z,SYNTH_CELL_C,34,-111.78
2026-08-31T09:30:00.000Z,SYNTH_CELL_C,35,-107.97
2026-08-31T09:30:00.000Z,SYNTH_CELL_C,36,-113.89
2026-08-31T09:30:00.000Z,SYNTH_CELL_C,37,-113.53
2026-08-31T09:30:00.000Z,SYNTH_CELL_C,38,-107.96
2026-08-31T09:30:00.000Z,SYNTH_CELL_C,39,-112.41
2026-08-31T09:30:00.000Z,SYNTH_CELL_C,40,-109.55
2026-08-31T09:30:00.000Z,SYNTH_CELL_C,41,-109.95
2026-08-31T09:30:00.000Z,SYNTH_CELL_C,42,-113.2
2026-08-31T09:30:00.000Z,SYNTH_CELL_C,43,-112.01
2026-08-31T09:30:00.000Z,SYNTH_CELL_C,44,-112.29
2026-08-31T09:30:00.000Z,SYNTH_CELL_C,45,-112.21
2026-08-31T09:30:00.000Z,SYNTH_CELL_C,46,-111.95
2026-08-31T09:30:00.000Z,SYNTH_CELL_C,47,-107
2026-08-31T09:30:00.000Z,SYNTH_CELL_C,48,-113.88
2026-08-31T09:30:00.000Z,SYNTH_CELL_C,49,-110.78
2026-08-31T09:30:00.000Z,SYNTH_CELL_C,50,-108.29
2026-08-31T09:30:00.000Z,SYNTH_CELL_C,51,-108.01
2026-08-31T09:30:00.000Z,SYNTH_CELL_C,52,-107.82
2026-08-31T09:30:00.000Z,SYNTH_CELL_C,53,-110.2
2026-08-31T09:30:00.000Z,SYNTH_CELL_C,54,-111.51
2026-08-31T09:30:00.000Z,SYNTH_CELL_C,55,-108
2026-08-31T09:30:00.000Z,SYNTH_CELL_C,56,-110.82
2026-08-31T09:30:00.000Z,SYNTH_CELL_C,57,-107.08
2026-08-31T09:30:00.000Z,SYNTH_CELL_C,58,-109.7
2026-08-31T09:30:00.000Z,SYNTH_CELL_C,59,-108.09
2026-08-31T09:30:00.000Z,SYNTH_CELL_C,60,-109.69
2026-08-31T09:30:00.000Z,SYNTH_CELL_C,61,-107.49
2026-08-31T09:30:00.000Z,SYNTH_CELL_C,62,-109.15
2026-08-31T09:30:00.000Z,SYNTH_CELL_C,63,-112.32
2026-08-31T09:30:00.000Z,SYNTH_CELL_C,64,-109.46
2026-08-31T09:30:00.000Z,SYNTH_CELL_C,65,-112.92
2026-08-31T09:30:00.000Z,SYNTH_CELL_C,66,-107.39
2026-08-31T09:30:00.000Z,SYNTH_CELL_C,67,-111.55
2026-08-31T09:30:00.000Z,SYNTH_CELL_C,68,-108.51
2026-08-31T09:30:00.000Z,SYNTH_CELL_C,69,-108.96
2026-08-31T09:30:00.000Z,SYNTH_CELL_C,70,-112.65
2026-08-31T09:30:00.000Z,SYNTH_CELL_C,71,-111.84
2026-08-31T09:30:00.000Z,SYNTH_CELL_C,72,-113.51
2026-08-31T09:30:00.000Z,SYNTH_CELL_C,73,-112.19
2026-08-31T09:30:00.000Z,SYNTH_CELL_C,74,-112.29
2026-08-31T09:30:00.000Z,SYNTH_CELL_C,75,-108.66
2026-08-31T09:30:00.000Z,SYNTH_CELL_C,76,-110.47
2026-08-31T09:30:00.000Z,SYNTH_CELL_C,77,-113.67
2026-08-31T09:30:00.000Z,SYNTH_CELL_C,78,-109.67
2026-08-31T09:30:00.000Z,SYNTH_CELL_C,79,-111.6
2026-08-31T09:30:00.000Z,SYNTH_CELL_C,80,-111.55
2026-08-31T09:30:00.000Z,SYNTH_CELL_C,81,-107.73
2026-08-31T09:30:00.000Z,SYNTH_CELL_C,82,-110.88
2026-08-31T09:30:00.000Z,SYNTH_CELL_C,83,-107.2
2026-08-31T09:30:00.000Z,SYNTH_CELL_C,84,-109.66
2026-08-31T09:30:00.000Z,SYNTH_CELL_C,85,-107.81
2026-08-31T09:30:00.000Z,SYNTH_CELL_C,86,-110.34
2026-08-31T09:30:00.000Z,SYNTH_CELL_C,87,-113.78
2026-08-31T09:30:00.000Z,SYNTH_CELL_C,88,-89.15
2026-08-31T09:30:00.000Z,SYNTH_CELL_C,89,-107.35
2026-08-31T09:30:00.000Z,SYNTH_CELL_C,90,-110.48
2026-08-31T09:30:00.000Z,SYNTH_CELL_C,91,-111.37
2026-08-31T09:30:00.000Z,SYNTH_CELL_C,92,-113.37
2026-08-31T09:30:00.000Z,SYNTH_CELL_C,93,-111.76
2026-08-31T09:30:00.000Z,SYNTH_CELL_C,94,-112.1
2026-08-31T09:30:00.000Z,SYNTH_CELL_C,95,-112.87
2026-08-31T09:30:00.000Z,SYNTH_CELL_C,96,-110.85
2026-08-31T09:30:00.000Z,SYNTH_CELL_C,97,-108.83
2026-08-31T09:30:00.000Z,SYNTH_CELL_C,98,-110.39
2026-08-31T09:30:00.000Z,SYNTH_CELL_C,99,-110.76
2026-08-31T09:30:00.000Z,SYNTH_CELL_C,100,-108.91
2026-08-31T09:30:00.000Z,SYNTH_CELL_C,101,-110.94
2026-08-31T09:30:00.000Z,SYNTH_CELL_C,102,-109.87
2026-08-31T09:30:00.000Z,SYNTH_CELL_C,103,-109.93
2026-08-31T09:30:00.000Z,SYNTH_CELL_C,104,-108.93
2026-08-31T09:30:00.000Z,SYNTH_CELL_C,105,-108.63
2026-08-31T09:30:00.000Z,SYNTH_CELL_C,106,-108.91
2026-08-31T09:30:00.000Z,SYNTH_CELL_C,107,-107.25
2026-08-31T09:30:00.000Z,SYNTH_CELL_C,108,-113.81
2026-08-31T09:30:00.000Z,SYNTH_CELL_C,109,-111.28
2026-08-31T09:30:00.000Z,SYNTH_CELL_C,110,-108.88
2026-08-31T09:30:00.000Z,SYNTH_CELL_C,111,-109.47
2026-08-31T09:30:00.000Z,SYNTH_CELL_C,112,-110.72
2026-08-31T09:30:00.000Z,SYNTH_CELL_C,113,-107.62
2026-08-31T09:30:00.000Z,SYNTH_CELL_C,114,-112.36
2026-08-31T09:30:00.000Z,SYNTH_CELL_C,115,-113.54
2026-08-31T09:30:00.000Z,SYNTH_CELL_C,116,-112.43
2026-08-31T09:30:00.000Z,SYNTH_CELL_C,117,-107.91
2026-08-31T09:30:00.000Z,SYNTH_CELL_C,118,-109.28
2026-08-31T09:30:00.000Z,SYNTH_CELL_C,119,-113.06
2026-08-31T09:30:00.000Z,SYNTH_CELL_C,120,-109.14
2026-08-31T09:30:00.000Z,SYNTH_CELL_C,121,-107.91
2026-08-31T09:30:00.000Z,SYNTH_CELL_C,122,-113.23
2026-08-31T09:30:00.000Z,SYNTH_CELL_C,123,-110.8
2026-08-31T09:30:00.000Z,SYNTH_CELL_C,124,-111.93
2026-08-31T09:30:00.000Z,SYNTH_CELL_C,125,-108.38
2026-08-31T09:30:00.000Z,SYNTH_CELL_C,126,-113.84
2026-08-31T09:30:00.000Z,SYNTH_CELL_C,127,-110.51
2026-08-31T09:30:00.000Z,SYNTH_CELL_C,128,-111.88
2026-08-31T09:30:00.000Z,SYNTH_CELL_C,129,-107.23
2026-08-31T09:30:00.000Z,SYNTH_CELL_C,130,-112.34
2026-08-31T09:30:00.000Z,SYNTH_CELL_C,131,-109.71
2026-08-31T09:30:00.000Z,SYNTH_CELL_C,132,-107.82
2026-08-31T09:30:00.000Z,SYNTH_CELL_C,133,-107.3
2026-08-31T09:30:00.000Z,SYNTH_CELL_C,134,-113.26
2026-08-31T09:30:00.000Z,SYNTH_CELL_C,135,-108.57
2026-08-31T09:30:00.000Z,SYNTH_CELL_C,136,-110.76
2026-08-31T09:30:00.000Z,SYNTH_CELL_C,137,-112.53
2026-08-31T09:30:00.000Z,SYNTH_CELL_C,138,-113.44
2026-08-31T09:30:00.000Z,SYNTH_CELL_C,139,-107.75
2026-08-31T09:30:00.000Z,SYNTH_CELL_C,140,-110.2
2026-08-31T09:30:00.000Z,SYNTH_CELL_C,141,-113.68
2026-08-31T09:30:00.000Z,SYNTH_CELL_C,142,-108.41
2026-08-31T09:30:00.000Z,SYNTH_CELL_C,143,-109.98
2026-08-31T09:30:00.000Z,SYNTH_CELL_C,144,-113.52
2026-08-31T09:30:00.000Z,SYNTH_CELL_C,145,-112.96
2026-08-31T09:30:00.000Z,SYNTH_CELL_C,146,-108.57
2026-08-31T09:30:00.000Z,SYNTH_CELL_C,147,-112.1
2026-08-31T09:30:00.000Z,SYNTH_CELL_C,148,-110.67
2026-08-31T09:30:00.000Z,SYNTH_CELL_C,149,-111.63
2026-08-31T09:30:00.000Z,SYNTH_CELL_C,150,-108.34
2026-08-31T09:30:00.000Z,SYNTH_CELL_C,151,-109.23
2026-08-31T09:30:00.000Z,SYNTH_CELL_C,152,-110.75
2026-08-31T09:30:00.000Z,SYNTH_CELL_C,153,-109.79
2026-08-31T09:30:00.000Z,SYNTH_CELL_C,154,-112.96
2026-08-31T09:30:00.000Z,SYNTH_CELL_C,155,-111.32
2026-08-31T09:30:00.000Z,SYNTH_CELL_C,156,-109.93
2026-08-31T09:30:00.000Z,SYNTH_CELL_C,157,-111.88
2026-08-31T09:30:00.000Z,SYNTH_CELL_C,158,-110.54
2026-08-31T09:30:00.000Z,SYNTH_CELL_C,159,-109.67
2026-08-31T09:30:00.000Z,SYNTH_CELL_C,160,-109.48
2026-08-31T09:30:00.000Z,SYNTH_CELL_C,161,-110.16
2026-08-31T09:30:00.000Z,SYNTH_CELL_C,162,-108.07
2026-08-31T09:30:00.000Z,SYNTH_CELL_C,163,-112.33
2026-08-31T09:30:00.000Z,SYNTH_CELL_C,164,-113.93
2026-08-31T09:30:00.000Z,SYNTH_CELL_C,165,-109.05
2026-08-31T09:30:00.000Z,SYNTH_CELL_C,166,-112.6
2026-08-31T09:30:00.000Z,SYNTH_CELL_C,167,-108.47
2026-08-31T09:30:00.000Z,SYNTH_CELL_C,168,-109.12
2026-08-31T09:30:00.000Z,SYNTH_CELL_C,169,-113.52
2026-08-31T09:30:00.000Z,SYNTH_CELL_C,170,-113.42
2026-08-31T09:30:00.000Z,SYNTH_CELL_C,171,-108.55
2026-08-31T09:30:00.000Z,SYNTH_CELL_C,172,-111.72
2026-08-31T09:30:00.000Z,SYNTH_CELL_C,173,-108.97
2026-08-31T09:30:00.000Z,SYNTH_CELL_C,174,-107.79
2026-08-31T09:30:00.000Z,SYNTH_CELL_C,175,-112.99
2026-08-31T09:30:00.000Z,SYNTH_CELL_C,176,-108.23
2026-08-31T09:30:00.000Z,SYNTH_CELL_C,177,-109.46
2026-08-31T09:30:00.000Z,SYNTH_CELL_C,178,-107.53
2026-08-31T09:30:00.000Z,SYNTH_CELL_C,179,-113.73
2026-08-31T09:30:00.000Z,SYNTH_CELL_C,180,-108.26
2026-08-31T09:30:00.000Z,SYNTH_CELL_C,181,-112.59
2026-08-31T09:30:00.000Z,SYNTH_CELL_C,182,-113.03
2026-08-31T09:30:00.000Z,SYNTH_CELL_C,183,-107.25
2026-08-31T09:30:00.000Z,SYNTH_CELL_C,184,-109.53
2026-08-31T09:30:00.000Z,SYNTH_CELL_C,185,-107.4
2026-08-31T09:30:00.000Z,SYNTH_CELL_C,186,-111.46
2026-08-31T09:30:00.000Z,SYNTH_CELL_C,187,-111.21
2026-08-31T09:30:00.000Z,SYNTH_CELL_C,188,-88.45
2026-08-31T09:30:00.000Z,SYNTH_CELL_C,189,-113.53
2026-08-31T09:30:00.000Z,SYNTH_CELL_C,190,-113.95
2026-08-31T09:30:00.000Z,SYNTH_CELL_C,191,-113.91
2026-08-31T09:30:00.000Z,SYNTH_CELL_C,192,-108.1
2026-08-31T09:30:00.000Z,SYNTH_CELL_C,193,-110.8
2026-08-31T09:30:00.000Z,SYNTH_CELL_C,194,-113.58
2026-08-31T09:30:00.000Z,SYNTH_CELL_C,195,-109.66
2026-08-31T09:30:00.000Z,SYNTH_CELL_C,196,-110.49
2026-08-31T09:30:00.000Z,SYNTH_CELL_C,197,-110.13
2026-08-31T09:30:00.000Z,SYNTH_CELL_C,198,-112.18
2026-08-31T09:30:00.000Z,SYNTH_CELL_C,199,-107.14
2026-08-31T09:30:00.000Z,SYNTH_CELL_C,200,-108.13
2026-08-31T09:30:00.000Z,SYNTH_CELL_C,201,-113.07
2026-08-31T09:30:00.000Z,SYNTH_CELL_C,202,-111.87
2026-08-31T09:30:00.000Z,SYNTH_CELL_C,203,-109.78
2026-08-31T09:30:00.000Z,SYNTH_CELL_C,204,-110.85
2026-08-31T09:30:00.000Z,SYNTH_CELL_C,205,-112.75
2026-08-31T09:30:00.000Z,SYNTH_CELL_C,206,-107.43
2026-08-31T09:30:00.000Z,SYNTH_CELL_C,207,-109.06
2026-08-31T09:30:00.000Z,SYNTH_CELL_C,208,-110.83
2026-08-31T09:30:00.000Z,SYNTH_CELL_C,209,-107.39
2026-08-31T09:30:00.000Z,SYNTH_CELL_C,210,-108.23
2026-08-31T09:30:00.000Z,SYNTH_CELL_C,211,-110.95
2026-08-31T09:30:00.000Z,SYNTH_CELL_C,212,-112.81
2026-08-31T09:30:00.000Z,SYNTH_CELL_C,213,-111.37
2026-08-31T09:30:00.000Z,SYNTH_CELL_C,214,-113.94
2026-08-31T09:30:00.000Z,SYNTH_CELL_C,215,-110.49
2026-08-31T09:30:00.000Z,SYNTH_CELL_C,216,-111.39
2026-08-31T09:30:00.000Z,SYNTH_CELL_C,217,-107.11
2026-08-31T09:30:00.000Z,SYNTH_CELL_C,218,-107.6
2026-08-31T09:30:00.000Z,SYNTH_CELL_C,219,-111.67
2026-08-31T09:30:00.000Z,SYNTH_CELL_C,220,-107.11
2026-08-31T09:30:00.000Z,SYNTH_CELL_C,221,-111.83
2026-08-31T09:30:00.000Z,SYNTH_CELL_C,222,-108.94
2026-08-31T09:30:00.000Z,SYNTH_CELL_C,223,-107.97
2026-08-31T09:30:00.000Z,SYNTH_CELL_C,224,-113.18
2026-08-31T09:30:00.000Z,SYNTH_CELL_C,225,-113.66
2026-08-31T09:30:00.000Z,SYNTH_CELL_C,226,-113.58
2026-08-31T09:30:00.000Z,SYNTH_CELL_C,227,-113.9
2026-08-31T09:30:00.000Z,SYNTH_CELL_C,228,-111.25
2026-08-31T09:30:00.000Z,SYNTH_CELL_C,229,-107.47
2026-08-31T09:30:00.000Z,SYNTH_CELL_C,230,-107.53
2026-08-31T09:30:00.000Z,SYNTH_CELL_C,231,-107.01
2026-08-31T09:30:00.000Z,SYNTH_CELL_C,232,-110.79
2026-08-31T09:30:00.000Z,SYNTH_CELL_C,233,-111.08
2026-08-31T09:30:00.000Z,SYNTH_CELL_C,234,-108.52
2026-08-31T09:30:00.000Z,SYNTH_CELL_C,235,-111.16
2026-08-31T09:30:00.000Z,SYNTH_CELL_C,236,-109.32
2026-08-31T09:30:00.000Z,SYNTH_CELL_C,237,-112.48
2026-08-31T09:30:00.000Z,SYNTH_CELL_C,238,-108.16
2026-08-31T09:30:00.000Z,SYNTH_CELL_C,239,-112.84
2026-08-31T09:30:00.000Z,SYNTH_CELL_C,240,-107.59
2026-08-31T09:30:00.000Z,SYNTH_CELL_C,241,-109.24
2026-08-31T09:30:00.000Z,SYNTH_CELL_C,242,-111.14
2026-08-31T09:30:00.000Z,SYNTH_CELL_C,243,-111.52
2026-08-31T09:30:00.000Z,SYNTH_CELL_C,244,-109.75
2026-08-31T09:30:00.000Z,SYNTH_CELL_C,245,-113.82
2026-08-31T09:30:00.000Z,SYNTH_CELL_C,246,-110.29
2026-08-31T09:30:00.000Z,SYNTH_CELL_C,247,-108.09
2026-08-31T09:30:00.000Z,SYNTH_CELL_C,248,-108.21
2026-08-31T09:30:00.000Z,SYNTH_CELL_C,249,-111.32
2026-08-31T09:30:00.000Z,SYNTH_CELL_C,250,-109.2
2026-08-31T09:30:00.000Z,SYNTH_CELL_C,251,-108.93
2026-08-31T09:30:00.000Z,SYNTH_CELL_C,252,-108.98
2026-08-31T09:30:00.000Z,SYNTH_CELL_C,253,-109.88
2026-08-31T09:30:00.000Z,SYNTH_CELL_C,254,-108.11
2026-08-31T09:30:00.000Z,SYNTH_CELL_C,255,-110.86
2026-08-31T09:30:00.000Z,SYNTH_CELL_C,256,-112.89
2026-08-31T09:30:00.000Z,SYNTH_CELL_C,257,-109.35
2026-08-31T09:30:00.000Z,SYNTH_CELL_C,258,-108.31
2026-08-31T09:30:00.000Z,SYNTH_CELL_C,259,-109.62
2026-08-31T09:30:00.000Z,SYNTH_CELL_C,260,-108.05
2026-08-31T09:30:00.000Z,SYNTH_CELL_C,261,-107.78
2026-08-31T09:30:00.000Z,SYNTH_CELL_C,262,-113.53
2026-08-31T09:30:00.000Z,SYNTH_CELL_C,263,-111.63
2026-08-31T09:30:00.000Z,SYNTH_CELL_C,264,-107.96
2026-08-31T09:30:00.000Z,SYNTH_CELL_C,265,-111.65
2026-08-31T09:30:00.000Z,SYNTH_CELL_C,266,-113.47
2026-08-31T09:30:00.000Z,SYNTH_CELL_C,267,-107.84
2026-08-31T09:30:00.000Z,SYNTH_CELL_C,268,-88.22
2026-08-31T09:30:00.000Z,SYNTH_CELL_C,269,-108.58
2026-08-31T09:30:00.000Z,SYNTH_CELL_C,270,-111.56
2026-08-31T09:30:00.000Z,SYNTH_CELL_C,271,-108.51
2026-08-31T09:30:00.000Z,SYNTH_CELL_C,272,-108.15
2026-08-31T09:35:00.000Z,SYNTH_CELL_C,0,-108.21
2026-08-31T09:35:00.000Z,SYNTH_CELL_C,1,-109.45
2026-08-31T09:35:00.000Z,SYNTH_CELL_C,2,-110.32
2026-08-31T09:35:00.000Z,SYNTH_CELL_C,3,-107.61
2026-08-31T09:35:00.000Z,SYNTH_CELL_C,4,-109.5
2026-08-31T09:35:00.000Z,SYNTH_CELL_C,5,-111.75
2026-08-31T09:35:00.000Z,SYNTH_CELL_C,6,-110.08
2026-08-31T09:35:00.000Z,SYNTH_CELL_C,7,-110.7
2026-08-31T09:35:00.000Z,SYNTH_CELL_C,8,-89.04
2026-08-31T09:35:00.000Z,SYNTH_CELL_C,9,-107.72
2026-08-31T09:35:00.000Z,SYNTH_CELL_C,10,-109.81
2026-08-31T09:35:00.000Z,SYNTH_CELL_C,11,-113.79
2026-08-31T09:35:00.000Z,SYNTH_CELL_C,12,-107.86
2026-08-31T09:35:00.000Z,SYNTH_CELL_C,13,-113.07
2026-08-31T09:35:00.000Z,SYNTH_CELL_C,14,-111.32
2026-08-31T09:35:00.000Z,SYNTH_CELL_C,15,-112.33
2026-08-31T09:35:00.000Z,SYNTH_CELL_C,16,-112.37
2026-08-31T09:35:00.000Z,SYNTH_CELL_C,17,-113.53
2026-08-31T09:35:00.000Z,SYNTH_CELL_C,18,-107.72
2026-08-31T09:35:00.000Z,SYNTH_CELL_C,19,-107.48
2026-08-31T09:35:00.000Z,SYNTH_CELL_C,20,-111.88
2026-08-31T09:35:00.000Z,SYNTH_CELL_C,21,-109.57
2026-08-31T09:35:00.000Z,SYNTH_CELL_C,22,-107.38
2026-08-31T09:35:00.000Z,SYNTH_CELL_C,23,-111.53
2026-08-31T09:35:00.000Z,SYNTH_CELL_C,24,-113.98
2026-08-31T09:35:00.000Z,SYNTH_CELL_C,25,-110.32
2026-08-31T09:35:00.000Z,SYNTH_CELL_C,26,-110.79
2026-08-31T09:35:00.000Z,SYNTH_CELL_C,27,-109.03
2026-08-31T09:35:00.000Z,SYNTH_CELL_C,28,-112.28
2026-08-31T09:35:00.000Z,SYNTH_CELL_C,29,-110.87
2026-08-31T09:35:00.000Z,SYNTH_CELL_C,30,-111.31
2026-08-31T09:35:00.000Z,SYNTH_CELL_C,31,-113.15
2026-08-31T09:35:00.000Z,SYNTH_CELL_C,32,-113.1
2026-08-31T09:35:00.000Z,SYNTH_CELL_C,33,-108.38
2026-08-31T09:35:00.000Z,SYNTH_CELL_C,34,-113.16
2026-08-31T09:35:00.000Z,SYNTH_CELL_C,35,-113.35
2026-08-31T09:35:00.000Z,SYNTH_CELL_C,36,-110.15
2026-08-31T09:35:00.000Z,SYNTH_CELL_C,37,-107.21
2026-08-31T09:35:00.000Z,SYNTH_CELL_C,38,-111.79
2026-08-31T09:35:00.000Z,SYNTH_CELL_C,39,-109.63
2026-08-31T09:35:00.000Z,SYNTH_CELL_C,40,-112.74
2026-08-31T09:35:00.000Z,SYNTH_CELL_C,41,-111.95
2026-08-31T09:35:00.000Z,SYNTH_CELL_C,42,-107.38
2026-08-31T09:35:00.000Z,SYNTH_CELL_C,43,-113.32
2026-08-31T09:35:00.000Z,SYNTH_CELL_C,44,-109.75
2026-08-31T09:35:00.000Z,SYNTH_CELL_C,45,-107.82
2026-08-31T09:35:00.000Z,SYNTH_CELL_C,46,-110.37
2026-08-31T09:35:00.000Z,SYNTH_CELL_C,47,-113.58
2026-08-31T09:35:00.000Z,SYNTH_CELL_C,48,-110.15
2026-08-31T09:35:00.000Z,SYNTH_CELL_C,49,-110.95
2026-08-31T09:35:00.000Z,SYNTH_CELL_C,50,-112.26
2026-08-31T09:35:00.000Z,SYNTH_CELL_C,51,-113.49
2026-08-31T09:35:00.000Z,SYNTH_CELL_C,52,-107.12
2026-08-31T09:35:00.000Z,SYNTH_CELL_C,53,-113.07
2026-08-31T09:35:00.000Z,SYNTH_CELL_C,54,-113.33
2026-08-31T09:35:00.000Z,SYNTH_CELL_C,55,-108.84
2026-08-31T09:35:00.000Z,SYNTH_CELL_C,56,-113.74
2026-08-31T09:35:00.000Z,SYNTH_CELL_C,57,-108.2
2026-08-31T09:35:00.000Z,SYNTH_CELL_C,58,-110.48
2026-08-31T09:35:00.000Z,SYNTH_CELL_C,59,-113.7
2026-08-31T09:35:00.000Z,SYNTH_CELL_C,60,-110.13
2026-08-31T09:35:00.000Z,SYNTH_CELL_C,61,-109.82
2026-08-31T09:35:00.000Z,SYNTH_CELL_C,62,-108.93
2026-08-31T09:35:00.000Z,SYNTH_CELL_C,63,-112.82
2026-08-31T09:35:00.000Z,SYNTH_CELL_C,64,-112.99
2026-08-31T09:35:00.000Z,SYNTH_CELL_C,65,-108.34
2026-08-31T09:35:00.000Z,SYNTH_CELL_C,66,-109.71
2026-08-31T09:35:00.000Z,SYNTH_CELL_C,67,-108.1
2026-08-31T09:35:00.000Z,SYNTH_CELL_C,68,-109.15
2026-08-31T09:35:00.000Z,SYNTH_CELL_C,69,-108.39
2026-08-31T09:35:00.000Z,SYNTH_CELL_C,70,-108.57
2026-08-31T09:35:00.000Z,SYNTH_CELL_C,71,-111.52
2026-08-31T09:35:00.000Z,SYNTH_CELL_C,72,-112.98
2026-08-31T09:35:00.000Z,SYNTH_CELL_C,73,-112.18
2026-08-31T09:35:00.000Z,SYNTH_CELL_C,74,-113.9
2026-08-31T09:35:00.000Z,SYNTH_CELL_C,75,-111.75
2026-08-31T09:35:00.000Z,SYNTH_CELL_C,76,-110.04
2026-08-31T09:35:00.000Z,SYNTH_CELL_C,77,-111.44
2026-08-31T09:35:00.000Z,SYNTH_CELL_C,78,-107.24
2026-08-31T09:35:00.000Z,SYNTH_CELL_C,79,-112.37
2026-08-31T09:35:00.000Z,SYNTH_CELL_C,80,-111.4
2026-08-31T09:35:00.000Z,SYNTH_CELL_C,81,-108.61
2026-08-31T09:35:00.000Z,SYNTH_CELL_C,82,-107.54
2026-08-31T09:35:00.000Z,SYNTH_CELL_C,83,-108.03
2026-08-31T09:35:00.000Z,SYNTH_CELL_C,84,-108.94
2026-08-31T09:35:00.000Z,SYNTH_CELL_C,85,-111.12
2026-08-31T09:35:00.000Z,SYNTH_CELL_C,86,-108.39
2026-08-31T09:35:00.000Z,SYNTH_CELL_C,87,-110.73
2026-08-31T09:35:00.000Z,SYNTH_CELL_C,88,-93.51
2026-08-31T09:35:00.000Z,SYNTH_CELL_C,89,-112.65
2026-08-31T09:35:00.000Z,SYNTH_CELL_C,90,-112.22
2026-08-31T09:35:00.000Z,SYNTH_CELL_C,91,-107.18
2026-08-31T09:35:00.000Z,SYNTH_CELL_C,92,-108.15
2026-08-31T09:35:00.000Z,SYNTH_CELL_C,93,-110.54
2026-08-31T09:35:00.000Z,SYNTH_CELL_C,94,-107.33
2026-08-31T09:35:00.000Z,SYNTH_CELL_C,95,-108.31
2026-08-31T09:35:00.000Z,SYNTH_CELL_C,96,-111.8
2026-08-31T09:35:00.000Z,SYNTH_CELL_C,97,-110.67
2026-08-31T09:35:00.000Z,SYNTH_CELL_C,98,-113.36
2026-08-31T09:35:00.000Z,SYNTH_CELL_C,99,-109.61
2026-08-31T09:35:00.000Z,SYNTH_CELL_C,100,-108.39
2026-08-31T09:35:00.000Z,SYNTH_CELL_C,101,-113.16
2026-08-31T09:35:00.000Z,SYNTH_CELL_C,102,-112.73
2026-08-31T09:35:00.000Z,SYNTH_CELL_C,103,-109.4
2026-08-31T09:35:00.000Z,SYNTH_CELL_C,104,-113.59
2026-08-31T09:35:00.000Z,SYNTH_CELL_C,105,-107.56
2026-08-31T09:35:00.000Z,SYNTH_CELL_C,106,-112.55
2026-08-31T09:35:00.000Z,SYNTH_CELL_C,107,-109
2026-08-31T09:35:00.000Z,SYNTH_CELL_C,108,-112.58
2026-08-31T09:35:00.000Z,SYNTH_CELL_C,109,-113.15
2026-08-31T09:35:00.000Z,SYNTH_CELL_C,110,-112.13
2026-08-31T09:35:00.000Z,SYNTH_CELL_C,111,-109.43
2026-08-31T09:35:00.000Z,SYNTH_CELL_C,112,-113.17
2026-08-31T09:35:00.000Z,SYNTH_CELL_C,113,-111.16
2026-08-31T09:35:00.000Z,SYNTH_CELL_C,114,-108.39
2026-08-31T09:35:00.000Z,SYNTH_CELL_C,115,-112.4
2026-08-31T09:35:00.000Z,SYNTH_CELL_C,116,-110.25
2026-08-31T09:35:00.000Z,SYNTH_CELL_C,117,-107.85
2026-08-31T09:35:00.000Z,SYNTH_CELL_C,118,-110.19
2026-08-31T09:35:00.000Z,SYNTH_CELL_C,119,-112.65
2026-08-31T09:35:00.000Z,SYNTH_CELL_C,120,-107.75
2026-08-31T09:35:00.000Z,SYNTH_CELL_C,121,-112.3
2026-08-31T09:35:00.000Z,SYNTH_CELL_C,122,-111.7
2026-08-31T09:35:00.000Z,SYNTH_CELL_C,123,-110.49
2026-08-31T09:35:00.000Z,SYNTH_CELL_C,124,-113.15
2026-08-31T09:35:00.000Z,SYNTH_CELL_C,125,-107.01
2026-08-31T09:35:00.000Z,SYNTH_CELL_C,126,-107.7
2026-08-31T09:35:00.000Z,SYNTH_CELL_C,127,-110.64
2026-08-31T09:35:00.000Z,SYNTH_CELL_C,128,-110.44
2026-08-31T09:35:00.000Z,SYNTH_CELL_C,129,-110.14
2026-08-31T09:35:00.000Z,SYNTH_CELL_C,130,-108.03
2026-08-31T09:35:00.000Z,SYNTH_CELL_C,131,-108.18
2026-08-31T09:35:00.000Z,SYNTH_CELL_C,132,-108.67
2026-08-31T09:35:00.000Z,SYNTH_CELL_C,133,-113.44
2026-08-31T09:35:00.000Z,SYNTH_CELL_C,134,-108.05
2026-08-31T09:35:00.000Z,SYNTH_CELL_C,135,-111.68
2026-08-31T09:35:00.000Z,SYNTH_CELL_C,136,-111.19
2026-08-31T09:35:00.000Z,SYNTH_CELL_C,137,-113.86
2026-08-31T09:35:00.000Z,SYNTH_CELL_C,138,-112.32
2026-08-31T09:35:00.000Z,SYNTH_CELL_C,139,-113.4
2026-08-31T09:35:00.000Z,SYNTH_CELL_C,140,-109.55
2026-08-31T09:35:00.000Z,SYNTH_CELL_C,141,-113.47
2026-08-31T09:35:00.000Z,SYNTH_CELL_C,142,-112.62
2026-08-31T09:35:00.000Z,SYNTH_CELL_C,143,-112.3
2026-08-31T09:35:00.000Z,SYNTH_CELL_C,144,-108.44
2026-08-31T09:35:00.000Z,SYNTH_CELL_C,145,-109.69
2026-08-31T09:35:00.000Z,SYNTH_CELL_C,146,-110.62
2026-08-31T09:35:00.000Z,SYNTH_CELL_C,147,-113.5
2026-08-31T09:35:00.000Z,SYNTH_CELL_C,148,-110.92
2026-08-31T09:35:00.000Z,SYNTH_CELL_C,149,-111.3
2026-08-31T09:35:00.000Z,SYNTH_CELL_C,150,-107.54
2026-08-31T09:35:00.000Z,SYNTH_CELL_C,151,-112.02
2026-08-31T09:35:00.000Z,SYNTH_CELL_C,152,-112.43
2026-08-31T09:35:00.000Z,SYNTH_CELL_C,153,-110.82
2026-08-31T09:35:00.000Z,SYNTH_CELL_C,154,-109.39
2026-08-31T09:35:00.000Z,SYNTH_CELL_C,155,-109.92
2026-08-31T09:35:00.000Z,SYNTH_CELL_C,156,-110.16
2026-08-31T09:35:00.000Z,SYNTH_CELL_C,157,-111.61
2026-08-31T09:35:00.000Z,SYNTH_CELL_C,158,-112.39
2026-08-31T09:35:00.000Z,SYNTH_CELL_C,159,-111.35
2026-08-31T09:35:00.000Z,SYNTH_CELL_C,160,-113.5
2026-08-31T09:35:00.000Z,SYNTH_CELL_C,161,-111.9
2026-08-31T09:35:00.000Z,SYNTH_CELL_C,162,-110.47
2026-08-31T09:35:00.000Z,SYNTH_CELL_C,163,-109.6
2026-08-31T09:35:00.000Z,SYNTH_CELL_C,164,-113.53
2026-08-31T09:35:00.000Z,SYNTH_CELL_C,165,-108.75
2026-08-31T09:35:00.000Z,SYNTH_CELL_C,166,-110.76
2026-08-31T09:35:00.000Z,SYNTH_CELL_C,167,-108.02
2026-08-31T09:35:00.000Z,SYNTH_CELL_C,168,-109.59
2026-08-31T09:35:00.000Z,SYNTH_CELL_C,169,-108
2026-08-31T09:35:00.000Z,SYNTH_CELL_C,170,-108.28
2026-08-31T09:35:00.000Z,SYNTH_CELL_C,171,-111.8
2026-08-31T09:35:00.000Z,SYNTH_CELL_C,172,-109.18
2026-08-31T09:35:00.000Z,SYNTH_CELL_C,173,-111.73
2026-08-31T09:35:00.000Z,SYNTH_CELL_C,174,-111.11
2026-08-31T09:35:00.000Z,SYNTH_CELL_C,175,-111.08
2026-08-31T09:35:00.000Z,SYNTH_CELL_C,176,-108.48
2026-08-31T09:35:00.000Z,SYNTH_CELL_C,177,-110.93
2026-08-31T09:35:00.000Z,SYNTH_CELL_C,178,-111.48
2026-08-31T09:35:00.000Z,SYNTH_CELL_C,179,-111.05
2026-08-31T09:35:00.000Z,SYNTH_CELL_C,180,-110.16
2026-08-31T09:35:00.000Z,SYNTH_CELL_C,181,-110.84
2026-08-31T09:35:00.000Z,SYNTH_CELL_C,182,-108.41
2026-08-31T09:35:00.000Z,SYNTH_CELL_C,183,-110.33
2026-08-31T09:35:00.000Z,SYNTH_CELL_C,184,-109.01
2026-08-31T09:35:00.000Z,SYNTH_CELL_C,185,-111.23
2026-08-31T09:35:00.000Z,SYNTH_CELL_C,186,-112.53
2026-08-31T09:35:00.000Z,SYNTH_CELL_C,187,-110.95
2026-08-31T09:35:00.000Z,SYNTH_CELL_C,188,-89.25
2026-08-31T09:35:00.000Z,SYNTH_CELL_C,189,-110.8
2026-08-31T09:35:00.000Z,SYNTH_CELL_C,190,-113.04
2026-08-31T09:35:00.000Z,SYNTH_CELL_C,191,-110.01
2026-08-31T09:35:00.000Z,SYNTH_CELL_C,192,-111.25
2026-08-31T09:35:00.000Z,SYNTH_CELL_C,193,-113.95
2026-08-31T09:35:00.000Z,SYNTH_CELL_C,194,-112.53
2026-08-31T09:35:00.000Z,SYNTH_CELL_C,195,-107.23
2026-08-31T09:35:00.000Z,SYNTH_CELL_C,196,-110.72
2026-08-31T09:35:00.000Z,SYNTH_CELL_C,197,-110.85
2026-08-31T09:35:00.000Z,SYNTH_CELL_C,198,-111.68
2026-08-31T09:35:00.000Z,SYNTH_CELL_C,199,-113.33
2026-08-31T09:35:00.000Z,SYNTH_CELL_C,200,-111.22
2026-08-31T09:35:00.000Z,SYNTH_CELL_C,201,-113.86
2026-08-31T09:35:00.000Z,SYNTH_CELL_C,202,-107.92
2026-08-31T09:35:00.000Z,SYNTH_CELL_C,203,-109.33
2026-08-31T09:35:00.000Z,SYNTH_CELL_C,204,-109.1
2026-08-31T09:35:00.000Z,SYNTH_CELL_C,205,-109.47
2026-08-31T09:35:00.000Z,SYNTH_CELL_C,206,-108.79
2026-08-31T09:35:00.000Z,SYNTH_CELL_C,207,-109.77
2026-08-31T09:35:00.000Z,SYNTH_CELL_C,208,-107.68
2026-08-31T09:35:00.000Z,SYNTH_CELL_C,209,-113.56
2026-08-31T09:35:00.000Z,SYNTH_CELL_C,210,-112.23
2026-08-31T09:35:00.000Z,SYNTH_CELL_C,211,-111.84
2026-08-31T09:35:00.000Z,SYNTH_CELL_C,212,-112.73
2026-08-31T09:35:00.000Z,SYNTH_CELL_C,213,-112.21
2026-08-31T09:35:00.000Z,SYNTH_CELL_C,214,-110.5
2026-08-31T09:35:00.000Z,SYNTH_CELL_C,215,-111.65
2026-08-31T09:35:00.000Z,SYNTH_CELL_C,216,-110.11
2026-08-31T09:35:00.000Z,SYNTH_CELL_C,217,-111.21
2026-08-31T09:35:00.000Z,SYNTH_CELL_C,218,-111.68
2026-08-31T09:35:00.000Z,SYNTH_CELL_C,219,-109.72
2026-08-31T09:35:00.000Z,SYNTH_CELL_C,220,-110.3
2026-08-31T09:35:00.000Z,SYNTH_CELL_C,221,-111.35
2026-08-31T09:35:00.000Z,SYNTH_CELL_C,222,-109.44
2026-08-31T09:35:00.000Z,SYNTH_CELL_C,223,-112.06
2026-08-31T09:35:00.000Z,SYNTH_CELL_C,224,-113.58
2026-08-31T09:35:00.000Z,SYNTH_CELL_C,225,-107.06
2026-08-31T09:35:00.000Z,SYNTH_CELL_C,226,-113.76
2026-08-31T09:35:00.000Z,SYNTH_CELL_C,227,-112.1
2026-08-31T09:35:00.000Z,SYNTH_CELL_C,228,-108.38
2026-08-31T09:35:00.000Z,SYNTH_CELL_C,229,-107.69
2026-08-31T09:35:00.000Z,SYNTH_CELL_C,230,-109.98
2026-08-31T09:35:00.000Z,SYNTH_CELL_C,231,-109.23
2026-08-31T09:35:00.000Z,SYNTH_CELL_C,232,-110.19
2026-08-31T09:35:00.000Z,SYNTH_CELL_C,233,-111.09
2026-08-31T09:35:00.000Z,SYNTH_CELL_C,234,-107.71
2026-08-31T09:35:00.000Z,SYNTH_CELL_C,235,-107.48
2026-08-31T09:35:00.000Z,SYNTH_CELL_C,236,-108.42
2026-08-31T09:35:00.000Z,SYNTH_CELL_C,237,-113.36
2026-08-31T09:35:00.000Z,SYNTH_CELL_C,238,-111.58
2026-08-31T09:35:00.000Z,SYNTH_CELL_C,239,-108.17
2026-08-31T09:35:00.000Z,SYNTH_CELL_C,240,-110.14
2026-08-31T09:35:00.000Z,SYNTH_CELL_C,241,-112.51
2026-08-31T09:35:00.000Z,SYNTH_CELL_C,242,-112.06
2026-08-31T09:35:00.000Z,SYNTH_CELL_C,243,-110.71
2026-08-31T09:35:00.000Z,SYNTH_CELL_C,244,-112.85
2026-08-31T09:35:00.000Z,SYNTH_CELL_C,245,-113.32
2026-08-31T09:35:00.000Z,SYNTH_CELL_C,246,-110.05
2026-08-31T09:35:00.000Z,SYNTH_CELL_C,247,-107.51
2026-08-31T09:35:00.000Z,SYNTH_CELL_C,248,-110.91
2026-08-31T09:35:00.000Z,SYNTH_CELL_C,249,-112.44
2026-08-31T09:35:00.000Z,SYNTH_CELL_C,250,-112.07
2026-08-31T09:35:00.000Z,SYNTH_CELL_C,251,-108.48
2026-08-31T09:35:00.000Z,SYNTH_CELL_C,252,-107.37
2026-08-31T09:35:00.000Z,SYNTH_CELL_C,253,-113.4
2026-08-31T09:35:00.000Z,SYNTH_CELL_C,254,-109.64
2026-08-31T09:35:00.000Z,SYNTH_CELL_C,255,-111.52
2026-08-31T09:35:00.000Z,SYNTH_CELL_C,256,-109.65
2026-08-31T09:35:00.000Z,SYNTH_CELL_C,257,-108.73
2026-08-31T09:35:00.000Z,SYNTH_CELL_C,258,-112.06
2026-08-31T09:35:00.000Z,SYNTH_CELL_C,259,-110.58
2026-08-31T09:35:00.000Z,SYNTH_CELL_C,260,-108.42
2026-08-31T09:35:00.000Z,SYNTH_CELL_C,261,-107.16
2026-08-31T09:35:00.000Z,SYNTH_CELL_C,262,-113.21
2026-08-31T09:35:00.000Z,SYNTH_CELL_C,263,-107.13
2026-08-31T09:35:00.000Z,SYNTH_CELL_C,264,-108.96
2026-08-31T09:35:00.000Z,SYNTH_CELL_C,265,-108.53
2026-08-31T09:35:00.000Z,SYNTH_CELL_C,266,-110.3
2026-08-31T09:35:00.000Z,SYNTH_CELL_C,267,-111.74
2026-08-31T09:35:00.000Z,SYNTH_CELL_C,268,-89.14
2026-08-31T09:35:00.000Z,SYNTH_CELL_C,269,-111.28
2026-08-31T09:35:00.000Z,SYNTH_CELL_C,270,-110.81
2026-08-31T09:35:00.000Z,SYNTH_CELL_C,271,-108.7
2026-08-31T09:35:00.000Z,SYNTH_CELL_C,272,-107.16
2026-08-31T09:40:00.000Z,SYNTH_CELL_C,0,-109.54
2026-08-31T09:40:00.000Z,SYNTH_CELL_C,1,-110.52
2026-08-31T09:40:00.000Z,SYNTH_CELL_C,2,-107.5
2026-08-31T09:40:00.000Z,SYNTH_CELL_C,3,-111.2
2026-08-31T09:40:00.000Z,SYNTH_CELL_C,4,-113.47
2026-08-31T09:40:00.000Z,SYNTH_CELL_C,5,-112.56
2026-08-31T09:40:00.000Z,SYNTH_CELL_C,6,-113.51
2026-08-31T09:40:00.000Z,SYNTH_CELL_C,7,-107.69
2026-08-31T09:40:00.000Z,SYNTH_CELL_C,8,-87.31
2026-08-31T09:40:00.000Z,SYNTH_CELL_C,9,-111.19
2026-08-31T09:40:00.000Z,SYNTH_CELL_C,10,-107.92
2026-08-31T09:40:00.000Z,SYNTH_CELL_C,11,-110.45
2026-08-31T09:40:00.000Z,SYNTH_CELL_C,12,-113.38
2026-08-31T09:40:00.000Z,SYNTH_CELL_C,13,-108.13
2026-08-31T09:40:00.000Z,SYNTH_CELL_C,14,-113.24
2026-08-31T09:40:00.000Z,SYNTH_CELL_C,15,-108.59
2026-08-31T09:40:00.000Z,SYNTH_CELL_C,16,-109.04
2026-08-31T09:40:00.000Z,SYNTH_CELL_C,17,-111.53
2026-08-31T09:40:00.000Z,SYNTH_CELL_C,18,-113.7
2026-08-31T09:40:00.000Z,SYNTH_CELL_C,19,-112.62
2026-08-31T09:40:00.000Z,SYNTH_CELL_C,20,-108.78
2026-08-31T09:40:00.000Z,SYNTH_CELL_C,21,-111.26
2026-08-31T09:40:00.000Z,SYNTH_CELL_C,22,-113.71
2026-08-31T09:40:00.000Z,SYNTH_CELL_C,23,-111.36
2026-08-31T09:40:00.000Z,SYNTH_CELL_C,24,-108
2026-08-31T09:40:00.000Z,SYNTH_CELL_C,25,-108.25
2026-08-31T09:40:00.000Z,SYNTH_CELL_C,26,-107.29
2026-08-31T09:40:00.000Z,SYNTH_CELL_C,27,-110.56
2026-08-31T09:40:00.000Z,SYNTH_CELL_C,28,-113.4
2026-08-31T09:40:00.000Z,SYNTH_CELL_C,29,-113.25
2026-08-31T09:40:00.000Z,SYNTH_CELL_C,30,-113.36
2026-08-31T09:40:00.000Z,SYNTH_CELL_C,31,-112.6
2026-08-31T09:40:00.000Z,SYNTH_CELL_C,32,-113.31
2026-08-31T09:40:00.000Z,SYNTH_CELL_C,33,-107.27
2026-08-31T09:40:00.000Z,SYNTH_CELL_C,34,-109.48
2026-08-31T09:40:00.000Z,SYNTH_CELL_C,35,-113.44
2026-08-31T09:40:00.000Z,SYNTH_CELL_C,36,-108.04
2026-08-31T09:40:00.000Z,SYNTH_CELL_C,37,-109.89
2026-08-31T09:40:00.000Z,SYNTH_CELL_C,38,-109.98
2026-08-31T09:40:00.000Z,SYNTH_CELL_C,39,-109.12
2026-08-31T09:40:00.000Z,SYNTH_CELL_C,40,-109.99
2026-08-31T09:40:00.000Z,SYNTH_CELL_C,41,-109.55
2026-08-31T09:40:00.000Z,SYNTH_CELL_C,42,-109.29
2026-08-31T09:40:00.000Z,SYNTH_CELL_C,43,-110.61
2026-08-31T09:40:00.000Z,SYNTH_CELL_C,44,-107.49
2026-08-31T09:40:00.000Z,SYNTH_CELL_C,45,-113.9
2026-08-31T09:40:00.000Z,SYNTH_CELL_C,46,-108.5
2026-08-31T09:40:00.000Z,SYNTH_CELL_C,47,-110.31
2026-08-31T09:40:00.000Z,SYNTH_CELL_C,48,-112.35
2026-08-31T09:40:00.000Z,SYNTH_CELL_C,49,-109.14
2026-08-31T09:40:00.000Z,SYNTH_CELL_C,50,-107.17
2026-08-31T09:40:00.000Z,SYNTH_CELL_C,51,-111.13
2026-08-31T09:40:00.000Z,SYNTH_CELL_C,52,-110.09
2026-08-31T09:40:00.000Z,SYNTH_CELL_C,53,-109.5
2026-08-31T09:40:00.000Z,SYNTH_CELL_C,54,-110.25
2026-08-31T09:40:00.000Z,SYNTH_CELL_C,55,-112
2026-08-31T09:40:00.000Z,SYNTH_CELL_C,56,-109.83
2026-08-31T09:40:00.000Z,SYNTH_CELL_C,57,-113.76
2026-08-31T09:40:00.000Z,SYNTH_CELL_C,58,-109.13
2026-08-31T09:40:00.000Z,SYNTH_CELL_C,59,-112.24
2026-08-31T09:40:00.000Z,SYNTH_CELL_C,60,-112.74
2026-08-31T09:40:00.000Z,SYNTH_CELL_C,61,-108.01
2026-08-31T09:40:00.000Z,SYNTH_CELL_C,62,-107.72
2026-08-31T09:40:00.000Z,SYNTH_CELL_C,63,-112.55
2026-08-31T09:40:00.000Z,SYNTH_CELL_C,64,-111.93
2026-08-31T09:40:00.000Z,SYNTH_CELL_C,65,-113.85
2026-08-31T09:40:00.000Z,SYNTH_CELL_C,66,-110.33
2026-08-31T09:40:00.000Z,SYNTH_CELL_C,67,-112.1
2026-08-31T09:40:00.000Z,SYNTH_CELL_C,68,-110.48
2026-08-31T09:40:00.000Z,SYNTH_CELL_C,69,-113.14
2026-08-31T09:40:00.000Z,SYNTH_CELL_C,70,-107.02
2026-08-31T09:40:00.000Z,SYNTH_CELL_C,71,-107.91
2026-08-31T09:40:00.000Z,SYNTH_CELL_C,72,-109.33
2026-08-31T09:40:00.000Z,SYNTH_CELL_C,73,-107.83
2026-08-31T09:40:00.000Z,SYNTH_CELL_C,74,-113.16
2026-08-31T09:40:00.000Z,SYNTH_CELL_C,75,-110.01
2026-08-31T09:40:00.000Z,SYNTH_CELL_C,76,-107.49
2026-08-31T09:40:00.000Z,SYNTH_CELL_C,77,-111.41
2026-08-31T09:40:00.000Z,SYNTH_CELL_C,78,-109.38
2026-08-31T09:40:00.000Z,SYNTH_CELL_C,79,-108.94
2026-08-31T09:40:00.000Z,SYNTH_CELL_C,80,-107.96
2026-08-31T09:40:00.000Z,SYNTH_CELL_C,81,-113.44
2026-08-31T09:40:00.000Z,SYNTH_CELL_C,82,-113.49
2026-08-31T09:40:00.000Z,SYNTH_CELL_C,83,-107.49
2026-08-31T09:40:00.000Z,SYNTH_CELL_C,84,-108.55
2026-08-31T09:40:00.000Z,SYNTH_CELL_C,85,-108.28
2026-08-31T09:40:00.000Z,SYNTH_CELL_C,86,-111.29
2026-08-31T09:40:00.000Z,SYNTH_CELL_C,87,-111.26
2026-08-31T09:40:00.000Z,SYNTH_CELL_C,88,-92.76
2026-08-31T09:40:00.000Z,SYNTH_CELL_C,89,-110.75
2026-08-31T09:40:00.000Z,SYNTH_CELL_C,90,-112.37
2026-08-31T09:40:00.000Z,SYNTH_CELL_C,91,-113.46
2026-08-31T09:40:00.000Z,SYNTH_CELL_C,92,-111.43
2026-08-31T09:40:00.000Z,SYNTH_CELL_C,93,-109.95
2026-08-31T09:40:00.000Z,SYNTH_CELL_C,94,-113.7
2026-08-31T09:40:00.000Z,SYNTH_CELL_C,95,-108.95
2026-08-31T09:40:00.000Z,SYNTH_CELL_C,96,-112.13
2026-08-31T09:40:00.000Z,SYNTH_CELL_C,97,-108.65
2026-08-31T09:40:00.000Z,SYNTH_CELL_C,98,-110.57
2026-08-31T09:40:00.000Z,SYNTH_CELL_C,99,-109.92
2026-08-31T09:40:00.000Z,SYNTH_CELL_C,100,-110.64
2026-08-31T09:40:00.000Z,SYNTH_CELL_C,101,-108.46
2026-08-31T09:40:00.000Z,SYNTH_CELL_C,102,-112.58
2026-08-31T09:40:00.000Z,SYNTH_CELL_C,103,-107.86
2026-08-31T09:40:00.000Z,SYNTH_CELL_C,104,-109.19
2026-08-31T09:40:00.000Z,SYNTH_CELL_C,105,-111.65
2026-08-31T09:40:00.000Z,SYNTH_CELL_C,106,-107.87
2026-08-31T09:40:00.000Z,SYNTH_CELL_C,107,-108.28
2026-08-31T09:40:00.000Z,SYNTH_CELL_C,108,-110.59
2026-08-31T09:40:00.000Z,SYNTH_CELL_C,109,-112.06
2026-08-31T09:40:00.000Z,SYNTH_CELL_C,110,-108.03
2026-08-31T09:40:00.000Z,SYNTH_CELL_C,111,-113.07
2026-08-31T09:40:00.000Z,SYNTH_CELL_C,112,-108.61
2026-08-31T09:40:00.000Z,SYNTH_CELL_C,113,-111.08
2026-08-31T09:40:00.000Z,SYNTH_CELL_C,114,-111.67
2026-08-31T09:40:00.000Z,SYNTH_CELL_C,115,-107.36
2026-08-31T09:40:00.000Z,SYNTH_CELL_C,116,-108.61
2026-08-31T09:40:00.000Z,SYNTH_CELL_C,117,-110.59
2026-08-31T09:40:00.000Z,SYNTH_CELL_C,118,-111.97
2026-08-31T09:40:00.000Z,SYNTH_CELL_C,119,-107.68
2026-08-31T09:40:00.000Z,SYNTH_CELL_C,120,-107.65
2026-08-31T09:40:00.000Z,SYNTH_CELL_C,121,-111.66
2026-08-31T09:40:00.000Z,SYNTH_CELL_C,122,-111.99
2026-08-31T09:40:00.000Z,SYNTH_CELL_C,123,-111.53
2026-08-31T09:40:00.000Z,SYNTH_CELL_C,124,-109.92
2026-08-31T09:40:00.000Z,SYNTH_CELL_C,125,-113.16
2026-08-31T09:40:00.000Z,SYNTH_CELL_C,126,-112.04
2026-08-31T09:40:00.000Z,SYNTH_CELL_C,127,-110.23
2026-08-31T09:40:00.000Z,SYNTH_CELL_C,128,-113.67
2026-08-31T09:40:00.000Z,SYNTH_CELL_C,129,-111.15
2026-08-31T09:40:00.000Z,SYNTH_CELL_C,130,-109.9
2026-08-31T09:40:00.000Z,SYNTH_CELL_C,131,-110.09
2026-08-31T09:40:00.000Z,SYNTH_CELL_C,132,-110.54
2026-08-31T09:40:00.000Z,SYNTH_CELL_C,133,-107.02
2026-08-31T09:40:00.000Z,SYNTH_CELL_C,134,-113.06
2026-08-31T09:40:00.000Z,SYNTH_CELL_C,135,-113.81
2026-08-31T09:40:00.000Z,SYNTH_CELL_C,136,-110.46
2026-08-31T09:40:00.000Z,SYNTH_CELL_C,137,-111.39
2026-08-31T09:40:00.000Z,SYNTH_CELL_C,138,-113.08
2026-08-31T09:40:00.000Z,SYNTH_CELL_C,139,-111.99
2026-08-31T09:40:00.000Z,SYNTH_CELL_C,140,-107.28
2026-08-31T09:40:00.000Z,SYNTH_CELL_C,141,-109.45
2026-08-31T09:40:00.000Z,SYNTH_CELL_C,142,-112.2
2026-08-31T09:40:00.000Z,SYNTH_CELL_C,143,-113.58
2026-08-31T09:40:00.000Z,SYNTH_CELL_C,144,-110.21
2026-08-31T09:40:00.000Z,SYNTH_CELL_C,145,-107.63
2026-08-31T09:40:00.000Z,SYNTH_CELL_C,146,-110.53
2026-08-31T09:40:00.000Z,SYNTH_CELL_C,147,-110.84
2026-08-31T09:40:00.000Z,SYNTH_CELL_C,148,-107.56
2026-08-31T09:40:00.000Z,SYNTH_CELL_C,149,-108.09
2026-08-31T09:40:00.000Z,SYNTH_CELL_C,150,-109.23
2026-08-31T09:40:00.000Z,SYNTH_CELL_C,151,-112.58
2026-08-31T09:40:00.000Z,SYNTH_CELL_C,152,-109.22
2026-08-31T09:40:00.000Z,SYNTH_CELL_C,153,-109.71
2026-08-31T09:40:00.000Z,SYNTH_CELL_C,154,-108.12
2026-08-31T09:40:00.000Z,SYNTH_CELL_C,155,-112.91
2026-08-31T09:40:00.000Z,SYNTH_CELL_C,156,-113.44
2026-08-31T09:40:00.000Z,SYNTH_CELL_C,157,-107.73
2026-08-31T09:40:00.000Z,SYNTH_CELL_C,158,-111.57
2026-08-31T09:40:00.000Z,SYNTH_CELL_C,159,-107.86
2026-08-31T09:40:00.000Z,SYNTH_CELL_C,160,-109.66
2026-08-31T09:40:00.000Z,SYNTH_CELL_C,161,-113.38
2026-08-31T09:40:00.000Z,SYNTH_CELL_C,162,-107.36
2026-08-31T09:40:00.000Z,SYNTH_CELL_C,163,-111
2026-08-31T09:40:00.000Z,SYNTH_CELL_C,164,-110.48
2026-08-31T09:40:00.000Z,SYNTH_CELL_C,165,-109.48
2026-08-31T09:40:00.000Z,SYNTH_CELL_C,166,-109.61
2026-08-31T09:40:00.000Z,SYNTH_CELL_C,167,-112.02
2026-08-31T09:40:00.000Z,SYNTH_CELL_C,168,-107.59
2026-08-31T09:40:00.000Z,SYNTH_CELL_C,169,-109.89
2026-08-31T09:40:00.000Z,SYNTH_CELL_C,170,-111.91
2026-08-31T09:40:00.000Z,SYNTH_CELL_C,171,-110.98
2026-08-31T09:40:00.000Z,SYNTH_CELL_C,172,-113.1
2026-08-31T09:40:00.000Z,SYNTH_CELL_C,173,-112.56
2026-08-31T09:40:00.000Z,SYNTH_CELL_C,174,-111.92
2026-08-31T09:40:00.000Z,SYNTH_CELL_C,175,-109.01
2026-08-31T09:40:00.000Z,SYNTH_CELL_C,176,-111.63
2026-08-31T09:40:00.000Z,SYNTH_CELL_C,177,-113.68
2026-08-31T09:40:00.000Z,SYNTH_CELL_C,178,-110.04
2026-08-31T09:40:00.000Z,SYNTH_CELL_C,179,-110.8
2026-08-31T09:40:00.000Z,SYNTH_CELL_C,180,-112.64
2026-08-31T09:40:00.000Z,SYNTH_CELL_C,181,-112.43
2026-08-31T09:40:00.000Z,SYNTH_CELL_C,182,-110.58
2026-08-31T09:40:00.000Z,SYNTH_CELL_C,183,-110.44
2026-08-31T09:40:00.000Z,SYNTH_CELL_C,184,-107.69
2026-08-31T09:40:00.000Z,SYNTH_CELL_C,185,-112.6
2026-08-31T09:40:00.000Z,SYNTH_CELL_C,186,-112.35
2026-08-31T09:40:00.000Z,SYNTH_CELL_C,187,-108.63
2026-08-31T09:40:00.000Z,SYNTH_CELL_C,188,-88.45
2026-08-31T09:40:00.000Z,SYNTH_CELL_C,189,-113.31
2026-08-31T09:40:00.000Z,SYNTH_CELL_C,190,-110.25
2026-08-31T09:40:00.000Z,SYNTH_CELL_C,191,-111.64
2026-08-31T09:40:00.000Z,SYNTH_CELL_C,192,-112.24
2026-08-31T09:40:00.000Z,SYNTH_CELL_C,193,-108.92
2026-08-31T09:40:00.000Z,SYNTH_CELL_C,194,-109
2026-08-31T09:40:00.000Z,SYNTH_CELL_C,195,-110.96
2026-08-31T09:40:00.000Z,SYNTH_CELL_C,196,-108.08
2026-08-31T09:40:00.000Z,SYNTH_CELL_C,197,-111.16
2026-08-31T09:40:00.000Z,SYNTH_CELL_C,198,-107.83
2026-08-31T09:40:00.000Z,SYNTH_CELL_C,199,-112.69
2026-08-31T09:40:00.000Z,SYNTH_CELL_C,200,-110.27
2026-08-31T09:40:00.000Z,SYNTH_CELL_C,201,-108.6
2026-08-31T09:40:00.000Z,SYNTH_CELL_C,202,-113.05
2026-08-31T09:40:00.000Z,SYNTH_CELL_C,203,-110.84
2026-08-31T09:40:00.000Z,SYNTH_CELL_C,204,-108.3
2026-08-31T09:40:00.000Z,SYNTH_CELL_C,205,-109.41
2026-08-31T09:40:00.000Z,SYNTH_CELL_C,206,-109.68
2026-08-31T09:40:00.000Z,SYNTH_CELL_C,207,-108.29
2026-08-31T09:40:00.000Z,SYNTH_CELL_C,208,-109.31
2026-08-31T09:40:00.000Z,SYNTH_CELL_C,209,-112.46
2026-08-31T09:40:00.000Z,SYNTH_CELL_C,210,-111.89
2026-08-31T09:40:00.000Z,SYNTH_CELL_C,211,-107.77
2026-08-31T09:40:00.000Z,SYNTH_CELL_C,212,-112.8
2026-08-31T09:40:00.000Z,SYNTH_CELL_C,213,-110.82
2026-08-31T09:40:00.000Z,SYNTH_CELL_C,214,-111.27
2026-08-31T09:40:00.000Z,SYNTH_CELL_C,215,-113.73
2026-08-31T09:40:00.000Z,SYNTH_CELL_C,216,-109.65
2026-08-31T09:40:00.000Z,SYNTH_CELL_C,217,-112.86
2026-08-31T09:40:00.000Z,SYNTH_CELL_C,218,-112.72
2026-08-31T09:40:00.000Z,SYNTH_CELL_C,219,-109.44
2026-08-31T09:40:00.000Z,SYNTH_CELL_C,220,-113.07
2026-08-31T09:40:00.000Z,SYNTH_CELL_C,221,-110.15
2026-08-31T09:40:00.000Z,SYNTH_CELL_C,222,-111.66
2026-08-31T09:40:00.000Z,SYNTH_CELL_C,223,-113.57
2026-08-31T09:40:00.000Z,SYNTH_CELL_C,224,-110.27
2026-08-31T09:40:00.000Z,SYNTH_CELL_C,225,-110.57
2026-08-31T09:40:00.000Z,SYNTH_CELL_C,226,-111.29
2026-08-31T09:40:00.000Z,SYNTH_CELL_C,227,-112.63
2026-08-31T09:40:00.000Z,SYNTH_CELL_C,228,-110.34
2026-08-31T09:40:00.000Z,SYNTH_CELL_C,229,-110.01
2026-08-31T09:40:00.000Z,SYNTH_CELL_C,230,-110.22
2026-08-31T09:40:00.000Z,SYNTH_CELL_C,231,-113.91
2026-08-31T09:40:00.000Z,SYNTH_CELL_C,232,-113.77
2026-08-31T09:40:00.000Z,SYNTH_CELL_C,233,-107.43
2026-08-31T09:40:00.000Z,SYNTH_CELL_C,234,-109.93
2026-08-31T09:40:00.000Z,SYNTH_CELL_C,235,-108.56
2026-08-31T09:40:00.000Z,SYNTH_CELL_C,236,-108.85
2026-08-31T09:40:00.000Z,SYNTH_CELL_C,237,-113.95
2026-08-31T09:40:00.000Z,SYNTH_CELL_C,238,-107.12
2026-08-31T09:40:00.000Z,SYNTH_CELL_C,239,-112.69
2026-08-31T09:40:00.000Z,SYNTH_CELL_C,240,-109.06
2026-08-31T09:40:00.000Z,SYNTH_CELL_C,241,-113.96
2026-08-31T09:40:00.000Z,SYNTH_CELL_C,242,-113.13
2026-08-31T09:40:00.000Z,SYNTH_CELL_C,243,-111.55
2026-08-31T09:40:00.000Z,SYNTH_CELL_C,244,-112.39
2026-08-31T09:40:00.000Z,SYNTH_CELL_C,245,-111.39
2026-08-31T09:40:00.000Z,SYNTH_CELL_C,246,-109.09
2026-08-31T09:40:00.000Z,SYNTH_CELL_C,247,-109.88
2026-08-31T09:40:00.000Z,SYNTH_CELL_C,248,-108.33
2026-08-31T09:40:00.000Z,SYNTH_CELL_C,249,-107.28
2026-08-31T09:40:00.000Z,SYNTH_CELL_C,250,-111.71
2026-08-31T09:40:00.000Z,SYNTH_CELL_C,251,-113.89
2026-08-31T09:40:00.000Z,SYNTH_CELL_C,252,-111.2
2026-08-31T09:40:00.000Z,SYNTH_CELL_C,253,-107.26
2026-08-31T09:40:00.000Z,SYNTH_CELL_C,254,-110.97
2026-08-31T09:40:00.000Z,SYNTH_CELL_C,255,-108.29
2026-08-31T09:40:00.000Z,SYNTH_CELL_C,256,-107.3
2026-08-31T09:40:00.000Z,SYNTH_CELL_C,257,-110.28
2026-08-31T09:40:00.000Z,SYNTH_CELL_C,258,-110.54
2026-08-31T09:40:00.000Z,SYNTH_CELL_C,259,-112.96
2026-08-31T09:40:00.000Z,SYNTH_CELL_C,260,-111.15
2026-08-31T09:40:00.000Z,SYNTH_CELL_C,261,-107.43
2026-08-31T09:40:00.000Z,SYNTH_CELL_C,262,-108.74
2026-08-31T09:40:00.000Z,SYNTH_CELL_C,263,-110.09
2026-08-31T09:40:00.000Z,SYNTH_CELL_C,264,-113.16
2026-08-31T09:40:00.000Z,SYNTH_CELL_C,265,-112.55
2026-08-31T09:40:00.000Z,SYNTH_CELL_C,266,-110.63
2026-08-31T09:40:00.000Z,SYNTH_CELL_C,267,-108.49
2026-08-31T09:40:00.000Z,SYNTH_CELL_C,268,-93.85
2026-08-31T09:40:00.000Z,SYNTH_CELL_C,269,-113.55
2026-08-31T09:40:00.000Z,SYNTH_CELL_C,270,-107.14
2026-08-31T09:40:00.000Z,SYNTH_CELL_C,271,-108.15
2026-08-31T09:40:00.000Z,SYNTH_CELL_C,272,-110.62
2026-08-31T09:45:00.000Z,SYNTH_CELL_C,0,-113.06
2026-08-31T09:45:00.000Z,SYNTH_CELL_C,1,-109.18
2026-08-31T09:45:00.000Z,SYNTH_CELL_C,2,-107.43
2026-08-31T09:45:00.000Z,SYNTH_CELL_C,3,-111.55
2026-08-31T09:45:00.000Z,SYNTH_CELL_C,4,-107.3
2026-08-31T09:45:00.000Z,SYNTH_CELL_C,5,-108.74
2026-08-31T09:45:00.000Z,SYNTH_CELL_C,6,-108.46
2026-08-31T09:45:00.000Z,SYNTH_CELL_C,7,-112.13
2026-08-31T09:45:00.000Z,SYNTH_CELL_C,8,-93.28
2026-08-31T09:45:00.000Z,SYNTH_CELL_C,9,-112.67
2026-08-31T09:45:00.000Z,SYNTH_CELL_C,10,-109.43
2026-08-31T09:45:00.000Z,SYNTH_CELL_C,11,-109.18
2026-08-31T09:45:00.000Z,SYNTH_CELL_C,12,-111.48
2026-08-31T09:45:00.000Z,SYNTH_CELL_C,13,-108.83
2026-08-31T09:45:00.000Z,SYNTH_CELL_C,14,-111.41
2026-08-31T09:45:00.000Z,SYNTH_CELL_C,15,-113.6
2026-08-31T09:45:00.000Z,SYNTH_CELL_C,16,-113.09
2026-08-31T09:45:00.000Z,SYNTH_CELL_C,17,-113.94
2026-08-31T09:45:00.000Z,SYNTH_CELL_C,18,-110.59
2026-08-31T09:45:00.000Z,SYNTH_CELL_C,19,-110.43
2026-08-31T09:45:00.000Z,SYNTH_CELL_C,20,-108.52
2026-08-31T09:45:00.000Z,SYNTH_CELL_C,21,-107.5
2026-08-31T09:45:00.000Z,SYNTH_CELL_C,22,-107.18
2026-08-31T09:45:00.000Z,SYNTH_CELL_C,23,-107.29
2026-08-31T09:45:00.000Z,SYNTH_CELL_C,24,-108.77
2026-08-31T09:45:00.000Z,SYNTH_CELL_C,25,-110.51
2026-08-31T09:45:00.000Z,SYNTH_CELL_C,26,-109.44
2026-08-31T09:45:00.000Z,SYNTH_CELL_C,27,-110.4
2026-08-31T09:45:00.000Z,SYNTH_CELL_C,28,-112.32
2026-08-31T09:45:00.000Z,SYNTH_CELL_C,29,-107.69
2026-08-31T09:45:00.000Z,SYNTH_CELL_C,30,-112.55
2026-08-31T09:45:00.000Z,SYNTH_CELL_C,31,-111.67
2026-08-31T09:45:00.000Z,SYNTH_CELL_C,32,-110.17
2026-08-31T09:45:00.000Z,SYNTH_CELL_C,33,-113.21
2026-08-31T09:45:00.000Z,SYNTH_CELL_C,34,-109.08
2026-08-31T09:45:00.000Z,SYNTH_CELL_C,35,-113.92
2026-08-31T09:45:00.000Z,SYNTH_CELL_C,36,-108.91
2026-08-31T09:45:00.000Z,SYNTH_CELL_C,37,-113.24
2026-08-31T09:45:00.000Z,SYNTH_CELL_C,38,-110.87
2026-08-31T09:45:00.000Z,SYNTH_CELL_C,39,-109.56
2026-08-31T09:45:00.000Z,SYNTH_CELL_C,40,-109.65
2026-08-31T09:45:00.000Z,SYNTH_CELL_C,41,-108.41
2026-08-31T09:45:00.000Z,SYNTH_CELL_C,42,-113.25
2026-08-31T09:45:00.000Z,SYNTH_CELL_C,43,-109.56
2026-08-31T09:45:00.000Z,SYNTH_CELL_C,44,-113.83
2026-08-31T09:45:00.000Z,SYNTH_CELL_C,45,-108.18
2026-08-31T09:45:00.000Z,SYNTH_CELL_C,46,-107.6
2026-08-31T09:45:00.000Z,SYNTH_CELL_C,47,-109.96
2026-08-31T09:45:00.000Z,SYNTH_CELL_C,48,-107.72
2026-08-31T09:45:00.000Z,SYNTH_CELL_C,49,-111.17
2026-08-31T09:45:00.000Z,SYNTH_CELL_C,50,-108.19
2026-08-31T09:45:00.000Z,SYNTH_CELL_C,51,-113.78
2026-08-31T09:45:00.000Z,SYNTH_CELL_C,52,-110.85
2026-08-31T09:45:00.000Z,SYNTH_CELL_C,53,-112.44
2026-08-31T09:45:00.000Z,SYNTH_CELL_C,54,-110.31
2026-08-31T09:45:00.000Z,SYNTH_CELL_C,55,-109.47
2026-08-31T09:45:00.000Z,SYNTH_CELL_C,56,-107.07
2026-08-31T09:45:00.000Z,SYNTH_CELL_C,57,-108.81
2026-08-31T09:45:00.000Z,SYNTH_CELL_C,58,-113.55
2026-08-31T09:45:00.000Z,SYNTH_CELL_C,59,-109.85
2026-08-31T09:45:00.000Z,SYNTH_CELL_C,60,-111.31
2026-08-31T09:45:00.000Z,SYNTH_CELL_C,61,-108.3
2026-08-31T09:45:00.000Z,SYNTH_CELL_C,62,-113.25
2026-08-31T09:45:00.000Z,SYNTH_CELL_C,63,-110.85
2026-08-31T09:45:00.000Z,SYNTH_CELL_C,64,-113.88
2026-08-31T09:45:00.000Z,SYNTH_CELL_C,65,-107.89
2026-08-31T09:45:00.000Z,SYNTH_CELL_C,66,-109.75
2026-08-31T09:45:00.000Z,SYNTH_CELL_C,67,-109.08
2026-08-31T09:45:00.000Z,SYNTH_CELL_C,68,-112.9
2026-08-31T09:45:00.000Z,SYNTH_CELL_C,69,-108.84
2026-08-31T09:45:00.000Z,SYNTH_CELL_C,70,-108.33
2026-08-31T09:45:00.000Z,SYNTH_CELL_C,71,-107.78
2026-08-31T09:45:00.000Z,SYNTH_CELL_C,72,-109.75
2026-08-31T09:45:00.000Z,SYNTH_CELL_C,73,-113.01
2026-08-31T09:45:00.000Z,SYNTH_CELL_C,74,-110.17
2026-08-31T09:45:00.000Z,SYNTH_CELL_C,75,-110.38
2026-08-31T09:45:00.000Z,SYNTH_CELL_C,76,-109.81
2026-08-31T09:45:00.000Z,SYNTH_CELL_C,77,-113.65
2026-08-31T09:45:00.000Z,SYNTH_CELL_C,78,-108.96
2026-08-31T09:45:00.000Z,SYNTH_CELL_C,79,-108.5
2026-08-31T09:45:00.000Z,SYNTH_CELL_C,80,-107.97
2026-08-31T09:45:00.000Z,SYNTH_CELL_C,81,-108.5
2026-08-31T09:45:00.000Z,SYNTH_CELL_C,82,-107.37
2026-08-31T09:45:00.000Z,SYNTH_CELL_C,83,-112.98
2026-08-31T09:45:00.000Z,SYNTH_CELL_C,84,-108.04
2026-08-31T09:45:00.000Z,SYNTH_CELL_C,85,-113.79
2026-08-31T09:45:00.000Z,SYNTH_CELL_C,86,-111.49
2026-08-31T09:45:00.000Z,SYNTH_CELL_C,87,-108.96
2026-08-31T09:45:00.000Z,SYNTH_CELL_C,88,-93.23
2026-08-31T09:45:00.000Z,SYNTH_CELL_C,89,-109.33
2026-08-31T09:45:00.000Z,SYNTH_CELL_C,90,-110.21
2026-08-31T09:45:00.000Z,SYNTH_CELL_C,91,-110.03
2026-08-31T09:45:00.000Z,SYNTH_CELL_C,92,-108.37
2026-08-31T09:45:00.000Z,SYNTH_CELL_C,93,-110.87
2026-08-31T09:45:00.000Z,SYNTH_CELL_C,94,-109.29
2026-08-31T09:45:00.000Z,SYNTH_CELL_C,95,-108.74
2026-08-31T09:45:00.000Z,SYNTH_CELL_C,96,-110.83
2026-08-31T09:45:00.000Z,SYNTH_CELL_C,97,-110.81
2026-08-31T09:45:00.000Z,SYNTH_CELL_C,98,-107.95
2026-08-31T09:45:00.000Z,SYNTH_CELL_C,99,-112.8
2026-08-31T09:45:00.000Z,SYNTH_CELL_C,100,-107.52
2026-08-31T09:45:00.000Z,SYNTH_CELL_C,101,-112.02
2026-08-31T09:45:00.000Z,SYNTH_CELL_C,102,-108.22
2026-08-31T09:45:00.000Z,SYNTH_CELL_C,103,-113.55
2026-08-31T09:45:00.000Z,SYNTH_CELL_C,104,-108.5
2026-08-31T09:45:00.000Z,SYNTH_CELL_C,105,-108.16
2026-08-31T09:45:00.000Z,SYNTH_CELL_C,106,-107.59
2026-08-31T09:45:00.000Z,SYNTH_CELL_C,107,-113.37
2026-08-31T09:45:00.000Z,SYNTH_CELL_C,108,-113.54
2026-08-31T09:45:00.000Z,SYNTH_CELL_C,109,-109.32
2026-08-31T09:45:00.000Z,SYNTH_CELL_C,110,-109.26
2026-08-31T09:45:00.000Z,SYNTH_CELL_C,111,-107.71
2026-08-31T09:45:00.000Z,SYNTH_CELL_C,112,-109.69
2026-08-31T09:45:00.000Z,SYNTH_CELL_C,113,-108.71
2026-08-31T09:45:00.000Z,SYNTH_CELL_C,114,-113.88
2026-08-31T09:45:00.000Z,SYNTH_CELL_C,115,-113.76
2026-08-31T09:45:00.000Z,SYNTH_CELL_C,116,-113.17
2026-08-31T09:45:00.000Z,SYNTH_CELL_C,117,-110.46
2026-08-31T09:45:00.000Z,SYNTH_CELL_C,118,-113.29
2026-08-31T09:45:00.000Z,SYNTH_CELL_C,119,-113.47
2026-08-31T09:45:00.000Z,SYNTH_CELL_C,120,-107.52
2026-08-31T09:45:00.000Z,SYNTH_CELL_C,121,-107.28
2026-08-31T09:45:00.000Z,SYNTH_CELL_C,122,-112.84
2026-08-31T09:45:00.000Z,SYNTH_CELL_C,123,-108.16
2026-08-31T09:45:00.000Z,SYNTH_CELL_C,124,-108.01
2026-08-31T09:45:00.000Z,SYNTH_CELL_C,125,-107.03
2026-08-31T09:45:00.000Z,SYNTH_CELL_C,126,-111.69
2026-08-31T09:45:00.000Z,SYNTH_CELL_C,127,-110.41
2026-08-31T09:45:00.000Z,SYNTH_CELL_C,128,-113.47
2026-08-31T09:45:00.000Z,SYNTH_CELL_C,129,-111.35
2026-08-31T09:45:00.000Z,SYNTH_CELL_C,130,-109.9
2026-08-31T09:45:00.000Z,SYNTH_CELL_C,131,-109.46
2026-08-31T09:45:00.000Z,SYNTH_CELL_C,132,-112.43
2026-08-31T09:45:00.000Z,SYNTH_CELL_C,133,-109.97
2026-08-31T09:45:00.000Z,SYNTH_CELL_C,134,-113.38
2026-08-31T09:45:00.000Z,SYNTH_CELL_C,135,-108.83
2026-08-31T09:45:00.000Z,SYNTH_CELL_C,136,-107.74
2026-08-31T09:45:00.000Z,SYNTH_CELL_C,137,-112.9
2026-08-31T09:45:00.000Z,SYNTH_CELL_C,138,-107.97
2026-08-31T09:45:00.000Z,SYNTH_CELL_C,139,-111.21
2026-08-31T09:45:00.000Z,SYNTH_CELL_C,140,-109.75
2026-08-31T09:45:00.000Z,SYNTH_CELL_C,141,-109.23
2026-08-31T09:45:00.000Z,SYNTH_CELL_C,142,-113.58
2026-08-31T09:45:00.000Z,SYNTH_CELL_C,143,-107.31
2026-08-31T09:45:00.000Z,SYNTH_CELL_C,144,-111.39
2026-08-31T09:45:00.000Z,SYNTH_CELL_C,145,-107.17
2026-08-31T09:45:00.000Z,SYNTH_CELL_C,146,-107.96
2026-08-31T09:45:00.000Z,SYNTH_CELL_C,147,-111.4
2026-08-31T09:45:00.000Z,SYNTH_CELL_C,148,-107.38
2026-08-31T09:45:00.000Z,SYNTH_CELL_C,149,-109.18
2026-08-31T09:45:00.000Z,SYNTH_CELL_C,150,-113.29
2026-08-31T09:45:00.000Z,SYNTH_CELL_C,151,-110.98
2026-08-31T09:45:00.000Z,SYNTH_CELL_C,152,-108.13
2026-08-31T09:45:00.000Z,SYNTH_CELL_C,153,-113.41
2026-08-31T09:45:00.000Z,SYNTH_CELL_C,154,-109.26
2026-08-31T09:45:00.000Z,SYNTH_CELL_C,155,-113.14
2026-08-31T09:45:00.000Z,SYNTH_CELL_C,156,-112.97
2026-08-31T09:45:00.000Z,SYNTH_CELL_C,157,-113.95
2026-08-31T09:45:00.000Z,SYNTH_CELL_C,158,-108.4
2026-08-31T09:45:00.000Z,SYNTH_CELL_C,159,-112.82
2026-08-31T09:45:00.000Z,SYNTH_CELL_C,160,-112.4
2026-08-31T09:45:00.000Z,SYNTH_CELL_C,161,-107.12
2026-08-31T09:45:00.000Z,SYNTH_CELL_C,162,-113.28
2026-08-31T09:45:00.000Z,SYNTH_CELL_C,163,-108.96
2026-08-31T09:45:00.000Z,SYNTH_CELL_C,164,-112.42
2026-08-31T09:45:00.000Z,SYNTH_CELL_C,165,-110.56
2026-08-31T09:45:00.000Z,SYNTH_CELL_C,166,-109.9
2026-08-31T09:45:00.000Z,SYNTH_CELL_C,167,-112.7
2026-08-31T09:45:00.000Z,SYNTH_CELL_C,168,-110.91
2026-08-31T09:45:00.000Z,SYNTH_CELL_C,169,-111.33
2026-08-31T09:45:00.000Z,SYNTH_CELL_C,170,-111.21
2026-08-31T09:45:00.000Z,SYNTH_CELL_C,171,-112.18
2026-08-31T09:45:00.000Z,SYNTH_CELL_C,172,-110.42
2026-08-31T09:45:00.000Z,SYNTH_CELL_C,173,-110.46
2026-08-31T09:45:00.000Z,SYNTH_CELL_C,174,-111.27
2026-08-31T09:45:00.000Z,SYNTH_CELL_C,175,-112.71
2026-08-31T09:45:00.000Z,SYNTH_CELL_C,176,-111.78
2026-08-31T09:45:00.000Z,SYNTH_CELL_C,177,-109.58
2026-08-31T09:45:00.000Z,SYNTH_CELL_C,178,-111.36
2026-08-31T09:45:00.000Z,SYNTH_CELL_C,179,-111.8
2026-08-31T09:45:00.000Z,SYNTH_CELL_C,180,-109.92
2026-08-31T09:45:00.000Z,SYNTH_CELL_C,181,-109.11
2026-08-31T09:45:00.000Z,SYNTH_CELL_C,182,-113.82
2026-08-31T09:45:00.000Z,SYNTH_CELL_C,183,-113.29
2026-08-31T09:45:00.000Z,SYNTH_CELL_C,184,-113.86
2026-08-31T09:45:00.000Z,SYNTH_CELL_C,185,-110.21
2026-08-31T09:45:00.000Z,SYNTH_CELL_C,186,-112.24
2026-08-31T09:45:00.000Z,SYNTH_CELL_C,187,-109.91
2026-08-31T09:45:00.000Z,SYNTH_CELL_C,188,-87.39
2026-08-31T09:45:00.000Z,SYNTH_CELL_C,189,-112.74
2026-08-31T09:45:00.000Z,SYNTH_CELL_C,190,-113.91
2026-08-31T09:45:00.000Z,SYNTH_CELL_C,191,-110.45
2026-08-31T09:45:00.000Z,SYNTH_CELL_C,192,-112.4
2026-08-31T09:45:00.000Z,SYNTH_CELL_C,193,-108.37
2026-08-31T09:45:00.000Z,SYNTH_CELL_C,194,-111.33
2026-08-31T09:45:00.000Z,SYNTH_CELL_C,195,-112.52
2026-08-31T09:45:00.000Z,SYNTH_CELL_C,196,-110.9
2026-08-31T09:45:00.000Z,SYNTH_CELL_C,197,-109.77
2026-08-31T09:45:00.000Z,SYNTH_CELL_C,198,-108.88
2026-08-31T09:45:00.000Z,SYNTH_CELL_C,199,-110.98
2026-08-31T09:45:00.000Z,SYNTH_CELL_C,200,-113.52
2026-08-31T09:45:00.000Z,SYNTH_CELL_C,201,-110.07
2026-08-31T09:45:00.000Z,SYNTH_CELL_C,202,-107.44
2026-08-31T09:45:00.000Z,SYNTH_CELL_C,203,-113.14
2026-08-31T09:45:00.000Z,SYNTH_CELL_C,204,-109.58
2026-08-31T09:45:00.000Z,SYNTH_CELL_C,205,-111.48
2026-08-31T09:45:00.000Z,SYNTH_CELL_C,206,-111.16
2026-08-31T09:45:00.000Z,SYNTH_CELL_C,207,-110.59
2026-08-31T09:45:00.000Z,SYNTH_CELL_C,208,-109.7
2026-08-31T09:45:00.000Z,SYNTH_CELL_C,209,-110.14
2026-08-31T09:45:00.000Z,SYNTH_CELL_C,210,-108.13
2026-08-31T09:45:00.000Z,SYNTH_CELL_C,211,-111.86
2026-08-31T09:45:00.000Z,SYNTH_CELL_C,212,-113.86
2026-08-31T09:45:00.000Z,SYNTH_CELL_C,213,-113.39
2026-08-31T09:45:00.000Z,SYNTH_CELL_C,214,-110.01
2026-08-31T09:45:00.000Z,SYNTH_CELL_C,215,-109.02
2026-08-31T09:45:00.000Z,SYNTH_CELL_C,216,-110.68
2026-08-31T09:45:00.000Z,SYNTH_CELL_C,217,-111.44
2026-08-31T09:45:00.000Z,SYNTH_CELL_C,218,-111.28
2026-08-31T09:45:00.000Z,SYNTH_CELL_C,219,-110.3
2026-08-31T09:45:00.000Z,SYNTH_CELL_C,220,-108.91
2026-08-31T09:45:00.000Z,SYNTH_CELL_C,221,-107.82
2026-08-31T09:45:00.000Z,SYNTH_CELL_C,222,-108.94
2026-08-31T09:45:00.000Z,SYNTH_CELL_C,223,-112.2
2026-08-31T09:45:00.000Z,SYNTH_CELL_C,224,-110.52
2026-08-31T09:45:00.000Z,SYNTH_CELL_C,225,-109.99
2026-08-31T09:45:00.000Z,SYNTH_CELL_C,226,-113.31
2026-08-31T09:45:00.000Z,SYNTH_CELL_C,227,-108.4
2026-08-31T09:45:00.000Z,SYNTH_CELL_C,228,-110.19
2026-08-31T09:45:00.000Z,SYNTH_CELL_C,229,-107.47
2026-08-31T09:45:00.000Z,SYNTH_CELL_C,230,-108.18
2026-08-31T09:45:00.000Z,SYNTH_CELL_C,231,-107.15
2026-08-31T09:45:00.000Z,SYNTH_CELL_C,232,-107.35
2026-08-31T09:45:00.000Z,SYNTH_CELL_C,233,-107.33
2026-08-31T09:45:00.000Z,SYNTH_CELL_C,234,-107.89
2026-08-31T09:45:00.000Z,SYNTH_CELL_C,235,-107.73
2026-08-31T09:45:00.000Z,SYNTH_CELL_C,236,-110.22
2026-08-31T09:45:00.000Z,SYNTH_CELL_C,237,-107.7
2026-08-31T09:45:00.000Z,SYNTH_CELL_C,238,-108.27
2026-08-31T09:45:00.000Z,SYNTH_CELL_C,239,-112.96
2026-08-31T09:45:00.000Z,SYNTH_CELL_C,240,-110.76
2026-08-31T09:45:00.000Z,SYNTH_CELL_C,241,-107.24
2026-08-31T09:45:00.000Z,SYNTH_CELL_C,242,-113.64
2026-08-31T09:45:00.000Z,SYNTH_CELL_C,243,-107.79
2026-08-31T09:45:00.000Z,SYNTH_CELL_C,244,-107.58
2026-08-31T09:45:00.000Z,SYNTH_CELL_C,245,-108.87
2026-08-31T09:45:00.000Z,SYNTH_CELL_C,246,-113.56
2026-08-31T09:45:00.000Z,SYNTH_CELL_C,247,-109.11
2026-08-31T09:45:00.000Z,SYNTH_CELL_C,248,-113.51
2026-08-31T09:45:00.000Z,SYNTH_CELL_C,249,-110.83
2026-08-31T09:45:00.000Z,SYNTH_CELL_C,250,-107.06
2026-08-31T09:45:00.000Z,SYNTH_CELL_C,251,-112.22
2026-08-31T09:45:00.000Z,SYNTH_CELL_C,252,-112.37
2026-08-31T09:45:00.000Z,SYNTH_CELL_C,253,-113.59
2026-08-31T09:45:00.000Z,SYNTH_CELL_C,254,-110.95
2026-08-31T09:45:00.000Z,SYNTH_CELL_C,255,-109.37
2026-08-31T09:45:00.000Z,SYNTH_CELL_C,256,-111.63
2026-08-31T09:45:00.000Z,SYNTH_CELL_C,257,-108.24
2026-08-31T09:45:00.000Z,SYNTH_CELL_C,258,-109.49
2026-08-31T09:45:00.000Z,SYNTH_CELL_C,259,-111.06
2026-08-31T09:45:00.000Z,SYNTH_CELL_C,260,-107.96
2026-08-31T09:45:00.000Z,SYNTH_CELL_C,261,-109.88
2026-08-31T09:45:00.000Z,SYNTH_CELL_C,262,-112.8
2026-08-31T09:45:00.000Z,SYNTH_CELL_C,263,-107.84
2026-08-31T09:45:00.000Z,SYNTH_CELL_C,264,-112.25
2026-08-31T09:45:00.000Z,SYNTH_CELL_C,265,-111.03
2026-08-31T09:45:00.000Z,SYNTH_CELL_C,266,-113.14
2026-08-31T09:45:00.000Z,SYNTH_CELL_C,267,-113.44
2026-08-31T09:45:00.000Z,SYNTH_CELL_C,268,-94
2026-08-31T09:45:00.000Z,SYNTH_CELL_C,269,-109.74
2026-08-31T09:45:00.000Z,SYNTH_CELL_C,270,-113.22
2026-08-31T09:45:00.000Z,SYNTH_CELL_C,271,-108.17
2026-08-31T09:45:00.000Z,SYNTH_CELL_C,272,-110.2
2026-08-31T09:50:00.000Z,SYNTH_CELL_C,0,-111.83
2026-08-31T09:50:00.000Z,SYNTH_CELL_C,1,-112.32
2026-08-31T09:50:00.000Z,SYNTH_CELL_C,2,-110.29
2026-08-31T09:50:00.000Z,SYNTH_CELL_C,3,-108.43
2026-08-31T09:50:00.000Z,SYNTH_CELL_C,4,-112.28
2026-08-31T09:50:00.000Z,SYNTH_CELL_C,5,-113.96
2026-08-31T09:50:00.000Z,SYNTH_CELL_C,6,-109.32
2026-08-31T09:50:00.000Z,SYNTH_CELL_C,7,-109.59
2026-08-31T09:50:00.000Z,SYNTH_CELL_C,8,-93.44
2026-08-31T09:50:00.000Z,SYNTH_CELL_C,9,-111.63
2026-08-31T09:50:00.000Z,SYNTH_CELL_C,10,-107.93
2026-08-31T09:50:00.000Z,SYNTH_CELL_C,11,-109.34
2026-08-31T09:50:00.000Z,SYNTH_CELL_C,12,-109.85
2026-08-31T09:50:00.000Z,SYNTH_CELL_C,13,-107.42
2026-08-31T09:50:00.000Z,SYNTH_CELL_C,14,-113.62
2026-08-31T09:50:00.000Z,SYNTH_CELL_C,15,-112.51
2026-08-31T09:50:00.000Z,SYNTH_CELL_C,16,-111.37
2026-08-31T09:50:00.000Z,SYNTH_CELL_C,17,-112.85
2026-08-31T09:50:00.000Z,SYNTH_CELL_C,18,-113.34
2026-08-31T09:50:00.000Z,SYNTH_CELL_C,19,-113.91
2026-08-31T09:50:00.000Z,SYNTH_CELL_C,20,-112.13
2026-08-31T09:50:00.000Z,SYNTH_CELL_C,21,-111.23
2026-08-31T09:50:00.000Z,SYNTH_CELL_C,22,-109.88
2026-08-31T09:50:00.000Z,SYNTH_CELL_C,23,-112.18
2026-08-31T09:50:00.000Z,SYNTH_CELL_C,24,-110.44
2026-08-31T09:50:00.000Z,SYNTH_CELL_C,25,-108.93
2026-08-31T09:50:00.000Z,SYNTH_CELL_C,26,-111.44
2026-08-31T09:50:00.000Z,SYNTH_CELL_C,27,-107.32
2026-08-31T09:50:00.000Z,SYNTH_CELL_C,28,-110.28
2026-08-31T09:50:00.000Z,SYNTH_CELL_C,29,-113.93
2026-08-31T09:50:00.000Z,SYNTH_CELL_C,30,-110.17
2026-08-31T09:50:00.000Z,SYNTH_CELL_C,31,-109.06
2026-08-31T09:50:00.000Z,SYNTH_CELL_C,32,-111.99
2026-08-31T09:50:00.000Z,SYNTH_CELL_C,33,-110.88
2026-08-31T09:50:00.000Z,SYNTH_CELL_C,34,-113.29
2026-08-31T09:50:00.000Z,SYNTH_CELL_C,35,-113.45
2026-08-31T09:50:00.000Z,SYNTH_CELL_C,36,-107.09
2026-08-31T09:50:00.000Z,SYNTH_CELL_C,37,-108.91
2026-08-31T09:50:00.000Z,SYNTH_CELL_C,38,-108.79
2026-08-31T09:50:00.000Z,SYNTH_CELL_C,39,-109.6
2026-08-31T09:50:00.000Z,SYNTH_CELL_C,40,-113.05
2026-08-31T09:50:00.000Z,SYNTH_CELL_C,41,-107.2
2026-08-31T09:50:00.000Z,SYNTH_CELL_C,42,-113.57
2026-08-31T09:50:00.000Z,SYNTH_CELL_C,43,-108.88
2026-08-31T09:50:00.000Z,SYNTH_CELL_C,44,-109.02
2026-08-31T09:50:00.000Z,SYNTH_CELL_C,45,-110.4
2026-08-31T09:50:00.000Z,SYNTH_CELL_C,46,-108.91
2026-08-31T09:50:00.000Z,SYNTH_CELL_C,47,-111.28
2026-08-31T09:50:00.000Z,SYNTH_CELL_C,48,-111.44
2026-08-31T09:50:00.000Z,SYNTH_CELL_C,49,-108.86
2026-08-31T09:50:00.000Z,SYNTH_CELL_C,50,-109.47
2026-08-31T09:50:00.000Z,SYNTH_CELL_C,51,-113.34
2026-08-31T09:50:00.000Z,SYNTH_CELL_C,52,-110.47
2026-08-31T09:50:00.000Z,SYNTH_CELL_C,53,-113.82
2026-08-31T09:50:00.000Z,SYNTH_CELL_C,54,-107.53
2026-08-31T09:50:00.000Z,SYNTH_CELL_C,55,-107.27
2026-08-31T09:50:00.000Z,SYNTH_CELL_C,56,-113.4
2026-08-31T09:50:00.000Z,SYNTH_CELL_C,57,-113.44
2026-08-31T09:50:00.000Z,SYNTH_CELL_C,58,-110.6
2026-08-31T09:50:00.000Z,SYNTH_CELL_C,59,-112.73
2026-08-31T09:50:00.000Z,SYNTH_CELL_C,60,-113.64
2026-08-31T09:50:00.000Z,SYNTH_CELL_C,61,-109.94
2026-08-31T09:50:00.000Z,SYNTH_CELL_C,62,-112.19
2026-08-31T09:50:00.000Z,SYNTH_CELL_C,63,-107.07
2026-08-31T09:50:00.000Z,SYNTH_CELL_C,64,-112.44
2026-08-31T09:50:00.000Z,SYNTH_CELL_C,65,-110.91
2026-08-31T09:50:00.000Z,SYNTH_CELL_C,66,-108.49
2026-08-31T09:50:00.000Z,SYNTH_CELL_C,67,-112.6
2026-08-31T09:50:00.000Z,SYNTH_CELL_C,68,-109.8
2026-08-31T09:50:00.000Z,SYNTH_CELL_C,69,-109.17
2026-08-31T09:50:00.000Z,SYNTH_CELL_C,70,-112.79
2026-08-31T09:50:00.000Z,SYNTH_CELL_C,71,-110.88
2026-08-31T09:50:00.000Z,SYNTH_CELL_C,72,-107.42
2026-08-31T09:50:00.000Z,SYNTH_CELL_C,73,-113.58
2026-08-31T09:50:00.000Z,SYNTH_CELL_C,74,-111.99
2026-08-31T09:50:00.000Z,SYNTH_CELL_C,75,-112.87
2026-08-31T09:50:00.000Z,SYNTH_CELL_C,76,-109.95
2026-08-31T09:50:00.000Z,SYNTH_CELL_C,77,-111.28
2026-08-31T09:50:00.000Z,SYNTH_CELL_C,78,-112.82
2026-08-31T09:50:00.000Z,SYNTH_CELL_C,79,-111.25
2026-08-31T09:50:00.000Z,SYNTH_CELL_C,80,-111.17
2026-08-31T09:50:00.000Z,SYNTH_CELL_C,81,-108.12
2026-08-31T09:50:00.000Z,SYNTH_CELL_C,82,-109.82
2026-08-31T09:50:00.000Z,SYNTH_CELL_C,83,-110.92
2026-08-31T09:50:00.000Z,SYNTH_CELL_C,84,-113.94
2026-08-31T09:50:00.000Z,SYNTH_CELL_C,85,-107.16
2026-08-31T09:50:00.000Z,SYNTH_CELL_C,86,-108.43
2026-08-31T09:50:00.000Z,SYNTH_CELL_C,87,-111.45
2026-08-31T09:50:00.000Z,SYNTH_CELL_C,88,-87.26
2026-08-31T09:50:00.000Z,SYNTH_CELL_C,89,-109.13
2026-08-31T09:50:00.000Z,SYNTH_CELL_C,90,-111.95
2026-08-31T09:50:00.000Z,SYNTH_CELL_C,91,-111.68
2026-08-31T09:50:00.000Z,SYNTH_CELL_C,92,-112.13
2026-08-31T09:50:00.000Z,SYNTH_CELL_C,93,-107.19
2026-08-31T09:50:00.000Z,SYNTH_CELL_C,94,-107.17
2026-08-31T09:50:00.000Z,SYNTH_CELL_C,95,-108.65
2026-08-31T09:50:00.000Z,SYNTH_CELL_C,96,-113.91
2026-08-31T09:50:00.000Z,SYNTH_CELL_C,97,-111.2
2026-08-31T09:50:00.000Z,SYNTH_CELL_C,98,-111.43
2026-08-31T09:50:00.000Z,SYNTH_CELL_C,99,-112.33
2026-08-31T09:50:00.000Z,SYNTH_CELL_C,100,-111.89
2026-08-31T09:50:00.000Z,SYNTH_CELL_C,101,-111
2026-08-31T09:50:00.000Z,SYNTH_CELL_C,102,-112.46
2026-08-31T09:50:00.000Z,SYNTH_CELL_C,103,-113.67
2026-08-31T09:50:00.000Z,SYNTH_CELL_C,104,-110.28
2026-08-31T09:50:00.000Z,SYNTH_CELL_C,105,-112.35
2026-08-31T09:50:00.000Z,SYNTH_CELL_C,106,-110.45
2026-08-31T09:50:00.000Z,SYNTH_CELL_C,107,-111.56
2026-08-31T09:50:00.000Z,SYNTH_CELL_C,108,-113.11
2026-08-31T09:50:00.000Z,SYNTH_CELL_C,109,-113.25
2026-08-31T09:50:00.000Z,SYNTH_CELL_C,110,-107.49
2026-08-31T09:50:00.000Z,SYNTH_CELL_C,111,-108.69
2026-08-31T09:50:00.000Z,SYNTH_CELL_C,112,-108.08
2026-08-31T09:50:00.000Z,SYNTH_CELL_C,113,-112.39
2026-08-31T09:50:00.000Z,SYNTH_CELL_C,114,-113.68
2026-08-31T09:50:00.000Z,SYNTH_CELL_C,115,-111.92
2026-08-31T09:50:00.000Z,SYNTH_CELL_C,116,-108.62
2026-08-31T09:50:00.000Z,SYNTH_CELL_C,117,-108.8
2026-08-31T09:50:00.000Z,SYNTH_CELL_C,118,-112.84
2026-08-31T09:50:00.000Z,SYNTH_CELL_C,119,-110.31
2026-08-31T09:50:00.000Z,SYNTH_CELL_C,120,-113.09
2026-08-31T09:50:00.000Z,SYNTH_CELL_C,121,-107.42
2026-08-31T09:50:00.000Z,SYNTH_CELL_C,122,-112.99
2026-08-31T09:50:00.000Z,SYNTH_CELL_C,123,-108.61
2026-08-31T09:50:00.000Z,SYNTH_CELL_C,124,-113.2
2026-08-31T09:50:00.000Z,SYNTH_CELL_C,125,-110.82
2026-08-31T09:50:00.000Z,SYNTH_CELL_C,126,-112.48
2026-08-31T09:50:00.000Z,SYNTH_CELL_C,127,-112.34
2026-08-31T09:50:00.000Z,SYNTH_CELL_C,128,-108.73
2026-08-31T09:50:00.000Z,SYNTH_CELL_C,129,-111.83
2026-08-31T09:50:00.000Z,SYNTH_CELL_C,130,-113.98
2026-08-31T09:50:00.000Z,SYNTH_CELL_C,131,-107.31
2026-08-31T09:50:00.000Z,SYNTH_CELL_C,132,-113.39
2026-08-31T09:50:00.000Z,SYNTH_CELL_C,133,-109.23
2026-08-31T09:50:00.000Z,SYNTH_CELL_C,134,-108.13
2026-08-31T09:50:00.000Z,SYNTH_CELL_C,135,-111.59
2026-08-31T09:50:00.000Z,SYNTH_CELL_C,136,-109.21
2026-08-31T09:50:00.000Z,SYNTH_CELL_C,137,-112.16
2026-08-31T09:50:00.000Z,SYNTH_CELL_C,138,-110.29
2026-08-31T09:50:00.000Z,SYNTH_CELL_C,139,-111.71
2026-08-31T09:50:00.000Z,SYNTH_CELL_C,140,-109.33
2026-08-31T09:50:00.000Z,SYNTH_CELL_C,141,-113.35
2026-08-31T09:50:00.000Z,SYNTH_CELL_C,142,-109.27
2026-08-31T09:50:00.000Z,SYNTH_CELL_C,143,-107.97
2026-08-31T09:50:00.000Z,SYNTH_CELL_C,144,-111.56
2026-08-31T09:50:00.000Z,SYNTH_CELL_C,145,-108.68
2026-08-31T09:50:00.000Z,SYNTH_CELL_C,146,-109.6
2026-08-31T09:50:00.000Z,SYNTH_CELL_C,147,-108.45
2026-08-31T09:50:00.000Z,SYNTH_CELL_C,148,-110.16
2026-08-31T09:50:00.000Z,SYNTH_CELL_C,149,-107.73
2026-08-31T09:50:00.000Z,SYNTH_CELL_C,150,-112.61
2026-08-31T09:50:00.000Z,SYNTH_CELL_C,151,-107.24
2026-08-31T09:50:00.000Z,SYNTH_CELL_C,152,-109.16
2026-08-31T09:50:00.000Z,SYNTH_CELL_C,153,-107.84
2026-08-31T09:50:00.000Z,SYNTH_CELL_C,154,-112.94
2026-08-31T09:50:00.000Z,SYNTH_CELL_C,155,-110.43
2026-08-31T09:50:00.000Z,SYNTH_CELL_C,156,-108.99
2026-08-31T09:50:00.000Z,SYNTH_CELL_C,157,-109.01
2026-08-31T09:50:00.000Z,SYNTH_CELL_C,158,-110.22
2026-08-31T09:50:00.000Z,SYNTH_CELL_C,159,-111.83
2026-08-31T09:50:00.000Z,SYNTH_CELL_C,160,-108.17
2026-08-31T09:50:00.000Z,SYNTH_CELL_C,161,-113.62
2026-08-31T09:50:00.000Z,SYNTH_CELL_C,162,-107.78
2026-08-31T09:50:00.000Z,SYNTH_CELL_C,163,-109.87
2026-08-31T09:50:00.000Z,SYNTH_CELL_C,164,-112.99
2026-08-31T09:50:00.000Z,SYNTH_CELL_C,165,-111.29
2026-08-31T09:50:00.000Z,SYNTH_CELL_C,166,-112.35
2026-08-31T09:50:00.000Z,SYNTH_CELL_C,167,-109.27
2026-08-31T09:50:00.000Z,SYNTH_CELL_C,168,-113.39
2026-08-31T09:50:00.000Z,SYNTH_CELL_C,169,-111.45
2026-08-31T09:50:00.000Z,SYNTH_CELL_C,170,-107.1
2026-08-31T09:50:00.000Z,SYNTH_CELL_C,171,-107.42
2026-08-31T09:50:00.000Z,SYNTH_CELL_C,172,-109.16
2026-08-31T09:50:00.000Z,SYNTH_CELL_C,173,-111.4
2026-08-31T09:50:00.000Z,SYNTH_CELL_C,174,-110.22
2026-08-31T09:50:00.000Z,SYNTH_CELL_C,175,-107.09
2026-08-31T09:50:00.000Z,SYNTH_CELL_C,176,-110.05
2026-08-31T09:50:00.000Z,SYNTH_CELL_C,177,-111.48
2026-08-31T09:50:00.000Z,SYNTH_CELL_C,178,-109.63
2026-08-31T09:50:00.000Z,SYNTH_CELL_C,179,-112.85
2026-08-31T09:50:00.000Z,SYNTH_CELL_C,180,-110.23
2026-08-31T09:50:00.000Z,SYNTH_CELL_C,181,-113.65
2026-08-31T09:50:00.000Z,SYNTH_CELL_C,182,-112.37
2026-08-31T09:50:00.000Z,SYNTH_CELL_C,183,-110.6
2026-08-31T09:50:00.000Z,SYNTH_CELL_C,184,-107.82
2026-08-31T09:50:00.000Z,SYNTH_CELL_C,185,-109.74
2026-08-31T09:50:00.000Z,SYNTH_CELL_C,186,-113.51
2026-08-31T09:50:00.000Z,SYNTH_CELL_C,187,-113.47
2026-08-31T09:50:00.000Z,SYNTH_CELL_C,188,-87.39
2026-08-31T09:50:00.000Z,SYNTH_CELL_C,189,-107.73
2026-08-31T09:50:00.000Z,SYNTH_CELL_C,190,-111.36
2026-08-31T09:50:00.000Z,SYNTH_CELL_C,191,-112.11
2026-08-31T09:50:00.000Z,SYNTH_CELL_C,192,-113.07
2026-08-31T09:50:00.000Z,SYNTH_CELL_C,193,-110.96
2026-08-31T09:50:00.000Z,SYNTH_CELL_C,194,-113.84
2026-08-31T09:50:00.000Z,SYNTH_CELL_C,195,-110.6
2026-08-31T09:50:00.000Z,SYNTH_CELL_C,196,-113.46
2026-08-31T09:50:00.000Z,SYNTH_CELL_C,197,-112.4
2026-08-31T09:50:00.000Z,SYNTH_CELL_C,198,-109.11
2026-08-31T09:50:00.000Z,SYNTH_CELL_C,199,-113.94
2026-08-31T09:50:00.000Z,SYNTH_CELL_C,200,-108.19
2026-08-31T09:50:00.000Z,SYNTH_CELL_C,201,-110.09
2026-08-31T09:50:00.000Z,SYNTH_CELL_C,202,-113.28
2026-08-31T09:50:00.000Z,SYNTH_CELL_C,203,-108.08
2026-08-31T09:50:00.000Z,SYNTH_CELL_C,204,-107.05
2026-08-31T09:50:00.000Z,SYNTH_CELL_C,205,-107.57
2026-08-31T09:50:00.000Z,SYNTH_CELL_C,206,-107.29
2026-08-31T09:50:00.000Z,SYNTH_CELL_C,207,-108.63
2026-08-31T09:50:00.000Z,SYNTH_CELL_C,208,-109.86
2026-08-31T09:50:00.000Z,SYNTH_CELL_C,209,-112.64
2026-08-31T09:50:00.000Z,SYNTH_CELL_C,210,-108.87
2026-08-31T09:50:00.000Z,SYNTH_CELL_C,211,-109.24
2026-08-31T09:50:00.000Z,SYNTH_CELL_C,212,-109.74
2026-08-31T09:50:00.000Z,SYNTH_CELL_C,213,-112.14
2026-08-31T09:50:00.000Z,SYNTH_CELL_C,214,-107.46
2026-08-31T09:50:00.000Z,SYNTH_CELL_C,215,-110.84
2026-08-31T09:50:00.000Z,SYNTH_CELL_C,216,-113.85
2026-08-31T09:50:00.000Z,SYNTH_CELL_C,217,-113.35
2026-08-31T09:50:00.000Z,SYNTH_CELL_C,218,-107.9
2026-08-31T09:50:00.000Z,SYNTH_CELL_C,219,-111.81
2026-08-31T09:50:00.000Z,SYNTH_CELL_C,220,-112.25
2026-08-31T09:50:00.000Z,SYNTH_CELL_C,221,-110.97
2026-08-31T09:50:00.000Z,SYNTH_CELL_C,222,-108.63
2026-08-31T09:50:00.000Z,SYNTH_CELL_C,223,-107.66
2026-08-31T09:50:00.000Z,SYNTH_CELL_C,224,-107.56
2026-08-31T09:50:00.000Z,SYNTH_CELL_C,225,-112.14
2026-08-31T09:50:00.000Z,SYNTH_CELL_C,226,-112.94
2026-08-31T09:50:00.000Z,SYNTH_CELL_C,227,-113.36
2026-08-31T09:50:00.000Z,SYNTH_CELL_C,228,-107.93
2026-08-31T09:50:00.000Z,SYNTH_CELL_C,229,-107.11
2026-08-31T09:50:00.000Z,SYNTH_CELL_C,230,-110.76
2026-08-31T09:50:00.000Z,SYNTH_CELL_C,231,-110.13
2026-08-31T09:50:00.000Z,SYNTH_CELL_C,232,-111.72
2026-08-31T09:50:00.000Z,SYNTH_CELL_C,233,-111.07
2026-08-31T09:50:00.000Z,SYNTH_CELL_C,234,-108.26
2026-08-31T09:50:00.000Z,SYNTH_CELL_C,235,-112.37
2026-08-31T09:50:00.000Z,SYNTH_CELL_C,236,-112.1
2026-08-31T09:50:00.000Z,SYNTH_CELL_C,237,-109.08
2026-08-31T09:50:00.000Z,SYNTH_CELL_C,238,-107.5
2026-08-31T09:50:00.000Z,SYNTH_CELL_C,239,-109.54
2026-08-31T09:50:00.000Z,SYNTH_CELL_C,240,-107.61
2026-08-31T09:50:00.000Z,SYNTH_CELL_C,241,-107.01
2026-08-31T09:50:00.000Z,SYNTH_CELL_C,242,-112.88
2026-08-31T09:50:00.000Z,SYNTH_CELL_C,243,-107.18
2026-08-31T09:50:00.000Z,SYNTH_CELL_C,244,-111.62
2026-08-31T09:50:00.000Z,SYNTH_CELL_C,245,-113.61
2026-08-31T09:50:00.000Z,SYNTH_CELL_C,246,-108.54
2026-08-31T09:50:00.000Z,SYNTH_CELL_C,247,-113.14
2026-08-31T09:50:00.000Z,SYNTH_CELL_C,248,-111.48
2026-08-31T09:50:00.000Z,SYNTH_CELL_C,249,-110.09
2026-08-31T09:50:00.000Z,SYNTH_CELL_C,250,-111.1
2026-08-31T09:50:00.000Z,SYNTH_CELL_C,251,-111.56
2026-08-31T09:50:00.000Z,SYNTH_CELL_C,252,-109.78
2026-08-31T09:50:00.000Z,SYNTH_CELL_C,253,-112.52
2026-08-31T09:50:00.000Z,SYNTH_CELL_C,254,-108.41
2026-08-31T09:50:00.000Z,SYNTH_CELL_C,255,-108.95
2026-08-31T09:50:00.000Z,SYNTH_CELL_C,256,-107.41
2026-08-31T09:50:00.000Z,SYNTH_CELL_C,257,-110.83
2026-08-31T09:50:00.000Z,SYNTH_CELL_C,258,-107.66
2026-08-31T09:50:00.000Z,SYNTH_CELL_C,259,-113.13
2026-08-31T09:50:00.000Z,SYNTH_CELL_C,260,-111.55
2026-08-31T09:50:00.000Z,SYNTH_CELL_C,261,-108.82
2026-08-31T09:50:00.000Z,SYNTH_CELL_C,262,-110.07
2026-08-31T09:50:00.000Z,SYNTH_CELL_C,263,-108.69
2026-08-31T09:50:00.000Z,SYNTH_CELL_C,264,-111.89
2026-08-31T09:50:00.000Z,SYNTH_CELL_C,265,-112.33
2026-08-31T09:50:00.000Z,SYNTH_CELL_C,266,-109.48
2026-08-31T09:50:00.000Z,SYNTH_CELL_C,267,-113.92
2026-08-31T09:50:00.000Z,SYNTH_CELL_C,268,-88.26
2026-08-31T09:50:00.000Z,SYNTH_CELL_C,269,-108.16
2026-08-31T09:50:00.000Z,SYNTH_CELL_C,270,-113.72
2026-08-31T09:50:00.000Z,SYNTH_CELL_C,271,-110.07
2026-08-31T09:50:00.000Z,SYNTH_CELL_C,272,-111.62
2026-08-31T09:55:00.000Z,SYNTH_CELL_C,0,-112.95
2026-08-31T09:55:00.000Z,SYNTH_CELL_C,1,-112.8
2026-08-31T09:55:00.000Z,SYNTH_CELL_C,2,-109.27
2026-08-31T09:55:00.000Z,SYNTH_CELL_C,3,-108.59
2026-08-31T09:55:00.000Z,SYNTH_CELL_C,4,-107.71
2026-08-31T09:55:00.000Z,SYNTH_CELL_C,5,-113.86
2026-08-31T09:55:00.000Z,SYNTH_CELL_C,6,-109.49
2026-08-31T09:55:00.000Z,SYNTH_CELL_C,7,-113.6
2026-08-31T09:55:00.000Z,SYNTH_CELL_C,8,-88.31
2026-08-31T09:55:00.000Z,SYNTH_CELL_C,9,-107.5
2026-08-31T09:55:00.000Z,SYNTH_CELL_C,10,-111.03
2026-08-31T09:55:00.000Z,SYNTH_CELL_C,11,-110.26
2026-08-31T09:55:00.000Z,SYNTH_CELL_C,12,-109.22
2026-08-31T09:55:00.000Z,SYNTH_CELL_C,13,-110.16
2026-08-31T09:55:00.000Z,SYNTH_CELL_C,14,-113.67
2026-08-31T09:55:00.000Z,SYNTH_CELL_C,15,-111.5
2026-08-31T09:55:00.000Z,SYNTH_CELL_C,16,-111.79
2026-08-31T09:55:00.000Z,SYNTH_CELL_C,17,-107.33
2026-08-31T09:55:00.000Z,SYNTH_CELL_C,18,-108.93
2026-08-31T09:55:00.000Z,SYNTH_CELL_C,19,-108.07
2026-08-31T09:55:00.000Z,SYNTH_CELL_C,20,-113.65
2026-08-31T09:55:00.000Z,SYNTH_CELL_C,21,-107.38
2026-08-31T09:55:00.000Z,SYNTH_CELL_C,22,-108.91
2026-08-31T09:55:00.000Z,SYNTH_CELL_C,23,-110.92
2026-08-31T09:55:00.000Z,SYNTH_CELL_C,24,-107.18
2026-08-31T09:55:00.000Z,SYNTH_CELL_C,25,-109.31
2026-08-31T09:55:00.000Z,SYNTH_CELL_C,26,-107.51
2026-08-31T09:55:00.000Z,SYNTH_CELL_C,27,-107.09
2026-08-31T09:55:00.000Z,SYNTH_CELL_C,28,-108.54
2026-08-31T09:55:00.000Z,SYNTH_CELL_C,29,-109.67
2026-08-31T09:55:00.000Z,SYNTH_CELL_C,30,-107.5
2026-08-31T09:55:00.000Z,SYNTH_CELL_C,31,-110.48
2026-08-31T09:55:00.000Z,SYNTH_CELL_C,32,-113.08
2026-08-31T09:55:00.000Z,SYNTH_CELL_C,33,-112.95
2026-08-31T09:55:00.000Z,SYNTH_CELL_C,34,-109.42
2026-08-31T09:55:00.000Z,SYNTH_CELL_C,35,-110.68
2026-08-31T09:55:00.000Z,SYNTH_CELL_C,36,-110.91
2026-08-31T09:55:00.000Z,SYNTH_CELL_C,37,-109.57
2026-08-31T09:55:00.000Z,SYNTH_CELL_C,38,-112.09
2026-08-31T09:55:00.000Z,SYNTH_CELL_C,39,-107.92
2026-08-31T09:55:00.000Z,SYNTH_CELL_C,40,-107.5
2026-08-31T09:55:00.000Z,SYNTH_CELL_C,41,-111.63
2026-08-31T09:55:00.000Z,SYNTH_CELL_C,42,-111.55
2026-08-31T09:55:00.000Z,SYNTH_CELL_C,43,-107.27
2026-08-31T09:55:00.000Z,SYNTH_CELL_C,44,-108.37
2026-08-31T09:55:00.000Z,SYNTH_CELL_C,45,-112.29
2026-08-31T09:55:00.000Z,SYNTH_CELL_C,46,-113.68
2026-08-31T09:55:00.000Z,SYNTH_CELL_C,47,-113.08
2026-08-31T09:55:00.000Z,SYNTH_CELL_C,48,-110.71
2026-08-31T09:55:00.000Z,SYNTH_CELL_C,49,-108.04
2026-08-31T09:55:00.000Z,SYNTH_CELL_C,50,-112.15
2026-08-31T09:55:00.000Z,SYNTH_CELL_C,51,-108.68
2026-08-31T09:55:00.000Z,SYNTH_CELL_C,52,-110.05
2026-08-31T09:55:00.000Z,SYNTH_CELL_C,53,-112.6
2026-08-31T09:55:00.000Z,SYNTH_CELL_C,54,-109.92
2026-08-31T09:55:00.000Z,SYNTH_CELL_C,55,-111.42
2026-08-31T09:55:00.000Z,SYNTH_CELL_C,56,-108.75
2026-08-31T09:55:00.000Z,SYNTH_CELL_C,57,-112.77
2026-08-31T09:55:00.000Z,SYNTH_CELL_C,58,-108.14
2026-08-31T09:55:00.000Z,SYNTH_CELL_C,59,-113.04
2026-08-31T09:55:00.000Z,SYNTH_CELL_C,60,-113.48
2026-08-31T09:55:00.000Z,SYNTH_CELL_C,61,-112.22
2026-08-31T09:55:00.000Z,SYNTH_CELL_C,62,-112.22
2026-08-31T09:55:00.000Z,SYNTH_CELL_C,63,-107.6
2026-08-31T09:55:00.000Z,SYNTH_CELL_C,64,-108.19
2026-08-31T09:55:00.000Z,SYNTH_CELL_C,65,-108.37
2026-08-31T09:55:00.000Z,SYNTH_CELL_C,66,-107
2026-08-31T09:55:00.000Z,SYNTH_CELL_C,67,-108.23
2026-08-31T09:55:00.000Z,SYNTH_CELL_C,68,-108.57
2026-08-31T09:55:00.000Z,SYNTH_CELL_C,69,-113.79
2026-08-31T09:55:00.000Z,SYNTH_CELL_C,70,-113.64
2026-08-31T09:55:00.000Z,SYNTH_CELL_C,71,-110.01
2026-08-31T09:55:00.000Z,SYNTH_CELL_C,72,-109.5
2026-08-31T09:55:00.000Z,SYNTH_CELL_C,73,-109.45
2026-08-31T09:55:00.000Z,SYNTH_CELL_C,74,-111.68
2026-08-31T09:55:00.000Z,SYNTH_CELL_C,75,-110.48
2026-08-31T09:55:00.000Z,SYNTH_CELL_C,76,-107.86
2026-08-31T09:55:00.000Z,SYNTH_CELL_C,77,-111.39
2026-08-31T09:55:00.000Z,SYNTH_CELL_C,78,-113.79
2026-08-31T09:55:00.000Z,SYNTH_CELL_C,79,-110.42
2026-08-31T09:55:00.000Z,SYNTH_CELL_C,80,-110.29
2026-08-31T09:55:00.000Z,SYNTH_CELL_C,81,-112.62
2026-08-31T09:55:00.000Z,SYNTH_CELL_C,82,-113.44
2026-08-31T09:55:00.000Z,SYNTH_CELL_C,83,-108.75
2026-08-31T09:55:00.000Z,SYNTH_CELL_C,84,-111.75
2026-08-31T09:55:00.000Z,SYNTH_CELL_C,85,-109.94
2026-08-31T09:55:00.000Z,SYNTH_CELL_C,86,-108.51
2026-08-31T09:55:00.000Z,SYNTH_CELL_C,87,-112.38
2026-08-31T09:55:00.000Z,SYNTH_CELL_C,88,-88.16
2026-08-31T09:55:00.000Z,SYNTH_CELL_C,89,-110.86
2026-08-31T09:55:00.000Z,SYNTH_CELL_C,90,-109.82
2026-08-31T09:55:00.000Z,SYNTH_CELL_C,91,-112.24
2026-08-31T09:55:00.000Z,SYNTH_CELL_C,92,-107.82
2026-08-31T09:55:00.000Z,SYNTH_CELL_C,93,-113.82
2026-08-31T09:55:00.000Z,SYNTH_CELL_C,94,-113.38
2026-08-31T09:55:00.000Z,SYNTH_CELL_C,95,-109.67
2026-08-31T09:55:00.000Z,SYNTH_CELL_C,96,-113.33
2026-08-31T09:55:00.000Z,SYNTH_CELL_C,97,-110.87
2026-08-31T09:55:00.000Z,SYNTH_CELL_C,98,-112.91
2026-08-31T09:55:00.000Z,SYNTH_CELL_C,99,-109.66
2026-08-31T09:55:00.000Z,SYNTH_CELL_C,100,-108.6
2026-08-31T09:55:00.000Z,SYNTH_CELL_C,101,-113.57
2026-08-31T09:55:00.000Z,SYNTH_CELL_C,102,-110.11
2026-08-31T09:55:00.000Z,SYNTH_CELL_C,103,-109.45
2026-08-31T09:55:00.000Z,SYNTH_CELL_C,104,-113.29
2026-08-31T09:55:00.000Z,SYNTH_CELL_C,105,-111.48
2026-08-31T09:55:00.000Z,SYNTH_CELL_C,106,-108.16
2026-08-31T09:55:00.000Z,SYNTH_CELL_C,107,-111.15
2026-08-31T09:55:00.000Z,SYNTH_CELL_C,108,-108
2026-08-31T09:55:00.000Z,SYNTH_CELL_C,109,-111.17
2026-08-31T09:55:00.000Z,SYNTH_CELL_C,110,-108.41
2026-08-31T09:55:00.000Z,SYNTH_CELL_C,111,-110.34
2026-08-31T09:55:00.000Z,SYNTH_CELL_C,112,-109.44
2026-08-31T09:55:00.000Z,SYNTH_CELL_C,113,-109.46
2026-08-31T09:55:00.000Z,SYNTH_CELL_C,114,-109.72
2026-08-31T09:55:00.000Z,SYNTH_CELL_C,115,-110.2
2026-08-31T09:55:00.000Z,SYNTH_CELL_C,116,-107.61
2026-08-31T09:55:00.000Z,SYNTH_CELL_C,117,-113.91
2026-08-31T09:55:00.000Z,SYNTH_CELL_C,118,-109.31
2026-08-31T09:55:00.000Z,SYNTH_CELL_C,119,-113.51
2026-08-31T09:55:00.000Z,SYNTH_CELL_C,120,-109.05
2026-08-31T09:55:00.000Z,SYNTH_CELL_C,121,-113.36
2026-08-31T09:55:00.000Z,SYNTH_CELL_C,122,-111.18
2026-08-31T09:55:00.000Z,SYNTH_CELL_C,123,-107.12
2026-08-31T09:55:00.000Z,SYNTH_CELL_C,124,-110.29
2026-08-31T09:55:00.000Z,SYNTH_CELL_C,125,-111.69
2026-08-31T09:55:00.000Z,SYNTH_CELL_C,126,-113.26
2026-08-31T09:55:00.000Z,SYNTH_CELL_C,127,-110.13
2026-08-31T09:55:00.000Z,SYNTH_CELL_C,128,-112.34
2026-08-31T09:55:00.000Z,SYNTH_CELL_C,129,-113.65
2026-08-31T09:55:00.000Z,SYNTH_CELL_C,130,-107.11
2026-08-31T09:55:00.000Z,SYNTH_CELL_C,131,-111.63
2026-08-31T09:55:00.000Z,SYNTH_CELL_C,132,-112.45
2026-08-31T09:55:00.000Z,SYNTH_CELL_C,133,-112.71
2026-08-31T09:55:00.000Z,SYNTH_CELL_C,134,-110.43
2026-08-31T09:55:00.000Z,SYNTH_CELL_C,135,-108.93
2026-08-31T09:55:00.000Z,SYNTH_CELL_C,136,-107.1
2026-08-31T09:55:00.000Z,SYNTH_CELL_C,137,-109.91
2026-08-31T09:55:00.000Z,SYNTH_CELL_C,138,-112.33
2026-08-31T09:55:00.000Z,SYNTH_CELL_C,139,-107.15
2026-08-31T09:55:00.000Z,SYNTH_CELL_C,140,-112.42
2026-08-31T09:55:00.000Z,SYNTH_CELL_C,141,-108.39
2026-08-31T09:55:00.000Z,SYNTH_CELL_C,142,-112.75
2026-08-31T09:55:00.000Z,SYNTH_CELL_C,143,-109
2026-08-31T09:55:00.000Z,SYNTH_CELL_C,144,-110.32
2026-08-31T09:55:00.000Z,SYNTH_CELL_C,145,-112.5
2026-08-31T09:55:00.000Z,SYNTH_CELL_C,146,-108.16
2026-08-31T09:55:00.000Z,SYNTH_CELL_C,147,-109.21
2026-08-31T09:55:00.000Z,SYNTH_CELL_C,148,-108.73
2026-08-31T09:55:00.000Z,SYNTH_CELL_C,149,-110.85
2026-08-31T09:55:00.000Z,SYNTH_CELL_C,150,-107.13
2026-08-31T09:55:00.000Z,SYNTH_CELL_C,151,-108.4
2026-08-31T09:55:00.000Z,SYNTH_CELL_C,152,-112.36
2026-08-31T09:55:00.000Z,SYNTH_CELL_C,153,-113.93
2026-08-31T09:55:00.000Z,SYNTH_CELL_C,154,-112.29
2026-08-31T09:55:00.000Z,SYNTH_CELL_C,155,-111.57
2026-08-31T09:55:00.000Z,SYNTH_CELL_C,156,-108.76
2026-08-31T09:55:00.000Z,SYNTH_CELL_C,157,-113.58
2026-08-31T09:55:00.000Z,SYNTH_CELL_C,158,-110.4
2026-08-31T09:55:00.000Z,SYNTH_CELL_C,159,-111.49
2026-08-31T09:55:00.000Z,SYNTH_CELL_C,160,-111.43
2026-08-31T09:55:00.000Z,SYNTH_CELL_C,161,-111.37
2026-08-31T09:55:00.000Z,SYNTH_CELL_C,162,-112.42
2026-08-31T09:55:00.000Z,SYNTH_CELL_C,163,-113.13
2026-08-31T09:55:00.000Z,SYNTH_CELL_C,164,-112.86
2026-08-31T09:55:00.000Z,SYNTH_CELL_C,165,-110.98
2026-08-31T09:55:00.000Z,SYNTH_CELL_C,166,-110.72
2026-08-31T09:55:00.000Z,SYNTH_CELL_C,167,-107.93
2026-08-31T09:55:00.000Z,SYNTH_CELL_C,168,-108.88
2026-08-31T09:55:00.000Z,SYNTH_CELL_C,169,-109.36
2026-08-31T09:55:00.000Z,SYNTH_CELL_C,170,-107.5
2026-08-31T09:55:00.000Z,SYNTH_CELL_C,171,-109.74
2026-08-31T09:55:00.000Z,SYNTH_CELL_C,172,-110.31
2026-08-31T09:55:00.000Z,SYNTH_CELL_C,173,-107.34
2026-08-31T09:55:00.000Z,SYNTH_CELL_C,174,-109.85
2026-08-31T09:55:00.000Z,SYNTH_CELL_C,175,-112.03
2026-08-31T09:55:00.000Z,SYNTH_CELL_C,176,-107.59
2026-08-31T09:55:00.000Z,SYNTH_CELL_C,177,-111.22
2026-08-31T09:55:00.000Z,SYNTH_CELL_C,178,-113.04
2026-08-31T09:55:00.000Z,SYNTH_CELL_C,179,-112.71
2026-08-31T09:55:00.000Z,SYNTH_CELL_C,180,-107.8
2026-08-31T09:55:00.000Z,SYNTH_CELL_C,181,-110.77
2026-08-31T09:55:00.000Z,SYNTH_CELL_C,182,-107.52
2026-08-31T09:55:00.000Z,SYNTH_CELL_C,183,-108.09
2026-08-31T09:55:00.000Z,SYNTH_CELL_C,184,-111.88
2026-08-31T09:55:00.000Z,SYNTH_CELL_C,185,-109.88
2026-08-31T09:55:00.000Z,SYNTH_CELL_C,186,-110.5
2026-08-31T09:55:00.000Z,SYNTH_CELL_C,187,-110.98
2026-08-31T09:55:00.000Z,SYNTH_CELL_C,188,-89.8
2026-08-31T09:55:00.000Z,SYNTH_CELL_C,189,-110.96
2026-08-31T09:55:00.000Z,SYNTH_CELL_C,190,-110.94
2026-08-31T09:55:00.000Z,SYNTH_CELL_C,191,-108.28
2026-08-31T09:55:00.000Z,SYNTH_CELL_C,192,-108.58
2026-08-31T09:55:00.000Z,SYNTH_CELL_C,193,-108.38
2026-08-31T09:55:00.000Z,SYNTH_CELL_C,194,-110.84
2026-08-31T09:55:00.000Z,SYNTH_CELL_C,195,-110.91
2026-08-31T09:55:00.000Z,SYNTH_CELL_C,196,-110.06
2026-08-31T09:55:00.000Z,SYNTH_CELL_C,197,-110.78
2026-08-31T09:55:00.000Z,SYNTH_CELL_C,198,-109.77
2026-08-31T09:55:00.000Z,SYNTH_CELL_C,199,-113.34
2026-08-31T09:55:00.000Z,SYNTH_CELL_C,200,-109.5
2026-08-31T09:55:00.000Z,SYNTH_CELL_C,201,-107.44
2026-08-31T09:55:00.000Z,SYNTH_CELL_C,202,-110.73
2026-08-31T09:55:00.000Z,SYNTH_CELL_C,203,-108.52
2026-08-31T09:55:00.000Z,SYNTH_CELL_C,204,-108.84
2026-08-31T09:55:00.000Z,SYNTH_CELL_C,205,-110.63
2026-08-31T09:55:00.000Z,SYNTH_CELL_C,206,-113.12
2026-08-31T09:55:00.000Z,SYNTH_CELL_C,207,-108.41
2026-08-31T09:55:00.000Z,SYNTH_CELL_C,208,-110.76
2026-08-31T09:55:00.000Z,SYNTH_CELL_C,209,-112.03
2026-08-31T09:55:00.000Z,SYNTH_CELL_C,210,-108
2026-08-31T09:55:00.000Z,SYNTH_CELL_C,211,-113.06
2026-08-31T09:55:00.000Z,SYNTH_CELL_C,212,-108.25
2026-08-31T09:55:00.000Z,SYNTH_CELL_C,213,-113.3
2026-08-31T09:55:00.000Z,SYNTH_CELL_C,214,-111.34
2026-08-31T09:55:00.000Z,SYNTH_CELL_C,215,-111.5
2026-08-31T09:55:00.000Z,SYNTH_CELL_C,216,-112.77
2026-08-31T09:55:00.000Z,SYNTH_CELL_C,217,-111.03
2026-08-31T09:55:00.000Z,SYNTH_CELL_C,218,-110.13
2026-08-31T09:55:00.000Z,SYNTH_CELL_C,219,-113.5
2026-08-31T09:55:00.000Z,SYNTH_CELL_C,220,-109.51
2026-08-31T09:55:00.000Z,SYNTH_CELL_C,221,-112.23
2026-08-31T09:55:00.000Z,SYNTH_CELL_C,222,-111.06
2026-08-31T09:55:00.000Z,SYNTH_CELL_C,223,-113.7
2026-08-31T09:55:00.000Z,SYNTH_CELL_C,224,-108.58
2026-08-31T09:55:00.000Z,SYNTH_CELL_C,225,-109.88
2026-08-31T09:55:00.000Z,SYNTH_CELL_C,226,-110.28
2026-08-31T09:55:00.000Z,SYNTH_CELL_C,227,-113.45
2026-08-31T09:55:00.000Z,SYNTH_CELL_C,228,-110.54
2026-08-31T09:55:00.000Z,SYNTH_CELL_C,229,-108.99
2026-08-31T09:55:00.000Z,SYNTH_CELL_C,230,-110.82
2026-08-31T09:55:00.000Z,SYNTH_CELL_C,231,-109.01
2026-08-31T09:55:00.000Z,SYNTH_CELL_C,232,-112.65
2026-08-31T09:55:00.000Z,SYNTH_CELL_C,233,-111.91
2026-08-31T09:55:00.000Z,SYNTH_CELL_C,234,-110.72
2026-08-31T09:55:00.000Z,SYNTH_CELL_C,235,-108.87
2026-08-31T09:55:00.000Z,SYNTH_CELL_C,236,-107.06
2026-08-31T09:55:00.000Z,SYNTH_CELL_C,237,-111.6
2026-08-31T09:55:00.000Z,SYNTH_CELL_C,238,-111.27
2026-08-31T09:55:00.000Z,SYNTH_CELL_C,239,-110.04
2026-08-31T09:55:00.000Z,SYNTH_CELL_C,240,-112.96
2026-08-31T09:55:00.000Z,SYNTH_CELL_C,241,-113.98
2026-08-31T09:55:00.000Z,SYNTH_CELL_C,242,-110.12
2026-08-31T09:55:00.000Z,SYNTH_CELL_C,243,-110.51
2026-08-31T09:55:00.000Z,SYNTH_CELL_C,244,-109.68
2026-08-31T09:55:00.000Z,SYNTH_CELL_C,245,-112.49
2026-08-31T09:55:00.000Z,SYNTH_CELL_C,246,-107.14
2026-08-31T09:55:00.000Z,SYNTH_CELL_C,247,-108.91
2026-08-31T09:55:00.000Z,SYNTH_CELL_C,248,-108.25
2026-08-31T09:55:00.000Z,SYNTH_CELL_C,249,-113.09
2026-08-31T09:55:00.000Z,SYNTH_CELL_C,250,-108.77
2026-08-31T09:55:00.000Z,SYNTH_CELL_C,251,-112.98
2026-08-31T09:55:00.000Z,SYNTH_CELL_C,252,-109.3
2026-08-31T09:55:00.000Z,SYNTH_CELL_C,253,-112.22
2026-08-31T09:55:00.000Z,SYNTH_CELL_C,254,-109.18
2026-08-31T09:55:00.000Z,SYNTH_CELL_C,255,-108.24
2026-08-31T09:55:00.000Z,SYNTH_CELL_C,256,-107.43
2026-08-31T09:55:00.000Z,SYNTH_CELL_C,257,-112.3
2026-08-31T09:55:00.000Z,SYNTH_CELL_C,258,-110.76
2026-08-31T09:55:00.000Z,SYNTH_CELL_C,259,-113.47
2026-08-31T09:55:00.000Z,SYNTH_CELL_C,260,-113.62
2026-08-31T09:55:00.000Z,SYNTH_CELL_C,261,-112.55
2026-08-31T09:55:00.000Z,SYNTH_CELL_C,262,-113.23
2026-08-31T09:55:00.000Z,SYNTH_CELL_C,263,-113.99
2026-08-31T09:55:00.000Z,SYNTH_CELL_C,264,-110.74
2026-08-31T09:55:00.000Z,SYNTH_CELL_C,265,-110.76
2026-08-31T09:55:00.000Z,SYNTH_CELL_C,266,-112.31
2026-08-31T09:55:00.000Z,SYNTH_CELL_C,267,-111.27
2026-08-31T09:55:00.000Z,SYNTH_CELL_C,268,-89.29
2026-08-31T09:55:00.000Z,SYNTH_CELL_C,269,-110.16
2026-08-31T09:55:00.000Z,SYNTH_CELL_C,270,-107.33
2026-08-31T09:55:00.000Z,SYNTH_CELL_C,271,-108.17
2026-08-31T09:55:00.000Z,SYNTH_CELL_C,272,-113.56