timestamp,cell_id,PRB_0,PRB_1,PRB_2,PRB_3,PRB_4,PRB_5,PRB_6,PRB_7,PRB_8,PRB_9,PRB_10,PRB_11,PRB_12,PRB_13,PRB_14,PRB_15,PRB_16,PRB_17,PRB_18,PRB_19,PRB_20,PRB_21,PRB_22,PRB_23,PRB_24,PRB_25,PRB_26,PRB_27,PRB_28,PRB_29,PRB_30,PRB_31,PRB_32,PRB_33,PRB_34,PRB_35,PRB_36,PRB_37,PRB_38,PRB_39,PRB_40,PRB_41,PRB_42,PRB_43,PRB_44,PRB_45,PRB_46,PRB_47,PRB_48,PRB_49,PRB_50,PRB_51,PRB_52,PRB_53,PRB_54,PRB_55,PRB_56,PRB_57,PRB_58,PRB_59,PRB_60,PRB_61,PRB_62,PRB_63,PRB_64,PRB_65,PRB_66,PRB_67,PRB_68,PRB_69,PRB_70,PRB_71,PRB_72,PRB_73,PRB_74,PRB_75,PRB_76,PRB_77,PRB_78,PRB_79,PRB_80,PRB_81,PRB_82,PRB_83,PRB_84,PRB_85,PRB_86,PRB_87,PRB_88,PRB_89,PRB_90,PRB_91,PRB_92,PRB_93,PRB_94,PRB_95,PRB_96,PRB_97,PRB_98,PRB_99,PRB_100,PRB_101,PRB_102,PRB_103,PRB_104,PRB_105,PRB_106,PRB_107,PRB_108,PRB_109,PRB_110,PRB_111,PRB_112,PRB_113,PRB_114,PRB_115,PRB_116,PRB_117,PRB_118,PRB_119,PRB_120,PRB_121,PRB_122,PRB_123,PRB_124,PRB_125,PRB_126,PRB_127,PRB_128,PRB_129,PRB_130,PRB_131,PRB_132,PRB_133,PRB_134,PRB_135,PRB_136,PRB_137,PRB_138,PRB_139,PRB_140,PRB_141,PRB_142,PRB_143,PRB_144,PRB_145,PRB_146,PRB_147,PRB_148,PRB_149,PRB_150,PRB_151,PRB_152,PRB_153,PRB_154,PRB_155,PRB_156,PRB_157,PRB_158,PRB_159,PRB_160,PRB_161,PRB_162,PRB_163,PRB_164,PRB_165,PRB_166,PRB_167,PRB_168,PRB_169,PRB_170,PRB_171,PRB_172,PRB_173,PRB_174,PRB_175,PRB_176,PRB_177,PRB_178,PRB_179,PRB_180,PRB_181,PRB_182,PRB_183,PRB_184,PRB_185,PRB_186,PRB_187,PRB_188,PRB_189,PRB_190,PRB_191,PRB_192,PRB_193,PRB_194,PRB_195,PRB_196,PRB_197,PRB_198,PRB_199,PRB_200,PRB_201,PRB_202,PRB_203,PRB_204,PRB_205,PRB_206,PRB_207,PRB_208,PRB_209,PRB_210,PRB_211,PRB_212,PRB_213,PRB_214,PRB_215,PRB_216,PRB_217,PRB_218,PRB_219,PRB_220,PRB_221,PRB_222,PRB_223,PRB_224,PRB_225,PRB_226,PRB_227,PRB_228,PRB_229,PRB_230,PRB_231,PRB_232,PRB_233,PRB_234,PRB_235,PRB_236,PRB_237,PRB_238,PRB_239,PRB_240,PRB_241,PRB_242,PRB_243,PRB_244,PRB_245,PRB_246,PRB_247,PRB_248,PRB_249,PRB_250,PRB_251,PRB_252,PRB_253,PRB_254,PRB_255,PRB_256,PRB_257,PRB_258,PRB_259,PRB_260,PRB_261,PRB_262,PRB_263,PRB_264,PRB_265,PRB_266,PRB_267,PRB_268,PRB_269,PRB_270,PRB_271,PRB_272
2026-08-31T08:00:00.000Z,SYNTH_CELL_A,-114,-107.56,-112.67,-109.51,-109.79,-113.43,-111.97,-111.7,-107.09,-107.89,-107.41,-108.62,-108.73,-108.44,-112.38,-109.85,-112.3,-86.24,-88,-89.95,-108.52,-113.36,-113.27,-109.06,-111.87,-113.02,-109.91,-113.95,-110.57,-109.61,-108.25,-113.31,-110.07,-111.4,-108.32,-111.89,-108.73,-109.21,-109.78,-111.95,-109.83,-107.79,-107.16,-112.49,-113.95,-113.96,-107.18,-107.41,-112.34,-109.7,-112.17,-110.59,-109.25,-108.3,-111.49,-109.93,-110.58,-111.16,-109.31,-110.9,-113.88,-112.06,-112.07,-108.38,-107.39,-113.33,-111.17,-112.03,-113.56,-111.28,-110.55,-112.6,-109.87,-113.27,-108.92,-107.49,-107.66,-108.44,-107.45,-107.47,-109.96,-110.22,-108.95,-109.77,-110.21,-108.78,-109.37,-113.58,-111.84,-107.29,-110.72,-113.86,-113.76,-108.1,-107.36,-107.63,-111.61,-110.84,-109.45,-111.71,-108.79,-85.63,-91.75,-107.11,-110,-109.46,-113.14,-112.33,-112.16,-112.2,-110.98,-111.79,-107.14,-113.4,-112.5,-112.08,-111.05,-109.79,-107.86,-108.41,-108.1,-109.72,-110.12,-108.2,-112.64,-111.83,-108.09,-113.69,-110.95,-112.62,-109.23,-112.62,-107.03,-108.32,-111.17,-112.29,-110.89,-112.28,-113.65,-112.41,-110.96,-111.31,-107.29,-108.17,-107.03,-108.75,-108.53,-110.37,-112.08,-107.82,-107.08,-113.26,-108.07,-113.12,-113.93,-108.97,-108.97,-109.34,-113.1,-107.58,-112.94,-108.79,-112.01,-107.59,-110.78,-108.14,-107.76,-108.99,-107.59,-109.06,-108.01,-113.71,-107.82,-112.75,-107.82,-107.58,-111.6,-110.4,-112.37,-108.43,-107.63,-112.28,-113.82,-113.31,-110.89,-111.19,-112.69,-113.4,-111.45,-113.97,-112.99,-107.16,-108.96,-108.39,-111.92,-112.11,-113.37,-112.91,-111.63,-112.58,-111.72,-113.38,-111.03,-111.34,-113.01,-110.66,-112.67,-110.23,-110.11,-111.15,-109.84,-110.44,-113.13,-108.73,-110.26,-111.08,-107.62,-113.82,-112.9,-112.51,-113.08,-87.87,-108.46,-109.84,-111.61,-111.6,-111.32,-110.69,-113.43,-107.14,-111.79,-113.54,-108.05,-107.27,-110.55,-108.55,-112.18,-111.67,-110.23,-107.05,-112.28,-110.35,-107.13,-107.6,-112.71,-112.16,-112.09,-109.77,-108.49,-108.47,-110.38,-111.53,-109.59,-111.19,-108.53,-110.55,-112.51,-110.12,-108,-108.53,-111.13,-110.03,-111.18,-110.91,-112.2,-113.87,-111.65,-107.32,-107.25,-107.48,-110.78,-109.53,-113.12
2026-08-31T08:05:00.000Z,SYNTH_CELL_A,-110.18,-110.28,-109.6,-107.34,-108.83,-111.85,-107.83,-108.73,-109.08,-107.85,-111.65,-107.9,-112.36,-109.32,-113.77,-113.26,-111.24,-91.59,-85.93,-87.94,-108.66,-113.8,-113.81,-112.71,-113.14,-111.45,-107.47,-110.41,-109.39,-111.9,-108.78,-112.69,-108.37,-110.5,-110.07,-110.67,-108.36,-111.87,-111.46,-112.94,-113.49,-112.79,-108.52,-110.39,-111.49,-111.93,-109.07,-109.94,-108.43,-111.62,-108.9,-111.22,-108.56,-111.48,-110.7,-110.19,-109.27,-107.84,-109.21,-108.26,-111.68,-112.48,-113.27,-112.52,-112.13,-113.31,-107.02,-112.63,-110.33,-109.16,-112.09,-110.47,-113.84,-113.14,-113.58,-110.88,-111.65,-109.62,-109.55,-107.66,-108.86,-110.86,-110.04,-112.71,-111.35,-109.52,-107.66,-108.47,-110.41,-107.78,-111.51,-111.66,-110.32,-110.42,-112.68,-109.35,-108.93,-108.67,-108.05,-111.38,-108.88,-88.03,-91.31,-108.43,-111.66,-108.29,-110.05,-109.79,-108.9,-112.01,-109.51,-113.36,-113.7,-111.85,-109.58,-112.3,-113.38,-112.43,-113.4,-109.9,-112.04,-109.24,-111.92,-107.63,-109.1,-108.69,-107.39,-108.08,-111.74,-107.09,-107.76,-112.11,-111.24,-112.98,-112.84,-110.36,-113.78,-107.94,-112.69,-111.61,-113.38,-107.57,-111.86,-110.41,-111.21,-113.06,-108.7,-113.83,-110.77,-108.27,-113.14,-109.08,-108.94,-110.01,-110.85,-112.7,-110.19,-111.55,-113.14,-113.55,-113.8,-109.19,-109.38,-113.3,-108.28,-107.99,-110.15,-111.59,-113.95,-107.58,-111.96,-113.7,-111.71,-110.94,-108.85,-112.75,-109.06,-108.2,-107.72,-110.23,-111.67,-113.08,-111.8,-112.61,-111.58,-112.9,-113.51,-111.78,-112.5,-107.53,-110.11,-112.7,-107.75,-111.92,-113.76,-110.87,-108.39,-108.38,-113.73,-110.53,-109.46,-109.91,-109.61,-113.97,-113.16,-110.42,-110.59,-109.75,-111.3,-110.81,-108.02,-108.47,-111.07,-108.41,-112.6,-113.87,-113.73,-112.57,-109.69,-112.62,-109.78,-86.5,-108.45,-110.13,-112.2,-108.88,-110.49,-113.7,-109.67,-110.23,-110.83,-110.93,-108.66,-107.26,-111.3,-112.77,-111.21,-108.27,-112.02,-112.94,-113.47,-108.44,-110.25,-109.95,-112.02,-111.25,-107.35,-113.63,-111.8,-112.93,-110.98,-107.3,-108.72,-112.13,-112.27,-111.69,-110.62,-108.9,-108.85,-111.84,-113.55,-113.31,-111.41,-112.27,-110.78,-107.13,-113.42,-110.01,-107.26,-111.94,-108.33,-110.85,-111.73
2026-08-31T08:10:00.000Z,SYNTH_CELL_A,-112.02,-110.71,-112.47,-109.56,-107.15,-107.28,-110.42,-109.27,-111.38,-110.64,-109.97,-109.14,-111.06,-111.02,-111.49,-109.08,-108.11,-87.61,-90.7,-88.49,-110.93,-107.3,-112.2,-113.49,-108.39,-110.64,-109.64,-110.77,-109.92,-113.74,-108.64,-113.75,-111.12,-112.88,-107.96,-113.78,-110.34,-112.38,-108.25,-111.73,-112.59,-107.98,-113.2,-111.35,-113.75,-111.28,-110.63,-111.63,-113.66,-109.98,-110.75,-112.06,-109.43,-111.19,-108.39,-109.84,-110.81,-113.33,-109.72,-109.48,-108.23,-111.46,-111.7,-109.59,-112.87,-107.3,-111.91,-108.1,-108.41,-109.53,-107.38,-111.31,-111.14,-109.35,-111.25,-110.92,-108.36,-107.72,-111.08,-112.08,-113.87,-109.09,-109.84,-113.71,-110.65,-108.93,-110.39,-109.87,-112.47,-108.83,-107.59,-111.38,-107.69,-109.31,-109.97,-109.65,-110,-107.49,-107.8,-107.86,-107.08,-90.51,-85.49,-113.56,-110.95,-108.17,-107.1,-113.04,-107.79,-108.88,-111.64,-110.8,-110.77,-112.53,-111.54,-107.65,-113.4,-110.67,-108.9,-108.01,-111.65,-113.93,-107.58,-107.32,-111.06,-108.41,-109.33,-108.43,-111.83,-111.11,-108.78,-111.17,-113.68,-107.68,-108.07,-110.34,-112.2,-110.74,-108.85,-109.5,-107.22,-108.38,-108.86,-109.28,-108.62,-113.33,-109.7,-112.73,-110.72,-110.77,-113.81,-113.63,-111.72,-108.35,-109.94,-110.6,-113.9,-107.59,-109.05,-112.9,-111.04,-109.39,-110.81,-111.03,-110.73,-112.87,-111.61,-110.94,-113.81,-108.28,-111.16,-113.93,-112.94,-107.08,-109.75,-113.15,-109.31,-112.06,-109.25,-107.48,-111.76,-112.21,-110.19,-112.63,-110.56,-110.18,-111.04,-107.04,-109.21,-112.77,-109.38,-109.14,-108.75,-113.01,-111.41,-113.31,-107.38,-113.1,-107.48,-108.77,-108.07,-111.26,-111.79,-111.44,-113.16,-108.55,-112.05,-110.71,-113.19,-107.53,-111.47,-112.8,-112.23,-109.25,-109.48,-112.34,-113.03,-108.21,-112.58,-110.57,-111.75,-90.72,-113.07,-109.57,-109.91,-112.73,-113.42,-109.59,-109.38,-113.48,-113.07,-108.77,-112.17,-108.03,-107.59,-111.17,-112.3,-113.6,-108.25,-107.3,-108.26,-109.92,-112.91,-109.91,-109.51,-109.44,-113.13,-111.44,-109.61,-113.53,-110.68,-108.85,-111.12,-107.88,-109,-111.16,-111.98,-109.99,-108.7,-107.95,-110.22,-107.43,-107.6,-110.02,-113.51,-109.86,-112.96,-107.83,-112.13,-111.71,-110.27,-108.22,-113.7
2026-08-31T08:15:00.000Z,SYNTH_CELL_A,-111.19,-110.17,-112.97,-110.5,-110.44,-108.03,-111.44,-107.59,-112.73,-110.51,-108.15,-113.52,-110.67,-107.68,-111.46,-112.38,-108.85,-89.29,-87.34,-85.53,-107.46,-108.71,-107.63,-112.17,-110.94,-111.25,-108.8,-108.6,-111.65,-108.59,-107.41,-109.84,-111.02,-111.79,-108.77,-107.37,-107.57,-110.75,-107.18,-108.24,-107.25,-107.2,-107.41,-108.08,-107.06,-111.61,-112.3,-111.98,-107.58,-111.18,-111.35,-112.43,-112.62,-113.63,-112.41,-108,-109.11,-112.69,-111.83,-113.54,-111.58,-107.89,-108.47,-112.42,-110.79,-108.1,-113.07,-111.16,-109.06,-111.11,-111.71,-113.82,-110.09,-107.59,-110.24,-113.26,-113.12,-108.4,-113.39,-112.38,-112.32,-110.58,-109.64,-111.47,-109.38,-112.78,-111.78,-109.56,-112.21,-109.3,-107.09,-111.91,-113.91,-110.76,-107.22,-107.59,-108.75,-113.43,-109.53,-107.37,-111.14,-85.37,-88.92,-107.91,-108.41,-108.6,-111.74,-107.69,-109.15,-109.54,-110.6,-110.94,-112.48,-108.38,-111.39,-112.19,-111.03,-111.67,-108.14,-110,-113.62,-110.16,-110.66,-107.73,-111.01,-111.56,-113.3,-108.41,-110.52,-111.44,-111.48,-110.68,-113.47,-107.36,-109.91,-113.24,-112.09,-107.76,-108.03,-107.23,-112.32,-107.91,-111.09,-113.05,-111.99,-110.83,-110.23,-108.38,-110.64,-109.63,-107.78,-107.26,-108.06,-109.49,-109.88,-111,-111.78,-112.77,-113.54,-113.93,-110.39,-110.65,-108.06,-109.01,-109.92,-109.94,-111.01,-108.16,-113.09,-112.18,-111.6,-108.38,-110.61,-109.04,-109.67,-109.57,-111.61,-108.7,-109.31,-107.79,-107.34,-110.2,-108.52,-113.77,-107.48,-110.34,-112.01,-113.38,-108.42,-108.75,-110.78,-110.44,-112.03,-111.53,-112.06,-112.19,-110.64,-112.73,-107.29,-113.86,-108.07,-109.87,-111.2,-110.09,-113.69,-111.3,-110.85,-112.27,-109.65,-107.41,-107.15,-108.44,-110.65,-110.18,-109,-112.36,-113.66,-113.57,-108.77,-112.15,-113.22,-85.25,-109.59,-113.85,-113.08,-107.81,-107.46,-111.03,-113.89,-108.56,-112.84,-112.71,-112.92,-108.24,-107.72,-109.46,-109.73,-112.4,-107.16,-109.88,-111.86,-113.63,-109.25,-113.35,-113.28,-112.68,-109.45,-109.21,-109.86,-109.39,-110.33,-108.35,-110.55,-111.71,-113.39,-108.33,-110.16,-112.87,-108.04,-110.45,-108.52,-113.04,-107.03,-110.92,-113.55,-107.95,-110.33,-107.75,-107.8,-113.89,-109.42,-108.86,-111.77
2026-08-31T08:20:00.000Z,SYNTH_CELL_A,-113.33,-110,-109.74,-111.48,-110.4,-108.39,-109.61,-111.95,-111.88,-108.66,-111.99,-108.22,-110.05,-107.44,-112.57,-110.22,-112.44,-90.64,-88.9,-86.97,-111.37,-111.85,-113.33,-109.48,-113.07,-113.93,-111.36,-111.44,-107.07,-110.89,-111.7,-108.31,-107.79,-107.46,-112.34,-112.56,-113.99,-107.02,-108.27,-109.38,-111.63,-110.22,-112.42,-107.26,-112.81,-112.5,-107.56,-110.47,-111.76,-107.6,-111.39,-111.6,-111.89,-111,-109.6,-110.76,-112.11,-111.93,-109.56,-112.39,-108.83,-107.67,-111.74,-112.85,-107.09,-107.48,-111.74,-113.57,-113.56,-112.62,-112.4,-109.68,-112.01,-113.5,-111.91,-109.57,-113.28,-110.33,-110.8,-107.25,-112.52,-107.04,-110.73,-111.73,-108.78,-112.82,-113.05,-113.37,-110.79,-108.05,-111.12,-112.19,-109.04,-113.74,-112.39,-109.24,-113.06,-111.64,-107.05,-109.15,-107.76,-85.96,-88.23,-111.92,-111.58,-109.11,-110.39,-107.38,-113.3,-113.72,-113.58,-113.64,-111.91,-113.35,-109.12,-112,-113.11,-108.61,-110.89,-109.15,-110.6,-112.33,-113.73,-109.37,-108.39,-111.75,-111.65,-108.72,-107.04,-108.86,-108.03,-111.49,-109.69,-112.98,-110.35,-113.08,-112.4,-107.08,-109.09,-112.95,-113.47,-107.4,-110.3,-108.94,-113.05,-113.84,-108.98,-109.08,-109.18,-113.2,-107.69,-112.29,-110.63,-107.76,-109.34,-108.23,-109.5,-107.41,-111.3,-110.93,-110.58,-107.22,-113.91,-108.44,-111.69,-107.35,-107.23,-111.32,-110.74,-113.33,-112.3,-111.99,-110.8,-110.7,-107.78,-109.8,-108.21,-112.81,-107.25,-111.75,-111.85,-107.52,-113.37,-109.42,-109,-113.65,-109.21,-110,-110.03,-109.55,-107.29,-109.56,-110.69,-107.32,-108.91,-107.24,-111.46,-113.9,-113.58,-111.32,-109.97,-112.17,-108.44,-109.25,-108.49,-110.9,-107.79,-113.58,-108.58,-109.51,-110.01,-108.38,-107.37,-110.12,-112.28,-112.79,-109.79,-113.44,-113.48,-109.11,-108.46,-89.82,-113.3,-107.65,-109.02,-113.79,-107.93,-109.68,-110.56,-108.13,-111.48,-107.44,-112.21,-113.59,-113.01,-113.35,-111.79,-110.4,-109.99,-112.47,-111.46,-111.39,-107.41,-112.16,-110.4,-112.92,-111.32,-112.97,-113.49,-113.61,-110.78,-111.99,-107.79,-108.92,-112.13,-109.56,-112.75,-110.01,-107.33,-111.9,-108.81,-108.84,-109.96,-107.78,-111.05,-108.3,-112.58,-109.8,-108.2,-111.62,-112.62,-113.02,-112.64
2026-08-31T08:25:00.000Z,SYNTH_CELL_A,-110.13,-111.54,-108.48,-113.81,-112.7,-109.65,-110.66,-109.61,-107.6,-113.34,-113.29,-108.42,-108.04,-111.38,-113.74,-110.66,-110.88,-85.62,-87.44,-86.7,-107.8,-110.53,-107.52,-113.14,-107.12,-112.3,-109.74,-112.82,-109.73,-107.07,-107.13,-109.47,-108.16,-107.1,-111.49,-108.45,-108.55,-108.17,-111.61,-108.03,-111.88,-109.83,-107.51,-108.56,-110.36,-113.5,-110.9,-113.56,-112.79,-112.59,-111.54,-108.83,-108.01,-109.47,-107.84,-110.24,-113.76,-110.09,-110.92,-111.97,-108.05,-109.68,-108.64,-109.71,-109.97,-111.22,-109.17,-107.05,-109.19,-112.74,-110.75,-111.58,-111.23,-111.77,-110.58,-112.52,-110.16,-112.17,-111.64,-109.36,-108.78,-111.16,-107.39,-113.21,-110.12,-107.82,-108.41,-113.1,-109.36,-110.95,-113.78,-111.14,-108.09,-110.28,-112.44,-113.68,-109.81,-108.29,-108.15,-112.45,-111.64,-91.61,-91.02,-111.02,-113.93,-109.26,-110.43,-111.76,-113.52,-107.19,-113.78,-111.75,-109.15,-113.44,-111.68,-107.15,-112.52,-108.7,-109.91,-112.79,-109.23,-113.84,-109.32,-112.76,-109.63,-109.59,-110.72,-110.08,-107.65,-111.19,-111.59,-107.49,-108.41,-111.5,-108.39,-110.91,-112.04,-109.82,-110.91,-113.81,-109.51,-108.03,-112.27,-112.22,-110.54,-109.67,-111.66,-109.14,-112.03,-108.8,-112.22,-109.07,-111.1,-111.5,-113.97,-110.62,-112.75,-113.81,-108.05,-112.16,-110.36,-107.34,-113.13,-110.5,-107.87,-113.24,-113.16,-107.51,-112.7,-112.72,-112.28,-111.7,-112.61,-112.91,-110.27,-107.61,-112.39,-111.06,-109.43,-112.94,-110.78,-111.67,-110.29,-113.96,-107.79,-113.39,-109.41,-111.03,-113.93,-108.22,-112.91,-113.43,-111.86,-107.21,-109.2,-112.18,-110.2,-109.22,-112.8,-107.65,-107.33,-110.57,-111.16,-108.23,-112.28,-113.57,-110.7,-113.76,-110.88,-112.88,-107.07,-111.59,-110.45,-107.99,-113.42,-112.48,-109.6,-113.63,-113.95,-107.2,-112.73,-89.15,-111.51,-110.68,-113.04,-108.37,-109.16,-111.21,-107.71,-110.84,-110.33,-112.61,-111.38,-108.76,-110.74,-107.54,-112.74,-113.36,-110.96,-113.87,-108.23,-109.05,-108.52,-112.25,-108.93,-109.15,-112.73,-107.77,-107.41,-111.31,-112.86,-111.98,-110.57,-112.81,-112.86,-107.26,-113.28,-107.9,-107.02,-111.92,-111.44,-108.54,-109.63,-107.41,-113.13,-110.84,-112.71,-107.02,-113.25,-112.05,-112.66,-113.94,-109.01
2026-08-31T08:30:00.000Z,SYNTH_CELL_A,-107.24,-109.11,-107.86,-111.82,-109.07,-113.1,-113.31,-108.83,-112.65,-111.73,-110.87,-108.27,-110.52,-113.63,-113.92,-107.71,-110.16,-89.2,-89.05,-85.62,-109.92,-112.56,-110.45,-109.86,-113.44,-113.97,-110.39,-113.25,-112.15,-111.54,-107.36,-113.63,-111.88,-110.9,-113.11,-109.12,-112.22,-107.17,-110.26,-111.04,-108.22,-112.78,-113.98,-111.62,-107.15,-107.17,-108.82,-113.69,-111.28,-111.5,-112.52,-110.39,-108.8,-108.21,-108,-112.49,-108.01,-113.14,-109.95,-111.22,-110.36,-112.78,-107.35,-108.8,-113.64,-111.09,-113.61,-111.35,-111.24,-110.17,-108.07,-111.17,-109.08,-108.05,-107.59,-113.75,-112.12,-112.59,-110.24,-110.39,-109.42,-107.65,-107.91,-107.65,-107.64,-110.57,-113.05,-107.58,-109.08,-109.88,-109.14,-107.73,-112.09,-113.38,-108.31,-113.01,-113.85,-109.57,-113.58,-109.55,-109.47,-87.7,-90.87,-111.69,-108.97,-108.62,-112.26,-113.52,-110.09,-110.73,-111.36,-112.19,-111.23,-108.65,-112.02,-111.77,-109.09,-112.15,-111.9,-107.23,-109.14,-108.15,-110.93,-111.44,-107.14,-112.72,-109.81,-113.21,-111.57,-112.23,-107.3,-113.6,-108.68,-110.9,-110.02,-107.78,-109.94,-110.09,-112.34,-111,-113.23,-111.05,-108.75,-110.16,-110.17,-113.6,-109.96,-109.9,-110.87,-111.77,-113.03,-112.94,-108.11,-108.04,-108.45,-112.48,-113.21,-112.27,-109.49,-111.9,-108.47,-112.23,-111.53,-109.39,-111.29,-107.74,-113.69,-111.8,-110.95,-111.35,-110.57,-108.42,-108.17,-109.51,-109.35,-110.73,-109.46,-111.11,-108.27,-111.91,-110.61,-109.08,-112.9,-113.74,-110.56,-109.8,-112.44,-109.61,-113.04,-111.77,-113.69,-107.98,-108.68,-111,-113.18,-112.72,-107.21,-112.28,-112.39,-109.36,-107.69,-111.44,-113.03,-113.31,-111.82,-111.51,-113.42,-111.95,-110.49,-109.55,-113.3,-110.03,-113.96,-109.68,-113.57,-110.27,-107.28,-112.92,-111.39,-112.17,-113.32,-88.94,-112.52,-107.62,-112.47,-111.19,-112.5,-107.28,-113.69,-108.38,-110.72,-112.91,-111.74,-113.44,-109.23,-111.76,-113.83,-113.03,-111.29,-112.88,-110.36,-112.47,-113.69,-112.54,-109.93,-107.35,-107.65,-113.67,-113.51,-108.64,-110.39,-107.56,-112.61,-108.69,-109.2,-107.85,-112.29,-113.08,-107.55,-110.13,-109.73,-111.87,-113.24,-109.65,-112.9,-108.53,-110.73,-113.47,-108.81,-108.33,-109.31,-111.9,-107.54
2026-08-31T08:35:00.000Z,SYNTH_CELL_A,-110.33,-111.03,-113.56,-113.8,-112.18,-113.03,-109.3,-110.86,-111.81,-112.06,-110.56,-108.92,-109.37,-108.25,-112.03,-109.41,-109.31,-88.31,-85.82,-91.57,-109.9,-111.7,-107.4,-107.32,-110.38,-112.52,-112.76,-113.22,-113.9,-110.68,-112.05,-107.05,-111.73,-112.03,-110.08,-107.63,-111.01,-110.97,-111.34,-111.26,-107.85,-111.79,-111.16,-109.07,-110.58,-107.01,-108.87,-110.27,-107.86,-110.64,-108.05,-108.48,-108.05,-113.35,-110.99,-109.59,-109.86,-113.09,-107.71,-109.05,-109.86,-108.84,-109.02,-108.93,-112.32,-112.84,-112.32,-111.16,-107.01,-110.62,-112.69,-107.15,-113.9,-108.02,-111.29,-111.94,-113.48,-110.26,-107.92,-109.03,-108.72,-109.22,-113.56,-107.79,-109.56,-112.84,-107.16,-109.66,-111.07,-110.76,-112.28,-107.91,-108.03,-108.09,-107.92,-113.35,-112.03,-107.67,-110.12,-113.73,-108.89,-87.62,-88.33,-113.42,-111.14,-113.78,-109.21,-112.35,-110.25,-110.15,-113.44,-107.86,-111.2,-113,-110.06,-111.99,-109.62,-112.21,-109.57,-113.84,-109.9,-109.69,-111.06,-112.96,-107.33,-107.79,-108.23,-111.86,-111.01,-112.83,-108.26,-109.72,-109.56,-112.18,-107.19,-111.76,-111.99,-109.03,-112.21,-112.7,-109.41,-110.67,-112.48,-111.02,-110.65,-112.94,-109.57,-112.68,-111.35,-109.44,-108.77,-111.23,-107.34,-112.72,-112.46,-108.14,-109.58,-111.09,-107.34,-111.41,-110.67,-109.12,-107.89,-113.28,-113.81,-112.97,-107.74,-111.24,-111.47,-110.2,-113.25,-110.06,-110.62,-108.31,-111.25,-112.91,-112.73,-113.59,-110.17,-109.21,-110.87,-107.2,-113.8,-109.08,-110.04,-110.09,-111.13,-112.85,-107.31,-113.21,-109.68,-107.09,-108.3,-111.48,-107.12,-108.52,-109.86,-108.65,-112.85,-108.89,-111.66,-107.17,-107.73,-109.79,-107.89,-110.91,-109.82,-107.22,-108.33,-112.55,-108.74,-109.66,-111.99,-107.08,-113.86,-111.98,-111.03,-110.09,-107.07,-108.76,-111.48,-87.9,-110.64,-111.15,-108.64,-113.93,-112.28,-110.54,-108.83,-113.38,-113.97,-107.02,-107.61,-112.34,-109.74,-110.75,-109.33,-108.19,-112.21,-108.32,-111.99,-113.52,-110.03,-111.95,-107.42,-113.51,-111.04,-108.74,-111.68,-111.76,-111.17,-111.98,-107.62,-109.91,-108.76,-110.77,-110.28,-111.09,-109.31,-113.18,-110.97,-111.58,-113.99,-107.36,-110.45,-108.34,-113.61,-108.23,-108.77,-107.67,-109.33,-107.21,-107.87
2026-08-31T08:40:00.000Z,SYNTH_CELL_A,-111.06,-111.65,-110.26,-107.06,-113.77,-110.7,-111.37,-109.93,-110.86,-108.5,-111.19,-111.5,-110.49,-110.34,-107.06,-109.76,-107.35,-90.89,-90.86,-91.41,-113.95,-108.71,-111.65,-113.19,-111.32,-108.53,-109.34,-113.19,-107.58,-111.84,-113.9,-110.99,-107.52,-110.63,-109.3,-111.01,-111.92,-112.5,-107.99,-108.51,-111.02,-113.58,-113.4,-107.5,-107.12,-112.52,-111.59,-109.71,-110.2,-109.32,-112.88,-109.34,-113.61,-110.02,-110.73,-107.58,-113.28,-108.9,-112.25,-111.36,-107.69,-110.69,-107.85,-108.89,-107.24,-108.22,-113.58,-112.22,-111.79,-112.77,-111.92,-112.18,-113.02,-110.32,-109.01,-112.75,-108.58,-110.85,-113,-110.97,-107.99,-107.59,-111.61,-112.4,-110.12,-113.45,-112.92,-111.18,-109.46,-112.47,-110.25,-110.67,-110.9,-107.46,-112.18,-113.83,-112.17,-108.82,-112.49,-110.33,-110.56,-90.78,-90.96,-108.72,-113.88,-110.35,-108.63,-107.96,-107.24,-112.27,-113.16,-112.7,-109.06,-112.53,-112.7,-107.97,-113.89,-109.15,-109.61,-111.97,-111.11,-111.96,-109.19,-110.9,-109.55,-109.47,-112.25,-113.8,-112.15,-113.85,-113.59,-110.81,-110.05,-109.36,-112.86,-109.93,-110.09,-107.77,-109.36,-113.11,-110.84,-108.16,-108.21,-109.08,-110.7,-108.98,-109.15,-111.79,-112.16,-110.14,-112.12,-112.28,-107.45,-112.88,-110.66,-112.92,-107.56,-111.55,-107.34,-111.95,-108.71,-113.23,-108.03,-109.33,-107.3,-109.02,-108.24,-113.86,-113.26,-110.24,-112.38,-110.51,-112.1,-110.11,-108.21,-107.84,-107.53,-112.11,-107.57,-112.34,-111.09,-113.43,-112.65,-107.29,-112.98,-107.46,-112.33,-113.84,-110.7,-112.51,-107.95,-110.62,-110.92,-108.4,-112.31,-113.23,-111.57,-111.87,-107.69,-112.7,-112.83,-111.09,-109.95,-110.89,-108.28,-110.93,-107.76,-112.67,-112.38,-113.87,-108.4,-109.41,-112.63,-113.05,-108.47,-109.43,-108.05,-110.92,-109.22,-109.69,-108.53,-91.73,-107.17,-112.95,-109.88,-108.25,-109.83,-112.67,-108.48,-110.54,-107.42,-107.6,-107.29,-111.16,-113.57,-110.23,-107.48,-111.61,-107.9,-113.01,-107.28,-111.08,-112.61,-109.45,-109.42,-112.65,-109.86,-113.09,-109.79,-112.85,-108.96,-110.51,-110.29,-108.84,-112.14,-108.49,-107.75,-108.48,-112.69,-113.73,-108.44,-107.46,-112.04,-107.44,-112.83,-110.26,-107.29,-112.4,-112.95,-110.28,-112.45,-107.18,-109.64
2026-08-31T08:45:00.000Z,SYNTH_CELL_A,-108.12,-112.27,-110.65,-113.9,-112.54,-107.38,-111.27,-107.26,-108.6,-109.23,-111.6,-110.14,-112.77,-113.94,-111.96,-109.74,-110.34,-90.85,-89.3,-85.96,-107.28,-111.34,-108.5,-107.1,-108.68,-109.54,-113.63,-113.6,-113.78,-108.37,-112.62,-111.69,-113.07,-113.84,-110.72,-112.29,-108.01,-111.65,-107.34,-109.57,-110.98,-110.83,-107.05,-113.5,-111.24,-109.19,-110.56,-111.37,-111.94,-113.82,-113.77,-112.14,-112.32,-111.32,-108.14,-112.47,-112.3,-113.52,-110.65,-110.05,-111.98,-110.17,-112.03,-107.47,-113.64,-109.98,-111.65,-113.23,-112.89,-108.3,-107.09,-110.92,-107.77,-113.63,-109.1,-107.84,-112.75,-113.03,-112.8,-107.91,-108.52,-108.48,-110.3,-113.23,-110.53,-111.19,-110.49,-111,-112.34,-113.96,-111.1,-107.99,-107.68,-110.57,-107.98,-113.6,-108.08,-112.25,-107.41,-112.65,-108.09,-89.6,-85.27,-111.11,-110.62,-111.97,-110.83,-107.1,-108.25,-109.95,-110.6,-112.67,-111.79,-107.32,-112.8,-113.89,-107.69,-110.24,-111.67,-109.04,-112.31,-108.44,-111.76,-112.85,-113.17,-111.47,-107.13,-112.82,-107.16,-109.15,-108.37,-110.8,-109.17,-110.46,-111.98,-110.38,-110.1,-107.47,-109.6,-113.43,-109.29,-111.74,-108.66,-112.63,-109,-110.06,-107.41,-108.57,-111.94,-108.22,-107.73,-110.43,-107.1,-109.83,-108.74,-107.12,-112.84,-107.94,-108.21,-107.77,-108.39,-111.75,-110.77,-112.7,-111.63,-111.01,-107.13,-113.7,-108.32,-112.42,-107.05,-110.63,-111.8,-108.71,-113.49,-110.23,-107.23,-107.27,-113.91,-107.8,-110.82,-107.17,-109.1,-108.65,-112.15,-109.09,-108.93,-112.65,-109.2,-109.64,-108.6,-111.44,-109.74,-108.5,-108.06,-112.5,-112.74,-107.48,-111.41,-113.21,-111.82,-108.54,-113.41,-108.87,-113.79,-110.72,-108.15,-113.36,-109.59,-112.52,-113.35,-108.2,-109.99,-112.47,-112.55,-108.43,-113.56,-107.15,-112.11,-113.69,-112.73,-85.13,-110.44,-111.69,-110.52,-113.81,-113.5,-112.31,-113.96,-112.5,-113.4,-113.35,-112.1,-108.61,-107.98,-108.95,-109.51,-108.07,-113.55,-111.78,-111.36,-111.04,-108.52,-110.97,-109.95,-110.81,-112.03,-111.82,-108.68,-111.1,-111.54,-109.42,-107.28,-111.86,-112.91,-107.47,-112.16,-111.83,-111.06,-111.48,-109.41,-113.29,-107.56,-109.78,-113.09,-107.3,-112.7,-112.11,-107.18,-109.39,-111.38,-112.17,-112.44
2026-08-31T08:50:00.000Z,SYNTH_CELL_A,-107.17,-107.21,-113.42,-107.61,-107.21,-111.35,-107.77,-111.08,-110.83,-108.43,-110.67,-112.95,-108.15,-113.11,-111.73,-110.33,-110.33,-89.08,-87.29,-90.04,-110.12,-113.31,-111.29,-110.69,-108.88,-109.08,-111.16,-107.88,-111.14,-107.59,-107.95,-109.36,-107.21,-107.73,-107.27,-111.45,-113.33,-108.31,-109.57,-107.22,-108.01,-110.21,-113.5,-112.64,-109.42,-110.47,-113.36,-107.63,-113.79,-109.41,-111.49,-109.06,-112.06,-109.35,-111.17,-109.3,-107.92,-111.91,-111.01,-111,-109.87,-113.11,-108.76,-110.44,-111.77,-109.84,-107.82,-112.88,-111.62,-109.89,-113.54,-109.05,-113.5,-109.6,-112.88,-109.87,-113.32,-108.49,-108.63,-112.54,-111.59,-110.62,-110.9,-109.05,-111.99,-111.88,-108.03,-108.01,-113.82,-107.16,-108.85,-112.89,-113.31,-109.48,-110.2,-111.83,-107.54,-110.23,-109.58,-113.07,-109.08,-90.53,-85.77,-113.15,-108.76,-111.29,-109.1,-109.54,-113.47,-110.05,-112.84,-107.76,-112.36,-111.46,-110.23,-108.94,-111.75,-108.81,-108.4,-112.44,-113.03,-113.66,-111.21,-112.45,-110.52,-107.5,-113.12,-109.72,-109.19,-113.63,-112.68,-110.67,-112.92,-109.52,-110.46,-107.21,-110.89,-109.29,-111.76,-107.88,-110.52,-108.68,-112.57,-108.96,-111.26,-110.47,-110,-111.35,-109.37,-112.02,-108.26,-107.02,-111.96,-111.9,-112.38,-113.04,-110.14,-108.55,-108.69,-107.1,-108.47,-112.88,-107.95,-110.51,-111.69,-113,-110.36,-111.75,-109.69,-110.68,-110.37,-111.28,-108.9,-111.86,-112.38,-113.74,-111.2,-113.64,-107.69,-110.07,-109.65,-109.79,-109.84,-113.43,-107.33,-108.13,-107.82,-109.32,-109.82,-111.53,-111.76,-109.35,-111.99,-111.51,-108.72,-112.92,-113.83,-108.98,-110.57,-109.84,-109.28,-112.83,-111.85,-109.95,-111.25,-109.41,-111.9,-108.34,-107.97,-107.47,-110.62,-111.94,-112.19,-111.16,-113.28,-107.77,-107.8,-111.55,-110,-112.47,-111.41,-87.78,-107.76,-113.04,-111.89,-108.29,-110.63,-108.14,-112.62,-110.95,-112.21,-108.95,-109.32,-110.39,-108.26,-112.65,-109.66,-110.37,-109.36,-110.48,-111.37,-112.31,-112.81,-108.5,-109.99,-107.03,-111.47,-111.05,-109.18,-112.73,-112.64,-108.02,-113.24,-111.36,-111.6,-107.23,-109.97,-113.77,-111.75,-113.13,-107.11,-107.9,-107.65,-107.32,-111.23,-113.52,-108.76,-107.51,-112.25,-112.26,-112.82,-108.52,-108.87
2026-08-31T08:55:00.000Z,SYNTH_CELL_A,-113.89,-111.79,-110.29,-110.48,-110.52,-109.83,-113.63,-108.59,-109.37,-107.25,-107.24,-107.03,-109.56,-108.87,-112.36,-112.49,-113.41,-86.47,-90.98,-90.45,-107.72,-108.32,-112.36,-110.57,-111.35,-107.65,-108.47,-110.44,-113.3,-109.8,-113.64,-111.18,-110.82,-113.41,-112.93,-108.45,-113.98,-109.35,-107.87,-108.21,-109.42,-111.35,-112.18,-111.44,-109.17,-108.81,-113.61,-111.82,-109.44,-109.33,-113.86,-113.27,-113.7,-110.19,-113.79,-111.06,-108.19,-109.98,-107.42,-113.07,-109.54,-111.31,-113.24,-109.56,-109.87,-113.55,-110.38,-109.89,-109.29,-109.21,-111.58,-112.23,-110.54,-110.89,-107.7,-110.51,-111.62,-109.91,-108.8,-109.57,-111.49,-112.76,-107.64,-112.64,-108.71,-107.36,-113.68,-108.08,-107.99,-112.01,-111.53,-110.38,-107.73,-110.31,-112.69,-107.71,-111.33,-109.02,-112.67,-110.93,-107.12,-86.05,-85.93,-107.41,-108.66,-107.99,-110.71,-108.05,-109.06,-112.48,-112.94,-111.95,-110.71,-111.07,-111.82,-107.35,-111.8,-112.18,-113.4,-108.62,-112.8,-107.15,-113.95,-110.31,-107.92,-112.28,-108.43,-112.32,-110.39,-107.18,-111.57,-111.41,-113.28,-107.6,-107.22,-108.55,-111.32,-107.41,-107.62,-111.67,-113.3,-107.24,-111.65,-113.36,-109.17,-111.53,-108.61,-107.46,-110.12,-108.87,-112.37,-110.39,-113.71,-113.42,-113.27,-111,-112.16,-107.63,-107.54,-111.18,-107.75,-110.81,-112.4,-110.91,-113.39,-109.05,-109.91,-109.03,-109.41,-112.93,-107.45,-113.3,-109.61,-113.31,-111.16,-112.03,-111.83,-110.79,-109.38,-112.59,-107.17,-107.63,-107.56,-107.87,-112.34,-111.73,-108.92,-110.88,-112.59,-111.09,-110.55,-111.18,-110.92,-110.11,-107.64,-107.09,-108.28,-108.85,-112.74,-108.96,-112.86,-109.24,-113.02,-113.31,-108.5,-113.12,-112.92,-110.66,-108.5,-111.68,-108.3,-112.53,-113.37,-107.99,-111.85,-113.25,-112.98,-108.85,-111.17,-111.76,-112.84,-91.37,-107.46,-108.68,-108.33,-111.33,-109.54,-112.81,-112.78,-111.56,-112.19,-107.11,-107.26,-108.24,-108.65,-113.1,-109.14,-110.3,-110.49,-107.97,-108.4,-113.8,-112.54,-108.02,-110.53,-107.38,-109.08,-109.94,-112.11,-109.96,-112.99,-112.64,-107.81,-113.76,-108.77,-107.28,-108.59,-113.9,-108.09,-111.42,-108.74,-112.12,-112.44,-107.01,-107.25,-107.95,-109.34,-112.77,-113.94,-112.17,-109.42,-110.64,-112.49
2026-08-31T09:00:00.000Z,SYNTH_CELL_A,-112.95,-113.32,-113.94,-109.8,-107.2,-111.1,-113.63,-108,-110.04,-113.84,-107.22,-107.46,-108.93,-109.25,-112.89,-110.17,-111.67,-90.88,-85.56,-87.94,-113.36,-111.04,-111.07,-107.32,-108.56,-112.75,-112.12,-107.66,-112.93,-108.26,-108.46,-110.33,-109.77,-109.93,-113.71,-110.26,-110.05,-107.59,-109.47,-112.28,-108.53,-113.9,-110.49,-109.43,-111.03,-110.61,-111.94,-109.26,-113.63,-112.82,-107.67,-109.9,-111.14,-112.89,-109.97,-109.73,-107.16,-113.67,-108,-108.11,-112.16,-110.57,-112.71,-110.6,-109.22,-112.81,-113.63,-109.94,-107.23,-111.95,-109.55,-112.12,-107.23,-109.17,-108.89,-108.43,-108.97,-108.96,-107.6,-111.71,-109.49,-113.64,-108.76,-108.8,-108.87,-110.46,-107.58,-110.11,-109.9,-113.48,-113.12,-113.5,-112.88,-112.17,-109.3,-107.43,-113.2,-107.92,-110.34,-112.64,-109.76,-89.63,-86.22,-107.47,-110.68,-108.76,-108.91,-109.45,-109.16,-110.14,-110.91,-111.29,-113.76,-113.27,-110.38,-109.36,-107.54,-113.7,-112.27,-112.03,-111.1,-110.46,-112.37,-107.1,-111.66,-112.57,-113.28,-107.46,-109.88,-111.73,-111.07,-114,-109.21,-112.75,-108.16,-108.53,-110.22,-110.01,-109.98,-112.05,-109.36,-108.7,-111.62,-113.13,-108.41,-107.58,-108.9,-112.24,-112.83,-107.1,-111.73,-107.86,-111.01,-108.71,-110.1,-109.28,-110.63,-113.45,-110.5,-107.23,-112.03,-113.72,-108.98,-108.02,-108.64,-107.23,-111.75,-113.5,-113.52,-113.08,-111.44,-110.51,-113.15,-113.79,-109.16,-112.73,-108.53,-113.24,-111.51,-108.81,-109.99,-108.03,-109,-113.18,-113.01,-112.98,-112.18,-110.32,-110.57,-108.21,-112.15,-109.69,-113.8,-110.98,-112.2,-108.58,-110.59,-113.57,-111.48,-109.94,-109.26,-111.06,-110.7,-111.15,-113.4,-113.94,-112.16,-112.32,-112.21,-110.1,-107.47,-108.85,-107.68,-108.77,-109.46,-109.63,-109.37,-111.8,-109.89,-110.24,-111.35,-87.59,-110.86,-111.26,-108.18,-107.61,-111.59,-111,-108.78,-113,-107.64,-113.5,-107.19,-107.88,-110.42,-109.07,-109.17,-113.69,-111.1,-110.11,-110.57,-107.44,-108.74,-108.54,-112.51,-110.92,-112.73,-107.63,-111.26,-109.05,-113.29,-108.62,-112.59,-111.51,-111.91,-107.17,-108.45,-111.88,-107.38,-113.1,-107.51,-111.82,-107.99,-108.81,-108.13,-111.7,-107.32,-107.08,-112.01,-109.41,-107.84,-111.91,-108.83
2026-08-31T09:05:00.000Z,SYNTH_CELL_A,-110.06,-113.09,-109.09,-113.83,-109.99,-109.37,-113.54,-110.5,-111.68,-108.34,-109.49,-108.33,-112.23,-108.25,-112.33,-111.29,-111.22,-89.15,-91.23,-90.3,-112.31,-108.16,-113.8,-108.5,-113.99,-110.83,-107.7,-113.89,-109.73,-110.24,-113.23,-113.95,-110.99,-111.32,-109.62,-109.8,-108.67,-109.86,-107.59,-112.13,-112.68,-110.44,-108.9,-113.11,-108.56,-108.27,-109,-113.25,-113.1,-112.08,-107.77,-112.08,-112.31,-109.5,-107.7,-111.29,-112.89,-107.86,-113.88,-108.99,-111.89,-109.7,-108.39,-112.3,-111.08,-113.34,-111.86,-111.72,-113.75,-109.78,-108.79,-107.38,-111.91,-110.1,-110.78,-109.3,-113.68,-111.35,-113.35,-110.69,-113.85,-112,-108.48,-110.31,-113.65,-113.03,-111.85,-113.01,-113.62,-110.55,-107.62,-107.3,-108.65,-107.19,-107.85,-110.22,-113.89,-113.24,-110.24,-110.6,-110.55,-86.79,-87.07,-112.96,-108.16,-113.33,-110.93,-113.55,-113.89,-109.98,-113.77,-112.82,-107.41,-111.22,-112.7,-108.25,-112.65,-113.74,-111.6,-109.14,-107.41,-110.19,-112.85,-110.5,-107.02,-109.13,-112.85,-109.99,-113.75,-107.22,-110.22,-112.46,-113.66,-112.07,-112.17,-108.28,-113.42,-111.28,-110.61,-110.25,-111.44,-107.32,-111.18,-109.58,-107.68,-113.94,-109.54,-113.03,-109.18,-108.07,-112,-107.76,-109.54,-113.08,-108.56,-109.18,-111.27,-113.26,-109.35,-110.46,-113.11,-108.75,-110.55,-109.92,-110.36,-108.57,-107.88,-112.14,-107.11,-112.01,-107.5,-110.69,-111.78,-107.02,-112.71,-109.47,-107.75,-107.52,-113.61,-113.14,-110.77,-111.29,-113.91,-108.58,-109.19,-111.98,-110.56,-107.64,-110.83,-109.76,-109.74,-111.66,-113.93,-113.78,-108.8,-109.93,-107.26,-108.57,-107.41,-112.14,-113.16,-110.53,-112.67,-109.63,-112.84,-110.96,-110.57,-112.34,-113.12,-108.66,-109.22,-113.77,-110.26,-112.31,-107.31,-109.7,-112.2,-112.13,-107.45,-113.63,-108.25,-89.1,-112.3,-112.46,-112.77,-109.78,-111.11,-108.36,-108.94,-113.95,-113.87,-112.85,-110.41,-108.04,-107.81,-113.32,-110.95,-112.36,-112.33,-108.79,-111.97,-113.19,-109.43,-109.06,-109.9,-109.75,-109.29,-110.31,-107.41,-109.26,-107.23,-109.32,-107.16,-111.06,-107.51,-113.46,-109.91,-107.37,-109.9,-110.94,-110.59,-113.89,-108.38,-112.72,-113.82,-110.85,-109.52,-111.65,-113.18,-111.31,-107.7,-112.77,-111.42
2026-08-31T09:10:00.000Z,SYNTH_CELL_A,-110.89,-112.42,-108.45,-109.84,-110.64,-112.87,-112.18,-110.26,-113.14,-112.87,-112.95,-110.69,-111.44,-113.87,-109.74,-109.77,-111.2,-89.12,-86.19,-91.25,-110.89,-107.31,-112.96,-107.68,-113.15,-109.36,-108.82,-108.49,-110.4,-108.98,-113.75,-108.16,-107.39,-110.6,-107.7,-113.96,-110,-108.96,-109.5,-107.45,-108.24,-107.56,-107.87,-107.96,-109.31,-108.19,-112.45,-109.09,-108.61,-113.31,-108.01,-111.91,-111.13,-113.05,-108.01,-107.69,-112.45,-112.46,-112.19,-107.52,-109.95,-107.48,-108.52,-113.4,-109.72,-113.85,-113.37,-113.91,-109.17,-108.35,-110.63,-110.68,-111.92,-112.34,-107.72,-111.81,-113.08,-108.76,-113.32,-112.21,-111.84,-113.62,-108.03,-108.98,-110.21,-113.93,-113.59,-108.71,-113.2,-109.21,-110,-111.86,-109.94,-108.53,-109.15,-108.31,-107.11,-110.31,-112.99,-111.23,-110.02,-91.06,-88.91,-109.51,-108.42,-107.44,-109.96,-113.21,-109.34,-111.94,-107.51,-109.6,-112.54,-112.11,-111.54,-111.29,-112.79,-112.7,-110.93,-107.46,-108.17,-113.91,-107.74,-107.19,-107.25,-109.74,-113.32,-113.78,-107.09,-108.59,-108.03,-107.81,-111.59,-113.64,-111.13,-108.97,-112.76,-112.44,-108.3,-107.52,-111.29,-111.4,-109.03,-111.03,-112.64,-110.93,-109.19,-111.15,-111.82,-113.11,-111.85,-111.43,-107.98,-113.84,-107.36,-111.98,-112.81,-108.33,-109.85,-108.08,-109.83,-111.07,-109,-110.73,-110.49,-107.1,-111.32,-112.89,-110.27,-110.6,-108.78,-107.65,-111.74,-107.69,-107.17,-109.83,-108.93,-108.12,-108.23,-111.96,-109.16,-110.69,-108.04,-108.23,-107.78,-108.8,-111.06,-109.77,-113.46,-108.6,-110.52,-109.81,-111.61,-111.13,-111.85,-110.69,-112.81,-107.3,-108.16,-107.88,-111.29,-113.89,-112.75,-107.91,-107.69,-110.25,-109.14,-109.7,-112.29,-113.3,-107.67,-112.17,-108.28,-110.43,-113.63,-112.21,-108.74,-108.56,-112.15,-113.61,-111.85,-87.59,-113.11,-110.94,-109.45,-109.5,-109.44,-110.56,-107.59,-113.1,-111.2,-110.85,-111.19,-107.48,-109.05,-110.65,-108.67,-112.14,-108.34,-109.9,-113.66,-108.99,-108.62,-108.62,-110.61,-109.99,-113.62,-110.18,-108.33,-109.87,-109.47,-107.11,-113.11,-111.89,-110.04,-111.72,-113.35,-107.06,-108.9,-111.75,-111.12,-111.22,-113.64,-111.76,-110.25,-112.55,-108.78,-112.72,-110.17,-111.22,-108.61,-113.67,-112.76
2026-08-31T09:15:00.000Z,SYNTH_CELL_A,-107.13,-112.58,-110.75,-113.1,-107.92,-108.84,-108.34,-108.46,-113.27,-107.54,-109.53,-108.59,-112.54,-113.07,-111.18,-113.5,-110.74,-91.6,-90.68,-91.52,-108.42,-109.13,-107.97,-112.37,-112.55,-108.74,-108.1,-112.76,-107.69,-111.67,-109.88,-107.07,-112.94,-107.77,-108.02,-108.64,-107.2,-111.65,-108.47,-111.9,-109.6,-111.82,-107.89,-107.43,-113.89,-109.71,-108.99,-110.03,-107.94,-108.68,-109.24,-108.5,-108.54,-108.55,-111.89,-111.87,-113.94,-112.34,-111.08,-109.53,-107.52,-109.67,-107.34,-112.65,-113.44,-113.04,-112.48,-108.2,-108.84,-113.34,-109.42,-113.68,-108.6,-107.56,-108.02,-107.62,-108.48,-113.9,-108.81,-108.02,-111.69,-110.26,-108.6,-110.64,-113.72,-112.04,-113.9,-110.14,-109.65,-108.46,-107.21,-112.25,-110.63,-108.34,-113.98,-107.96,-107.55,-112.48,-112.19,-114,-108.65,-87.99,-85.13,-110.76,-111.74,-111.84,-113.21,-108.31,-109.59,-109.02,-113.09,-108.73,-107.99,-109.13,-113.65,-111.79,-107.61,-110.99,-109.8,-107.51,-112.83,-108.26,-110.37,-111.88,-111.62,-108.22,-113.83,-112.72,-109.99,-109.82,-110.48,-108.1,-108.91,-111.57,-110.89,-111.74,-107.03,-107.7,-108.8,-112.12,-107.62,-108.23,-110.86,-111.78,-107.97,-113.89,-113.53,-107.96,-112.41,-109.55,-109.95,-113.2,-112.01,-112.29,-112.21,-111.95,-107,-113.88,-110.78,-108.29,-108.01,-107.82,-110.2,-111.51,-108,-110.82,-107.08,-109.7,-108.09,-109.69,-107.49,-109.15,-112.32,-109.46,-112.92,-107.39,-111.55,-108.51,-108.96,-112.65,-111.84,-113.51,-112.19,-112.29,-108.66,-110.47,-113.67,-109.67,-111.6,-111.55,-107.73,-110.88,-107.2,-109.66,-107.81,-110.34,-113.78,-109.15,-107.35,-110.48,-111.37,-113.37,-111.76,-112.1,-112.87,-110.85,-108.83,-110.39,-110.76,-108.91,-110.94,-109.87,-109.93,-108.93,-108.63,-108.91,-107.25,-113.81,-111.28,-108.88,-109.47,-88.72,-107.62,-112.36,-113.54,-112.43,-107.91,-109.28,-113.06,-109.14,-107.91,-113.23,-110.8,-111.93,-108.38,-113.84,-110.51,-111.88,-107.23,-112.34,-109.71,-107.82,-107.3,-113.26,-108.57,-110.76,-112.53,-113.44,-107.75,-110.2,-113.68,-108.41,-109.98,-113.52,-112.96,-108.57,-112.1,-110.67,-111.63,-108.34,-109.23,-110.75,-109.79,-112.96,-111.32,-109.93,-111.88,-110.54,-109.67,-109.48,-110.16,-108.07,-112.33
2026-08-31T09:20:00.000Z,SYNTH_CELL_A,-111.5,-107.88,-107.72,-110.85,-107.59,-112.47,-107.84,-113.25,-110.94,-107.46,-112.17,-110.06,-107.53,-113.82,-108.73,-109.36,-109.01,-90.37,-89.96,-91.81,-111.24,-107.21,-112.27,-109.09,-111.74,-109.39,-112.19,-113.02,-108.35,-111.51,-108.47,-110.76,-113.6,-109.78,-110.65,-107.7,-107.47,-110.69,-111.82,-111.13,-110.16,-108.76,-109.47,-110.97,-108.9,-112.18,-113.32,-108.32,-111.88,-111.36,-112.36,-107.92,-112.52,-109.01,-113.4,-108.78,-111.46,-113.37,-111.71,-113.84,-112.83,-108.05,-113.12,-108.76,-109.51,-109.62,-110.51,-107.26,-107.07,-109.41,-113.48,-108.03,-110.28,-108.42,-113.01,-109.41,-108.19,-111.48,-108.09,-110.86,-107.66,-107.7,-111.4,-107.11,-111.31,-113.24,-113.86,-109.26,-111,-107.34,-107.19,-107.58,-111.57,-112.82,-109.12,-108.45,-108.91,-112.12,-108.41,-111.35,-113.94,-91.15,-90.1,-109.4,-111.39,-112.32,-113.81,-112.72,-107.69,-108.21,-109.45,-110.32,-107.61,-109.5,-111.75,-110.08,-110.7,-109.04,-107.72,-109.81,-113.79,-107.86,-113.07,-111.32,-112.33,-112.37,-113.53,-107.72,-107.48,-111.88,-109.57,-107.38,-111.53,-113.98,-110.32,-110.79,-109.03,-112.28,-110.87,-111.31,-113.15,-113.1,-108.38,-113.16,-113.35,-110.15,-107.21,-111.79,-109.63,-112.74,-111.95,-107.38,-113.32,-109.75,-107.82,-110.37,-113.58,-110.15,-110.95,-112.26,-113.49,-107.12,-113.07,-113.33,-108.84,-113.74,-108.2,-110.48,-113.7,-110.13,-109.82,-108.93,-112.82,-112.99,-108.34,-109.71,-108.1,-109.15,-108.39,-108.57,-111.52,-112.98,-112.18,-113.9,-111.75,-110.04,-111.44,-107.24,-112.37,-111.4,-108.61,-107.54,-108.03,-108.94,-111.12,-108.39,-110.73,-113.51,-112.65,-112.22,-107.18,-108.15,-110.54,-107.33,-108.31,-111.8,-110.67,-113.36,-109.61,-108.39,-113.16,-112.73,-109.4,-113.59,-107.56,-112.55,-109,-112.58,-113.15,-112.13,-109.43,-91.17,-111.16,-108.39,-112.4,-110.25,-107.85,-110.19,-112.65,-107.75,-112.3,-111.7,-110.49,-113.15,-107.01,-107.7,-110.64,-110.44,-110.14,-108.03,-108.18,-108.67,-113.44,-108.05,-111.68,-111.19,-113.86,-112.32,-113.4,-109.55,-113.47,-112.62,-112.3,-108.44,-109.69,-110.62,-113.5,-110.92,-111.3,-107.54,-112.02,-112.43,-110.82,-109.39,-109.92,-110.16,-111.61,-112.39,-111.35,-113.5,-111.9,-110.47,-109.6
2026-08-31T09:25:00.000Z,SYNTH_CELL_A,-108.68,-113.58,-112.08,-111.35,-108.42,-110.97,-109.49,-111.79,-112.04,-113.7,-112.8,-109.12,-109.43,-110.06,-108.48,-112.23,-112.19,-86.23,-90.28,-85.81,-111.72,-109.16,-111.31,-112.32,-110.29,-111.68,-113.76,-109.52,-112.14,-108.68,-109.42,-112.28,-109.37,-109.6,-108.7,-110.97,-111.03,-112.81,-112.85,-111.77,-110.35,-111.9,-113.15,-110.98,-108.97,-107.92,-112.17,-110.2,-107.26,-113.48,-111.26,-109.22,-110.04,-113.4,-113.58,-111.31,-113.12,-107.41,-108.26,-112.24,-113.09,-108.37,-113.1,-107.46,-113.23,-109.27,-108.76,-109.76,-112.2,-109.23,-110.17,-113.4,-111.29,-113.59,-110.02,-108.88,-113.5,-107.19,-112.44,-112.46,-107.97,-111.73,-110.61,-111.23,-111.12,-109.43,-107.55,-112.01,-111.24,-111.87,-110.87,-110.95,-113.61,-107.16,-109.33,-109.06,-111.83,-108.61,-109.23,-109.79,-112.35,-86.12,-90.2,-112.13,-107.62,-108.7,-111.93,-112.38,-110.67,-109.54,-110.52,-107.5,-111.2,-113.47,-112.56,-113.51,-107.69,-107.31,-111.19,-107.92,-110.45,-113.38,-108.13,-113.24,-108.59,-109.04,-111.53,-113.7,-112.62,-108.78,-111.26,-113.71,-111.36,-108,-108.25,-107.29,-110.56,-113.4,-113.25,-113.36,-112.6,-113.31,-107.27,-109.48,-113.44,-108.04,-109.89,-109.98,-109.12,-109.99,-109.55,-109.29,-110.61,-107.49,-113.9,-108.5,-110.31,-112.35,-109.14,-107.17,-111.13,-110.09,-109.5,-110.25,-112,-109.83,-113.76,-109.13,-112.24,-112.74,-108.01,-107.72,-112.55,-111.93,-113.85,-110.33,-112.1,-110.48,-113.14,-107.02,-107.91,-109.33,-107.83,-113.16,-110.01,-107.49,-111.41,-109.38,-108.94,-107.96,-113.44,-113.49,-107.49,-108.55,-108.28,-111.29,-111.26,-112.76,-110.75,-112.37,-113.46,-111.43,-109.95,-113.7,-108.95,-112.13,-108.65,-110.57,-109.92,-110.64,-108.46,-112.58,-107.86,-109.19,-111.65,-107.87,-108.28,-110.59,-112.06,-108.03,-113.07,-86.61,-111.08,-111.67,-107.36,-108.61,-110.59,-111.97,-107.68,-107.65,-111.66,-111.99,-111.53,-109.92,-113.16,-112.04,-110.23,-113.67,-111.15,-109.9,-110.09,-110.54,-107.02,-113.06,-113.81,-110.46,-111.39,-113.08,-111.99,-107.28,-109.45,-112.2,-113.58,-110.21,-107.63,-110.53,-110.84,-107.56,-108.09,-109.23,-112.58,-109.22,-109.71,-108.12,-112.91,-113.44,-107.73,-111.57,-107.86,-109.66,-113.38,-107.36,-111
2026-08-31T09:30:00.000Z,SYNTH_CELL_A,-111.39,-109.97,-108.59,-108.83,-109.21,-112.52,-112.15,-112.21,-108.46,-113.35,-110.38,-113.78,-110.28,-109.72,-109.55,-108.93,-112.47,-86.92,-90.94,-88.18,-109.24,-108.53,-111.6,-108.53,-107.78,-108.99,-112.51,-109.54,-111.89,-110.31,-112.62,-111.68,-107.27,-107.15,-109.3,-111.27,-111.11,-110.72,-111.92,-113.42,-110.63,-113.75,-112.48,-113.89,-107.76,-110.23,-113.28,-107.87,-108.9,-107.17,-113.85,-111.45,-109.09,-113.71,-113.5,-111.39,-113.04,-107.31,-108.91,-110.53,-109.52,-109.39,-108.57,-107.47,-111.91,-110.68,-108.57,-107.38,-111.56,-111.45,-107.81,-107.45,-112.99,-107.75,-107.37,-111.71,-111.72,-113.77,-109.12,-111.58,-113.86,-107.15,-107.41,-107.85,-107.27,-113.52,-110.03,-110.4,-111.37,-107.1,-112.15,-107.52,-110.57,-111.59,-108.33,-109.1,-109.97,-108.37,-108.19,-108.82,-111.3,-86.53,-85.74,-111.65,-107.67,-107.78,-107.67,-107.2,-111.54,-113.06,-109.18,-107.43,-111.55,-107.3,-108.74,-108.46,-112.13,-113.28,-112.67,-109.43,-109.18,-111.48,-108.83,-111.41,-113.6,-113.09,-113.94,-110.59,-110.43,-108.52,-107.5,-107.18,-107.29,-108.77,-110.51,-109.44,-110.4,-112.32,-107.69,-112.55,-111.67,-110.17,-113.21,-109.08,-113.92,-108.91,-113.24,-110.87,-109.56,-109.65,-108.41,-113.25,-109.56,-113.83,-108.18,-107.6,-109.96,-107.72,-111.17,-108.19,-113.78,-110.85,-112.44,-110.31,-109.47,-107.07,-108.81,-113.55,-109.85,-111.31,-108.3,-113.25,-110.85,-113.88,-107.89,-109.75,-109.08,-112.9,-108.84,-108.33,-107.78,-109.75,-113.01,-110.17,-110.38,-109.81,-113.65,-108.96,-108.5,-107.97,-108.5,-107.37,-112.98,-108.04,-113.79,-111.49,-108.96,-113.23,-109.33,-110.21,-110.03,-108.37,-110.87,-109.29,-108.74,-110.83,-110.81,-107.95,-112.8,-107.52,-112.02,-108.22,-113.55,-108.5,-108.16,-107.59,-113.37,-113.54,-109.32,-109.26,-107.71,-87.69,-108.71,-113.88,-113.76,-113.17,-110.46,-113.29,-113.47,-107.52,-107.28,-112.84,-108.16,-108.01,-107.03,-111.69,-110.41,-113.47,-111.35,-109.9,-109.46,-112.43,-109.97,-113.38,-108.83,-107.74,-112.9,-107.97,-111.21,-109.75,-109.23,-113.58,-107.31,-111.39,-107.17,-107.96,-111.4,-107.38,-109.18,-113.29,-110.98,-108.13,-113.41,-109.26,-113.14,-112.97,-113.95,-108.4,-112.82,-112.4,-107.12,-113.28,-108.96
2026-08-31T09:35:00.000Z,SYNTH_CELL_A,-111.35,-112.31,-109.99,-111.51,-108.74,-111.31,-107.64,-108.62,-113.1,-107.47,-110.89,-111.03,-109.11,-113.72,-111.06,-107.32,-109.06,-86.2,-91.24,-85.57,-110.19,-112.87,-112.62,-112.16,-110.81,-108.65,-108.14,-113.31,-107.39,-109.54,-111.02,-108.97,-107.35,-109.32,-112.61,-108.4,-107.97,-111.11,-109.39,-108.66,-111.45,-113.77,-108.02,-112.05,-112.92,-111.4,-110.41,-107.52,-110.65,-112.54,-107.08,-113.65,-110.69,-108.88,-107.22,-107.9,-112.37,-111.89,-107.84,-107.5,-110.38,-109.84,-107.79,-107.48,-113.84,-112.54,-111.25,-112.78,-113.49,-107.74,-107.75,-109.84,-109.68,-110.57,-113.38,-109.61,-111.14,-108.93,-113.39,-113.99,-112.55,-113.76,-109.96,-109.83,-107.86,-110.43,-108.32,-110.39,-112.35,-113.11,-111.94,-110.41,-110.25,-111.34,-113.84,-107.92,-110.93,-110.83,-112.8,-107.97,-111.24,-85,-91.05,-107.72,-111.73,-109.43,-108.13,-111.16,-110.29,-111.83,-112.32,-110.29,-108.43,-112.28,-113.96,-109.32,-109.59,-113.44,-111.63,-107.93,-109.34,-109.85,-107.42,-113.62,-112.51,-111.37,-112.85,-113.34,-113.91,-112.13,-111.23,-109.88,-112.18,-110.44,-108.93,-111.44,-107.32,-110.28,-113.93,-110.17,-109.06,-111.99,-110.88,-113.29,-113.45,-107.09,-108.91,-108.79,-109.6,-113.05,-107.2,-113.57,-108.88,-109.02,-110.4,-108.91,-111.28,-111.44,-108.86,-109.47,-113.34,-110.47,-113.82,-107.53,-107.27,-113.4,-113.44,-110.6,-112.73,-113.64,-109.94,-112.19,-107.07,-112.44,-110.91,-108.49,-112.6,-109.8,-109.17,-112.79,-110.88,-107.42,-113.58,-111.99,-112.87,-109.95,-111.28,-112.82,-111.25,-111.17,-108.12,-109.82,-110.92,-113.94,-107.16,-108.43,-111.45,-107.26,-109.13,-111.95,-111.68,-112.13,-107.19,-107.17,-108.65,-113.91,-111.2,-111.43,-112.33,-111.89,-111,-112.46,-113.67,-110.28,-112.35,-110.45,-111.56,-113.11,-113.25,-107.49,-108.69,-86.08,-112.39,-113.68,-111.92,-108.62,-108.8,-112.84,-110.31,-113.09,-107.42,-112.99,-108.61,-113.2,-110.82,-112.48,-112.34,-108.73,-111.83,-113.98,-107.31,-113.39,-109.23,-108.13,-111.59,-109.21,-112.16,-110.29,-111.71,-109.33,-113.35,-109.27,-107.97,-111.56,-108.68,-109.6,-108.45,-110.16,-107.73,-112.61,-107.24,-109.16,-107.84,-112.94,-110.43,-108.99,-109.01,-110.22,-111.83,-108.17,-113.62,-107.78,-109.87
2026-08-31T09:40:00.000Z,SYNTH_CELL_A,-107.27,-107.87,-108.05,-113.62,-112.83,-108.51,-108.84,-109.16,-110.89,-111.1,-113.32,-108.84,-112,-108.95,-112.16,-108.19,-108.21,-91.77,-90.51,-85.61,-107.01,-108.72,-113.89,-109.64,-112.01,-110.98,-107.39,-107.03,-112.5,-113.45,-111.56,-111.14,-109.65,-109.02,-111.78,-109.13,-108.89,-113.64,-112.65,-111.04,-113.31,-111.43,-107.38,-111.83,-111.16,-110.69,-111.34,-108.34,-113.39,-107.69,-112.89,-107.83,-108.84,-111.87,-109.84,-113.71,-112.26,-112.97,-113.27,-108.92,-109.9,-108.47,-112.04,-113.21,-113.34,-113.53,-111.13,-110.63,-112.34,-110.75,-111.32,-112.25,-109.72,-113.73,-108.35,-108.25,-113.04,-112.41,-112.5,-111.44,-112.23,-109.38,-112.44,-109.04,-107,-113.1,-110.48,-111.01,-108.14,-107.98,-111.1,-111.81,-113.46,-112.66,-112.57,-111.84,-108.33,-108.42,-109.58,-113.79,-112.54,-88.19,-85.41,-107.09,-112.99,-113.51,-113.38,-110.23,-113.87,-112.95,-112.8,-109.27,-108.59,-107.71,-113.86,-109.49,-113.6,-108.31,-107.5,-111.03,-110.26,-109.22,-110.16,-113.67,-111.5,-111.79,-107.33,-108.93,-108.07,-113.65,-107.38,-108.91,-110.92,-107.18,-109.31,-107.51,-107.09,-108.54,-109.67,-107.5,-110.48,-113.08,-112.95,-109.42,-110.68,-110.91,-109.57,-112.09,-107.92,-107.5,-111.63,-111.55,-107.27,-108.37,-112.29,-113.68,-113.08,-110.71,-108.04,-112.15,-108.68,-110.05,-112.6,-109.92,-111.42,-108.75,-112.77,-108.14,-113.04,-113.48,-112.22,-112.22,-107.6,-108.19,-108.37,-107,-108.23,-108.57,-113.79,-113.64,-110.01,-109.5,-109.45,-111.68,-110.48,-107.86,-111.39,-113.79,-110.42,-110.29,-112.62,-113.44,-108.75,-111.75,-109.94,-108.51,-112.38,-108.16,-110.86,-109.82,-112.24,-107.82,-113.82,-113.38,-109.67,-113.33,-110.87,-112.91,-109.66,-108.6,-113.57,-110.11,-109.45,-113.29,-111.48,-108.16,-111.15,-108,-111.17,-108.41,-110.34,-87.44,-109.46,-109.72,-110.2,-107.61,-113.91,-109.31,-113.51,-109.05,-113.36,-111.18,-107.12,-110.29,-111.69,-113.26,-110.13,-112.34,-113.65,-107.11,-111.63,-112.45,-112.71,-110.43,-108.93,-107.1,-109.91,-112.33,-107.15,-112.42,-108.39,-112.75,-109,-110.32,-112.5,-108.16,-109.21,-108.73,-110.85,-107.13,-108.4,-112.36,-113.93,-112.29,-111.57,-108.76,-113.58,-110.4,-111.49,-111.43,-111.37,-112.42,-113.13
2026-08-31T09:45:00.000Z,SYNTH_CELL_A,-111.9,-111.89,-108.53,-109.37,-113.28,-112.28,-107.61,-107.91,-107.75,-111.28,-109.66,-108.18,-111.02,-110.29,-112,-112.34,-109.15,-90.35,-88.08,-88.9,-113.14,-110.58,-107.97,-108.38,-111.04,-109.28,-110.01,-111.89,-113.08,-108.15,-107.21,-111.16,-107.27,-113.1,-107.03,-113.22,-107.17,-110.96,-108.1,-113.12,-109.73,-113.17,-111.14,-112.58,-110.17,-107.35,-109.87,-109.49,-110.98,-112.68,-111.23,-113.98,-111.59,-107.6,-108.47,-113.71,-113.86,-109.39,-112.39,-113.56,-109.35,-110.99,-108.63,-109.36,-111.71,-112.31,-109.55,-113.59,-109.43,-112.16,-112.86,-113.33,-107.41,-108.91,-107.6,-113.37,-111.7,-108.94,-107.69,-109.73,-107.1,-113.84,-108.96,-111.38,-112.77,-113.47,-110.5,-111.27,-113.68,-111.81,-110.49,-110.88,-113.95,-107.84,-112.19,-113.26,-109.75,-107.62,-113,-111.84,-108.6,-88.77,-90.11,-109.55,-111.61,-112.92,-109.49,-111.42,-108.24,-109.52,-110.44,-111.61,-111.75,-107.93,-108.06,-109.42,-109.68,-112.43,-113.68,-112.37,-111.26,-110.31,-109.26,-112.38,-109.7,-108.24,-110.43,-112.32,-112.89,-107.13,-108.86,-112.39,-109.34,-107.15,-110.46,-112.86,-108.45,-108.36,-107.66,-112.83,-107.61,-107.77,-111.1,-112.83,-111.3,-107.73,-113.88,-108.09,-110.19,-108.34,-113.36,-108.5,-110.46,-113.13,-112.61,-109.14,-107.13,-113.73,-107.55,-110.35,-112.71,-110.64,-107.73,-111.48,-113.97,-108.06,-112.91,-107.01,-110,-111.59,-107.43,-114,-111.81,-108.68,-113.78,-112.76,-109.57,-109.55,-108.42,-111.15,-111.98,-109.11,-107.54,-109.25,-110.24,-110.45,-107.15,-111.68,-113.25,-112.02,-108.37,-110.84,-113.92,-107.97,-108.69,-111.11,-112.4,-108.23,-108.29,-110.03,-112.55,-108.58,-110.68,-112.98,-112.8,-108.07,-110.89,-111.29,-112.91,-110.5,-113.92,-113.96,-109.12,-109.26,-113.82,-113.42,-113.45,-110.89,-111.4,-110.67,-113.99,-90.44,-108.26,-107.68,-109.92,-108.82,-113.12,-108.39,-110.36,-108.14,-112.35,-113.19,-111.9,-112.07,-110.83,-112.88,-111.9,-109.23,-110.85,-109.29,-109.39,-108.68,-107.32,-112.42,-108.65,-107.64,-113.87,-113.42,-112.17,-111.44,-108.87,-109.55,-110.82,-107.3,-111.96,-110.37,-113.9,-109.92,-111.65,-110.8,-107.44,-110.77,-110.54,-107.5,-109.34,-112.56,-113.33,-109.31,-111.35,-108.67,-113.82,-113.79,-111.09
2026-08-31T09:50:00.000Z,SYNTH_CELL_A,-109.95,-111.62,-110.2,-113.95,-108.92,-109.76,-109.83,-112.97,-109.63,-109.03,-112.94,-109.99,-112.26,-111.61,-109.77,-113.56,-111.16,-89.62,-90.33,-89.04,-107.02,-111.94,-108.41,-108.76,-107.55,-110.83,-108.78,-107.08,-109.01,-107.68,-111.98,-108.99,-107.3,-107.39,-112.55,-113.4,-110.13,-109.7,-110.17,-107.42,-108.23,-111.4,-112.96,-113.62,-110.67,-107.61,-113.81,-110.1,-111.34,-112.58,-110.09,-110.1,-112.98,-108.99,-111.21,-113.74,-111.35,-113.93,-113.44,-113.17,-109.97,-109.13,-112.83,-108.61,-110.29,-107.58,-107.84,-113.33,-113.11,-110.62,-113.71,-111.75,-111.09,-108.79,-112.42,-109.66,-108.4,-111.27,-107.21,-107.64,-112.37,-111.98,-107.68,-108.72,-112.24,-110.52,-109.4,-110.2,-108.9,-109.7,-110.96,-113.85,-112.49,-110.16,-113.37,-111.54,-108.75,-107.91,-109.52,-108.73,-113.76,-86.45,-91.38,-107.9,-107.74,-107.56,-110.48,-107.74,-107.32,-108.68,-112.06,-110.53,-110.62,-113.28,-110.15,-109.56,-111.31,-112.34,-108.58,-112.61,-111.64,-113.86,-110.94,-110.59,-113.22,-108.64,-107.2,-110.52,-113.33,-107.64,-107.58,-107.45,-113.3,-111.55,-111.17,-107.74,-110.16,-111.01,-113.59,-113.48,-113.14,-111.38,-111,-110.84,-113.95,-112.87,-113.51,-112.13,-108.08,-109.87,-111.1,-112.72,-110.15,-110.57,-110.11,-110.5,-113.24,-107.66,-113.24,-112.2,-110.34,-113.31,-112.21,-113.2,-113.96,-112.22,-112.99,-108.02,-109.83,-108.69,-108.89,-111.16,-112.13,-107.45,-112.65,-112.18,-109.24,-113.06,-113.78,-112.52,-109.61,-113.39,-107.78,-111.71,-112.2,-110.6,-112.69,-113.27,-113.03,-109.04,-109.74,-108.57,-112.93,-109.05,-111,-108.61,-112.2,-113.73,-109.19,-111.75,-113.47,-113.49,-112.71,-111.97,-112.06,-111.07,-112.35,-112.46,-109.23,-109.41,-113.25,-108.77,-113.92,-110.95,-113.66,-110.96,-112.75,-113.47,-108.28,-112.95,-113.98,-86.74,-110.13,-113.21,-112.41,-110.93,-107.73,-108.78,-109.15,-109.09,-112.66,-110.76,-110.17,-110.37,-109.39,-110.21,-111.75,-112.33,-111.47,-112.5,-108.56,-108.16,-107.93,-113.26,-111.56,-110.06,-110.74,-112.91,-113.37,-112.84,-108.3,-113.21,-113.86,-109.14,-107.35,-108.98,-108.71,-113.59,-110.22,-109.59,-111.33,-111.5,-111.56,-112.75,-110.5,-113.68,-107.92,-107.36,-110.97,-107.39,-113.43,-112.51,-110.09
2026-08-31T09:55:00.000Z,SYNTH_CELL_A,-107.17,-108.31,-111.85,-107.57,-112.59,-109.1,-107.4,-111.41,-108.49,-112.35,-108.19,-108.19,-107.84,-113.75,-111.66,-112.59,-113.52,-90.24,-89.63,-86.59,-109.16,-113.27,-107.81,-111.13,-108.24,-108.89,-110.49,-113.72,-107.21,-112.09,-111.88,-111.54,-109.89,-112.72,-107.58,-109.37,-111.12,-109.45,-112.31,-107.42,-109.36,-112.54,-113.47,-107.24,-113.42,-110.69,-109.99,-109.3,-108.37,-113.44,-110.45,-109.16,-107.08,-107.94,-112.18,-112.65,-112.9,-111.39,-110.64,-113.5,-113.04,-108.61,-111.95,-109.65,-110.38,-111.99,-107.33,-108.51,-110.71,-111.79,-108.2,-113.2,-108.08,-112.07,-110.11,-109.84,-111.4,-111.14,-112.27,-110.96,-108.19,-109.65,-109.71,-114,-113.46,-110.21,-108.15,-113.87,-108.7,-107.8,-113.32,-112.91,-109.81,-111.93,-109.74,-113.1,-112.87,-108.81,-113.58,-111.05,-107.37,-87.93,-89.45,-108.96,-108.49,-111.38,-109.35,-113.25,-111,-110.59,-110.45,-113.31,-111.87,-110.13,-112.71,-110.38,-110.98,-108.64,-112.56,-112.42,-110.68,-113.65,-107.38,-109.15,-107.17,-113.93,-110.66,-111.55,-108.36,-109.27,-109.42,-109.24,-107.62,-107.57,-110.21,-107.38,-110.96,-110.76,-112.17,-110.75,-111.75,-111.22,-111.31,-111.79,-110.29,-113.67,-107.11,-111.55,-107.26,-113.43,-110.54,-111.48,-112.08,-108.95,-110.55,-112,-109.21,-107.66,-109.99,-111.8,-107.5,-112.08,-111.03,-109.03,-110.47,-108.13,-112.17,-111.97,-111.78,-112.51,-108.94,-111.33,-107.99,-112.03,-111.51,-112.7,-113.87,-112.43,-108.61,-110.96,-109.77,-108.41,-110.15,-112.03,-109.43,-108.19,-107.22,-111.32,-110.03,-108.01,-110.12,-113.19,-113.27,-107.46,-110.46,-107.36,-112.47,-109.92,-107.35,-107.15,-108.87,-107.65,-113.87,-109.36,-108.47,-107.27,-109.34,-108.29,-113.77,-111.14,-112.77,-107.32,-111.11,-110.07,-112.27,-113.45,-110.38,-107.42,-110.12,-113.91,-111.65,-88.99,-109.4,-110.98,-112,-112.62,-113.07,-109.18,-111.15,-110.62,-108.53,-109.68,-110.14,-111,-108.52,-111.13,-110.77,-113.57,-109.53,-108.77,-110.08,-109.97,-108.41,-112.12,-111.43,-113.64,-108.23,-110.14,-111.33,-109.07,-107.16,-109.28,-111.48,-108.51,-112.96,-110.77,-107.82,-112.64,-113.63,-110.49,-113.04,-107.62,-109.81,-107.24,-107.78,-112.44,-110.97,-111.99,-109.86,-108.13,-109.6,-109.2,-109.47
2026-08-31T10:00:00.000Z,SYNTH_CELL_A,-109.32,-110.17,-112.29,-112.39,-109.12,-111.41,-113.22,-111.28,-110.31,-108.23,-108.45,-110.71,-110.88,-110.55,-109.89,-110.18,-108.54,-85.87,-85.38,-89.1,-112.04,-108.01,-112.75,-108.86,-112.83,-110.68,-107.98,-110.96,-107.6,-107.38,-113.94,-111.74,-108.17,-107.89,-113.39,-107.82,-110.49,-109.8,-107.99,-112.62,-113.69,-108.95,-113.35,-113.74,-112.17,-108.77,-113.26,-113.2,-110.01,-107.29,-113.33,-110.11,-108.96,-110.36,-112.54,-109.28,-112.72,-107.55,-112.23,-113.3,-112.83,-108.13,-107.3,-111.17,-113.32,-110.22,-109.35,-111.79,-110.57,-107.34,-111.66,-109.33,-113.69,-110.44,-108.97,-112.63,-107.96,-107.34,-110.09,-111.51,-109.74,-112.71,-109.16,-112.12,-110.48,-111.54,-107.74,-107.33,-113.97,-112.26,-111.4,-107.32,-113.62,-112.48,-108.92,-110.37,-108.64,-109.83,-111.61,-111.45,-110.73,-85.96,-91.54,-112.6,-113.96,-110.33,-113.11,-107.01,-112.16,-108.42,-112.37,-113.23,-108.17,-112.89,-108.3,-112.38,-108.13,-108.9,-110.99,-112.48,-107.63,-110.46,-111.75,-108.93,-111.64,-111.06,-112.83,-109.41,-110.9,-113.09,-113.27,-111.89,-112.13,-110.41,-113.37,-113.03,-109.58,-108.91,-109.11,-112.95,-109.12,-108.64,-110.7,-110.02,-113,-111.48,-107.35,-107.67,-113.42,-113.31,-110.37,-113.09,-107.97,-109.51,-112.7,-107.82,-107.87,-107.9,-110.65,-110.25,-110.12,-108,-110.2,-113.93,-109.59,-110.64,-109.63,-112.66,-108.1,-109.73,-113.93,-108.09,-112.83,-108.9,-109.92,-107.69,-109.13,-107.93,-113.68,-113.65,-112.33,-108.24,-107.64,-110.18,-109.04,-110.08,-111.94,-112.58,-111.58,-108.54,-109.94,-110.24,-108.46,-109.61,-107.7,-113.68,-113.92,-110.04,-110.57,-109.38,-113.66,-111.12,-108.13,-111.15,-110.08,-109.58,-109.97,-111.64,-113.69,-107.51,-113.69,-108.37,-108.95,-112.36,-110.96,-112.61,-107.64,-112.4,-111.27,-112.21,-108.34,-88.86,-107.41,-113.67,-110.01,-112.57,-109.44,-108.3,-110.66,-111.48,-108.19,-108.74,-112.98,-112.8,-109.37,-107.53,-110.04,-111.93,-113.04,-111.13,-107.88,-113.23,-109.61,-108.21,-109.03,-110.66,-113.99,-111.5,-113.65,-113.6,-112.94,-111.35,-111.06,-112.1,-108.04,-108.52,-111.38,-113.95,-107.9,-113.52,-112.49,-113.28,-112.12,-112.22,-107.89,-109.18,-108.09,-109.62,-107.52,-111.43,-108.75,-111.5,-108.52
2026-08-31T10:05:00.000Z,SYNTH_CELL_A,-108.16,-111.43,-110.3,-108.6,-111.39,-110.81,-112.21,-113.65,-107.07,-111.65,-112.78,-111.44,-113.53,-109.82,-110.69,-107.06,-109.55,-91.13,-91.02,-90.11,-108.19,-110.59,-108.88,-109.25,-107.03,-109.43,-108.07,-112.89,-110.13,-107.55,-111.23,-109.45,-109.32,-113.66,-109.25,-108.43,-108.65,-110.32,-111.7,-108.47,-107.82,-114,-113.28,-111.38,-107.7,-108.04,-110.5,-113.9,-110.2,-107.14,-112.75,-111.89,-112.72,-108.11,-113.42,-109.44,-111.99,-108.19,-112.45,-111.3,-110.63,-113.4,-107.18,-111.86,-113.42,-107.92,-108.26,-107.83,-107.04,-109.93,-111.42,-112.84,-108.23,-109.59,-110.28,-109.77,-113.33,-112.61,-108.88,-108.09,-111.18,-113.02,-107.13,-109.02,-111.34,-113.52,-109.11,-110.68,-111.6,-108.23,-112.97,-110.32,-110.63,-111.17,-111.53,-109.8,-110.55,-110.54,-111.01,-109.57,-110.14,-87.3,-90.82,-111.67,-110.23,-111.4,-107.7,-110.11,-110.65,-109.37,-110.58,-110.59,-113.16,-107.95,-110.46,-109.07,-109.21,-113.76,-110.2,-113.52,-108.74,-112.09,-109.21,-110.82,-111.7,-108,-112.7,-112.17,-112.88,-113.22,-110.97,-109.59,-111.62,-107.29,-112.39,-111.95,-111.75,-113.75,-110.1,-107.38,-110.93,-111.96,-107.84,-113.86,-113.73,-107.63,-112.9,-108.81,-111.23,-110.83,-109.32,-111.8,-110.57,-113.5,-108.35,-113.16,-108.05,-109.5,-107.14,-108.62,-110.16,-109.06,-108.74,-107.84,-110.42,-113.63,-111.55,-110.85,-112.08,-108.02,-109.23,-109.02,-112.15,-112.54,-107.45,-111.53,-108.7,-113.82,-107.78,-113.75,-110.19,-112.93,-107.24,-113.1,-111.14,-109.08,-113.06,-109.76,-111,-110.27,-109.64,-113.21,-113.05,-107.91,-110.37,-112.89,-110.31,-113.32,-112.68,-110.58,-107.72,-108.95,-110.47,-109.31,-110.95,-109.93,-108.36,-107.36,-110.18,-111.32,-110.24,-110.68,-108.7,-109.52,-111.01,-107.12,-112.86,-113.1,-113.05,-113.52,-112.38,-85.01,-112.5,-112.93,-107.77,-109.47,-112.12,-111.86,-108.93,-110.42,-112.88,-113.72,-112.89,-107.61,-113.05,-112.31,-110.62,-113.37,-109,-111.61,-109.89,-110.06,-112.36,-107.73,-112.1,-107.42,-107.67,-109.39,-113.85,-111.94,-112.08,-112.03,-112.95,-112.61,-113.83,-109.07,-112.52,-110.47,-107.06,-111.7,-109.58,-107.61,-111.3,-113.95,-110.53,-111.26,-112.87,-107.74,-110.45,-110.87,-110.25,-113.08,-113.53
2026-08-31T10:10:00.000Z,SYNTH_CELL_A,-109.44,-113.29,-111.7,-111.34,-111.26,-108.4,-110.3,-112.53,-111.76,-109.58,-113.27,-111.26,-107.95,-112.35,-113.3,-110.92,-108.88,-85.64,-91.96,-90.11,-111.15,-107.42,-109.84,-112.6,-111.62,-112.32,-110.64,-112.59,-107.78,-112.59,-110.84,-111.55,-113.53,-108.8,-109.47,-110.84,-112.99,-110.53,-109.94,-108.41,-113.35,-113.03,-113.97,-113.41,-107.81,-107.65,-109.57,-110.48,-109.9,-111.99,-109.74,-113.45,-112.45,-107.07,-108.99,-111.96,-111.94,-112.08,-112.56,-113.23,-107.73,-109.11,-112.91,-110.37,-112.03,-110.78,-112.37,-109.29,-108.44,-111.23,-108.82,-108.4,-107.01,-108.25,-108.33,-114,-107.75,-111.75,-109.84,-113.55,-113.64,-109.48,-111.7,-110.66,-110.04,-108.16,-113.21,-109,-109.44,-108.91,-111.82,-107.19,-108.52,-107.36,-111.14,-110.84,-112.1,-110.49,-112.14,-112.1,-112.88,-91.73,-87.46,-113.06,-111.34,-107.58,-107.08,-108.67,-113.32,-113.66,-111.8,-112.73,-112.46,-109.75,-111.69,-108,-113.61,-109.84,-109.5,-109.26,-113.24,-112.36,-112.9,-108.71,-113.41,-112.73,-109.25,-113.86,-113.23,-110.77,-108.4,-110.49,-111.92,-113.43,-113.05,-112.39,-109.18,-112.56,-113.84,-109.38,-108.85,-108.51,-108.39,-110.66,-111.13,-110.45,-108.43,-109.31,-113.39,-107.28,-113.09,-108.91,-111.62,-108.14,-110.29,-108.22,-108.59,-113.61,-112.33,-107.98,-113.59,-109.26,-112.7,-112.68,-112.08,-110.92,-110.14,-107.29,-109.01,-108.05,-108.24,-107.69,-112.41,-109.41,-110.7,-110.58,-112.28,-109.36,-111.73,-111.38,-110.27,-108.5,-108.99,-113.7,-108.87,-112,-110.85,-109.55,-108.66,-112.78,-109.68,-107.59,-113.6,-108.76,-112.11,-111.28,-109.37,-111.94,-107.52,-109.86,-113,-107.18,-107.91,-109.81,-112.14,-107.21,-112.64,-108.29,-111.43,-107.34,-110.66,-112.99,-111.63,-107.28,-113.74,-109.67,-113.37,-108.18,-109.81,-109.5,-111.12,-90.11,-112,-107.44,-113.59,-109.02,-108.43,-111.57,-107.23,-113.2,-109.81,-109.42,-111.03,-108.29,-113.69,-110.4,-113.55,-109.87,-112.37,-109.29,-109.99,-113.6,-110.48,-109.91,-107.37,-110.25,-110.91,-110.22,-112.49,-110.62,-112.01,-110.93,-110.46,-109.78,-109.54,-112.24,-111.33,-109.13,-111.1,-112.11,-111.22,-111.79,-107.11,-112.69,-108.36,-112.08,-110.86,-113.82,-111.09,-107.02,-113.47,-107.63,-109.78
2026-08-31T10:15:00.000Z,SYNTH_CELL_A,-111.95,-109.97,-108.33,-107.77,-107.6,-112.27,-113.43,-108.96,-109.42,-109.95,-109,-111.03,-107.31,-111.92,-110,-108.46,-112.89,-90.97,-87.69,-89.6,-113.49,-112.87,-108.29,-112.19,-112.36,-112.52,-108.56,-110.13,-107.54,-108.42,-112.86,-110.87,-107.01,-107.02,-107.36,-107.67,-109.94,-109.98,-110.26,-111.87,-109.91,-112.36,-109.13,-112.07,-113.32,-113.75,-111.38,-108.98,-110.1,-113.83,-112.34,-113.69,-109.27,-113.09,-107.41,-108.63,-113.78,-110.98,-113.82,-110.82,-112.42,-107.96,-111.81,-112.4,-110.48,-110.44,-109.05,-107.84,-109.12,-109.9,-112.17,-108.69,-111.34,-112.11,-111.38,-110.05,-113.47,-110.53,-107.15,-112.71,-111.27,-107.99,-109.95,-108.99,-107.59,-108.51,-113.96,-108.41,-108.34,-113.49,-108.69,-111.21,-107.94,-107.43,-108.31,-112.99,-113.74,-109.28,-108.37,-111.72,-112.18,-85.05,-88.6,-109.7,-110.33,-112.89,-111.17,-109.81,-112.97,-107.54,-108.73,-113,-112.66,-111.75,-111.49,-109.72,-113.75,-111.8,-108.2,-107.45,-113.32,-112.1,-107.94,-110.54,-108.82,-112.24,-108.44,-108.55,-110.83,-113.88,-111.38,-108.79,-111.79,-109.06,-107.09,-108.64,-107.59,-113.65,-112.01,-113.26,-108.55,-113.63,-111,-108.75,-110.89,-107.28,-113.61,-110.47,-111.58,-110.96,-113.39,-112.66,-109.89,-108.67,-110.31,-108.16,-108.34,-107.33,-111.15,-109.39,-112.39,-109.6,-107.12,-108.35,-113.7,-110.33,-111.61,-109.71,-112.2,-110.44,-110.36,-111.63,-113.15,-113.94,-112.29,-112.15,-112.59,-108.76,-111.34,-113.66,-112.51,-108.97,-112.94,-111.87,-109.4,-111.63,-112.57,-111.65,-111.93,-108.63,-110.53,-113.86,-110.69,-111.51,-113.6,-108.12,-111.88,-112.1,-109.94,-113.32,-109.43,-111.84,-108.44,-111.6,-107.75,-107.3,-109.97,-113.26,-111.62,-108.36,-109.17,-107.04,-112.02,-111.33,-113.44,-111.93,-110.48,-110.3,-109.87,-112.8,-112.9,-88.81,-107.23,-109.89,-107.8,-109.9,-113.64,-113.17,-113.81,-111.58,-107.21,-108.67,-108.57,-113.71,-112.38,-107.72,-112.88,-107.43,-110.13,-110.23,-109.08,-109.01,-111.77,-107,-109.53,-111.48,-110.32,-113.44,-110.06,-109.15,-113.13,-107.7,-110.91,-110.35,-109.38,-110.9,-107.91,-109.91,-113,-107.82,-110.25,-112.01,-113.31,-108.74,-108.03,-112.02,-108.61,-107.38,-108.89,-107.5,-110.75,-109.84,-110.52
2026-08-31T10:20:00.000Z,SYNTH_CELL_A,-107.48,-109.64,-113,-113.02,-113.32,-109.49,-113.58,-110.94,-113.07,-113.7,-113.09,-111.61,-110.82,-109.29,-107.07,-107.34,-113.98,-86.7,-91.67,-89.05,-107.79,-113.33,-110.93,-108.28,-109.05,-110.18,-108.75,-112.54,-109.43,-108.99,-110.43,-107.23,-111.01,-108.06,-110.26,-112.52,-113.95,-108.15,-113.19,-111.23,-112.15,-111.3,-113.52,-113.55,-111.04,-111.47,-109.85,-108.47,-111.78,-111.64,-107.63,-111.52,-111.3,-111.02,-109.88,-112.26,-111.74,-110.63,-110.5,-109.76,-111.99,-108.63,-112.19,-109.6,-110.09,-112.58,-113.61,-109.13,-110.41,-111.63,-108.79,-112.41,-108.51,-112.89,-113.7,-110.69,-110.69,-107.76,-109,-111.42,-112.19,-107.44,-109.92,-109.99,-111.97,-113.6,-112.27,-108.05,-109.12,-107.2,-111.33,-107.71,-109.55,-110.79,-110.6,-108.75,-108.91,-113.52,-107.04,-108.15,-108.29,-88.1,-87.37,-108.51,-107.21,-113.39,-112.86,-113.7,-109.4,-112.27,-108.05,-111.76,-113.34,-107.43,-109.33,-107.79,-108.98,-113.32,-112.57,-108.86,-108.2,-112.18,-107.43,-110.24,-110.93,-107.55,-109.25,-111.32,-111.59,-109.68,-111.75,-112.68,-110.04,-109.42,-107.24,-108.96,-112.69,-111.32,-110.3,-113.35,-108.7,-107.67,-107.35,-109.47,-111.65,-113.45,-113.12,-113.62,-111.51,-109.16,-108.96,-110.32,-111.12,-109.29,-107.22,-107.15,-113.16,-112.78,-109.52,-113.89,-112.55,-111.03,-112.09,-109.74,-107.45,-112.67,-108.22,-111.82,-113.99,-108.82,-108.04,-107.35,-113.89,-112.55,-111.85,-109.57,-109.39,-112.23,-113.49,-113.69,-109.88,-107.3,-112.16,-107.48,-112.89,-107.72,-111.51,-108.69,-107.21,-111.39,-112.71,-110.46,-111.92,-108.53,-108.56,-109.68,-111.62,-112.96,-113.84,-113.05,-111.96,-107.92,-113.1,-113.61,-112.85,-109.08,-108.48,-107.09,-111.97,-113.16,-107.05,-112.56,-111.16,-113.38,-111.43,-112.59,-112.53,-111.14,-107.59,-108.09,-112.05,-86.79,-113.53,-111.94,-112.69,-110.83,-108.05,-108.38,-108.91,-111.33,-113.26,-110.28,-113.66,-108.75,-110.22,-110.22,-109.63,-112.08,-110.22,-113.53,-108.02,-109.47,-110,-112.27,-112.29,-110.48,-113.49,-111.5,-107.06,-107.12,-108.84,-109.01,-107.56,-107.11,-113.51,-111.94,-109.32,-112.81,-112.72,-112.93,-113.53,-108.47,-108.64,-109.43,-109.18,-111.53,-112.65,-109.94,-110.28,-112.93,-108.42,-113.45,-107.96
2026-08-31T10:25:00.000Z,SYNTH_CELL_A,-108.8,-113.49,-110.58,-107.22,-113.31,-108.12,-109.7,-112.46,-107.75,-107.73,-110.67,-113.83,-110.68,-112.21,-110.81,-108.21,-111.53,-87.38,-89.42,-88.9,-107.65,-109.11,-110.47,-108.11,-108.52,-112.43,-111.13,-112.84,-113.49,-107.2,-110.69,-107.42,-111.77,-111.58,-111.55,-110.99,-111.48,-111.52,-112.32,-112.89,-113.74,-109.13,-113.89,-110.06,-108.84,-113.9,-112.89,-107.96,-108.95,-111.36,-110.68,-112.84,-112.68,-113.69,-110.57,-107.61,-107.05,-109.77,-110.87,-108.79,-107.75,-109.82,-108.38,-107.65,-112.21,-108.84,-113.4,-111.83,-113.64,-108.08,-107,-111.26,-113.82,-109.32,-109.55,-107.67,-107.65,-109.24,-109.54,-108.55,-110.49,-113.77,-112.67,-112.66,-110.16,-108.52,-109.04,-107.07,-112.59,-110.26,-113.44,-110.01,-113.95,-109.88,-111.52,-111.65,-112.03,-108.85,-108.46,-108.15,-108.4,-86.72,-90.84,-109.46,-108.97,-109.14,-112.04,-113.5,-109.36,-107.13,-109.43,-109.41,-107.06,-111.27,-111.68,-109.83,-112.68,-108.07,-107.87,-107.27,-111.02,-113.45,-110.46,-108.75,-111.78,-113.67,-110.59,-109.27,-107.37,-113.32,-108.34,-109.37,-112.43,-108.76,-112.25,-107.65,-109.17,-113.89,-107.37,-110.98,-107.96,-112.94,-110.09,-107.17,-112.09,-109.3,-112.63,-113.06,-111.86,-110.17,-112.53,-110.13,-107.1,-111.22,-113.85,-113.35,-107.94,-110.05,-113.39,-108.49,-113.09,-107.51,-112.69,-110.72,-113.5,-111.73,-113.22,-107.31,-113.74,-110.78,-107.72,-109.36,-107.19,-112.62,-109.05,-110.11,-109.43,-112.94,-111.04,-111.53,-109.35,-110.46,-113.76,-107.39,-112.57,-107.03,-107.99,-107.32,-108.92,-113.58,-109.72,-110.82,-110.91,-113.14,-111.68,-108.18,-109.42,-113.67,-113.08,-108.11,-107.57,-108.42,-108.94,-107.77,-107.58,-111.41,-109.36,-109.58,-113.7,-113.48,-112.54,-107.27,-110.34,-112.13,-109.03,-110.32,-113.85,-109.35,-111.28,-108.04,-109.91,-89.71,-111.23,-112.29,-108.57,-110.51,-113.92,-109.96,-107.79,-111.25,-108.17,-113.09,-113.42,-113.3,-108.27,-109.85,-111.81,-108.83,-113.57,-111.29,-107.66,-107.17,-112.94,-110.99,-109.31,-113.62,-113.98,-110.89,-110.96,-111.1,-113.49,-107.54,-107.67,-113.84,-108.09,-108.24,-108.6,-110.83,-110.18,-113.57,-113.87,-108.41,-113.82,-108.09,-111.4,-111.03,-108.47,-108.04,-107.66,-109.96,-112.78,-112.18,-108.34
2026-08-31T10:30:00.000Z,SYNTH_CELL_A,-107.74,-108.7,-113.91,-112.49,-113.5,-109.22,-107.78,-107.5,-113.53,-113.96,-107.87,-111.49,-113.13,-107.39,-113.55,-111.7,-111.97,-86.54,-87.44,-89.58,-112.7,-107.56,-113.63,-111.88,-110.6,-112.37,-108.66,-111.02,-112.77,-109.93,-113.81,-111.24,-109.57,-110.26,-111.61,-109.63,-110.04,-112.56,-108.22,-109.21,-108.36,-112.12,-111.03,-107.77,-107.57,-113.16,-107.47,-113.48,-109.63,-111.94,-108.57,-109.53,-107.55,-112.93,-110.7,-107.48,-107.98,-107.15,-109.21,-113.59,-108.02,-110.19,-108.71,-112.22,-111.17,-111.91,-109.77,-107.61,-113.14,-111.94,-108.12,-110.92,-107.54,-107.12,-107.18,-113.76,-112.55,-113.78,-109.94,-109.97,-107.29,-111.91,-112.23,-109,-110.11,-113.33,-112.14,-111.62,-112.53,-107.93,-108.74,-110.45,-107.76,-111.13,-111.57,-107.24,-109.51,-108.9,-112.92,-111.45,-112.7,-87.77,-85.12,-112.52,-108.58,-107.23,-108.56,-109.42,-112.62,-113.43,-112.51,-113.36,-107.36,-109.79,-110.96,-109.45,-110.17,-110.78,-107.36,-110.47,-113.96,-109.81,-109.11,-107.05,-110.35,-110.66,-111.41,-110.5,-111.05,-111.97,-113.95,-107.06,-110.72,-108.34,-113.83,-112.99,-109.74,-108.67,-108.92,-107.48,-112,-109.8,-110.88,-110.17,-110.86,-110.13,-110.83,-110.11,-111.35,-108.26,-108.83,-113.34,-110.6,-108.64,-108.03,-113.88,-112.56,-107.22,-107.7,-108.22,-113.02,-113.97,-108.02,-112.15,-110.02,-108.26,-111.9,-110.87,-110.82,-109.91,-108.87,-111.12,-113.62,-107.54,-110.56,-107.05,-112.5,-111.05,-110.89,-107.23,-110.95,-111.39,-110.84,-111.41,-108.66,-109.27,-109.34,-107.15,-110.49,-107.71,-109.12,-107.35,-108.31,-110.66,-109.71,-109.85,-113.08,-113.37,-108.6,-111.56,-111.25,-112.32,-111,-113.99,-107.03,-113.14,-113.77,-112.54,-111.02,-108.1,-112.9,-110.9,-110.86,-113.25,-107.55,-110.8,-108.77,-110.6,-108.3,-111.3,-107.8,-89.24,-108.64,-109.62,-110.75,-107.65,-111.52,-109.64,-111.66,-110.12,-107.11,-108.94,-109,-112.26,-107.61,-112.59,-113.4,-110.73,-107.1,-109.65,-108.83,-108.32,-107.34,-109.47,-108.23,-113.31,-112.36,-111.09,-108.21,-113.69,-113.45,-110.01,-111.5,-109.36,-107.23,-113.75,-112.76,-111,-112.29,-109.89,-111.08,-112.08,-107.52,-112.08,-107.29,-111,-109.57,-109.27,-107.41,-113.26,-109.13,-113.81,-110.85
2026-08-31T10:35:00.000Z,SYNTH_CELL_A,-110.1,-110.42,-107.87,-108.91,-112.82,-113.82,-113.83,-111.01,-108.48,-112.26,-110.86,-112.4,-110.41,-109.55,-107.63,-111.41,-107.75,-91.69,-85.29,-91.5,-108.59,-108.96,-113.19,-112.79,-108.15,-110.08,-108.3,-107.06,-107.36,-110.04,-112.99,-111.42,-111.72,-110.76,-110.83,-107.99,-110.11,-110.7,-108.51,-113.51,-110.73,-112.52,-112.72,-112.85,-108.12,-108.31,-108.54,-110.03,-107.86,-112.32,-109.41,-107.45,-111.09,-107.55,-111.47,-110.63,-108.76,-108.49,-113.82,-108.87,-107.1,-108.44,-107.51,-107.96,-108.32,-113.42,-111.03,-109.12,-110.23,-107.87,-113.44,-110.11,-111.97,-112.04,-107.83,-113.74,-112.59,-113.23,-111.35,-107.56,-110.67,-107.81,-109.61,-112.02,-112.77,-113.15,-108.44,-113.9,-109.73,-113.49,-111.89,-108.41,-112.56,-107.01,-111.24,-109.09,-108.73,-113.37,-113.69,-110.86,-107.36,-91.16,-91.24,-110.69,-112.97,-107.77,-109.25,-108.67,-111.89,-110.49,-109.9,-110.04,-113.74,-110.53,-113.59,-107.27,-107.77,-108.18,-110.25,-112.3,-109.14,-109.16,-109.43,-113.11,-112.63,-113.55,-110.62,-109.13,-107.47,-113.81,-113.39,-113.98,-110.67,-109.42,-110.71,-112.27,-113.09,-110.98,-113.61,-111.19,-112.48,-113.59,-108.38,-112.82,-113.65,-110.29,-113.41,-113.06,-108.7,-111.7,-110.62,-107.17,-113.42,-109.74,-109.6,-109.89,-111.92,-112.35,-112.42,-107.08,-111.39,-110.34,-111.21,-107.86,-110.23,-110.03,-110.54,-109.14,-111.62,-113.75,-111,-113.11,-111.78,-111.66,-109.09,-107.62,-111.43,-113.7,-112.96,-107.81,-107.69,-110,-110.55,-112.37,-108.4,-107.13,-108.91,-107.77,-112.39,-107.26,-111.47,-113.44,-111.77,-107.37,-110.41,-113.89,-109.45,-111.18,-108.3,-108.43,-109.98,-111.58,-113.37,-110.16,-112.35,-113.11,-108.91,-107.74,-112.18,-109.74,-109.42,-108.14,-107.01,-108.45,-108.32,-112.68,-112.63,-113.55,-113.99,-109.53,-107.08,-91.06,-107.08,-109.63,-113.51,-107.99,-109.12,-113.19,-107.75,-113.75,-111.26,-110.68,-108.51,-111.54,-109.29,-110.42,-108.39,-109.85,-112.7,-107.74,-112.35,-112.15,-107.91,-107.04,-109.7,-108.95,-109.15,-111.63,-113.24,-107.51,-109.02,-109.13,-112.24,-107.52,-111.06,-107.41,-107.81,-113.4,-111.94,-109.04,-111.93,-112.76,-110.43,-107.8,-110.41,-111.93,-108.4,-107.2,-108.89,-109.5,-110.72,-112.1,-107.67
2026-08-31T10:40:00.000Z,SYNTH_CELL_A,-107.71,-112.79,-112.34,-111.59,-110.21,-108.93,-112.86,-109.95,-112.7,-110.49,-111.82,-110.33,-108.8,-112.36,-113.41,-107.94,-112.31,-89.31,-89.52,-88.04,-108.98,-113.6,-108.9,-111.01,-108.06,-112.63,-110.05,-107.9,-111.37,-107.39,-108.43,-107.7,-111.54,-112.68,-109.66,-112.58,-112.25,-112.38,-113.81,-111.14,-107.55,-109.56,-112.79,-110.44,-111.39,-112.41,-110.08,-110.6,-111.68,-111.42,-107.3,-112.46,-110.45,-110.36,-107.1,-108.8,-110.65,-112.51,-111.99,-107.31,-113.32,-110.22,-113.11,-107.55,-111.99,-112.05,-111.54,-108.05,-113.25,-108.58,-110.28,-107.54,-107.37,-108.82,-112.74,-113.4,-108.96,-113.41,-107.89,-107.23,-107.69,-107.43,-112.81,-113.77,-112.06,-107.08,-112.76,-113.1,-111.94,-112.23,-109.56,-110.27,-107.92,-111.01,-111,-109.79,-110.03,-107.94,-111.03,-113.16,-113.51,-89.79,-88.24,-111,-108.06,-110.9,-113.93,-111.5,-113.88,-112.68,-108.21,-113.9,-111.71,-107.05,-111.96,-110.95,-111.79,-108,-108.75,-113.58,-109.7,-112.41,-110.46,-113.92,-110.58,-109.42,-107.11,-113.28,-109.48,-113.01,-112.44,-110.36,-111.03,-113.26,-108.6,-113.8,-110.89,-108.14,-113.11,-109.43,-108.06,-111.63,-108.27,-109.44,-112.13,-111.08,-112.05,-109.21,-109.61,-107.76,-109.64,-113.86,-107.35,-108.7,-110.4,-109.49,-111.93,-112.51,-112.54,-113.03,-107.25,-111.52,-107.38,-112.68,-113.35,-110.76,-108.46,-109.76,-108.55,-108.85,-113.61,-108.74,-108.29,-111.29,-111.36,-112.05,-113.02,-113.99,-110.19,-113.28,-113.63,-113.18,-113.05,-110.03,-112.07,-107.3,-107.09,-108.74,-108.09,-111.71,-110.34,-107.45,-107.97,-109.56,-107.53,-112.49,-113.38,-113.19,-113.12,-111.74,-111.79,-112.16,-110.12,-109.17,-110.68,-110.14,-109.97,-107.98,-111.41,-110.15,-110.37,-111.72,-107.11,-110.39,-112.67,-107.65,-112.77,-109.86,-108.67,-108.41,-109.06,-86.83,-107.87,-111.01,-111.15,-110.23,-107.97,-112.37,-111.26,-113.95,-107.78,-110.19,-113.04,-110.09,-107.33,-109.33,-111.74,-112.26,-110.27,-111.73,-112.02,-110.91,-108.37,-110.02,-107.32,-114,-111.87,-112.06,-112.45,-113.21,-107.51,-111.67,-110.1,-108.17,-112.65,-110.19,-107.73,-111.1,-108.99,-111.22,-109.18,-110.75,-108.19,-109.64,-113.29,-107.32,-111.4,-109.44,-111.45,-113.39,-109.82,-107.84,-111.95
2026-08-31T10:45:00.000Z,SYNTH_CELL_A,-113.39,-109.97,-112.2,-107.6,-111.63,-109.57,-110.91,-112.24,-111.31,-109.51,-109.94,-113.04,-107.57,-109.49,-109.28,-108.86,-111.14,-86.88,-85.72,-86.56,-113.57,-107.73,-107.57,-113.69,-110.24,-113.04,-113.94,-113.48,-110.92,-108.78,-107.38,-113.79,-109.36,-108.64,-108.54,-108.91,-109.99,-109.97,-110.78,-108.4,-113.58,-109.45,-112.06,-113.67,-111.29,-110.52,-113.07,-107.15,-108.16,-108.13,-110.39,-109.41,-113.83,-113.15,-112.82,-107.77,-107.94,-110.93,-112.01,-107.62,-113.99,-107.22,-112.85,-109.64,-109.51,-113.46,-112.63,-110.06,-109.51,-112.75,-113.93,-108.93,-109.01,-110.21,-109.14,-111.53,-109.83,-113.17,-107.69,-107.86,-113.42,-109.74,-108.82,-113.3,-108.89,-108.26,-111.95,-108.44,-112.89,-110.45,-109.4,-108.44,-108.37,-108.64,-111.28,-108.95,-113.76,-113.33,-112.17,-111.19,-110.29,-90.59,-90.12,-113.49,-107.77,-109.76,-108.39,-111.18,-111.28,-113.34,-107.01,-111.43,-107.73,-113.91,-112.45,-107.17,-107.5,-111.03,-109.05,-108.17,-107.73,-113.51,-111.24,-110.51,-110.17,-113.35,-113.78,-110.09,-108.91,-110.77,-109.89,-111.45,-110.54,-107.15,-113.21,-111.88,-108.85,-108.48,-113.1,-110.54,-111.41,-112.28,-109.19,-108.37,-111.96,-113.82,-112.46,-113.85,-112.83,-111.7,-111.67,-113.62,-112.21,-113.67,-109.31,-113.79,-111.52,-108.72,-107.04,-113.06,-113.68,-111.39,-109.7,-113.41,-111.62,-111.16,-112,-113.36,-108.04,-109.72,-109.23,-112.44,-109.78,-113.76,-110.12,-113.54,-110.16,-112.03,-109.55,-109.62,-107.84,-113.82,-111.52,-111.17,-112.95,-109.42,-111.26,-109.63,-112.1,-113.51,-113.34,-109.75,-111.61,-109.47,-108.86,-111.81,-111.77,-111.48,-110.03,-113.51,-110.7,-112.98,-109.34,-109.9,-110.18,-110.06,-111.15,-112.01,-109.96,-108.06,-110.04,-113.32,-112.47,-110.77,-107.93,-108.37,-110.52,-112.2,-107.7,-113.59,-108.08,-89.26,-112.31,-112.46,-111.95,-113.13,-109.32,-112.96,-109.41,-109.54,-111.81,-113.35,-109.69,-113.84,-109.77,-108.35,-110.39,-110.05,-107.67,-113.78,-108.61,-110.86,-109.4,-110.78,-108.68,-113.89,-107,-111.92,-113.24,-109.46,-109.2,-110.4,-112.25,-111.19,-112.06,-108.07,-112.45,-111.2,-110.29,-109.65,-109.56,-113.37,-107.43,-111.02,-108.48,-111.7,-111.01,-109.62,-107.41,-111.66,-112.66,-108.86,-108.85
2026-08-31T10:50:00.000Z,SYNTH_CELL_A,-112.01,-110.06,-113.37,-112,-109.05,-109.73,-107.01,-111.8,-110.41,-110.14,-111.43,-107.28,-113.03,-108.6,-108.63,-107.71,-110.75,-91.84,-87.5,-87.42,-108.06,-112.58,-109.01,-113.95,-107.61,-111.35,-112.98,-109.7,-113.16,-107.01,-110.09,-108.38,-112.56,-112.23,-107.93,-110.46,-110.9,-109.88,-107.09,-111.56,-108.58,-111.38,-111.37,-107.64,-108.75,-108.67,-111.54,-112.64,-112.36,-108.36,-112.79,-111.13,-108.4,-107.7,-108.86,-113.26,-108.89,-109.46,-108.19,-108.47,-110.43,-112.09,-108.07,-112.9,-109.23,-109.32,-108.63,-113.83,-107.33,-112.06,-111.68,-112.99,-111.15,-107.98,-112.24,-113.94,-109.37,-111.38,-111.85,-108.4,-107.9,-113.75,-112.62,-109.67,-111.15,-108.84,-113.81,-113.16,-113.3,-107.49,-112.03,-109.34,-107.44,-113.42,-112.5,-113.2,-113.23,-108.29,-110.3,-111.79,-111.78,-86.53,-89.89,-111.23,-111.97,-111.53,-113.4,-107.98,-110.74,-112.89,-112.86,-110.11,-108.27,-110.72,-107.41,-110.62,-108.16,-111.03,-110.33,-110.93,-109.32,-113.41,-110.76,-110.9,-110.32,-112.43,-108.5,-107.72,-111.58,-108.3,-111.51,-111.48,-107.93,-113.37,-109.24,-107.83,-112.63,-113.33,-112.23,-108.87,-107.17,-109.86,-109.82,-110.93,-111.83,-112.83,-113.33,-107.26,-110.07,-110.77,-108.48,-107.64,-112.82,-111.82,-112.2,-109.88,-109.63,-109.02,-108.94,-108.12,-108.76,-110.84,-110.33,-110.83,-111.3,-111.94,-113.51,-113.52,-109.56,-109.86,-111.42,-110.6,-108.92,-112.35,-112.13,-112.27,-109.69,-107.87,-111.02,-110.79,-111.42,-111.74,-113.16,-108.53,-111.36,-113.14,-107.85,-109.97,-110.94,-112.08,-107.08,-112.65,-109.4,-113.35,-108.23,-111,-112.48,-112.13,-113.99,-112.72,-107.76,-112.98,-112.16,-111.21,-112.01,-111.67,-113.68,-111.61,-109.1,-109.2,-109.72,-111.65,-110.41,-108.24,-109.42,-113.49,-107.23,-112.21,-112.4,-109.74,-112.46,-90,-107.72,-112.7,-110.19,-108.42,-107.41,-113.74,-110.38,-113.35,-110.51,-112.04,-113.54,-107.75,-110.6,-113.5,-112.29,-109.32,-112.75,-113.09,-109.9,-111.28,-111.67,-108.71,-107.36,-108.13,-109.02,-110.8,-108.97,-109.94,-107.36,-112.11,-111.84,-109.49,-109.35,-108.08,-107.92,-113.82,-108.66,-111.54,-112.79,-113.95,-107.76,-112.39,-109.47,-111.61,-113.62,-108.38,-110.09,-112.04,-111.44,-108.98,-111.5
2026-08-31T10:55:00.000Z,SYNTH_CELL_A,-109.41,-107.19,-107.76,-111.83,-108.46,-110.37,-107.24,-109.52,-109.17,-113.2,-108.53,-107.77,-110.51,-110.31,-110.89,-112.02,-110.65,-90.62,-87.47,-90.92,-113.19,-107.38,-113.07,-111.9,-107.13,-107.54,-107.26,-110.45,-111.25,-108.86,-109.84,-112.15,-107.52,-108.99,-108.33,-109.69,-108.58,-111.46,-110.4,-112.9,-107.32,-107.55,-111.61,-112.45,-111.71,-112.86,-113.48,-112.03,-111.39,-110.98,-108.66,-109.44,-109.38,-113.79,-110.49,-110.02,-107.78,-113.79,-108.85,-108.54,-110.99,-109.52,-107.09,-108.98,-112.49,-112.28,-107.86,-111.03,-108.01,-112.24,-111.82,-111.46,-108.04,-107.88,-109.25,-112.45,-108.74,-113.9,-107.48,-107.78,-113.15,-111.44,-111.15,-108.96,-112.72,-107.97,-112.13,-112.51,-113.88,-109.69,-111.04,-112.42,-112.63,-110.9,-108.07,-108.19,-108.74,-113.56,-112.63,-107.83,-111.06,-91.58,-87.5,-111.31,-113.51,-109.42,-107.7,-109.21,-111.9,-111.72,-111.3,-110.46,-112.76,-112.09,-110.19,-108,-113.02,-108.81,-111.74,-108.76,-113.55,-113.06,-108.04,-109.11,-109.97,-107.76,-111.15,-107.34,-109.31,-113.8,-109.06,-111.72,-108.93,-112.21,-109.38,-109.95,-113.92,-110.01,-109.16,-112.75,-108.03,-112.72,-108.83,-111.46,-110.42,-109.4,-113.37,-111.72,-107.07,-113.2,-112.83,-111.13,-107.99,-111.29,-110.96,-112.85,-112.21,-107.42,-110.27,-113.13,-112.6,-110.71,-108.45,-112.72,-111.67,-113.76,-112.37,-110.83,-112.56,-109.75,-112.75,-110.6,-112.37,-107.32,-110.18,-108.4,-111.53,-108.58,-107.61,-109.73,-110.49,-113.8,-111.21,-108.82,-107.63,-111.07,-111.29,-109.25,-112.15,-113.84,-113.21,-108.47,-109.08,-113.42,-113.44,-109.21,-109.43,-107.19,-111.99,-108.36,-111.03,-111.07,-112.68,-111.94,-110.34,-113.78,-111.78,-112.52,-110.09,-112.28,-110.7,-112.39,-109.23,-108.5,-111.48,-107.68,-111.23,-108.58,-110.11,-109.54,-109.52,-87.77,-109.39,-110.43,-107.13,-108.84,-110.46,-113.51,-108.36,-110.24,-111.98,-112.17,-111.64,-111.78,-110.83,-109.82,-111.34,-109.21,-112.34,-108.87,-109.62,-111.48,-108.84,-110.19,-110.91,-110.19,-111.39,-108.3,-113.99,-107.36,-109.21,-109.61,-109,-109.99,-111.52,-110.26,-108.04,-112.11,-110.9,-110.17,-111.57,-112.86,-108.76,-107.22,-108.74,-107.63,-111.61,-113.39,-111.76,-108.29,-112.37,-109.04,-112
2026-08-31T11:00:00.000Z,SYNTH_CELL_A,-111.46,-109.46,-108.31,-108.13,-108.87,-112.48,-110.66,-113.3,-113.74,-112.49,-107.48,-108.21,-113.34,-108.23,-108.48,-108.31,-110.38,-90.63,-85.29,-90.37,-107.7,-113.32,-112.61,-107.62,-108.77,-108.58,-110.84,-108.59,-112.4,-107.09,-113.93,-110.72,-108.63,-112.49,-110.24,-113.04,-110.63,-107.04,-107.45,-111.67,-110.59,-111.09,-113.64,-113.17,-107.15,-108.11,-112.95,-111.23,-113.33,-107.86,-113.17,-110.17,-110.97,-109.19,-111.94,-110.76,-112.9,-108.63,-108.28,-113.51,-109.98,-112.15,-111.26,-110.55,-113.63,-107.01,-111.66,-107.34,-112.88,-111.97,-108.63,-110.07,-107.92,-108.71,-108.37,-112.89,-109.08,-112.62,-109.66,-111.93,-109.21,-108.85,-112.37,-110.27,-107.47,-111.85,-107.68,-112.76,-108.3,-109.42,-107.04,-110.14,-110.44,-107.65,-112.36,-107.6,-107.56,-107.94,-112.3,-113.21,-108.18,-91.75,-89.9,-113.83,-112.23,-110.63,-112.03,-108.2,-107.4,-110.28,-108.84,-113.02,-113.6,-111.65,-113.09,-107.05,-107.3,-112.2,-112.42,-109.56,-112.48,-113.45,-109.04,-113.22,-108.03,-107.45,-113.57,-110.1,-107.88,-107.51,-108.3,-113.42,-112.26,-111.97,-112.34,-112.57,-111.38,-113.86,-109.57,-109.52,-112.63,-108.18,-111.87,-111.27,-113.42,-111.85,-111.3,-107.51,-109.59,-113.22,-109.53,-111.28,-110.58,-113.2,-111.48,-109.75,-111.22,-111.92,-110.05,-108.03,-110.3,-111.85,-110.29,-112.81,-112.03,-110.27,-107.96,-112.85,-109.54,-109.85,-112.82,-112.78,-112.85,-112.93,-111.08,-109.06,-108.59,-107.16,-113.34,-113.35,-112.18,-112.78,-112.9,-111.75,-109.11,-109.8,-108.05,-113.98,-109.29,-111.17,-111.39,-110.51,-111.4,-108.88,-111.34,-112.53,-110.55,-109.7,-112.02,-113.38,-107.57,-113.13,-112.03,-110.94,-113.37,-108.17,-113.68,-113.5,-107.2,-109.02,-107.28,-107.23,-110.28,-110.2,-108.45,-110.6,-109.85,-113.95,-109.17,-111.66,-107.58,-88.23,-111.61,-111.38,-111.03,-113.16,-112.7,-111.06,-111.52,-113.05,-110.35,-112.66,-112.05,-110.93,-111.44,-110.38,-108.45,-108.85,-107.26,-107.35,-108.5,-110.78,-108.53,-107.64,-112.86,-112.61,-107.51,-111.04,-107.62,-108.44,-107.99,-109.75,-110.83,-112.64,-111.58,-107.64,-112.71,-113.24,-109.79,-112.79,-112.55,-110.47,-110,-110,-112.75,-107.34,-111.35,-111.33,-111.7,-108.19,-107.63,-109.91,-109.45
2026-08-31T11:05:00.000Z,SYNTH_CELL_A,-110.05,-110.95,-113.95,-108.93,-109.27,-109.98,-109.37,-109.99,-109.29,-108.77,-107.55,-109.29,-113.89,-109.96,-107.88,-111.07,-109.51,-85.25,-87.63,-86.05,-112.39,-109.55,-107.51,-108.17,-112.52,-107.44,-109.83,-110.95,-109.81,-108.42,-108.67,-110.74,-109.34,-108.23,-107.19,-112.93,-110.68,-109.97,-112.93,-107.09,-112.22,-107.17,-111.36,-108.88,-110.03,-107.39,-110.99,-109.18,-112.31,-111.86,-113.47,-112.11,-107.39,-113.65,-107.47,-107.22,-111.55,-113.68,-107.82,-108.05,-108.74,-111.66,-107.93,-109.27,-113.97,-113.19,-107.34,-108.46,-109.23,-109.96,-110.38,-107.57,-112.04,-109.24,-110.79,-107.08,-111.53,-113.43,-112.46,-112.84,-111.06,-112.01,-110.19,-112.72,-110.22,-112.67,-108.22,-113.2,-111.23,-113.07,-107.57,-109,-108.31,-110.26,-111.74,-111.12,-109.93,-112.22,-109.47,-113.83,-110.19,-87.05,-90.01,-111.93,-107.94,-108.42,-112.09,-112.3,-110.81,-109.01,-111.97,-111.33,-110.21,-110.06,-108.42,-108.51,-111.21,-108.01,-111.49,-107.25,-112.14,-108.58,-112.75,-110.27,-110.41,-112.65,-107.6,-110.21,-113.11,-111.65,-107.99,-110.87,-109.63,-113.94,-109.79,-110.02,-110.68,-112.22,-112.12,-107.52,-112.64,-111.6,-110.64,-111.69,-112.52,-107.47,-112.82,-109.89,-109.38,-112.07,-111.38,-109.25,-112.45,-111.68,-112.68,-108.65,-112.66,-109.5,-107.35,-107.72,-108.02,-108.07,-108.05,-111.86,-111.68,-109.13,-113.69,-113.11,-107.02,-110.59,-111.25,-110.48,-110.08,-108.39,-107.66,-107.36,-107.82,-110.64,-107.27,-107.55,-109.65,-108.49,-111.51,-109.99,-109.19,-108.9,-112.6,-109.61,-109.95,-110.44,-109.3,-111.03,-110.14,-112.92,-109.79,-113.08,-109.78,-111.68,-108.1,-112.74,-112.46,-111.07,-111.37,-107.04,-108.29,-107.61,-113.63,-113.28,-108.71,-112.11,-107.78,-108.86,-107.86,-112.01,-108.66,-113.92,-111.45,-113,-110.9,-107.77,-107.95,-90.1,-108.68,-107.28,-109.15,-113.15,-108.34,-112.2,-107.01,-113.65,-113.73,-112.43,-108.81,-111.2,-113.38,-107.25,-111.5,-107.4,-112.31,-107.77,-107.24,-108.51,-111.36,-107.51,-113.72,-107.91,-111.82,-111.68,-111.16,-112.95,-110.87,-112.38,-110.43,-110.41,-109.49,-107.33,-107.78,-110.39,-112.09,-112.72,-108.39,-107.2,-111.02,-107.22,-113.96,-111.34,-112.19,-109.91,-109.17,-112.52,-110.38,-112.47,-109.94
2026-08-31T11:10:00.000Z,SYNTH_CELL_A,-111.06,-112.74,-109.65,-108.23,-108.72,-110.81,-109.48,-107.44,-109.02,-109.83,-108.03,-111.68,-111.54,-109.05,-108.57,-113.76,-107.61,-88.85,-87.16,-85.22,-113.03,-110.25,-111.68,-113.59,-111.39,-111.02,-111.36,-110.37,-110.71,-112.58,-108.42,-111.81,-110.09,-109.72,-113.73,-108.76,-109.38,-112.53,-113.6,-112.39,-113.03,-108.91,-112.7,-112.61,-107.34,-109.69,-108.65,-111.77,-109.45,-107.82,-110.76,-107.06,-113.88,-111.93,-112.37,-112.11,-112.02,-113.61,-108.78,-111.84,-108.61,-113.71,-112.41,-110.8,-107.86,-108.48,-110.24,-113.07,-112.35,-111.95,-111.34,-109.72,-107.6,-108.28,-110.68,-107.89,-110.22,-108.25,-109.94,-109.46,-112.7,-112.96,-112.54,-108.44,-107.82,-109.64,-107.49,-113.15,-109.3,-113.04,-113.18,-108.49,-113.7,-111.33,-113.53,-111.47,-109.1,-112.23,-111.26,-109.62,-110.08,-91.54,-87.73,-112.77,-107.43,-110.04,-107.55,-107.88,-107.73,-108.39,-113.17,-112.98,-108.95,-107.99,-109.47,-113.15,-109.95,-111.12,-108.06,-109.75,-111.57,-113.45,-111.11,-108.35,-109,-110.48,-113.09,-108.84,-109.76,-113.45,-113.85,-112.33,-113.75,-112.43,-107.41,-110.6,-110.5,-113.42,-108.46,-108.08,-113.73,-110.28,-110.79,-107.03,-113.41,-111.55,-109.68,-113.11,-112.2,-110.96,-110.18,-113.22,-112.44,-107.83,-113.49,-110.59,-108.5,-108.13,-108.23,-113.08,-111.9,-107.19,-107.98,-110.55,-109.97,-110.94,-108.01,-112.13,-111.52,-112.38,-107.67,-111,-110.8,-107.9,-113.77,-110.41,-109.17,-111.99,-110.48,-113.2,-110.09,-107.67,-107.33,-110.2,-108.26,-107.92,-111.45,-109.61,-107.71,-111,-107.62,-109.31,-113.07,-110.7,-109.66,-109.95,-108.06,-112.13,-108.27,-112.38,-112.81,-110.75,-111.85,-113.05,-110.31,-110.89,-112.87,-110.58,-108.91,-113.27,-113.51,-108.95,-110.32,-112.6,-113.46,-109.3,-110.36,-111.38,-109.63,-110.56,-111.95,-85.08,-108.88,-110.86,-109.75,-107.57,-112.58,-108.77,-110,-110.92,-109.19,-110.42,-109.93,-111.59,-110.6,-113.53,-107.36,-111.05,-107.26,-109.4,-113.55,-111.04,-110.92,-109.24,-113.99,-109.67,-110.69,-109.86,-110.9,-113.64,-111.04,-110.39,-107.85,-110.29,-112.23,-109.41,-107.11,-110.78,-110.53,-110.27,-112.73,-110.47,-111.36,-113.42,-111.78,-113.27,-113.45,-109.84,-110.39,-108.1,-112.77,-110.6,-112.52
2026-08-31T11:15:00.000Z,SYNTH_CELL_A,-113.41,-108.9,-108.37,-107.02,-113.24,-108.89,-110.12,-113.49,-112.14,-109.39,-108.21,-109.03,-112.69,-113.07,-110.03,-109.83,-111.3,-87.77,-90.6,-88.1,-109.45,-108.52,-111.05,-109.9,-112.43,-112.26,-108.58,-113.64,-108.37,-112.24,-113.52,-113.51,-111.34,-109.45,-109.44,-113.91,-107.39,-107.03,-110.22,-112.75,-113.88,-108.41,-111.57,-109.4,-107.09,-113.95,-107.02,-110.9,-112.88,-108.59,-113.22,-107.8,-110.66,-109.76,-113.89,-110.14,-108.63,-107.12,-112.48,-109.54,-110.92,-109.95,-112.07,-113.8,-110.62,-112.56,-107.66,-112.86,-109.55,-109.64,-112.77,-108.27,-109.84,-111.62,-109.22,-107.17,-113.24,-110,-110.15,-107.8,-108.11,-110.78,-113.29,-110.57,-108.07,-109.02,-113.21,-111.93,-110.15,-108.75,-110.41,-108.14,-113.02,-110.5,-111.05,-108.38,-112.26,-107.81,-110.76,-107.56,-107.86,-91.27,-89.95,-109.52,-110.48,-108.79,-112.09,-109.32,-111.71,-108.91,-111.9,-111.57,-109.18,-113.12,-108.48,-107.76,-109.68,-108.38,-108.21,-111.03,-109.78,-108.09,-110.07,-108.56,-109.66,-109.11,-107.84,-107.21,-110.61,-107.18,-110.63,-112.08,-109.32,-108.76,-110.9,-108.66,-109.49,-111.8,-111.26,-112.55,-107.55,-112.57,-111.02,-112.6,-107.79,-111.36,-107.59,-111.42,-109.83,-111.09,-111.75,-110.33,-109.43,-109.75,-112.84,-109.58,-111.77,-108.76,-111.79,-110.99,-107.11,-109.98,-109.34,-109.61,-113.24,-109.31,-111.35,-110.41,-108.6,-108.63,-108.74,-107.63,-107.78,-111.65,-108.3,-111.26,-112.64,-111.17,-109.04,-109.15,-113.7,-110.08,-107.67,-112.01,-113.73,-113.4,-112.12,-113.39,-110.21,-112.19,-107.08,-111.57,-107,-108.37,-111.84,-109.19,-113.37,-110.05,-113.56,-111.22,-109.71,-111.03,-107.63,-113.79,-113.65,-109.75,-112.66,-111.15,-109.08,-111.18,-111.78,-113.17,-111.99,-110.63,-110.17,-109.39,-107.9,-107.77,-113.69,-111.7,-113.88,-85.88,-113.48,-113.86,-107.05,-109.21,-112.62,-113.59,-107.62,-110.76,-111.83,-112.61,-109.43,-111.13,-111.05,-107.31,-110.88,-111.97,-113.89,-111.53,-107.08,-110.75,-107.79,-112.32,-107.13,-110.45,-111.5,-112.29,-107.09,-110.33,-108.64,-110.68,-110.14,-112.29,-112.71,-107.02,-110.5,-107.63,-111.82,-112.77,-111.16,-113.71,-110.51,-108.14,-112.62,-113.76,-107.43,-111.86,-107.57,-109.77,-113.92,-112.24,-109.25
2026-08-31T11:20:00.000Z,SYNTH_CELL_A,-109,-107.47,-109.11,-113.28,-107.91,-112.12,-110.43,-107.95,-110.89,-108.18,-107.42,-108.97,-109.75,-108.55,-111.81,-113.71,-113.2,-89.32,-90.69,-87.93,-108.5,-111.48,-112.56,-111.1,-108.7,-111.02,-108.65,-113.53,-110.07,-107.07,-110.38,-108.4,-113.58,-113.87,-108.89,-113.75,-112.4,-113.72,-110.57,-107.36,-108.61,-111.77,-108.92,-112.27,-110.3,-112.14,-107.18,-112.45,-109.75,-112.98,-108.04,-113.12,-112.98,-112.89,-113.33,-107.01,-109.67,-113.89,-113.26,-113.82,-110.01,-113.05,-108.23,-109.95,-109.59,-110.11,-107.92,-113.54,-109.11,-108.77,-108.92,-108.99,-112.97,-111.09,-107.56,-110.79,-107.7,-110.61,-107.11,-113.85,-112.22,-111.54,-113.34,-111.28,-111.77,-110.04,-112.07,-108.89,-107.37,-113.66,-113.74,-107.51,-113.67,-107.43,-111.61,-108.62,-112.6,-112.84,-108.05,-107.6,-110.47,-86.33,-89.51,-109.37,-109.84,-111.95,-111.34,-110.04,-108.29,-111.09,-107.6,-107.69,-110.24,-112.18,-111.72,-107.12,-109.56,-107.69,-111.03,-112.04,-112.75,-107.54,-108.56,-111.99,-111.28,-109.68,-111.68,-113.53,-107.42,-108.08,-111.04,-111.43,-109.04,-111.23,-111.92,-112.53,-113.33,-108.7,-112.18,-108.27,-113.78,-112.79,-110,-108.71,-108.38,-108.2,-112.3,-113.07,-108.04,-113.65,-107.93,-108.73,-109.33,-111.51,-109.68,-113.66,-107.48,-112.33,-110.13,-109.31,-113.85,-110.21,-111.41,-109.69,-113.87,-111.8,-109.2,-108.43,-111.83,-113.7,-107.14,-107.65,-107.8,-112.8,-112.13,-109.97,-111.22,-108.11,-110.09,-109.23,-113.71,-108.43,-112.87,-108.04,-112.05,-110.84,-108.14,-113.37,-111.08,-113.32,-108.41,-110.03,-113.77,-112.07,-110.24,-109.86,-112.69,-111.43,-111.02,-108.17,-111.3,-110.77,-113.89,-108.04,-112.52,-109.97,-107.27,-113.68,-110.52,-111.54,-110.91,-113.2,-107.19,-111.76,-107.15,-112.86,-112.43,-107.84,-110.41,-109.9,-108.04,-91.2,-109.75,-108.02,-109.28,-109.87,-109.63,-111.51,-107.99,-112.06,-108.7,-110.94,-108.3,-108.87,-108.62,-108.73,-108.89,-109.37,-111.93,-113.45,-109.49,-107.02,-109.51,-109.25,-107.61,-109.87,-107.58,-111.66,-113.98,-109.81,-110.81,-113.18,-110.32,-109.46,-110.84,-107.28,-110.78,-108.21,-108.66,-113.59,-110.27,-110.4,-107.95,-112.95,-108.85,-113.49,-107.44,-109.74,-113.93,-111.35,-112.95,-111.29,-113.16
2026-08-31T11:25:00.000Z,SYNTH_CELL_A,-110.77,-109.48,-110.87,-113.98,-112.8,-107.38,-109.57,-112.61,-111.51,-113.91,-112.01,-112.1,-109.18,-109.98,-113.42,-111.81,-112.95,-86.83,-87.17,-91.89,-110.02,-112.2,-109.19,-110.15,-107.26,-107.18,-111.76,-109.81,-109.09,-110.74,-113.39,-110.03,-110.32,-108.41,-112.7,-107.61,-111.12,-110.85,-108.43,-109.37,-112.12,-111.07,-112.72,-113.21,-111.01,-110.17,-110.24,-108.29,-108.22,-112.81,-110.46,-107.76,-108.1,-113.05,-111.97,-108.41,-109.46,-111.58,-112.45,-109.34,-107.21,-107.68,-109.23,-111.9,-113.09,-113.8,-112.33,-113.8,-112.3,-108.08,-108.04,-110.66,-111.17,-112.52,-113.84,-110.64,-108.69,-109.03,-108.84,-112.64,-112,-107.35,-113.53,-109.76,-112.67,-111.98,-111.75,-110.39,-108.55,-113.22,-109.68,-113.16,-109.04,-108.78,-108.47,-111.97,-110.3,-113.21,-110.18,-109.76,-110.88,-90.84,-86.25,-112.55,-112.22,-112.87,-111.93,-110.47,-110.98,-108.46,-113.67,-108.99,-111.45,-112.89,-111.39,-112.06,-108.74,-109.93,-108.56,-113.76,-112.49,-112.85,-112.48,-112.76,-112.69,-113.38,-109.4,-108.02,-112.96,-110.41,-113.82,-111.66,-111.6,-107.16,-109.14,-109.53,-113.67,-112.45,-109.87,-110.56,-110.09,-112.27,-113.42,-110.66,-113.88,-110.34,-108.55,-112.29,-112.63,-112.84,-111.55,-109.54,-111.01,-107.18,-109.99,-109.8,-108.67,-112.76,-109.36,-108.87,-110.31,-108.64,-113.48,-111.45,-111.25,-111.99,-108.04,-113.64,-113.81,-113.95,-109.57,-111.29,-110.68,-111.47,-111.18,-113.57,-111.94,-109.75,-113.76,-113.25,-110.36,-109.42,-109.27,-111.88,-110.67,-113.74,-107.07,-108.94,-110.97,-113.68,-112.36,-110.91,-113.2,-113.92,-112.78,-111.01,-107.03,-108.21,-108.73,-109.13,-111.69,-108.8,-110.81,-108.61,-108.17,-110.28,-111.97,-109.91,-107.54,-113.03,-112.22,-107.71,-111.27,-107.66,-112.72,-111.37,-111.27,-110.26,-108.09,-110.82,-109.72,-85.77,-112.96,-113.12,-110.67,-108.34,-111.8,-108.38,-112.23,-113.74,-107.85,-111.42,-107.52,-110.88,-111.24,-109.92,-109.21,-109.5,-109.12,-107.48,-107.41,-113.28,-109.61,-113.53,-108.84,-107.53,-113.27,-107.7,-110.78,-111.93,-110.66,-110.82,-108.39,-108.84,-113.52,-110.39,-107.71,-112.78,-107.71,-113.1,-109.64,-108.02,-110.15,-107.43,-113.86,-113.12,-112.73,-111.24,-107.63,-113.73,-108.95,-108.71,-109.26
2026-08-31T11:30:00.000Z,SYNTH_CELL_A,-110.66,-108.97,-112.65,-110.05,-113,-109.52,-113.71,-107.26,-113.27,-113.27,-107.33,-112.02,-110.41,-110.87,-107.44,-111.51,-110.22,-87.55,-86.83,-86.14,-113.91,-110.76,-107.93,-107.02,-108.24,-107.57,-111.13,-109.19,-112.76,-108.85,-108.98,-110.93,-109.09,-113.52,-107.5,-108.83,-111.27,-111.66,-111.62,-110.94,-111.3,-112.38,-109.94,-111.22,-110.26,-113.96,-110.3,-111.28,-109.47,-113.88,-107.67,-111.51,-111.28,-108.95,-111.1,-113.06,-109.32,-112.89,-111.37,-108.78,-110.87,-113.48,-109.4,-111.32,-108.44,-108.33,-108.19,-112.37,-113.41,-113.31,-111.35,-112.06,-112.64,-107.73,-108.2,-112.61,-110.27,-111.21,-109.35,-110.2,-108.37,-111.32,-107.72,-112.19,-111.55,-107.13,-112.93,-108.82,-107.26,-113.93,-112.67,-110.67,-113.49,-107.25,-108.88,-111.23,-112.48,-108.82,-110.19,-107.06,-109,-90.92,-86.99,-112.29,-110.33,-111.88,-113.46,-111.07,-112.28,-108.58,-108.51,-109.13,-112.1,-108.99,-113.72,-109.41,-113.32,-109.05,-113.86,-110.2,-107.95,-111.09,-113.74,-112,-112.75,-107.38,-113.79,-112.91,-111.96,-108.46,-110.67,-107.07,-108.69,-111.88,-108.25,-108.01,-109.18,-110.41,-110.01,-113.76,-109.14,-112.32,-112.96,-112.75,-109.02,-112.03,-109.1,-110.3,-108.38,-109.83,-107.46,-113.9,-113.4,-111.83,-112.74,-113,-107.41,-110.95,-108.62,-110.5,-109.71,-112.99,-107.86,-108.54,-111.79,-110.41,-107.38,-112.48,-107.16,-109.71,-108.75,-111.77,-109.24,-107.79,-112.4,-108.05,-107.87,-108.96,-113.21,-113.99,-110.92,-112.73,-111.25,-109.1,-110.07,-107.55,-109.51,-113.46,-110.58,-112.55,-112.71,-113.38,-113.16,-113.02,-113.4,-111.64,-111.39,-113.36,-107.78,-112.99,-112.04,-110.96,-113.6,-107.26,-108.83,-109.41,-107.04,-112.52,-108.44,-107.34,-110.05,-109.37,-111.56,-110.98,-107.23,-110.58,-112.74,-113.7,-108.05,-113.19,-113.22,-89.31,-110.36,-113.91,-112.44,-110.43,-113.27,-110.07,-107.45,-107.73,-110.32,-113.03,-108.06,-109.21,-112.77,-110.04,-112.64,-111.59,-113.16,-113.96,-108.45,-107.97,-108.62,-110.72,-111.24,-110.1,-107.86,-107.17,-111.69,-109.55,-108.26,-110.58,-111.31,-110.51,-113.62,-109.51,-108.05,-107.64,-108.64,-111.72,-108.8,-107.07,-109.56,-113.2,-112.97,-113.38,-108.55,-110.16,-108.85,-110.76,-108.01,-112.46,-110.57
2026-08-31T11:35:00.000Z,SYNTH_CELL_A,-107.64,-113.93,-113.49,-109.43,-107.62,-112.42,-108.06,-113.66,-108.44,-113.91,-113.76,-109.3,-112.95,-111.68,-107.46,-113.18,-111.7,-91.75,-89.45,-91.85,-113.08,-107.19,-108.8,-108.62,-111.76,-112.02,-114,-111.41,-107.42,-108.02,-111.59,-110.58,-110.44,-107.58,-107.93,-109.71,-113.59,-108.36,-113.97,-111.18,-107.07,-107.73,-108.57,-112.26,-109.12,-108.43,-108.49,-113.26,-107.67,-107.99,-107.92,-109.1,-109.78,-113.3,-112.03,-112.62,-110.56,-109.47,-111.37,-110.78,-108.32,-108.13,-110.09,-113.89,-110.98,-113.38,-110.79,-107.96,-113.69,-109.21,-113.09,-112,-111.56,-109.59,-112.77,-108.62,-113.5,-109.15,-109.62,-112.59,-109.22,-108.57,-110.74,-110.81,-109.14,-108.81,-109.24,-110.59,-111.04,-108.29,-109.16,-113.66,-113.34,-109.55,-113.07,-113.22,-112.28,-113.61,-108.09,-113.53,-111.74,-86.73,-91.52,-108.86,-110.87,-109.37,-108.5,-112.3,-111.66,-112.01,-112.5,-108.76,-111.48,-108.24,-110.88,-107.04,-108.43,-112.96,-111.94,-109.36,-112.09,-110.33,-111.24,-110.85,-110.29,-113.89,-109.64,-108.44,-110.18,-110.49,-107.3,-112.97,-112.98,-112.72,-107.9,-109.29,-112.52,-110.89,-111.26,-112.2,-109.62,-107.25,-107.34,-109.26,-113.51,-107.53,-112.72,-108.32,-108.12,-112.78,-108.53,-108.9,-108.42,-112.48,-109.93,-110.23,-109.75,-107.8,-107.07,-108,-111.3,-109.99,-107.89,-108.57,-107.92,-107.58,-113.76,-112.37,-112.5,-108.28,-111.44,-109.31,-110.34,-108.84,-108.75,-107.4,-113.06,-112.63,-108.62,-111.22,-108.67,-111.02,-112.21,-113.26,-110.76,-112.74,-109.04,-112.3,-110.59,-109.18,-110.23,-109.62,-107.51,-108.45,-113.06,-110.78,-112.81,-111.81,-109.24,-111.62,-113.5,-109.07,-109.46,-109.78,-108.75,-113.12,-107.76,-113.23,-107.54,-107.14,-112.71,-109.83,-109.39,-113.4,-113.01,-109.17,-111.19,-109.85,-111.6,-108.69,-112.81,-86.57,-110.19,-109.16,-108.77,-107.98,-108.21,-108.46,-108.73,-113.98,-110.13,-107.79,-110.85,-109.97,-107.09,-108.27,-112.95,-107.91,-110.74,-111.26,-113.21,-111.54,-107.02,-107.37,-108.19,-110.22,-112.64,-109.84,-109.87,-109.55,-110.69,-112.46,-112.05,-107.58,-110.97,-111.86,-111.54,-107.11,-111.07,-109.87,-107.28,-108.09,-112.59,-109.87,-112.52,-107.97,-108.16,-107.31,-109.72,-110.36,-109.19,-109.5,-109.06
2026-08-31T11:40:00.000Z,SYNTH_CELL_A,-107.66,-111.36,-112.44,-113.03,-109.8,-109.88,-112.81,-111.54,-110.35,-109.5,-109.7,-111.49,-109.28,-112.86,-113.06,-110.16,-110.1,-85.67,-87.85,-88.14,-107.43,-108.51,-111.83,-107.86,-110.95,-113.32,-113.61,-109.13,-107.44,-107.84,-107.7,-108.48,-107.93,-110.98,-107.65,-109.54,-111.83,-107.15,-109.34,-109.21,-107.35,-110.17,-109.61,-108.3,-108.65,-113.47,-112.94,-113.07,-111.01,-107.93,-112.43,-113.28,-111.89,-110.83,-109.05,-112.79,-107.53,-113.99,-113.77,-107.01,-107.9,-111.28,-112.62,-111.29,-108.01,-113.64,-107.44,-113.28,-107.42,-108.54,-107.47,-109.28,-109.09,-109.94,-107.66,-111.57,-112.43,-108.82,-110.63,-111.86,-108.47,-112.26,-109.38,-111.84,-113.15,-109.33,-108.31,-108.12,-113.42,-109.82,-113.58,-107.76,-108.92,-108.43,-107.26,-110.79,-109.79,-113.53,-110.87,-108.25,-111.97,-85.45,-85.62,-109.54,-113.49,-112.71,-110.6,-107.66,-108.58,-112.37,-111,-108.59,-108.85,-111.44,-109.07,-112.79,-107.14,-108.61,-108.82,-112.26,-109.86,-111.66,-110.85,-110.46,-111.13,-113.11,-109.72,-109.86,-113.34,-110.78,-109.41,-109.68,-109.17,-110.99,-113.76,-107.73,-108.35,-108.25,-112.27,-107.22,-110.2,-112.39,-109.24,-108.49,-112.09,-112.1,-111.17,-107.55,-110.66,-108.86,-113.64,-109.64,-109.01,-110.18,-107.56,-109.44,-107.79,-111.18,-110.86,-109.16,-107.34,-107.32,-112.92,-112.13,-113.1,-111,-112.73,-113.71,-108.51,-109.96,-110.38,-111.08,-113.86,-107.7,-107.21,-111.59,-113.61,-113.6,-107.2,-111.67,-110.95,-110.93,-112.57,-109.88,-113.25,-107.74,-113.29,-111.78,-111.72,-109.82,-112.74,-112.77,-111.16,-113.28,-112.72,-107.42,-112.32,-109.49,-107.24,-110.88,-110.23,-108.92,-113.6,-107.92,-109.2,-113.1,-108.43,-110.73,-113.14,-111.11,-107.55,-107.77,-113.12,-113.56,-110.41,-112.79,-107.94,-111.4,-113.06,-110.04,-109.78,-90.28,-113.7,-111.66,-107.88,-113.81,-111.75,-109.44,-110.15,-110.43,-108.29,-108.73,-109.84,-112.26,-109.05,-110.8,-110.93,-111.73,-109.53,-112.74,-108.26,-109.47,-112.29,-110.06,-107.07,-107.59,-113.87,-108.5,-112.49,-111.83,-110.99,-109.46,-110.54,-107.16,-112.39,-110.67,-110.89,-111.54,-107.6,-107.98,-111.59,-111.62,-111.66,-112.1,-111.82,-111.64,-110.75,-110.52,-109.38,-113.43,-111.54,-107.83,-110.72
2026-08-31T11:45:00.000Z,SYNTH_CELL_A,-109.73,-109.23,-108.55,-107.76,-111.66,-109.74,-113.21,-108.64,-111.29,-107.66,-108.58,-112.12,-112.92,-107.85,-109.88,-109.78,-112.15,-90.53,-88.88,-89.1,-110.94,-107.71,-110.09,-111.64,-112.99,-111.25,-110.24,-109.05,-113.2,-107.86,-111.78,-111.08,-109.16,-109.08,-107.36,-107.57,-113.77,-107.2,-112.58,-111.13,-113.1,-111.71,-107.09,-112.27,-109.95,-113.95,-110.81,-109.53,-113.69,-112.46,-108.46,-108.79,-111.87,-107.23,-110.47,-112.25,-108.54,-111.13,-112.92,-110.13,-110.96,-107.61,-111.32,-109.18,-107.84,-107.83,-113.41,-113.07,-109.83,-110.07,-109.71,-109.71,-113.4,-107.66,-107.95,-113.41,-108.1,-109.23,-113.33,-107.09,-113.99,-107.55,-111.44,-107.53,-110.3,-108.04,-110.74,-107.86,-107.9,-111.08,-112.32,-113.62,-107.53,-110.63,-112.63,-110.8,-112.08,-108.58,-111.5,-112.3,-109.55,-87.27,-90.02,-107.64,-110.83,-108.32,-112.32,-111.67,-109.48,-110.25,-110.34,-109.32,-110.45,-112.38,-107.42,-113.57,-108.54,-110.98,-110.5,-112.94,-107.17,-109.19,-111.43,-112,-107.07,-113.24,-112.8,-111.42,-113.17,-110.63,-108.7,-112.49,-109.93,-108.04,-110.49,-111.64,-109.32,-110.82,-111.73,-107.14,-109.57,-108.03,-110.37,-111.7,-110.5,-112.97,-110.23,-109.19,-107.84,-113.19,-107.67,-110.2,-107.13,-112.92,-111.66,-111.56,-107.63,-107.95,-112.2,-107.74,-111.1,-112.66,-108.33,-112.82,-112.79,-107.15,-110.86,-109.85,-108.85,-108.02,-112.38,-110.24,-112.68,-111.42,-107.78,-113.55,-109.65,-111.71,-109.16,-108.08,-111.06,-112.05,-112.76,-112.48,-111.08,-112.94,-108.89,-111.21,-107.7,-113.68,-107.05,-107.98,-111.01,-112.57,-113.37,-107.52,-110.99,-112.31,-109.89,-109.62,-110.41,-109.33,-113.24,-107.43,-111.43,-108.1,-110.33,-110.7,-112.57,-110.91,-109.9,-108.84,-110.07,-110.13,-107.75,-113.13,-111.3,-110.01,-113.71,-108.95,-112.39,-85.19,-108.12,-113.21,-110.93,-112.76,-111.02,-111.91,-112.78,-110.07,-112.8,-107.89,-112.94,-108.21,-112.48,-109.84,-107.29,-108.37,-110.18,-110.81,-108.15,-108.26,-110.87,-111.38,-108.22,-108.91,-111.79,-109.96,-112.68,-109.31,-109.18,-108.61,-113.69,-109.41,-110.7,-113.2,-112.79,-107.27,-111.83,-113.53,-107.2,-111.22,-113.14,-113.54,-110.15,-111.14,-108.53,-113.63,-113.94,-113.9,-107.09,-108.45,-107.5
2026-08-31T11:50:00.000Z,SYNTH_CELL_A,-112.83,-108.51,-107.91,-108.49,-112.37,-112.78,-108.5,-112.66,-110.63,-109.01,-109.82,-111.7,-109.42,-111.04,-111.56,-112.33,-110.59,-85.51,-85.39,-87.84,-109.56,-111.77,-110.64,-112.82,-111.07,-112.57,-111.2,-110.8,-111.1,-107.63,-110.35,-110.84,-107.73,-108.23,-107.76,-110.07,-113.22,-107.68,-110.57,-109.01,-111.26,-111.35,-109.05,-109.13,-107.11,-108.75,-110.26,-108.46,-109.92,-113.36,-111.25,-108.35,-111.02,-108.2,-110.62,-109.67,-107.91,-113.54,-110.15,-111.8,-111.83,-109.77,-107.53,-113.25,-111.79,-108.63,-108.99,-113.07,-108.17,-112.59,-113.99,-112.13,-111.62,-108.64,-107.74,-113.09,-108.51,-109.4,-111.67,-111.4,-112.64,-107.63,-110.7,-111.16,-108.25,-111.32,-110.11,-109.26,-108.96,-111.62,-112.77,-109.91,-109.43,-108.95,-108.34,-113.16,-112.22,-112.73,-109.91,-111.8,-111.32,-85.41,-90.45,-110.49,-109.52,-110.62,-113.16,-110.86,-113.77,-113.29,-109.85,-111.68,-108.52,-111.88,-112.09,-110.27,-111.68,-107.04,-108.97,-112.46,-109.95,-111.04,-111.84,-109.63,-110.93,-108.51,-110.63,-107.39,-108.39,-111.34,-110.87,-108.74,-113.92,-112.2,-110.77,-108.39,-107.11,-112.94,-108.29,-113.27,-113.4,-109.48,-109.45,-113.18,-107.49,-111.38,-108.7,-107.43,-112.48,-112.91,-110.51,-111.65,-108.73,-107.71,-107.26,-110.52,-108.38,-112.94,-110.28,-111.5,-107.88,-112.67,-107.5,-111.18,-113.49,-110.47,-107.76,-108.17,-113.24,-109.69,-110.24,-113.93,-113.72,-113.02,-110.5,-113.19,-108.3,-113.76,-107.76,-107.14,-109.38,-107,-113.24,-113.54,-111.81,-113.75,-110.51,-109.89,-113.28,-112.98,-108.02,-108.35,-107.97,-112.35,-109.01,-110.07,-109.87,-112.16,-111.32,-113.69,-108.23,-109.07,-109.63,-107.07,-109.72,-110.81,-107.79,-111.84,-107.16,-112.23,-107.08,-111.71,-108.59,-108.78,-113.37,-108.85,-108.6,-111.4,-107.85,-111.13,-107.9,-91.05,-108.67,-112.6,-112.1,-110.69,-107.13,-107.79,-110.67,-111.87,-110.64,-111.34,-107.06,-110.95,-111.2,-111.62,-109.79,-111.13,-113.33,-111.88,-113.41,-107.42,-110.21,-110.97,-111.96,-113.92,-113.62,-107.06,-110.53,-108.95,-112.25,-109.98,-107.39,-107.49,-112.67,-112.71,-109.93,-108.69,-109.32,-112.99,-107.59,-107.49,-109.4,-107.87,-113.79,-107.25,-107.67,-110.51,-108.49,-112.72,-108.86,-112.38,-112.36
2026-08-31T11:55:00.000Z,SYNTH_CELL_A,-108.99,-110.15,-109.6,-109.1,-111.1,-112.79,-111.94,-110.28,-107.72,-107.12,-112.9,-110.72,-112.34,-108.82,-110.77,-111.1,-112.22,-91.78,-91.27,-91.41,-110.3,-113.64,-113.61,-111.24,-112.41,-110.01,-109.8,-107.01,-108.56,-113.67,-110.94,-107.16,-111.28,-107.74,-109.57,-109.27,-110.98,-107.74,-111.21,-108.91,-109.82,-108.07,-109.51,-111.77,-108.25,-110.72,-112.44,-108.67,-107.93,-109.39,-108.07,-110.68,-110.64,-112.44,-110.8,-110.73,-114,-112.89,-113.81,-110.69,-111.84,-109.45,-109.55,-108.18,-107.16,-107.77,-109.45,-112.02,-110.69,-107.87,-107.52,-108.36,-111.9,-111.76,-108.1,-109.56,-107.67,-108.37,-113.57,-109.88,-112.26,-111.68,-107.92,-108.02,-107.68,-111.53,-107,-111.82,-110.07,-111.04,-108.29,-110.33,-107.87,-110.19,-108.54,-110.76,-110.24,-112.02,-113.05,-113.86,-110.1,-87.11,-86.63,-111.42,-109.15,-113.09,-112.63,-112.78,-113.85,-108.15,-108.82,-109.42,-109.26,-110.78,-108.19,-110.81,-108.6,-111.79,-110.18,-111.88,-110.1,-111.32,-110.92,-111.54,-107.5,-107.16,-108.95,-113.04,-111.72,-107.19,-107.59,-113.74,-112.82,-110.79,-113.24,-113.29,-107.38,-108.93,-107.64,-112.95,-113.4,-111.04,-112.2,-107.18,-108.8,-108.56,-112.36,-110.44,-109.45,-109.14,-107.09,-108.04,-112.79,-109.54,-107.43,-107.23,-109.19,-112.97,-111.33,-107.17,-110.99,-107.99,-109.85,-107.77,-107.7,-107.42,-110.02,-108.99,-107.38,-108.21,-110.78,-108.26,-109.94,-112.51,-108.42,-110.42,-109.72,-112.54,-110.27,-108.52,-113.26,-109.35,-107.5,-112.54,-109.03,-109.53,-111.82,-107.1,-108.24,-113.89,-109.49,-112.99,-109.99,-111.65,-107.65,-107.01,-110.06,-107.94,-112.68,-107.91,-111.89,-113.93,-111.01,-112.57,-112.35,-112.94,-109.09,-112.82,-112.23,-113.73,-107.45,-108.05,-110.01,-108.16,-107.6,-112.62,-108.15,-107.26,-110.78,-108.33,-111.57,-85.64,-109.56,-108.64,-112.56,-113.47,-108.19,-110.01,-111.86,-107.83,-109.77,-111.14,-107.07,-112.65,-113.01,-108.37,-112.12,-112.37,-112.58,-108.39,-110.56,-113.49,-110.7,-108.47,-111.6,-108.35,-112.55,-113.67,-113.15,-110.71,-113.18,-113.64,-112.5,-108.58,-111.06,-109.52,-108.94,-109.2,-113.62,-113.88,-112.2,-108.02,-113.79,-109.81,-107.98,-107.76,-107.35,-109.03,-113.12,-110.83,-108.86,-113.65,-110.22